=(1001)
(T3 D=3. CR=0. - ZMIN=-15.5 - FLAT END MILL)
G0 G90 G94 G17
G21
M5
G53 G0 Z0.

(ADAPTIVE2)
T3
M3 S10000
G90 G94 G17
G55
G0 X-0.292 Y-43.507
Z15.
G0 Z5.
Z-5.9
G1 Z-6.2 F1000.
X-0.29 Y-43.499 Z-6.267
X-0.285 Y-43.478 Z-6.33
X-0.276 Y-43.443 Z-6.387
X-0.264 Y-43.397 Z-6.435
X-0.25 Y-43.342 Z-6.47
X-0.234 Y-43.281 Z-6.492
X-0.218 Y-43.216 Z-6.5
G3 X0.017 Y-41.583 R7.659
G1 Y-41.433
X-0.107 Y-40.821
X-0.18 Y-40.202
X-0.223 Y-39.579
X-0.248 Y-38.956
X-0.262 Y-38.332
X-0.27 Y-37.708
X-0.275 Y-37.084
X-0.278 Y-36.46
X-0.28 Y-35.212
X-0.282 Y-30.845
X-0.283 Y-1.363
X-0.248 Y-1.211
X-0.114 Y-0.929
X0.089 Y-0.693
X0.577 Y-0.304
X1.153 Y-0.063
X1.759 Y0.083
X2.377 Y0.169
X2.999 Y0.219
X3.623 Y0.248
X4.246 Y0.265
X4.87 Y0.275
X5.494 Y0.28
X6.118 Y0.284
X7.366 Y0.287
X9.238 Y0.288
X59.777
X98.618
X98.77 Y0.254
X99.052 Y0.12
X99.289 Y-0.083
X99.678 Y-0.571
X99.92 Y-1.146
X100.065 Y-1.753
X100.152 Y-2.37
X100.202 Y-2.992
X100.232 Y-3.616
X100.249 Y-4.239
X100.259 Y-4.863
X100.265 Y-5.487
X100.268 Y-6.111
X100.271 Y-7.359
X100.274 Y-10.479
X100.282 Y-38.556
X100.267 Y-38.711
X100.167 Y-39.007
X99.977 Y-39.254
X99.505 Y-39.662
X98.935 Y-39.917
X98.33 Y-40.071
X97.713 Y-40.162
X97.091 Y-40.215
X96.468 Y-40.246
X95.844 Y-40.264
X95.221 Y-40.274
X94.597 Y-40.28
X93.973 Y-40.283
X92.725 Y-40.287
X89.605 Y-40.288
X78.998
X28.458
X2.565
X2.27 Y-40.185
X2.018 Y-40.002
X1.597 Y-39.541
X1.328 Y-38.978
X1.163 Y-38.376
X1.063 Y-37.76
X1.004 Y-37.139
X0.968 Y-36.516
X0.948 Y-35.893
X0.936 Y-35.269
X0.928 Y-34.645
X0.924 Y-34.021
X0.922 Y-33.397
X0.919 Y-32.149
X0.918 Y-27.782
Y-16.551
X0.917 Y-2.824
X1.004 Y-2.524
X1.16 Y-2.254
X1.572 Y-1.786
X2.107 Y-1.465
X2.695 Y-1.256
X3.305 Y-1.123
X3.924 Y-1.041
X4.545 Y-0.99
X5.169 Y-0.959
X5.792 Y-0.94
X6.416 Y-0.929
X7.04 Y-0.922
X7.664 Y-0.918
X8.912 Y-0.914
X11.408 Y-0.912
X36.989
X87.529
X96.888
X97.2 Y-0.93
X97.496 Y-1.027
X97.762 Y-1.19
X98.222 Y-1.612
X98.535 Y-2.151
X98.739 Y-2.741
X98.867 Y-3.352
X98.947 Y-3.97
X98.997 Y-4.592
X99.027 Y-5.216
X99.045 Y-5.839
X99.056 Y-6.463
X99.063 Y-7.087
X99.067 Y-7.711
X99.071 Y-8.959
X99.074 Y-11.455
X99.082 Y-37.036
X99.034 Y-37.345
X98.907 Y-37.63
X98.536 Y-38.132
X98.019 Y-38.48
X97.438 Y-38.709
X96.832 Y-38.855
X96.214 Y-38.946
X95.593 Y-39.002
X94.97 Y-39.036
X94.346 Y-39.057
X93.722 Y-39.069
X93.098 Y-39.077
X92.475 Y-39.081
X91.851 Y-39.084
X90.603 Y-39.087
X86.859 Y-39.088
X45.679
X4.186
X3.879 Y-39.037
X3.594 Y-38.909
X3.091 Y-38.539
X2.74 Y-38.024
X2.508 Y-37.444
X2.36 Y-36.838
X2.267 Y-36.221
X2.209 Y-35.6
X2.174 Y-34.977
X2.152 Y-34.354
X2.139 Y-33.73
X2.131 Y-33.106
X2.126 Y-32.482
X2.123 Y-31.858
X2.121 Y-31.234
X2.119 Y-29.362
X2.117 Y-4.404
X2.142 Y-4.093
X2.237 Y-3.796
X2.393 Y-3.526
X2.797 Y-3.051
X3.326 Y-2.719
X3.909 Y-2.498
X4.517 Y-2.355
X5.134 Y-2.263
X5.755 Y-2.206
X6.378 Y-2.17
X7.001 Y-2.148
X7.625 Y-2.134
X8.249 Y-2.125
X8.873 Y-2.12
X9.497 Y-2.117
X10.745 Y-2.114
X13.865 Y-2.112
X24.472
X75.011
X95.601
X95.912 Y-2.143
X96.207 Y-2.243
X96.475 Y-2.404
X96.945 Y-2.814
X97.273 Y-3.344
X97.491 Y-3.929
X97.633 Y-4.537
X97.723 Y-5.154
X97.78 Y-5.775
X97.815 Y-6.398
X97.837 Y-7.022
X97.851 Y-7.646
X97.86 Y-8.27
X97.865 Y-8.894
X97.868 Y-9.518
X97.872 Y-10.765
X97.875 Y-13.885
X97.88 Y-30.732
X97.881 Y-35.723
X97.831 Y-36.031
X97.711 Y-36.319
X97.358 Y-36.833
X96.854 Y-37.202
X96.282 Y-37.45
X95.679 Y-37.612
X95.064 Y-37.715
X94.443 Y-37.781
X93.821 Y-37.822
X93.197 Y-37.847
X92.573 Y-37.863
X91.95 Y-37.873
X91.326 Y-37.879
X90.702 Y-37.882
X89.454 Y-37.886
X86.958 Y-37.888
X53.265
X5.533
X5.224 Y-37.844
X4.933 Y-37.732
X4.41 Y-37.392
X4.032 Y-36.896
X3.776 Y-36.327
X3.608 Y-35.726
X3.5 Y-35.111
X3.432 Y-34.491
X3.389 Y-33.869
X3.362 Y-33.245
X3.345 Y-32.622
X3.335 Y-31.998
X3.328 Y-31.374
X3.325 Y-30.75
X3.321 Y-29.502
X3.318 Y-27.006
X3.317 Y-5.792
X3.33 Y-5.48
X3.396 Y-5.175
X3.525 Y-4.892
X3.888 Y-4.384
X4.393 Y-4.017
X4.964 Y-3.767
X5.566 Y-3.602
X6.181 Y-3.495
X6.801 Y-3.427
X7.423 Y-3.384
X8.047 Y-3.357
X8.67 Y-3.34
X9.294 Y-3.329
X9.918 Y-3.323
X10.542 Y-3.319
X11.79 Y-3.314
X12.932 Y-3.313
X12.98 Y-3.311
X13.027 Y-3.306
X13.074 Y-3.298
X13.917 Y-3.123
X14.108 Y-3.086
X14.342 Y-3.043
X14.484 Y-3.021
X14.626 Y-3.013
X14.768 Y-3.017
X14.909 Y-3.024
X15.813 Y-3.086
X16.185 Y-3.114
X16.327 Y-3.132
X16.469 Y-3.157
X16.617 Y-3.183
X17.238 Y-3.238
X17.861 Y-3.27
X18.485 Y-3.288
X19.109 Y-3.298
X19.733 Y-3.304
X20.357 Y-3.307
X21.605 Y-3.31
X24.724 Y-3.312
X27.942
X27.994 Y-3.31
X28.045 Y-3.305
X28.095 Y-3.295
X28.237 Y-3.264
X29.087 Y-3.088
X29.513 Y-3.019
X29.548
X29.938 Y-3.027
X30.222 Y-3.045
X30.814 Y-3.086
X30.931 Y-3.095
X31.214 Y-3.12
X31.356 Y-3.135
X31.399 Y-3.144
X31.703 Y-3.194
X32.325 Y-3.244
X32.948 Y-3.273
X33.572 Y-3.29
X34.196 Y-3.299
X34.82 Y-3.305
X35.444 Y-3.308
X36.692 Y-3.31
X40.435 Y-3.312
X42.945
X42.996 Y-3.31
X43.047 Y-3.305
X43.096 Y-3.295
X43.265 Y-3.258
X44.116 Y-3.082
X44.258 Y-3.059
X44.595 Y-3.014
X44.967 Y-3.03
X45.109 Y-3.038
X45.959 Y-3.096
X46.402 Y-3.144
X46.42 Y-3.148
X46.566 Y-3.184
X47.187 Y-3.239
X47.81 Y-3.27
X48.434 Y-3.288
X49.058 Y-3.298
X49.682 Y-3.304
X50.306 Y-3.307
X51.554 Y-3.31
X54.673 Y-3.312
X57.94
X57.989 Y-3.31
X58.037 Y-3.305
X58.085 Y-3.297
X59.003 Y-3.105
X59.145 Y-3.076
X59.287 Y-3.049
X59.428 Y-3.027
X59.57 Y-3.017
X59.712 Y-3.015
X60.137 Y-3.04
X60.988 Y-3.098
X61.13 Y-3.113
X61.272 Y-3.132
X61.893 Y-3.184
X62.515 Y-3.239
X63.138 Y-3.27
X63.762 Y-3.288
X64.386 Y-3.298
X65.009 Y-3.304
X65.633 Y-3.307
X66.881 Y-3.31
X70.001 Y-3.312
X72.937
X72.984 Y-3.31
X73.032 Y-3.305
X73.079 Y-3.297
X74.032 Y-3.1
X74.315 Y-3.042
X74.457 Y-3.025
X74.599 Y-3.015
X74.741 Y-3.014
X75.591 Y-3.071
X76.017 Y-3.1
X76.158 Y-3.111
X76.3 Y-3.127
X76.442 Y-3.153
X76.589 Y-3.181
X77.211 Y-3.237
X77.834 Y-3.269
X78.458 Y-3.287
X79.082 Y-3.298
X79.705 Y-3.304
X80.329 Y-3.307
X81.577 Y-3.31
X84.697 Y-3.312
X87.937
X87.984 Y-3.31
X88.032 Y-3.305
X88.079 Y-3.297
X88.919 Y-3.123
X89.344 Y-3.04
X89.486 Y-3.022
X89.628 Y-3.013
X89.769 Y-3.017
X89.911 Y-3.024
X91.045 Y-3.102
X91.187 Y-3.112
X91.329 Y-3.132
X91.947 Y-3.218
X92.57 Y-3.258
X93.193 Y-3.281
X93.817 Y-3.294
X94.441 Y-3.302
X94.748 Y-3.358
X95.036 Y-3.478
X95.555 Y-3.823
X95.934 Y-4.319
X96.194 Y-4.886
X96.367 Y-5.486
X96.479 Y-6.1
X96.55 Y-6.719
X96.596 Y-7.342
X96.61 Y-7.653
X96.619 Y-7.736
X96.638 Y-7.817
X96.666 Y-7.896
G3 X97.065 Y-8.04 R0.3
X97.237 Y-7.793 R0.3
G1 X97.242 Y-7.727 Z-6.492
X97.248 Y-7.664 Z-6.47
X97.252 Y-7.607 Z-6.435
X97.256 Y-7.56 Z-6.387
X97.259 Y-7.524 Z-6.33
X97.261 Y-7.502 Z-6.267
X97.262 Y-7.494 Z-6.2
G0 Z5.
X90.406 Y-2.574
Z-5.9
G1 Z-6.2 F1000.
X90.412 Y-2.579 Z-6.267
X90.428 Y-2.593 Z-6.33
X90.455 Y-2.617 Z-6.387
X90.491 Y-2.649 Z-6.435
X90.533 Y-2.687 Z-6.47
X90.58 Y-2.729 Z-6.492
X90.63 Y-2.773 Z-6.5
G3 X91.329 Y-3.132 R1.583
G1 X91.471 Y-3.159
X91.612 Y-3.196
X91.754 Y-3.245
X92.505 Y-3.511
X92.901 Y-3.652
X93.03 Y-3.7
X93.226 Y-3.794
X93.314 Y-3.837
X93.466 Y-3.935
X94.468 Y-4.643
X94.59 Y-4.73
X94.657 Y-4.784
X94.732 Y-4.848
X94.818 Y-4.926
X95.015 Y-5.148
X95.066 Y-5.209
X95.757 Y-6.058
X95.866 Y-6.201
X95.965 Y-6.341
X96.046 Y-6.483
X96.114 Y-6.625
X96.176 Y-6.766
X96.607 Y-7.757
X96.667 Y-7.898
X96.717 Y-8.042
X96.756 Y-8.181
X96.787 Y-8.323
X96.886 Y-9.031
X96.963 Y-9.597
X96.981 Y-9.738
X96.994 Y-9.88
X96.997 Y-10.021
X96.991 Y-10.163
X96.938 Y-10.588
X96.86 Y-11.154
X96.806 Y-11.775
X96.75 Y-12.397
X96.718 Y-13.02
X96.699 Y-13.644
X96.689 Y-14.267
X96.683 Y-14.891
X96.68 Y-15.515
X96.677 Y-16.763
Y-19.883
X96.679 Y-27.837
X96.683 Y-27.906
X96.696 Y-27.974
X96.717 Y-28.041
X96.74 Y-28.139
X96.797 Y-28.422
X96.821 Y-28.563
X96.938 Y-29.412
X96.991 Y-29.837
X96.997 Y-29.979
X96.994 Y-30.12
X96.981 Y-30.262
X96.963 Y-30.403
X96.866 Y-31.111
X96.812 Y-31.732
X96.756 Y-32.354
X96.724 Y-32.977
X96.706 Y-33.601
X96.695 Y-34.225
X96.681 Y-34.536
X96.614 Y-34.841
X96.482 Y-35.124
X96.117 Y-35.629
X95.609 Y-35.992
X95.036 Y-36.239
X94.434 Y-36.401
X93.819 Y-36.506
X93.199 Y-36.574
X92.576 Y-36.616
X92.192 Y-36.633
X92.124 Y-36.639
X92.056 Y-36.652
X91.99 Y-36.672
G3 X91.82 Y-37.061 R0.3
X92.055 Y-37.248 R0.3
G1 X92.121 Y-37.258 Z-6.492
X92.183 Y-37.267 Z-6.47
X92.24 Y-37.276 Z-6.435
X92.286 Y-37.283 Z-6.387
X92.322 Y-37.288 Z-6.33
X92.344 Y-37.292 Z-6.267
X92.351 Y-37.293 Z-6.2
G0 Z5.
X97.375 Y-30.16
Z-5.9
G1 Z-6.2 F1000.
X97.37 Y-30.166 Z-6.267
X97.356 Y-30.183 Z-6.33
X97.334 Y-30.211 Z-6.387
X97.305 Y-30.248 Z-6.435
X97.269 Y-30.293 Z-6.47
X97.23 Y-30.342 Z-6.492
X97.188 Y-30.394 Z-6.5
G3 X96.866 Y-31.111 R1.583
G1 X96.787 Y-31.677
X96.756 Y-31.819
X96.716 Y-31.96
X96.667 Y-32.102
X96.545 Y-32.385
X96.149 Y-33.296
X96.114 Y-33.375
X96.046 Y-33.517
X95.965 Y-33.659
X95.865 Y-33.8
X95.757 Y-33.942
X95.066 Y-34.791
X95.015 Y-34.852
X94.818 Y-35.074
X94.732 Y-35.152
X94.657 Y-35.215
X94.59 Y-35.27
X94.023 Y-35.672
X93.456 Y-36.072
X93.314 Y-36.163
X93.172 Y-36.232
X93.03 Y-36.3
X92.888 Y-36.352
X92.038 Y-36.655
X91.705 Y-36.772
X91.612 Y-36.804
X91.471 Y-36.841
X91.329 Y-36.868
X91.187 Y-36.888
X90.336 Y-36.947
X89.911 Y-36.976
X89.769 Y-36.983
X89.628 Y-36.987
X89.486 Y-36.978
X89.344 Y-36.96
X89.202 Y-36.933
X88.584 Y-36.844
X87.964 Y-36.777
X87.341 Y-36.739
X86.718 Y-36.717
X86.094 Y-36.705
X85.47 Y-36.698
X84.846 Y-36.694
X84.222 Y-36.691
X82.35 Y-36.689
X77.06 Y-36.688
X76.983 Y-36.692
X76.907 Y-36.705
X76.833 Y-36.726
X76.584 Y-36.811
X76.442 Y-36.847
X76.3 Y-36.873
X76.158 Y-36.889
X76.017 Y-36.9
X74.882 Y-36.977
X74.741 Y-36.986
X74.599 Y-36.985
X74.457 Y-36.975
X74.315 Y-36.958
X74.173 Y-36.929
X73.557 Y-36.835
X72.936 Y-36.772
X72.313 Y-36.736
X71.689 Y-36.716
X71.066 Y-36.704
X70.442 Y-36.697
X69.818 Y-36.693
X68.57 Y-36.69
X66.074 Y-36.688
X62.062
X61.986 Y-36.692
X61.912 Y-36.704
X61.839 Y-36.723
X61.484 Y-36.839
X61.413 Y-36.849
X61.13 Y-36.887
X60.988 Y-36.902
X60.137 Y-36.96
X59.712 Y-36.985
X59.57 Y-36.983
X59.428 Y-36.973
X59.287 Y-36.951
X59.145 Y-36.924
X58.528 Y-36.828
X57.907 Y-36.768
X57.284 Y-36.734
X56.661 Y-36.714
X56.037 Y-36.703
X55.413 Y-36.697
X54.789 Y-36.693
X53.541 Y-36.69
X50.421 Y-36.688
X47.062
X46.985 Y-36.692
X46.909 Y-36.705
X46.835 Y-36.726
X46.81 Y-36.734
X46.402 Y-36.856
X45.959 Y-36.904
X45.109 Y-36.962
X44.967 Y-36.97
X44.595 Y-36.986
X44.258 Y-36.941
X44.116 Y-36.918
X44.095 Y-36.914
X43.479 Y-36.818
X42.857 Y-36.762
X42.234 Y-36.731
X41.611 Y-36.713
X40.987 Y-36.702
X40.363 Y-36.696
X39.739 Y-36.693
X38.491 Y-36.69
X35.371 Y-36.688
X32.066
X31.987 Y-36.693
X31.908 Y-36.706
X31.832 Y-36.729
X31.781 Y-36.746
X31.639 Y-36.793
X31.498 Y-36.835
X31.356 Y-36.865
X31.214 Y-36.88
X30.931 Y-36.905
X30.789 Y-36.916
X30.08 Y-36.964
X29.938 Y-36.973
X29.531 Y-36.982
X29.513 Y-36.981
X29.1 Y-36.914
X28.48 Y-36.844
X27.859 Y-36.777
X27.236 Y-36.739
X26.613 Y-36.717
X25.989 Y-36.705
X25.365 Y-36.698
X24.741 Y-36.694
X24.117 Y-36.691
X22.245 Y-36.689
X17.066 Y-36.688
X16.986 Y-36.693
X16.908 Y-36.706
X16.832 Y-36.729
X16.708 Y-36.772
X16.611 Y-36.802
X16.469 Y-36.843
X16.327 Y-36.868
X16.185 Y-36.886
X15.76 Y-36.918
X14.909 Y-36.976
X14.768 Y-36.983
X14.626 Y-36.987
X14.484 Y-36.979
X14.342 Y-36.957
X14.201 Y-36.931
X13.582 Y-36.849
X12.962 Y-36.78
X12.339 Y-36.741
X11.716 Y-36.718
X11.092 Y-36.705
X10.468 Y-36.698
X9.844 Y-36.694
X9.22 Y-36.691
X7.972 Y-36.689
X6.724 Y-36.688
X6.417 Y-36.632
X6.13 Y-36.511
X5.614 Y-36.159
X5.241 Y-35.66
X4.986 Y-35.09
X4.818 Y-34.489
X4.708 Y-33.875
X4.638 Y-33.255
X4.594 Y-32.633
X4.566 Y-32.009
X4.548 Y-31.386
X4.537 Y-30.762
X4.53 Y-30.138
X4.525 Y-29.514
X4.523 Y-28.89
X4.52 Y-27.642
X4.518 Y-24.522
Y-7.052
X4.528 Y-6.74
X4.588 Y-6.434
X4.709 Y-6.147
X5.059 Y-5.63
X5.556 Y-5.252
X6.124 Y-4.994
X6.724 Y-4.822
X7.337 Y-4.71
X7.957 Y-4.637
X8.579 Y-4.591
X9.203 Y-4.562
X9.826 Y-4.543
X10.414 Y-4.532
X10.574 Y-4.511
X10.724 Y-4.453
X10.857 Y-4.363
X10.94 Y-4.3
X11.081 Y-4.212
X11.223 Y-4.128
X11.317 Y-4.077
X12.137 Y-3.652
X12.216 Y-3.612
X12.641 Y-3.41
X12.711 Y-3.386
X13.074 Y-3.298
X13.136 Y-3.278 Z-6.472
X13.192 Y-3.245 Z-6.444
X13.24 Y-3.2 Z-6.417
X13.277 Y-3.147 Z-6.389
X13.306 Y-3.103 Z-6.367
X13.341 Y-3.065 Z-6.344
X13.383 Y-3.034 Z-6.322
X13.43 Y-3.01 Z-6.3
X13.491 Y-2.993
X13.698 Y-2.958
X15.537 Y-2.646
G2 X15.806 Y-2.736 R0.3
G3 X16.049 Y-2.947 R1.583
G1 X16.182 Y-3.031 Z-6.367
X16.322 Y-3.101 Z-6.433
X16.469 Y-3.157 Z-6.5
X16.611 Y-3.198
X16.708 Y-3.228
X17.603 Y-3.546
X18.029 Y-3.7
X18.17 Y-3.765
X18.229 Y-3.794
X18.312 Y-3.837
X18.336 Y-3.852
X18.466 Y-3.927
X18.693 Y-4.03
X18.995 Y-4.137
X19.411 Y-4.248
X20.024 Y-4.361
X20.645 Y-4.425
X21.268 Y-4.462
X21.891 Y-4.483
X22.515 Y-4.495
X23.139 Y-4.502
X23.763 Y-4.506
X25.011 Y-4.51
X25.429
X25.593 Y-4.491
X25.748 Y-4.434
X25.885 Y-4.343
X25.916 Y-4.316
X25.968 Y-4.28
X26.32 Y-4.077
X26.394 Y-4.037
X27.244 Y-3.596
X27.432 Y-3.511
X27.712 Y-3.386
X28.095 Y-3.295
G3 X28.305 Y-2.927 R0.3
X28.092 Y-2.716 R0.3
G1 X28.027 Y-2.699 Z-6.492
X27.966 Y-2.683 Z-6.47
X27.911 Y-2.668 Z-6.435
X27.865 Y-2.656 Z-6.387
X27.83 Y-2.647 Z-6.33
X27.809 Y-2.642 Z-6.267
X27.802 Y-2.64 Z-6.2
G0 Z5.
X17.691 Y-2.987
Z-5.9
G1 Z-6.2 F1000.
X17.694 Y-2.994 Z-6.267
X17.704 Y-3.014 Z-6.33
X17.72 Y-3.046 Z-6.387
X17.741 Y-3.089 Z-6.435
X17.766 Y-3.14 Z-6.47
X17.794 Y-3.196 Z-6.492
X17.824 Y-3.256 Z-6.5
G3 X18.336 Y-3.852 R1.583
G1 X18.464 Y-3.935
X18.666 Y-4.077
X19.468 Y-4.643
X19.588 Y-4.729
X19.655 Y-4.784
X19.772 Y-4.878
X19.928 Y-4.981
X20.122 Y-5.088
X20.369 Y-5.199
X20.693 Y-5.315
X21.137 Y-5.434
X21.751 Y-5.547
X22.371 Y-5.614
X22.994 Y-5.653
X23.617 Y-5.677
X24.149 Y-5.689
X24.349 Y-5.665
X24.533 Y-5.585
X24.687 Y-5.456
X24.791 Y-5.351
X25.685 Y-4.516
X25.885 Y-4.343
X25.929 Y-4.292 Z-6.471
X25.961 Y-4.233 Z-6.443
X25.978 Y-4.168 Z-6.414
X25.981 Y-4.101 Z-6.386
X25.969 Y-4.035 Z-6.357
X25.943 Y-3.973 Z-6.329
X25.903 Y-3.919 Z-6.3
G3 X25.659 Y-3.822 R0.3
G1 X25.657
X19.892 Y-4.264
X19.839 Y-4.268
X19.785 Y-4.277
X19.733 Y-4.296
X19.685 Y-4.324
X19.644 Y-4.361
X19.604 Y-4.414 Z-6.329
X19.576 Y-4.475 Z-6.357
X19.563 Y-4.541 Z-6.386
X19.565 Y-4.608 Z-6.414
X19.581 Y-4.673 Z-6.443
X19.612 Y-4.733 Z-6.471
X19.655 Y-4.784 Z-6.5
X19.815 Y-4.926
X19.872 Y-4.981
X20.014 Y-5.146
X20.066 Y-5.209
X20.412 Y-5.634
X20.544 Y-5.781
X20.656 Y-5.886
X20.785 Y-5.99
X20.954 Y-6.105
X21.163 Y-6.224
X21.421 Y-6.344
X21.759 Y-6.47
X22.212 Y-6.598
X22.824 Y-6.719
X23.255 Y-6.769
X23.405 Y-6.774
X23.589 Y-6.756
X23.762 Y-6.69
X23.912 Y-6.582
X24.028 Y-6.438
X24.267 Y-6.046
X24.531 Y-5.634
X24.55 Y-5.608
X24.687 Y-5.456
X24.724 Y-5.4 Z-6.471
X24.747 Y-5.337 Z-6.443
X24.756 Y-5.271 Z-6.414
X24.75 Y-5.204 Z-6.386
X24.73 Y-5.14 Z-6.357
X24.695 Y-5.082 Z-6.329
X24.649 Y-5.034 Z-6.3
X24.603 Y-5.002
X24.552 Y-4.979
X24.497 Y-4.967
X24.441 Y-4.964
X24.392 Y-4.967
X20.73 Y-5.148
X20.636 Y-5.153
X20.577 Y-5.162
X20.521 Y-5.182
X20.47 Y-5.214
X20.421 Y-5.26 Z-6.329
X20.384 Y-5.316 Z-6.357
X20.36 Y-5.379 Z-6.386
X20.351 Y-5.445 Z-6.414
X20.357 Y-5.512 Z-6.443
X20.377 Y-5.576 Z-6.471
X20.412 Y-5.634 Z-6.5
X20.757 Y-6.058
X20.865 Y-6.2
X20.965 Y-6.341
X21.046 Y-6.483
X21.066 Y-6.526
X21.137 Y-6.658
X21.225 Y-6.78
X21.324 Y-6.892
X21.446 Y-7.008
X21.6 Y-7.132
X21.772 Y-7.249
X21.989 Y-7.373
X22.211 Y-7.477
X22.424 Y-7.556
X22.628 Y-7.614
X22.804 Y-7.649
X22.854 Y-7.655
X23.08 Y-7.645
X23.291 Y-7.563
X23.464 Y-7.418
X23.583 Y-7.225
X23.597 Y-7.191
X23.66 Y-7.049
X23.7 Y-6.978
X24.028 Y-6.438
X24.054 Y-6.376 Z-6.471
X24.066 Y-6.31 Z-6.443
X24.062 Y-6.243 Z-6.414
X24.044 Y-6.178 Z-6.386
X24.012 Y-6.119 Z-6.357
X23.968 Y-6.069 Z-6.329
X23.913 Y-6.03 Z-6.3
X23.862 Y-6.007
X23.808 Y-5.994
X23.752 Y-5.991
X23.646 Y-5.996
X21.492 Y-6.099
X21.327 Y-6.107
X21.273 Y-6.114
X21.222 Y-6.131
X21.163 Y-6.165 Z-6.329
X21.114 Y-6.21 Z-6.357
X21.076 Y-6.266 Z-6.386
X21.052 Y-6.328 Z-6.414
X21.041 Y-6.395 Z-6.443
X21.046 Y-6.462 Z-6.471
X21.066 Y-6.526 Z-6.5
X21.113 Y-6.625
X21.238 Y-6.908
X21.484 Y-7.474
X21.55 Y-7.608
X21.629 Y-7.736
X21.722 Y-7.854
X21.825 Y-7.962
X21.939 Y-8.06
X22.062 Y-8.147
X22.191 Y-8.222
X22.328 Y-8.284
X22.47 Y-8.333
X22.545 Y-8.351
X22.757 Y-8.367
X22.964 Y-8.319
X23.148 Y-8.211
X23.29 Y-8.053
X23.379 Y-7.859
X23.487 Y-7.474
X23.539 Y-7.332
X23.583 Y-7.225
X23.599 Y-7.16 Z-6.471
X23.6 Y-7.093 Z-6.443
X23.586 Y-7.027 Z-6.414
X23.558 Y-6.966 Z-6.386
X23.517 Y-6.913 Z-6.357
X23.465 Y-6.87 Z-6.329
X23.405 Y-6.84 Z-6.3
X23.356 Y-6.826
X23.305 Y-6.821
X23.254 Y-6.825
X23.136 Y-6.843
X21.922 Y-7.035
X21.716 Y-7.068
X21.653 Y-7.085
X21.594 Y-7.116 Z-6.329
X21.543 Y-7.16 Z-6.357
X21.503 Y-7.214 Z-6.386
X21.476 Y-7.276 Z-6.414
X21.464 Y-7.342 Z-6.443
X21.466 Y-7.409 Z-6.471
X21.484 Y-7.474 Z-6.5
X21.667 Y-7.898
X21.716 Y-8.04
X21.756 Y-8.181
X21.765 Y-8.224
X21.805 Y-8.369
X21.874 Y-8.502
X21.964 Y-8.622
X22.071 Y-8.727
X22.193 Y-8.815
X22.224 Y-8.831
X22.42 Y-8.9
X22.627 Y-8.909
X22.828 Y-8.857
X23.005 Y-8.747
X23.142 Y-8.591
X23.227 Y-8.402
X23.379 Y-7.859
X23.387 Y-7.793 Z-6.471
X23.381 Y-7.726 Z-6.443
X23.36 Y-7.662 Z-6.414
X23.325 Y-7.605 Z-6.386
X23.278 Y-7.556 Z-6.357
X23.222 Y-7.52 Z-6.329
X23.159 Y-7.496 Z-6.3
X23.1 Y-7.488
X23.04 Y-7.492
X22.983 Y-7.507
X22.894 Y-7.54
X22.261 Y-7.775
X22.005 Y-7.871
X21.956 Y-7.889 Z-6.322
X21.902 Y-7.915 Z-6.348
X21.855 Y-7.952 Z-6.373
X21.816 Y-7.997 Z-6.398
X21.786 Y-8.049 Z-6.424
X21.767 Y-8.105 Z-6.449
X21.76 Y-8.165 Z-6.475
X21.765 Y-8.224 Z-6.5
X21.787 Y-8.323
X21.852 Y-8.788
X21.88 Y-8.935
X21.945 Y-9.07
X22.101 Y-9.214
X22.295 Y-9.3
X22.506 Y-9.322
X22.713 Y-9.276
X22.895 Y-9.167
X23.034 Y-9.007
X23.115 Y-8.811
X23.133 Y-8.738
X23.227 Y-8.402
X23.235 Y-8.335 Z-6.471
X23.228 Y-8.269 Z-6.443
X23.207 Y-8.205 Z-6.414
X23.172 Y-8.147 Z-6.386
X23.125 Y-8.099 Z-6.357
X23.069 Y-8.063 Z-6.329
X23.006 Y-8.04 Z-6.3
X22.952 Y-8.032
X22.896 Y-8.034
X22.843 Y-8.046
X22.792 Y-8.067
X22.746 Y-8.093
X22.352 Y-8.306
X22.111 Y-8.437
X22.007 Y-8.493 Z-6.35
X21.959 Y-8.526 Z-6.375
X21.918 Y-8.568 Z-6.4
X21.885 Y-8.617 Z-6.425
X21.863 Y-8.671 Z-6.45
X21.852 Y-8.729 Z-6.475
Y-8.788 Z-6.5
X21.916 Y-9.25
X21.944 Y-9.397
X22.019 Y-9.527
X22.176 Y-9.643
X22.362 Y-9.702
X22.558 Y-9.699
X22.742 Y-9.634
X22.896 Y-9.515
X23.004 Y-9.352
X23.055 Y-9.163
X23.069 Y-9.031
X23.096 Y-8.889
X23.115 Y-8.811
X23.121 Y-8.744 Z-6.471
X23.111 Y-8.677 Z-6.443
X23.088 Y-8.614 Z-6.414
X23.05 Y-8.558 Z-6.386
X23.002 Y-8.512 Z-6.357
X22.944 Y-8.478 Z-6.329
X22.88 Y-8.458 Z-6.3
X22.816 Y-8.452
X22.753 Y-8.46
X22.692 Y-8.481
X22.638 Y-8.514
X22.624 Y-8.525
X22.379 Y-8.713
X22.163 Y-8.88
X22.031 Y-8.982 Z-6.371
X21.987 Y-9.024 Z-6.397
X21.952 Y-9.074 Z-6.422
X21.928 Y-9.13 Z-6.448
X21.916 Y-9.189 Z-6.474
Y-9.25 Z-6.5
X21.969 Y-9.64
X21.995 Y-9.787
X22.073 Y-9.916
X22.23 Y-10.024
X22.414 Y-10.075
X22.604 Y-10.063
X22.78 Y-9.989
X22.922 Y-9.862
X23.015 Y-9.695
X23.048 Y-9.507
X23.049 Y-9.314
X23.054 Y-9.172
X23.055 Y-9.163
X23.053 Y-9.105 Z-6.475
X23.039 Y-9.049 Z-6.451
X23.014 Y-8.996 Z-6.426
X22.979 Y-8.95 Z-6.401
X22.935 Y-8.912 Z-6.376
X22.884 Y-8.884 Z-6.352
X22.828 Y-8.867 Z-6.327
X22.766 Y-8.857 Z-6.3
G3 X22.077 Y-9.19 R0.721
G1 X22.032 Y-9.272 Z-6.34
X21.998 Y-9.36 Z-6.38
X21.976 Y-9.452 Z-6.42
X21.966 Y-9.546 Z-6.46
X21.969 Y-9.64 Z-6.5
X21.981 Y-9.738
X21.994 Y-9.88
X21.996 Y-9.993
X22.007 Y-10.142
X22.079 Y-10.274
X22.184 Y-10.381
X22.369 Y-10.454
X22.568 Y-10.458
X22.757 Y-10.393
X22.911 Y-10.267
X23.012 Y-10.095
X23.047 Y-9.899
X23.048 Y-9.507
X23.038 Y-9.445 Z-6.473
X23.014 Y-9.386 Z-6.446
X22.976 Y-9.335 Z-6.419
X22.927 Y-9.295 Z-6.392
X22.869 Y-9.267 Z-6.365
X22.807 Y-9.255 Z-6.338
X22.718 Y-9.253 Z-6.3
G3 X22.147 Y-9.554 R0.753
G1 X22.095 Y-9.633 Z-6.34
X22.054 Y-9.718 Z-6.38
X22.023 Y-9.807 Z-6.42
X22.004 Y-9.899 Z-6.46
X21.996 Y-9.993 Z-6.5
X21.997 Y-10.021
X21.991 Y-10.163
X21.973 Y-10.305
X21.962 Y-10.454
X22.012 Y-10.596
X22.101 Y-10.716
X22.262 Y-10.81
X22.444 Y-10.847
X22.628 Y-10.825
X22.796 Y-10.745
X22.93 Y-10.616
X23.017 Y-10.452
X23.047 Y-10.269
Y-9.899
X23.037 Y-9.84 Z-6.475
X23.015 Y-9.785 Z-6.449
X22.98 Y-9.737 Z-6.424
X22.935 Y-9.699 Z-6.399
X22.882 Y-9.672 Z-6.373
X22.824 Y-9.658 Z-6.348
X22.767 Y-9.654 Z-6.324
X22.711 Z-6.3
G3 X22.18 Y-9.89 R0.773
G1 X22.119 Y-9.961 Z-6.34
X22.067 Y-10.04 Z-6.38
X22.025 Y-10.124 Z-6.42
X21.994 Y-10.213 Z-6.46
X21.973 Y-10.305 Z-6.5
X21.938 Y-10.588
X21.927 Y-10.665
X21.914 Y-10.815
X21.961 Y-10.957
X22.045 Y-11.082
X22.216 Y-11.191
X22.413 Y-11.238
X22.615 Y-11.215
X22.797 Y-11.127
X22.94 Y-10.983
X23.027 Y-10.8
X23.047 Y-10.598
Y-10.588
Y-10.269
X23.038 Y-10.209 Z-6.474
X23.015 Y-10.153 Z-6.449
X22.981 Y-10.104 Z-6.423
X22.936 Y-10.064 Z-6.397
X22.883 Y-10.035 Z-6.372
X22.824 Y-10.019 Z-6.346
X22.716 Y-10.01 Z-6.3
G3 X22.137 Y-10.252 R0.79
G1 X22.076 Y-10.323 Z-6.34
X22.024 Y-10.401 Z-6.38
X21.981 Y-10.485 Z-6.42
X21.949 Y-10.574 Z-6.46
X21.927 Y-10.665 Z-6.5
X21.874 Y-11.055
X21.861 Y-11.204
X21.909 Y-11.347
X21.992 Y-11.471
X22.175 Y-11.592
X22.388 Y-11.644
X22.606 Y-11.621
X22.804 Y-11.527
X22.958 Y-11.371
X23.052 Y-11.173
X23.073 Y-10.955
X23.049 Y-10.625
X23.047 Y-10.598
X23.033 Y-10.533 Z-6.471
X23.004 Y-10.472 Z-6.443
X22.963 Y-10.419 Z-6.414
X22.911 Y-10.377 Z-6.386
X22.851 Y-10.347 Z-6.357
X22.785 Y-10.331 Z-6.329
X22.718 Z-6.3
X22.661 Y-10.342
X22.607 Y-10.365
X22.558 Y-10.398
X22.483 Y-10.46
X22.389 Y-10.537
X22.178 Y-10.711
X21.979 Y-10.875 Z-6.409
X21.941 Y-10.912 Z-6.432
X21.91 Y-10.955 Z-6.455
X21.887 Y-11.004 Z-6.477
X21.874 Y-11.055 Z-6.5
X21.821 Y-11.437
X21.803 Y-11.586
X21.847 Y-11.729
X21.924 Y-11.858
X22.029 Y-11.965
X22.153 Y-12.05
X22.174 Y-12.06
X22.389 Y-12.115
X22.611 Y-12.101
X22.817 Y-12.017
X22.987 Y-11.873
X23.103 Y-11.684
X23.153 Y-11.467
X23.133 Y-11.246
X23.079 Y-11.03
X23.073 Y-10.955
X23.058 Y-10.889 Z-6.471
X23.029 Y-10.829 Z-6.443
X22.988 Y-10.776 Z-6.414
X22.935 Y-10.734 Z-6.386
X22.875 Y-10.704 Z-6.357
X22.809 Y-10.689 Z-6.329
X22.742 Z-6.3
X22.688 Y-10.7
X22.637 Y-10.721
X22.591 Y-10.75
X22.505 Y-10.817
X22.353 Y-10.935
X22.136 Y-11.102
X21.931 Y-11.261 Z-6.41
X21.893 Y-11.297 Z-6.432
X21.861 Y-11.339 Z-6.455
X21.837 Y-11.386 Z-6.477
X21.821 Y-11.437 Z-6.5
X21.797 Y-11.578
X21.746 Y-11.833
X21.724 Y-11.981
X21.751 Y-12.129
X21.815 Y-12.265
X21.906 Y-12.384
X22.018 Y-12.484
X22.145 Y-12.563
X22.283 Y-12.621
X22.429 Y-12.658
X22.578 Y-12.672
X22.627 Y-12.671
X22.834 Y-12.632
X23.02 Y-12.534
X23.169 Y-12.385
X23.266 Y-12.199
X23.304 Y-11.991
X23.278 Y-11.782
X23.182 Y-11.437
X23.133 Y-11.246
X23.107 Y-11.184 Z-6.471
X23.068 Y-11.129 Z-6.443
X23.018 Y-11.084 Z-6.414
X22.959 Y-11.052 Z-6.386
X22.895 Y-11.034 Z-6.357
X22.828 Y-11.03 Z-6.329
X22.761 Y-11.042 Z-6.3
X22.715 Y-11.06
X22.672 Y-11.085
X22.53 Y-11.185
X22.295 Y-11.352
X22.072 Y-11.51
X21.865 Y-11.657 Z-6.408
X21.823 Y-11.692 Z-6.431
X21.789 Y-11.734 Z-6.454
X21.763 Y-11.782 Z-6.477
X21.746 Y-11.833 Z-6.5
X21.74 Y-11.861
X21.715 Y-11.968
X21.703 Y-12.003
X21.648 Y-12.145
X21.63 Y-12.187
X21.578 Y-12.328
X21.58 Y-12.478
X21.615 Y-12.624
X21.678 Y-12.76
X21.761 Y-12.885
X21.863 Y-12.995
X21.978 Y-13.091
X22.106 Y-13.169
X22.243 Y-13.231
X22.386 Y-13.275
X22.534 Y-13.301
X22.684 Y-13.309
X22.833 Y-13.299
X22.981 Y-13.272
X22.989 Y-13.269
X23.184 Y-13.174
X23.34 Y-13.023
X23.443 Y-12.832
X23.482 Y-12.619
X23.454 Y-12.403
X23.416 Y-12.275
X23.278 Y-11.782
X23.251 Y-11.721 Z-6.471
X23.21 Y-11.667 Z-6.443
X23.159 Y-11.624 Z-6.414
X23.1 Y-11.593 Z-6.386
X23.035 Y-11.576 Z-6.357
X22.967 Y-11.574 Z-6.329
X22.902 Y-11.587 Z-6.3
X22.88 Y-11.595
X22.648 Y-11.689
X22.272 Y-11.842
X22.018 Y-11.944
X21.789 Y-12.037 Z-6.405
X21.739 Y-12.063 Z-6.429
X21.695 Y-12.097 Z-6.453
X21.658 Y-12.139 Z-6.476
X21.63 Y-12.187 Z-6.5
X21.447 Y-12.612
X21.394 Y-12.752
X21.379 Y-12.902
X21.394 Y-13.051
X21.436 Y-13.195
X21.498 Y-13.331
X21.579 Y-13.458
X21.675 Y-13.573
X21.783 Y-13.677
X21.903 Y-13.768
X22.031 Y-13.846
X22.166 Y-13.911
X22.307 Y-13.962
X22.452 Y-13.999
X22.601 Y-14.021
X22.75 Y-14.029
X22.9 Y-14.02
X23.048 Y-13.997
X23.193 Y-13.959
X23.333 Y-13.905
X23.355 Y-13.894
X23.537 Y-13.762
X23.667 Y-13.579
X23.733 Y-13.365
X23.728 Y-13.141
X23.652 Y-12.93
X23.609 Y-12.852
X23.558 Y-12.709
X23.461 Y-12.428
X23.454 Y-12.403
X23.429 Y-12.348 Z-6.474
X23.394 Y-12.299 Z-6.448
X23.349 Y-12.258 Z-6.423
X23.297 Y-12.227 Z-6.397
X23.24 Y-12.206 Z-6.371
X23.18 Y-12.198 Z-6.345
X23.119 Y-12.202 Z-6.32
X23.074 Y-12.21 Z-6.3
X22.804 Y-12.255
X22.118 Y-12.37
X21.848 Y-12.415
X21.668 Y-12.445 Z-6.378
X21.612 Y-12.46 Z-6.402
X21.561 Y-12.485 Z-6.427
X21.515 Y-12.52 Z-6.451
X21.476 Y-12.563 Z-6.476
X21.447 Y-12.612 Z-6.5
X21.219 Y-13.135
X21.166 Y-13.276
X21.147 Y-13.424
X21.155 Y-13.574
X21.185 Y-13.721
X21.236 Y-13.862
X21.303 Y-13.996
X21.385 Y-14.122
X21.48 Y-14.238
X21.585 Y-14.345
X21.7 Y-14.441
X21.823 Y-14.527
X21.953 Y-14.602
X22.091 Y-14.667
X22.233 Y-14.72
X22.383 Y-14.763
X22.541 Y-14.795
X22.691 Y-14.812
X22.841 Y-14.818
X22.998 Y-14.81
X23.147 Y-14.791
X23.293 Y-14.759
X23.436 Y-14.713
X23.574 Y-14.655
X23.707 Y-14.585
X23.832 Y-14.503
X23.87 Y-14.472
X24.007 Y-14.325
X24.096 Y-14.145
X24.13 Y-13.947
X24.107 Y-13.748
X24.029 Y-13.564
X23.842 Y-13.255
X23.687 Y-12.994
X23.652 Y-12.93
X23.611 Y-12.876 Z-6.471
X23.559 Y-12.833 Z-6.443
X23.499 Y-12.803 Z-6.414
X23.434 Y-12.787 Z-6.385
X23.366 Y-12.785 Z-6.357
X23.233 Y-12.798 Z-6.3
X22.961 Y-12.824
X21.895 Y-12.925
X21.623 Y-12.951
X21.462 Y-12.966 Z-6.369
X21.401 Y-12.978 Z-6.395
X21.344 Y-13.002 Z-6.421
X21.294 Y-13.038 Z-6.447
X21.251 Y-13.083 Z-6.474
X21.219 Y-13.135 Z-6.5
X21.148 Y-13.3
X21.093 Y-13.418
X21.023 Y-13.56
X20.985 Y-13.622
X20.915 Y-13.754
X20.876 Y-13.899
X20.864 Y-14.049
X20.875 Y-14.198
X20.905 Y-14.345
X20.953 Y-14.487
X21.015 Y-14.624
X21.091 Y-14.753
X21.178 Y-14.875
X21.276 Y-14.989
X21.388 Y-15.1
X21.512 Y-15.205
X21.647 Y-15.302
X21.796 Y-15.391
X21.958 Y-15.471
X22.13 Y-15.54
X22.31 Y-15.596
X22.493 Y-15.636
X22.681 Y-15.663
X22.874 Y-15.674
X23.069 Y-15.67
X23.264 Y-15.65
X23.441 Y-15.617
X23.607 Y-15.573
X23.775 Y-15.513
X23.913 Y-15.451
X24.046 Y-15.377
X24.177 Y-15.29
X24.295 Y-15.198
X24.347 Y-15.149
X24.471 Y-14.995
X24.546 Y-14.812
X24.568 Y-14.616
X24.534 Y-14.421
X24.447 Y-14.244
X24.409 Y-14.188
X24.029 Y-13.564
X23.991 Y-13.516 Z-6.474
X23.944 Y-13.478 Z-6.448
X23.89 Y-13.45 Z-6.423
X23.832 Y-13.433 Z-6.397
X23.771 Y-13.428 Z-6.371
X23.604 Y-13.432 Z-6.3
X23.33 Y-13.438
X21.683 Y-13.475
X21.409 Y-13.481
X21.23 Y-13.485 Z-6.376
X21.172 Y-13.492 Z-6.401
X21.117 Y-13.51 Z-6.426
X21.066 Y-13.539 Z-6.45
X21.022 Y-13.576 Z-6.475
X20.985 Y-13.622 Z-6.5
X20.938 Y-13.701
X20.864 Y-13.803
X20.834 Y-13.843
X20.722 Y-13.985
X20.687 Y-14.027
X20.599 Y-14.148
X20.535 Y-14.284
X20.497 Y-14.429
X20.482 Y-14.579
X20.486 Y-14.728
X20.507 Y-14.877
X20.543 Y-15.022
X20.594 Y-15.164
X20.657 Y-15.3
X20.733 Y-15.435
X20.823 Y-15.569
X20.932 Y-15.706
X21.058 Y-15.841
X21.199 Y-15.969
X21.355 Y-16.089
X21.529 Y-16.202
X21.72 Y-16.305
X21.926 Y-16.396
X22.144 Y-16.472
X22.37 Y-16.531
X22.604 Y-16.572
X22.842 Y-16.595
X23.082 Y-16.598
X23.319 Y-16.582
X23.552 Y-16.548
X23.78 Y-16.495
X23.99 Y-16.428
X24.175 Y-16.353
X24.356 Y-16.261
X24.498 Y-16.174
X24.639 Y-16.072
X24.764 Y-15.965
X24.87 Y-15.858
X24.97 Y-15.738
X25.009 Y-15.683
X25.101 Y-15.504
X25.138 Y-15.307
X25.117 Y-15.108
X25.041 Y-14.923
X24.916 Y-14.766
X24.834 Y-14.69
X24.692 Y-14.546
X24.55 Y-14.391
X24.447 Y-14.244
X24.402 Y-14.195 Z-6.472
X24.348 Y-14.158 Z-6.444
X24.288 Y-14.133 Z-6.416
X24.223 Y-14.122 Z-6.388
X24.015 Y-14.109 Z-6.3
X23.742 Y-14.093
X21.401 Y-13.953
X21.128 Y-13.937
X20.931 Y-13.925 Z-6.384
X20.863 Y-13.929 Z-6.413
X20.797 Y-13.948 Z-6.442
X20.738 Y-13.981 Z-6.471
X20.687 Y-14.027 Z-6.5
X20.262 Y-14.551
X20.172 Y-14.671
X20.108 Y-14.807
X20.065 Y-14.95
X20.042 Y-15.099
X20.037 Y-15.249
X20.048 Y-15.398
X20.072 Y-15.546
X20.11 Y-15.691
X20.163 Y-15.843
X20.23 Y-15.995
X20.316 Y-16.153
X20.421 Y-16.316
X20.544 Y-16.474
X20.686 Y-16.63
X20.851 Y-16.786
X21.039 Y-16.935
X21.245 Y-17.073
X21.466 Y-17.198
X21.707 Y-17.309
X21.966 Y-17.404
X22.239 Y-17.48
X22.524 Y-17.535
X22.816 Y-17.567
X23.111 Y-17.576
X23.403 Y-17.561
X23.69 Y-17.524
X23.966 Y-17.465
X24.23 Y-17.386
X24.48 Y-17.288
X24.713 Y-17.175
X24.922 Y-17.051
X25.097 Y-16.929
X25.262 Y-16.791
X25.387 Y-16.67
X25.506 Y-16.533
X25.607 Y-16.397
X25.686 Y-16.27
X25.717 Y-16.21
X25.786 Y-15.995
X25.784 Y-15.77
X25.71 Y-15.557
X25.572 Y-15.379
X24.916 Y-14.766
X24.862 Y-14.729 Z-6.472
X24.801 Y-14.704 Z-6.444
X24.736 Y-14.693 Z-6.416
X24.463 Y-14.677 Z-6.3
X24.19 Y-14.662
X20.976 Y-14.477
X20.703 Y-14.461
X20.504 Y-14.449 Z-6.385
X20.436 Y-14.453 Z-6.413
X20.371 Y-14.472 Z-6.442
X20.312 Y-14.505 Z-6.471
X20.262 Y-14.551 Z-6.5
X20.145 Y-14.692
X19.872 Y-15.018
X19.82 Y-15.075
X19.719 Y-15.186
X19.646 Y-15.317
X19.594 Y-15.457
X19.56 Y-15.603
X19.543 Y-15.752
X19.541 Y-15.902
X19.553 Y-16.052
X19.579 Y-16.209
X19.618 Y-16.369
X19.675 Y-16.538
X19.752 Y-16.718
X19.847 Y-16.898
X19.963 Y-17.081
X20.105 Y-17.27
X20.27 Y-17.456
X20.455 Y-17.634
X20.667 Y-17.807
X20.906 Y-17.972
X21.172 Y-18.125
X21.459 Y-18.262
X21.764 Y-18.378
X22.084 Y-18.471
X22.42 Y-18.54
X22.767 Y-18.582
X23.12 Y-18.597
X23.474 Y-18.584
X23.825 Y-18.542
X24.169 Y-18.472
X24.5 Y-18.377
X24.808 Y-18.261
X25.092 Y-18.128
X25.352 Y-17.978
X25.592 Y-17.814
X25.805 Y-17.641
X25.967 Y-17.487
X26.123 Y-17.312
X26.24 Y-17.158
X26.331 Y-17.016
X26.418 Y-16.851
X26.482 Y-16.702
X26.493 Y-16.67
X26.529 Y-16.484
X26.514 Y-16.295
X26.449 Y-16.117
X26.338 Y-15.963
X26.19 Y-15.845
X25.92 Y-15.683
X25.827 Y-15.61
X25.746 Y-15.542
X25.572 Y-15.379
X25.517 Y-15.341 Z-6.472
X25.456 Y-15.316 Z-6.444
X25.391 Y-15.305 Z-6.416
X25.119 Y-15.291 Z-6.3
X24.846 Y-15.276
X20.551 Y-15.044
X20.277 Y-15.029
X20.017 Y-15.015 Z-6.411
X19.965 Y-15.016 Z-6.433
X19.913 Y-15.027 Z-6.455
X19.865 Y-15.047 Z-6.478
X19.82 Y-15.075 Z-6.5
X19.73 Y-15.147
X19.446 Y-15.37
X19.408 Y-15.4
X19.377 Y-15.422
X19.258 Y-15.514
X19.164 Y-15.631
X19.089 Y-15.761
X19.032 Y-15.9
X18.99 Y-16.044
X18.964 Y-16.191
X18.951 Y-16.341
Y-16.499
X18.964 Y-16.666
X18.992 Y-16.842
X19.04 Y-17.035
X19.104 Y-17.231
X19.19 Y-17.433
X19.302 Y-17.648
X19.439 Y-17.865
X19.597 Y-18.078
X19.788 Y-18.294
X20.011 Y-18.51
X20.265 Y-18.718
X20.54 Y-18.91
X20.843 Y-19.087
X21.176 Y-19.246
X21.535 Y-19.384
X21.917 Y-19.497
X22.317 Y-19.581
X22.73 Y-19.633
X23.15 Y-19.652
X23.573 Y-19.637
X23.991 Y-19.589
X24.399 Y-19.508
X24.791 Y-19.397
X25.166 Y-19.258
X25.518 Y-19.093
X25.839 Y-18.911
X26.131 Y-18.712
X26.383 Y-18.51
X26.606 Y-18.298
X26.801 Y-18.082
X26.944 Y-17.894
X27.07 Y-17.699
X27.158 Y-17.535
X27.235 Y-17.357
X27.29 Y-17.196
X27.329 Y-17.044
X27.337 Y-17.001
X27.34 Y-16.781
X27.274 Y-16.571
X27.146 Y-16.392
X26.969 Y-16.261
X26.394 Y-15.963
X26.252 Y-15.882
X26.19 Y-15.845
X26.129 Y-15.82 Z-6.472
X26.065 Y-15.808 Z-6.444
X25.726 Y-15.786 Z-6.3
X25.453 Y-15.767
X20.11 Y-15.41
X19.837 Y-15.392
X19.561 Y-15.374 Z-6.418
X19.496 Y-15.376 Z-6.445
X19.434 Y-15.393 Z-6.473
X19.377 Y-15.422 Z-6.5
X18.806 Y-15.825
X18.688 Y-15.917
X18.586 Y-16.027
X18.502 Y-16.151
X18.433 Y-16.285
X18.38 Y-16.425
X18.34 Y-16.57
X18.314 Y-16.717
X18.298 Y-16.88
X18.295 Y-17.051
X18.307 Y-17.244
X18.336 Y-17.442
X18.384 Y-17.653
X18.456 Y-17.883
X18.55 Y-18.114
X18.67 Y-18.354
X18.824 Y-18.606
X19.009 Y-18.863
X19.219 Y-19.109
X19.464 Y-19.353
X19.747 Y-19.594
X20.068 Y-19.824
X20.424 Y-20.04
X20.81 Y-20.232
X21.218 Y-20.396
X21.653 Y-20.532
X22.114 Y-20.636
X22.593 Y-20.704
X23.084 Y-20.734
X23.579 Y-20.724
X24.072 Y-20.675
X24.556 Y-20.587
X25.027 Y-20.462
X25.477 Y-20.302
X25.902 Y-20.112
X26.291 Y-19.899
X26.643 Y-19.667
X26.955 Y-19.424
X27.231 Y-19.171
X27.469 Y-18.914
X27.67 Y-18.659
X27.836 Y-18.41
X27.956 Y-18.195
X28.056 Y-17.975
X28.125 Y-17.783
X28.171 Y-17.614
X28.206 Y-17.426
X28.215 Y-17.344
X28.208 Y-17.15
X28.146 Y-16.966
X28.036 Y-16.807
X27.884 Y-16.685
X27.705 Y-16.611
X27.386 Y-16.472
X27.244 Y-16.404
X26.969 Y-16.261
X26.915 Y-16.241 Z-6.475
X26.858 Y-16.232 Z-6.451
X26.503 Y-16.212 Z-6.3
X26.23 Y-16.196
X19.54 Y-15.808
X19.267 Y-15.792
X18.988 Y-15.776 Z-6.419
X18.924 Y-15.779 Z-6.446
X18.863 Y-15.796 Z-6.473
X18.806 Y-15.825 Z-6.5
X18.596 Y-15.973
X18.454 Y-16.071
X18.312 Y-16.161
X18.234 Y-16.202
X18.105 Y-16.279
X17.991 Y-16.377
X17.894 Y-16.491
X17.812 Y-16.616
X17.744 Y-16.75
X17.689 Y-16.889
X17.645 Y-17.037
X17.613 Y-17.194
X17.591 Y-17.369
X17.583 Y-17.563
X17.591 Y-17.764
X17.617 Y-17.991
X17.665 Y-18.228
X17.736 Y-18.475
X17.836 Y-18.742
X17.966 Y-19.02
X18.123 Y-19.294
X18.318 Y-19.579
X18.554 Y-19.872
X18.833 Y-20.165
X19.144 Y-20.442
X19.491 Y-20.706
X19.881 Y-20.956
X20.311 Y-21.185
X20.779 Y-21.387
X21.279 Y-21.557
X21.806 Y-21.691
X22.354 Y-21.784
X22.916 Y-21.833
X23.486 Y-21.837
X24.056 Y-21.795
X24.62 Y-21.707
X25.17 Y-21.576
X25.698 Y-21.405
X26.198 Y-21.196
X26.664 Y-20.956
X27.093 Y-20.69
X27.483 Y-20.402
X27.832 Y-20.098
X28.134 Y-19.79
X28.384 Y-19.489
X28.594 Y-19.191
X28.767 Y-18.898
X28.901 Y-18.623
X28.995 Y-18.383
X29.061 Y-18.161
X29.101 Y-17.975
X29.128 Y-17.777
X29.136 Y-17.61
X29.131 Y-17.447
X29.128 Y-17.415
X29.07 Y-17.203
X28.95 Y-17.02
X28.779 Y-16.883
X28.574 Y-16.806
X28.237 Y-16.736
X28.095 Y-16.704
X27.705 Y-16.611
X27.655 Y-16.605 Z-6.479
X27.235 Y-16.585 Z-6.3
X26.962 Y-16.572
X18.974 Y-16.201
X18.7 Y-16.188
X18.379 Y-16.173 Z-6.437
X18.329 Y-16.175 Z-6.458
X18.28 Y-16.185 Z-6.479
X18.234 Y-16.202 Z-6.5
X18.17 Y-16.236
X18.143 Y-16.249
X18.029 Y-16.3
X17.667 Y-16.431
X17.529 Y-16.489
X17.402 Y-16.569
X17.288 Y-16.667
X17.188 Y-16.778
X17.101 Y-16.901
X17.026 Y-17.031
X16.964 Y-17.167
X16.908 Y-17.321
X16.861 Y-17.49
X16.826 Y-17.674
X16.803 Y-17.884
X16.797 Y-18.101
X16.81 Y-18.343
X16.845 Y-18.607
X16.903 Y-18.875
X16.99 Y-19.163
X17.111 Y-19.473
X17.268 Y-19.793
X17.455 Y-20.11
X17.688 Y-20.44
X17.966 Y-20.773
X18.292 Y-21.105
X18.662 Y-21.427
X19.066 Y-21.724
X19.516 Y-22.003
X20.015 Y-22.259
X20.556 Y-22.483
X21.134 Y-22.671
X21.741 Y-22.815
X22.358 Y-22.909
X22.98 Y-22.956
X23.604 Y-22.954
X24.226 Y-22.905
X24.842 Y-22.808
X25.45 Y-22.664
X26.044 Y-22.474
X26.614 Y-22.239
X27.152 Y-21.966
X27.651 Y-21.659
X28.107 Y-21.326
X28.514 Y-20.975
X28.872 Y-20.613
X29.179 Y-20.248
X29.428 Y-19.897
X29.632 Y-19.555
X29.795 Y-19.225
X29.919 Y-18.911
X30.009 Y-18.616
X30.062 Y-18.377
X30.095 Y-18.134
X30.107 Y-17.933
X30.102 Y-17.756
X30.082 Y-17.565
X30.078 Y-17.542
X30.007 Y-17.34
X29.879 Y-17.17
X29.705 Y-17.046
X29.503 Y-16.98
X29.087 Y-16.912
X28.574 Y-16.806
X28.534 Y-16.802 Z-6.483
X28.104 Y-16.786 Z-6.3
X27.83 Y-16.776
X18.41 Y-16.44
X18.136 Y-16.43
X17.769 Y-16.417 Z-6.456
X17.718 Y-16.42 Z-6.478
X17.667 Y-16.431 Z-6.5
X16.894 Y-16.706
X16.756 Y-16.763
X16.631 Y-16.846
X16.518 Y-16.945
X16.416 Y-17.056
X16.327 Y-17.176
X16.248 Y-17.305
X16.177 Y-17.445
X16.109 Y-17.61
X16.052 Y-17.789
X16.006 Y-17.988
X15.973 Y-18.215
X15.957 Y-18.449
X15.96 Y-18.713
X15.988 Y-19.004
X16.04 Y-19.299
X16.123 Y-19.619
X16.243 Y-19.964
X16.401 Y-20.323
X16.593 Y-20.678
X16.835 Y-21.051
X17.129 Y-21.433
X17.474 Y-21.814
X17.87 Y-22.186
X18.312 Y-22.539
X18.793 Y-22.863
X19.33 Y-23.166
X19.896 Y-23.427
X20.481 Y-23.645
X21.08 Y-23.819
X21.69 Y-23.95
X22.308 Y-24.038
X22.93 Y-24.085
X23.554 Y-24.089
X24.177 Y-24.049
X24.795 Y-23.967
X25.407 Y-23.843
X26.008 Y-23.677
X26.597 Y-23.471
X27.17 Y-23.224
X27.724 Y-22.937
X28.255 Y-22.61
X28.76 Y-22.243
X29.222 Y-21.848
X29.63 Y-21.438
X29.985 Y-21.019
X30.287 Y-20.598
X30.536 Y-20.185
X30.728 Y-19.799
X30.877 Y-19.426
X30.987 Y-19.071
X31.061 Y-18.741
X31.099 Y-18.474
X31.114 Y-18.22
X31.11 Y-18.008
X31.091 Y-17.826
X31.056 Y-17.633
X31.013 Y-17.473
X30.992 Y-17.414
X30.883 Y-17.216
X30.716 Y-17.063
X30.51 Y-16.971
X30.285 Y-16.95
X29.938 Y-16.973
X29.531 Y-16.982
X29.513 Y-16.981
X29.503 Y-16.98
X29.471 Y-16.977 Z-6.487
X29.032 Y-16.967 Z-6.3
X28.758 Y-16.961
X17.637 Y-16.707
X17.364 Y-16.701
X16.992 Y-16.692 Z-6.458
X16.942 Y-16.695 Z-6.479
X16.894 Y-16.706 Z-6.5
X16.753 Y-16.757
X16.611 Y-16.802
X16.469 Y-16.843
X16.327 Y-16.868
X16.284 Y-16.874
X16.137 Y-16.901
X15.999 Y-16.96
X15.871 Y-17.038
X15.753 Y-17.131
X15.646 Y-17.236
X15.55 Y-17.351
X15.463 Y-17.474
X15.376 Y-17.622
X15.298 Y-17.782
X15.225 Y-17.97
X15.163 Y-18.178
X15.114 Y-18.402
X15.08 Y-18.661
X15.067 Y-18.934
X15.075 Y-19.231
X15.112 Y-19.563
X15.18 Y-19.915
X15.279 Y-20.27
X15.42 Y-20.656
X15.609 Y-21.068
X15.85 Y-21.495
X16.13 Y-21.913
X16.466 Y-22.334
X16.863 Y-22.758
X17.316 Y-23.17
X17.81 Y-23.551
X18.008 Y-23.68
X18.04 Y-23.7
X18.073 Y-23.718
X18.107 Y-23.735
X18.143 Y-23.751
X18.17 Y-23.764
X18.312 Y-23.839
X18.396 Y-23.892
X18.938 Y-24.201
X19.501 Y-24.471
X20.083 Y-24.697
X20.678 Y-24.883
X21.285 Y-25.027
X21.9 Y-25.132
X22.521 Y-25.199
X23.144 Y-25.227
X23.768 Y-25.217
X24.39 Y-25.17
X24.868 Y-25.104
X25.007 Y-25.07
X25.136 Y-25.008
X25.25 Y-24.922
X25.746 Y-24.458
X25.827 Y-24.39
X25.92 Y-24.317
X26.252 Y-24.118
X26.4 Y-24.034
X27.244 Y-23.596
X27.386 Y-23.528
X27.705 Y-23.389
X28.095 Y-23.296
X28.237 Y-23.264
X28.52 Y-23.206
X28.762 Y-23.143
X28.976 Y-23.068
X29.237 Y-22.953
X29.505 Y-22.808
X29.818 Y-22.604
X30.12 Y-22.372
X30.445 Y-22.077
X30.77 Y-21.73
X31.074 Y-21.35
X31.346 Y-20.945
X31.581 Y-20.527
X31.775 Y-20.106
X31.925 Y-19.698
X32.034 Y-19.308
X32.101 Y-18.958
X32.139 Y-18.624
X32.148 Y-18.314
X32.136 Y-18.071
X32.104 Y-17.825
X32.063 Y-17.635
X32.011 Y-17.461
X31.942 Y-17.283
X31.934 Y-17.268
X31.81 Y-17.09
X31.637 Y-16.959
X31.431 Y-16.889
X31.214 Y-16.885
X30.647 Y-16.925
X30.285 Y-16.95
X30.217 Y-16.965 Z-6.471
X30.155 Y-16.995 Z-6.441
X30.102 Y-17.038 Z-6.412
X30.059 Y-17.093 Z-6.383
X30.03 Y-17.156 Z-6.353
X29.992 Y-17.275 Z-6.3
X29.907 Y-17.535
X28.224 Y-22.695
X28.184 Y-22.817
X28.173 Y-22.864
X28.17 Y-22.912
X28.174 Y-22.961
X28.193 Y-23.025 Z-6.329
X28.225 Y-23.084 Z-6.357
X28.27 Y-23.134 Z-6.386
X28.325 Y-23.173 Z-6.414
X28.387 Y-23.198 Z-6.443
X28.453 Y-23.209 Z-6.471
X28.52 Y-23.206 Z-6.5
X29.087 Y-23.088
X29.513 Y-23.019
X29.548
X29.874 Y-23.025
X30.024 Y-23.021
X30.173 Y-23.001
X30.327 Y-22.965
X30.496 Y-22.911
X30.675 Y-22.838
X30.886 Y-22.731
X31.092 Y-22.605
X31.334 Y-22.429
X31.568 Y-22.227
X31.82 Y-21.973
X32.078 Y-21.665
X32.319 Y-21.328
X32.542 Y-20.955
X32.742 Y-20.55
X32.908 Y-20.133
X33.037 Y-19.712
X33.127 Y-19.308
X33.179 Y-18.926
X33.2 Y-18.567
X33.192 Y-18.229
X33.163 Y-17.945
X33.118 Y-17.705
X33.059 Y-17.489
X32.998 Y-17.319
X32.919 Y-17.143
X32.835 Y-16.991
X32.805 Y-16.946
X32.683 Y-16.807
X32.529 Y-16.704
X32.353 Y-16.645
X32.168 Y-16.635
X31.987 Y-16.673
X31.781 Y-16.746
X31.571 Y-16.815
X31.498 Y-16.835
X31.356 Y-16.865
X31.214 Y-16.885
X31.148 Y-16.905 Z-6.471
X31.088 Y-16.939 Z-6.441
X31.038 Y-16.987 Z-6.412
X31. Y-17.044 Z-6.383
X30.976 Y-17.108 Z-6.353
X30.945 Y-17.23 Z-6.3
X30.88 Y-17.496
X29.652 Y-22.443
X29.6 Y-22.654
X29.592 Y-22.709
X29.595 Y-22.776 Z-6.329
X29.614 Y-22.841 Z-6.357
X29.647 Y-22.9 Z-6.386
X29.691 Y-22.95 Z-6.414
X29.746 Y-22.989 Z-6.443
X29.808 Y-23.014 Z-6.471
X29.874 Y-23.025 Z-6.5
X29.938 Y-23.027
X30.222 Y-23.045
X31.009 Y-23.1
X31.159 Y-23.103
X31.308 Y-23.089
X31.455 Y-23.061
X31.604 Y-23.02
X31.781 Y-22.955
X31.958 Y-22.874
X32.161 Y-22.759
X32.362 Y-22.624
X32.591 Y-22.442
X32.809 Y-22.238
X33.042 Y-21.982
X33.278 Y-21.675
X33.495 Y-21.342
X33.698 Y-20.968
X33.879 Y-20.559
X34.028 Y-20.13
X34.143 Y-19.692
X34.22 Y-19.256
X34.26 Y-18.839
X34.265 Y-18.459
X34.242 Y-18.11
X34.194 Y-17.78
X34.127 Y-17.492
X34.051 Y-17.251
X33.967 Y-17.046
X33.88 Y-16.873
X33.779 Y-16.708
X33.683 Y-16.576
X33.661 Y-16.55
X33.499 Y-16.411
X33.303 Y-16.328
X33.091 Y-16.307
X32.882 Y-16.351
X32.774 Y-16.392
X32.632 Y-16.444
X31.987 Y-16.673
X31.933 Y-16.701 Z-6.474
X31.886 Y-16.74 Z-6.448
X31.847 Y-16.787 Z-6.422
X31.819 Y-16.841 Z-6.396
X31.802 Y-16.899 Z-6.371
X31.772 Y-17.063 Z-6.3
X31.724 Y-17.332
X30.79 Y-22.5
X30.745 Y-22.748
X30.742 Y-22.77
X30.743 Y-22.837 Z-6.329
X30.758 Y-22.902 Z-6.357
X30.788 Y-22.962 Z-6.386
X30.83 Y-23.015 Z-6.414
X30.882 Y-23.056 Z-6.443
X30.943 Y-23.085 Z-6.471
X31.009 Y-23.1 Z-6.5
X31.214 Y-23.115
X31.356 Y-23.135
X31.498 Y-23.165
X31.571 Y-23.185
X31.781 Y-23.254
X31.925 Y-23.297
X32.074 Y-23.313
X32.224 Y-23.311
X32.373 Y-23.294
X32.52 Y-23.264
X32.688 Y-23.215
X32.856 Y-23.151
X33.051 Y-23.058
X33.244 Y-22.946
X33.463 Y-22.795
X33.674 Y-22.622
X33.903 Y-22.403
X34.137 Y-22.138
X34.356 Y-21.847
X34.575 Y-21.501
X34.781 Y-21.109
X34.964 Y-20.681
X35.115 Y-20.229
X35.229 Y-19.769
X35.304 Y-19.311
X35.341 Y-18.86
Y-18.427
X35.309 Y-18.019
X35.249 Y-17.646
X35.168 Y-17.314
X35.069 Y-17.014
X34.973 Y-16.787
X34.859 Y-16.567
X34.754 Y-16.401
X34.643 Y-16.252
X34.519 Y-16.111
X34.464 Y-16.057
X34.309 Y-15.944
X34.13 Y-15.877
X33.939 Y-15.862
X33.751 Y-15.898
X33.58 Y-15.984
X33.399 Y-16.108
X33.341 Y-16.147
X33.149 Y-16.249
X33.057 Y-16.285
X32.882 Y-16.351
X32.83 Y-16.379 Z-6.474
X32.784 Y-16.418 Z-6.449
X32.746 Y-16.465 Z-6.423
X32.719 Y-16.518 Z-6.398
X32.703 Y-16.576 Z-6.372
X32.673 Y-16.744 Z-6.3
X32.626 Y-17.014
X31.653 Y-22.593
X31.606 Y-22.863
X31.596 Y-22.923 Z-6.326
X31.592 Y-22.991 Z-6.355
X31.603 Y-23.058 Z-6.384
X31.63 Y-23.121 Z-6.413
X31.67 Y-23.177 Z-6.442
X31.721 Y-23.221 Z-6.471
X31.781 Y-23.254 Z-6.5
X32.632 Y-23.556
X32.775 Y-23.601
X32.923 Y-23.624
X33.073 Y-23.63
X33.223 Y-23.62
X33.371 Y-23.598
X33.538 Y-23.558
X33.711 Y-23.503
X33.904 Y-23.423
X34.104 Y-23.321
X34.315 Y-23.191
X34.544 Y-23.023
X34.766 Y-22.831
X35.006 Y-22.586
X35.247 Y-22.3
X35.473 Y-21.98
X35.697 Y-21.602
X35.905 Y-21.178
X36.087 Y-20.719
X36.234 Y-20.234
X36.343 Y-19.735
X36.411 Y-19.233
X36.438 Y-18.738
X36.425 Y-18.261
X36.377 Y-17.807
X36.299 Y-17.392
X36.196 Y-17.017
X36.078 Y-16.691
X35.942 Y-16.392
X35.812 Y-16.16
X35.672 Y-15.95
X35.55 Y-15.795
X35.41 Y-15.645
X35.281 Y-15.527
X35.151 Y-15.426
X35.145 Y-15.422
X34.956 Y-15.335
X34.749 Y-15.307
X34.544 Y-15.342
X34.358 Y-15.435
X33.58 Y-15.984
X33.536 Y-16.024 Z-6.475
X33.501 Y-16.071 Z-6.45
X33.476 Y-16.125 Z-6.425
X33.461 Y-16.182 Z-6.399
X33.428 Y-16.414 Z-6.3
X33.389 Y-16.685
X32.498 Y-22.892
X32.459 Y-23.163
X32.448 Y-23.235 Z-6.331
X32.446 Y-23.302 Z-6.359
X32.459 Y-23.367 Z-6.387
X32.485 Y-23.427 Z-6.416
X32.524 Y-23.481 Z-6.444
X32.574 Y-23.524 Z-6.472
X32.632 Y-23.556 Z-6.5
X32.777 Y-23.609
X33.057 Y-23.715
X33.149 Y-23.751
X33.341 Y-23.853
X33.473 Y-23.924
X33.616 Y-23.97
X33.764 Y-23.996
X33.913 Y-24.007
X34.063 Y-24.002
X34.218 Y-23.984
X34.384 Y-23.951
X34.567 Y-23.899
X34.76 Y-23.827
X34.974 Y-23.727
X35.188 Y-23.604
X35.427 Y-23.442
X35.661 Y-23.253
X35.907 Y-23.02
X36.166 Y-22.731
X36.409 Y-22.411
X36.647 Y-22.04
X36.876 Y-21.612
X37.083 Y-21.136
X37.258 Y-20.624
X37.394 Y-20.087
X37.488 Y-19.538
X37.537 Y-18.986
X37.542 Y-18.445
X37.504 Y-17.924
X37.428 Y-17.433
X37.319 Y-16.973
X37.185 Y-16.559
X37.037 Y-16.203
X36.874 Y-15.885
X36.698 Y-15.601
X36.534 Y-15.378
X36.375 Y-15.195
X36.221 Y-15.043
X36.082 Y-14.928
X35.924 Y-14.816
X35.849 Y-14.771
X35.667 Y-14.696
X35.471 Y-14.674
X35.277 Y-14.708
X35.1 Y-14.794
X34.954 Y-14.926
X34.913 Y-14.975
X34.9 Y-14.989
X34.77 Y-15.117
X34.595 Y-15.258
X34.475 Y-15.352
X34.358 Y-15.435
X34.314 Y-15.476 Z-6.475
X34.279 Y-15.524 Z-6.449
X34.255 Y-15.578 Z-6.424
X34.241 Y-15.636 Z-6.399
X34.212 Y-15.867 Z-6.3
X34.177 Y-16.139
X33.273 Y-23.152
X33.238 Y-23.424
X33.219 Y-23.572 Z-6.363
X33.218 Y-23.636 Z-6.391
X33.23 Y-23.699 Z-6.418
X33.256 Y-23.758 Z-6.445
X33.293 Y-23.81 Z-6.473
X33.341 Y-23.853 Z-6.5
X33.483 Y-23.949
X33.624 Y-24.047
X33.962 Y-24.286
X34.089 Y-24.366
X34.227 Y-24.425
X34.372 Y-24.465
X34.52 Y-24.489
X34.669 Y-24.499
X34.83 Y-24.495
X34.995 Y-24.479
X35.184 Y-24.444
X35.377 Y-24.392
X35.592 Y-24.315
X35.819 Y-24.213
X36.056 Y-24.082
X36.316 Y-23.911
X36.57 Y-23.713
X36.835 Y-23.468
X37.114 Y-23.166
X37.383 Y-22.824
X37.64 Y-22.436
X37.89 Y-21.984
X38.119 Y-21.477
X38.317 Y-20.927
X38.474 Y-20.344
X38.586 Y-19.743
X38.649 Y-19.134
X38.663 Y-18.53
X38.629 Y-17.94
X38.551 Y-17.376
X38.434 Y-16.849
X38.284 Y-16.361
X38.106 Y-15.915
X37.918 Y-15.534
X37.719 Y-15.202
X37.512 Y-14.912
X37.308 Y-14.669
X37.12 Y-14.48
X36.943 Y-14.327
X36.785 Y-14.212
X36.612 Y-14.106
X36.462 Y-14.03
X36.36 Y-13.988
X36.143 Y-13.938
X35.921 Y-13.958
X35.717 Y-14.047
X35.551 Y-14.195
X35.031 Y-14.834
X34.954 Y-14.926
X34.925 Y-14.972 Z-6.477
X34.904 Y-15.022 Z-6.454
X34.893 Y-15.075 Z-6.431
X34.857 Y-15.381 Z-6.3
X34.825 Y-15.653
X33.896 Y-23.581
X33.864 Y-23.853
X33.846 Y-24.012 Z-6.368
X33.845 Y-24.074 Z-6.394
X33.857 Y-24.135 Z-6.421
X33.881 Y-24.192 Z-6.447
X33.917 Y-24.243 Z-6.474
X33.962 Y-24.286 Z-6.5
X34.475 Y-24.648
X34.617 Y-24.76
X34.738 Y-24.848
X34.871 Y-24.918
X35.011 Y-24.97
X35.157 Y-25.006
X35.306 Y-25.027
X35.457 Y-25.036
X35.628 Y-25.032
X35.81 Y-25.013
X36.016 Y-24.974
X36.224 Y-24.918
X36.463 Y-24.832
X36.702 Y-24.723
X36.965 Y-24.578
X37.247 Y-24.39
X37.521 Y-24.175
X37.812 Y-23.906
X38.116 Y-23.575
X38.405 Y-23.205
X38.685 Y-22.78
X38.956 Y-22.286
X39.205 Y-21.732
X39.414 Y-21.144
X39.577 Y-20.542
X39.695 Y-19.929
X39.767 Y-19.309
X39.792 Y-18.686
X39.771 Y-18.062
X39.703 Y-17.442
X39.587 Y-16.829
X39.432 Y-16.262
X39.247 Y-15.75
X39.033 Y-15.282
X38.799 Y-14.86
X38.554 Y-14.494
X38.317 Y-14.194
X38.075 Y-13.933
X37.834 Y-13.713
X37.629 Y-13.553
X37.413 Y-13.412
X37.239 Y-13.316
X37.063 Y-13.238
X36.884 Y-13.174
X36.846 Y-13.164
X36.655 Y-13.141
X36.464 Y-13.171
X36.289 Y-13.251
X36.143 Y-13.376
X36.036 Y-13.537
X35.938 Y-13.701
X35.893 Y-13.768
X35.836 Y-13.843
X35.551 Y-14.195
X35.522 Y-14.242 Z-6.477
X35.502 Y-14.293 Z-6.453
X35.492 Y-14.347 Z-6.43
X35.463 Y-14.651 Z-6.3
X35.436 Y-14.924
X34.559 Y-24.047
X34.533 Y-24.32
X34.515 Y-24.504 Z-6.379
Y-24.561 Z-6.403
X34.526 Y-24.617 Z-6.427
X34.547 Y-24.67 Z-6.451
X34.578 Y-24.718 Z-6.476
X34.617 Y-24.76 Z-6.5
X34.77 Y-24.883
X34.9 Y-25.011
X34.913 Y-25.025
X35.074 Y-25.219
X35.174 Y-25.33
X35.292 Y-25.423
X35.422 Y-25.499
X35.56 Y-25.558
X35.703 Y-25.602
X35.85 Y-25.633
X36.008 Y-25.653
X36.183 Y-25.66
X36.372 Y-25.653
X36.585 Y-25.628
X36.805 Y-25.584
X37.055 Y-25.513
X37.308 Y-25.418
X37.582 Y-25.29
X37.884 Y-25.117
X38.179 Y-24.916
X38.492 Y-24.663
X38.82 Y-24.351
X39.149 Y-23.985
X39.457 Y-23.579
X39.768 Y-23.095
X40.061 Y-22.544
X40.31 Y-21.972
X40.515 Y-21.383
X40.68 Y-20.781
X40.803 Y-20.169
X40.884 Y-19.55
X40.922 Y-18.928
X40.918 Y-18.304
X40.873 Y-17.681
X40.786 Y-17.064
X40.657 Y-16.453
X40.482 Y-15.854
X40.265 Y-15.279
X40.165 Y-15.066
X40.122 Y-14.989
X40.07 Y-14.918
X40.01 Y-14.854
X39.837 Y-14.692
X39.721 Y-14.58
X39.692 Y-14.551
X39.579 Y-14.42
X39.437 Y-14.229
X39.371 Y-14.126
X39.199 Y-13.843
X38.99 Y-13.535
X38.804 Y-13.304
X38.603 Y-13.091
X38.389 Y-12.898
X38.175 Y-12.735
X37.982 Y-12.61
X37.79 Y-12.507
X37.625 Y-12.435
X37.444 Y-12.373
X37.284 Y-12.332
X37.131 Y-12.305
X37.104 Y-12.303
X36.887 Y-12.317
X36.684 Y-12.398
X36.516 Y-12.537
X36.399 Y-12.721
X36.158 Y-13.277
X36.093 Y-13.418
X36.036 Y-13.537
X36.016 Y-13.601 Z-6.471
X36.011 Y-13.668 Z-6.443
X36.021 Y-13.734 Z-6.414
X36.045 Y-13.797 Z-6.386
X36.083 Y-13.853 Z-6.357
X36.132 Y-13.898 Z-6.329
X36.19 Y-13.932 Z-6.3
X36.23 Y-13.947
X36.273 Y-13.955
X36.458 Y-13.979
X38.818 Y-14.277
X38.9 Y-14.288
X38.963 Y-14.289
X39.026 Y-14.277
X39.084 Y-14.251
X39.139 Y-14.212 Z-6.329
X39.183 Y-14.162 Z-6.357
X39.215 Y-14.103 Z-6.386
X39.233 Y-14.038 Z-6.414
X39.237 Y-13.971 Z-6.443
X39.225 Y-13.905 Z-6.471
X39.199 Y-13.843 Z-6.5
X38.728 Y-13.07
X38.686 Y-12.994
X38.61 Y-12.852
X38.587 Y-12.792
X38.51 Y-12.569
X38.454 Y-12.43
X38.384 Y-12.297
X38.299 Y-12.174
X38.202 Y-12.059
X38.094 Y-11.955
X37.977 Y-11.861
X37.851 Y-11.78
X37.718 Y-11.71
X37.579 Y-11.654
X37.524 Y-11.638
X37.321 Y-11.61
X37.118 Y-11.643
X36.933 Y-11.733
X36.783 Y-11.873
X36.679 Y-12.05
X36.585 Y-12.286
X36.527 Y-12.428
X36.399 Y-12.721
X36.382 Y-12.786 Z-6.471
X36.379 Y-12.853 Z-6.443
X36.391 Y-12.919 Z-6.414
X36.418 Y-12.981 Z-6.386
X36.458 Y-13.035 Z-6.357
X36.509 Y-13.079 Z-6.329
X36.568 Y-13.11 Z-6.3
X36.615 Y-13.124
X36.663 Y-13.131
X36.712 Y-13.129
X36.838 Y-13.115
X38.04 Y-12.98
X38.256 Y-12.955
X38.311 Y-12.944
X38.373 Y-12.917 Z-6.329
X38.427 Y-12.877 Z-6.357
X38.471 Y-12.826 Z-6.386
X38.502 Y-12.767 Z-6.414
X38.52 Y-12.702 Z-6.443
X38.522 Y-12.635 Z-6.471
X38.51 Y-12.569 Z-6.5
X38.461 Y-12.428
X38.445 Y-12.377
X38.261 Y-11.72
X38.213 Y-11.578
X38.138 Y-11.448
X38.044 Y-11.331
X37.933 Y-11.23
X37.809 Y-11.146
X37.786 Y-11.135
X37.581 Y-11.071
X37.367
X37.162 Y-11.137
X36.987 Y-11.262
X36.858 Y-11.434
X36.788 Y-11.637
X36.747 Y-11.861
X36.744 Y-11.876
X36.698 Y-12.003
X36.679 Y-12.05
X36.664 Y-12.116 Z-6.471
X36.663 Y-12.183 Z-6.443
X36.678 Y-12.248 Z-6.414
X36.706 Y-12.309 Z-6.386
X36.748 Y-12.362 Z-6.357
X36.8 Y-12.404 Z-6.329
X36.86 Y-12.434 Z-6.3
X36.927 Y-12.45
X36.996
X37.063 Y-12.434
X37.126 Y-12.412
X37.783 Y-12.176
X38.041 Y-12.084
X38.07 Y-12.073 Z-6.313
X38.127 Y-12.046 Z-6.34
X38.176 Y-12.008 Z-6.367
X38.217 Y-11.96 Z-6.393
X38.247 Y-11.905 Z-6.42
X38.264 Y-11.845 Z-6.447
X38.269 Y-11.782 Z-6.473
X38.261 Y-11.72 Z-6.5
X38.182 Y-11.437
X38.1 Y-11.115
X38.056 Y-10.972
X37.975 Y-10.845
X37.807 Y-10.721
X37.608 Y-10.656
X37.399
X37.201 Y-10.721
X37.033 Y-10.846
X36.913 Y-11.017
X36.852 Y-11.217
X36.821 Y-11.437
X36.798 Y-11.578
X36.788 Y-11.637
X36.786 Y-11.704 Z-6.471
X36.798 Y-11.77 Z-6.443
X36.825 Y-11.832 Z-6.414
X36.865 Y-11.886 Z-6.386
X36.917 Y-11.929 Z-6.357
X36.976 Y-11.96 Z-6.329
X37.041 Y-11.977 Z-6.3
X37.097 Y-11.98
X37.153 Y-11.973
X37.207 Y-11.955
X37.256 Y-11.927
X37.295 Y-11.9
X37.657 Y-11.648
X37.882 Y-11.492
X37.978 Y-11.425 Z-6.35
X38.023 Y-11.387 Z-6.375
X38.059 Y-11.341 Z-6.4
X38.086 Y-11.289 Z-6.425
X38.102 Y-11.232 Z-6.45
X38.107 Y-11.173 Z-6.475
X38.1 Y-11.115 Z-6.5
X38.079 Y-11.03
X38.058 Y-10.758
X38.04 Y-10.609
X37.974 Y-10.474
X37.876 Y-10.36
X37.689 Y-10.268
X37.482 Y-10.245
X37.278 Y-10.292
X37.103 Y-10.406
X36.976 Y-10.572
X36.913 Y-10.77
X36.852 Y-11.217
Y-11.284 Z-6.471
X36.868 Y-11.349 Z-6.443
X36.898 Y-11.409 Z-6.414
X36.94 Y-11.461 Z-6.386
X36.993 Y-11.503 Z-6.357
X37.054 Y-11.531 Z-6.329
X37.119 Y-11.546 Z-6.3
X37.177
X37.233 Y-11.535
X37.287 Y-11.514
X37.335 Y-11.483
X37.369 Y-11.456
X37.581 Y-11.29
X37.796 Y-11.121
X37.944 Y-11.006 Z-6.38
X37.985 Y-10.967 Z-6.404
X38.018 Y-10.921 Z-6.428
X38.042 Y-10.869 Z-6.452
X38.055 Y-10.814 Z-6.476
X38.058 Y-10.758 Z-6.5
X38.047 Y-10.588
Y-10.368
X38.039 Y-10.218
X37.976 Y-10.082
X37.832 Y-9.958
X37.656 Y-9.888
X37.466 Y-9.879
X37.284 Y-9.932
X37.129 Y-10.042
X37.018 Y-10.197
X36.964 Y-10.379
X36.938 Y-10.588
X36.913 Y-10.77
X36.914 Y-10.838 Z-6.471
X36.929 Y-10.903 Z-6.443
X36.959 Y-10.963 Z-6.414
X37.001 Y-11.015 Z-6.386
X37.054 Y-11.056 Z-6.357
X37.115 Y-11.085 Z-6.329
X37.181 Y-11.099 Z-6.3
X37.24
X37.298 Y-11.088
X37.353 Y-11.065
X37.403 Y-11.032
X37.43 Y-11.009
X37.56 Y-10.902
X37.77 Y-10.728
X37.938 Y-10.589 Z-6.392
X37.982 Y-10.544 Z-6.419
X38.016 Y-10.49 Z-6.446
X38.038 Y-10.431 Z-6.473
X38.047 Y-10.368 Z-6.5
Y-9.979
X38.039 Y-9.829
X37.97 Y-9.696
X37.823 Y-9.578
X37.645 Y-9.517
X37.457 Y-9.518
X37.28 Y-9.581
X37.134 Y-9.699
X37.036 Y-9.86
X36.996 Y-10.044
X36.991 Y-10.163
X36.964 Y-10.379
X36.966 Y-10.443 Z-6.472
X36.984 Y-10.506 Z-6.445
X37.016 Y-10.562 Z-6.417
X37.061 Y-10.609 Z-6.39
X37.115 Y-10.643 Z-6.362
X37.177 Y-10.664 Z-6.335
X37.257 Y-10.676 Z-6.3
G3 X37.884 Y-10.412 R0.725
G1 X37.938 Y-10.335 Z-6.34
X37.983 Y-10.252 Z-6.38
X38.016 Y-10.164 Z-6.42
X38.037 Y-10.072 Z-6.46
X38.047 Y-9.979 Z-6.5
Y-9.626
X38.04 Y-9.476
X37.976 Y-9.34
X37.878 Y-9.227
X37.711 Y-9.148
X37.528 Y-9.126
X37.347 Y-9.164
X37.188 Y-9.257
X37.066 Y-9.397
X36.995 Y-9.567
X36.983 Y-9.751
X36.994 Y-9.88
X36.997 Y-10.021
X36.996 Y-10.044
X37.002 Y-10.104 Z-6.474
X37.023 Y-10.16 Z-6.449
X37.056 Y-10.211 Z-6.423
X37.099 Y-10.253 Z-6.397
X37.151 Y-10.283 Z-6.372
X37.209 Y-10.3 Z-6.346
X37.263 Y-10.308 Z-6.323
X37.317 Y-10.311 Z-6.3
G3 X37.88 Y-10.057 R0.713
G1 X37.936 Y-9.981 Z-6.34
X37.981 Y-9.898 Z-6.38
X38.015 Y-9.811 Z-6.42
X38.037 Y-9.719 Z-6.46
X38.047 Y-9.626 Z-6.5
X38.049 Y-9.314
X38.05 Y-9.271
X38.049 Y-9.121
X37.993 Y-8.982
X37.9 Y-8.864
X37.722 Y-8.769
X37.523 Y-8.738
X37.325 Y-8.775
X37.15 Y-8.876
X37.019 Y-9.029
X36.945 Y-9.217
X36.939 Y-9.418
X36.963 Y-9.597
X36.983 Y-9.751
X36.996 Y-9.808 Z-6.475
X37.023 Y-9.86 Z-6.45
X37.06 Y-9.905 Z-6.425
X37.106 Y-9.941 Z-6.4
X37.159 Y-9.966 Z-6.376
X37.217 Y-9.977 Z-6.351
X37.276 Y-9.981 Z-6.325
X37.336 Y-9.979 Z-6.3
G3 X37.878 Y-9.701 R0.765
G1 X37.934 Y-9.625 Z-6.34
X37.979 Y-9.543 Z-6.38
X38.014 Y-9.455 Z-6.42
X38.038 Y-9.364 Z-6.46
X38.05 Y-9.271 Z-6.5
X38.054 Y-9.172
X38.069 Y-9.031
X38.084 Y-8.953
X38.105 Y-8.804
X38.07 Y-8.659
X37.994 Y-8.529
X37.831 Y-8.411
X37.64 Y-8.348
X37.438 Y-8.347
X37.246 Y-8.407
X37.082 Y-8.524
X36.961 Y-8.685
X36.896 Y-8.876
X36.892 Y-9.077
X36.939 Y-9.418
X36.958 Y-9.483 Z-6.471
X36.99 Y-9.542 Z-6.443
X37.035 Y-9.592 Z-6.414
X37.09 Y-9.63 Z-6.386
X37.152 Y-9.656 Z-6.357
X37.218 Y-9.667 Z-6.329
X37.285 Y-9.663 Z-6.3
X37.338 Y-9.649
X37.387 Y-9.626
X37.431 Y-9.594
X37.515 Y-9.522
X37.568 Y-9.476
X37.775 Y-9.297
X37.988 Y-9.112 Z-6.42
X38.031 Y-9.066 Z-6.447
X38.063 Y-9.012 Z-6.473
X38.084 Y-8.953 Z-6.5
X38.096 Y-8.889
X38.13 Y-8.748
X38.17 Y-8.606
X38.203 Y-8.46
X38.174 Y-8.312
X38.11 Y-8.177
X38.015 Y-8.061
X37.9 Y-7.965
X37.769 Y-7.892
X37.761 Y-7.889
X37.561 Y-7.849
X37.357 Y-7.869
X37.168 Y-7.947
X37.009 Y-8.076
X36.894 Y-8.245
X36.834 Y-8.441
X36.832 Y-8.646
X36.892 Y-9.077
X36.911 Y-9.142 Z-6.471
X36.943 Y-9.2 Z-6.443
X36.988 Y-9.25 Z-6.414
X37.043 Y-9.289 Z-6.386
X37.105 Y-9.315 Z-6.357
X37.172 Y-9.326 Z-6.329
X37.239 Y-9.322 Z-6.3
X37.283 Y-9.31
X37.326 Y-9.292
X37.365 Y-9.268
X37.474 Y-9.188
X37.613 Y-9.086
X37.834 Y-8.924
X38.061 Y-8.757 Z-6.42
X38.108 Y-8.715 Z-6.446
X38.144 Y-8.664 Z-6.473
X38.17 Y-8.606 Z-6.5
X38.28 Y-8.21
X38.313 Y-8.064
X38.3 Y-7.914
X38.251 Y-7.773
X38.173 Y-7.645
X38.072 Y-7.534
X37.954 Y-7.441
X37.822 Y-7.369
X37.681 Y-7.318
X37.535 Y-7.287
X37.385 Y-7.277
X37.185 Y-7.319
X37.007 Y-7.416
X36.863 Y-7.561
X36.768 Y-7.741
X36.728 Y-7.94
X36.747 Y-8.143
X36.757 Y-8.181
X36.787 Y-8.323
X36.832 Y-8.646
X36.851 Y-8.71 Z-6.471
X36.884 Y-8.769 Z-6.443
X36.929 Y-8.818 Z-6.414
X36.984 Y-8.857 Z-6.386
X37.046 Y-8.882 Z-6.357
X37.112 Y-8.893 Z-6.329
X37.179 Y-8.889 Z-6.3
X37.227 Y-8.877
X37.272 Y-8.857
X37.426 Y-8.772
X37.686 Y-8.63
X37.926 Y-8.499
X38.138 Y-8.382 Z-6.403
X38.186 Y-8.35 Z-6.427
X38.226 Y-8.31 Z-6.451
X38.258 Y-8.263 Z-6.476
X38.28 Y-8.21 Z-6.5
X38.408 Y-7.757
X38.441 Y-7.611
X38.435 Y-7.461
X38.396 Y-7.316
X38.332 Y-7.18
X38.246 Y-7.057
X38.144 Y-6.947
X38.027 Y-6.853
X37.899 Y-6.776
X37.761 Y-6.716
X37.617 Y-6.674
X37.469 Y-6.65
X37.319 Y-6.644
X37.17 Y-6.657
X37.023 Y-6.687
X36.978 Y-6.701
X36.774 Y-6.81
X36.616 Y-6.978
X36.522 Y-7.189
X36.502 Y-7.419
X36.557 Y-7.643
X36.667 Y-7.898
X36.744 Y-8.128
X36.747 Y-8.143
X36.773 Y-8.205 Z-6.471
X36.811 Y-8.26 Z-6.443
X36.861 Y-8.305 Z-6.414
X36.92 Y-8.338 Z-6.386
X36.984 Y-8.357 Z-6.357
X37.051 Y-8.361 Z-6.329
X37.118 Y-8.35 Z-6.3
X37.139 Y-8.343
X37.375 Y-8.257
X37.782 Y-8.109
X38.039 Y-8.015
X38.225 Y-7.947 Z-6.384
X38.286 Y-7.917 Z-6.413
X38.338 Y-7.873 Z-6.442
X38.379 Y-7.819 Z-6.471
X38.408 Y-7.757 Z-6.5
X38.487 Y-7.474
X38.535 Y-7.332
X38.551 Y-7.292
X38.597 Y-7.149
X38.618 Y-7.
X38.606 Y-6.851
X38.568 Y-6.706
X38.507 Y-6.568
X38.429 Y-6.44
X38.335 Y-6.324
X38.228 Y-6.219
X38.11 Y-6.126
X37.983 Y-6.047
X37.848 Y-5.98
X37.708 Y-5.927
X37.563 Y-5.887
X37.415 Y-5.863
X37.266 Y-5.852
X37.116 Y-5.855
X36.967 Y-5.874
X36.82 Y-5.906
X36.678 Y-5.952
X36.595 Y-5.989
X36.412 Y-6.108
X36.274 Y-6.277
X36.195 Y-6.48
X36.183 Y-6.698
X36.238 Y-6.909
X36.557 Y-7.643
X36.593 Y-7.701 Z-6.471
X36.64 Y-7.748 Z-6.443
X36.697 Y-7.784 Z-6.414
X36.76 Y-7.807 Z-6.385
X36.827 Y-7.815 Z-6.357
X36.828 Z-6.356
X36.863 Y-7.813 Z-6.342
X36.897 Y-7.807 Z-6.327
X36.958 Y-7.792 Z-6.3
X37.225 Y-7.73
X37.892 Y-7.572
X38.159 Y-7.51
X38.343 Y-7.466 Z-6.381
X38.397 Y-7.448 Z-6.404
X38.446 Y-7.421 Z-6.428
X38.489 Y-7.385 Z-6.452
X38.524 Y-7.341 Z-6.476
X38.551 Y-7.292 Z-6.5
X38.587 Y-7.198
X38.662 Y-7.049
X38.728 Y-6.93
X38.768 Y-6.865
X38.84 Y-6.733
X38.879 Y-6.588
X38.888 Y-6.438
X38.873 Y-6.289
X38.868 Y-6.133
X38.899 Y-5.98
X39.026 Y-5.695
X39.446 Y-5.234
X39.998 Y-4.942
X40.177 Y-4.889
X40.278 Y-4.851
X40.371 Y-4.798
X40.454 Y-4.731
X40.496 Y-4.679 Z-6.471
X40.526 Y-4.618 Z-6.443
X40.541 Y-4.553 Z-6.414
Y-4.486 Z-6.386
X40.526 Y-4.42 Z-6.357
X40.497 Y-4.36 Z-6.329
X40.456 Y-4.307 Z-6.3
G3 X40.226 Y-4.219 R0.3
X40.008 Y-4.332 R0.3
G1 X38.282 Y-6.514
G3 X38.222 Y-6.748 R0.3
X38.353 Y-6.951 R0.3
G1 X38.413 Y-6.981 Z-6.329
X38.478 Y-6.997 Z-6.357
X38.545 Y-6.999 Z-6.386
X38.611 Y-6.985 Z-6.414
X38.672 Y-6.957 Z-6.443
X38.725 Y-6.916 Z-6.471
X38.768 Y-6.865 Z-6.5
X39.259 Y-6.058
X39.531 Y-5.634
X39.579 Y-5.573
X39.653 Y-5.492
X39.943 Y-5.209
X40.43 Y-4.754
X40.549 Y-4.643
X40.966 Y-4.28
X40.982 Y-4.27
X41.422 Y-4.022
X42.273 Y-3.582
X42.422 Y-3.511
X42.698 Y-3.393
X42.765 Y-3.369
X43.096 Y-3.295
G3 X43.312 Y-2.93 R0.3
X43.102 Y-2.716 R0.3
G1 X43.038 Y-2.698 Z-6.492
X42.976 Y-2.681 Z-6.47
X42.922 Y-2.666 Z-6.435
X42.876 Y-2.653 Z-6.387
X42.841 Y-2.643 Z-6.33
X42.82 Y-2.638 Z-6.267
X42.813 Y-2.635 Z-6.2
G0 Z5.
X30.489 Y-2.566
Z-5.9
G1 Z-6.2 F1000.
X30.494 Y-2.571 Z-6.267
X30.51 Y-2.586 Z-6.33
X30.537 Y-2.61 Z-6.387
X30.571 Y-2.642 Z-6.435
X30.613 Y-2.681 Z-6.47
X30.66 Y-2.724 Z-6.492
X30.709 Y-2.77 Z-6.5
G3 X31.399 Y-3.144 R1.583
G1 X31.498 Y-3.165
X31.639 Y-3.207
X31.781 Y-3.254
X32.632 Y-3.556
X32.774 Y-3.608
X33.057 Y-3.715
X33.199 Y-3.776
X33.233 Y-3.794
X33.341 Y-3.856
X33.471 Y-3.931
X33.701 Y-4.034
X34.006 Y-4.142
X34.082 Y-4.161
X34.157 Y-4.18
X34.309 Y-4.216
X34.45 Y-4.284
X34.571 Y-4.382
X34.668 Y-4.504
X34.797 Y-4.772
X34.82 Y-4.866
X34.861 Y-4.954
X34.919 Y-5.033
X34.97 Y-5.075 Z-6.471
X35.03 Y-5.106 Z-6.443
X35.095 Y-5.122 Z-6.414
X35.163 Y-5.123 Z-6.386
X35.228 Y-5.109 Z-6.357
X35.289 Y-5.081 Z-6.329
X35.343 Y-5.04 Z-6.3
G3 X35.351 Y-4.616 R0.3
X35.314 Y-4.584 R0.3
G1 X33.695 Y-3.372
G3 X33.47 Y-3.316 R0.3
X33.272 Y-3.438 R0.3
G1 X33.239 Y-3.496 Z-6.329
X33.22 Y-3.561 Z-6.357
X33.216 Y-3.628 Z-6.386
X33.227 Y-3.694 Z-6.414
X33.252 Y-3.756 Z-6.443
X33.291 Y-3.811 Z-6.471
X33.341 Y-3.856 Z-6.5
X33.483 Y-3.951
X33.624 Y-4.047
X34.475 Y-4.648
X34.617 Y-4.75
X34.759 Y-4.868
X34.817 Y-4.926
X34.9 Y-5.012
X34.95 Y-5.068
X35.184 Y-5.354
X35.757 Y-6.058
X35.869 Y-6.2
X35.967 Y-6.341
X36.046 Y-6.483
X36.113 Y-6.625
X36.238 Y-6.909
G3 X36.638 Y-7.05 R0.3
X36.808 Y-6.802 R0.3
G1 X36.813 Y-6.736 Z-6.492
X36.818 Y-6.673 Z-6.47
X36.822 Y-6.616 Z-6.435
X36.826 Y-6.568 Z-6.387
X36.828 Y-6.533 Z-6.33
X36.83 Y-6.511 Z-6.267
X36.831 Y-6.503 Z-6.2
G0 Z5.
X45.559 Y-2.498
Z-5.9
G1 Z-6.2 F1000.
X45.564 Y-2.504 Z-6.267
X45.579 Y-2.52 Z-6.33
X45.604 Y-2.547 Z-6.387
X45.636 Y-2.582 Z-6.435
X45.674 Y-2.624 Z-6.47
X45.717 Y-2.67 Z-6.492
X45.762 Y-2.719 Z-6.5
G3 X46.42 Y-3.148 R1.583
G1 X46.81 Y-3.266
X46.952 Y-3.314
X47.661 Y-3.566
X47.802 Y-3.618
X48.228 Y-3.789
X48.31 Y-3.839
X48.469 Y-3.927
X48.695 Y-4.029
X48.996 Y-4.136
X49.409 Y-4.247
X50.023 Y-4.36
X50.644 Y-4.425
X51.267 Y-4.462
X51.89 Y-4.483
X52.514 Y-4.495
X53.138 Y-4.502
X53.762 Y-4.506
X54.386 Y-4.509
X55.45 Y-4.511
X55.606 Y-4.492
X55.753 Y-4.438
X55.884 Y-4.35
X56.026 Y-4.24
X56.06 Y-4.218
X56.451 Y-4.008
X56.735 Y-3.861
X57.411 Y-3.511
X57.443 Y-3.495
X57.727 Y-3.381
X57.869 Y-3.342
X58.085 Y-3.297
G3 X58.304 Y-2.933 R0.3
X58.096 Y-2.717 R0.3
G1 X58.031 Y-2.699 Z-6.492
X57.97 Y-2.681 Z-6.47
X57.916 Y-2.666 Z-6.435
X57.87 Y-2.652 Z-6.387
X57.836 Y-2.642 Z-6.33
X57.815 Y-2.636 Z-6.267
X57.807 Y-2.634 Z-6.2
G0 Z5.
X47.646 Y-2.989
Z-5.9
G1 Z-6.2 F1000.
X47.65 Y-2.995 Z-6.267
X47.66 Y-3.015 Z-6.33
X47.677 Y-3.047 Z-6.387
X47.698 Y-3.089 Z-6.435
X47.725 Y-3.139 Z-6.47
X47.754 Y-3.195 Z-6.492
X47.785 Y-3.255 Z-6.5
G3 X48.31 Y-3.839 R1.583
G1 X48.37 Y-3.876
X48.666 Y-4.077
X49.504 Y-4.668
X49.646 Y-4.774
X49.657 Y-4.784
X49.789 Y-4.886
X49.948 Y-4.99
X50.145 Y-5.097
X50.397 Y-5.208
X50.729 Y-5.324
X51.185 Y-5.444
X51.799 Y-5.553
X52.42 Y-5.617
X53.042 Y-5.655
X53.666 Y-5.678
X54.15 Y-5.689
X54.341 Y-5.667
X54.518 Y-5.593
X54.669 Y-5.475
X54.75 Y-5.392
X55.033 Y-5.124
X55.6 Y-4.595
X55.742 Y-4.472
X55.884 Y-4.35
X55.928 Y-4.3 Z-6.471
X55.96 Y-4.241 Z-6.443
X55.977 Y-4.176 Z-6.414
X55.98 Y-4.109 Z-6.386
X55.968 Y-4.043 Z-6.357
X55.942 Y-3.981 Z-6.329
X55.902 Y-3.927 Z-6.3
G3 X55.659 Y-3.83 R0.3
G1 X55.656
X49.885 Y-4.261
X49.838 Y-4.264
X49.782 Y-4.274
X49.729 Y-4.294
X49.681 Y-4.323
X49.639 Y-4.361
X49.599 Y-4.415 Z-6.329
X49.573 Y-4.477 Z-6.357
X49.561 Y-4.543 Z-6.386
X49.564 Y-4.61 Z-6.414
X49.582 Y-4.675 Z-6.443
X49.613 Y-4.734 Z-6.471
X49.657 Y-4.784 Z-6.5
X49.787 Y-4.896
X49.819 Y-4.926
X49.945 Y-5.068
X50.071 Y-5.215
X50.412 Y-5.634
X50.542 Y-5.778
X50.656 Y-5.886
X50.785 Y-5.99
X50.952 Y-6.103
X51.164 Y-6.224
X51.421 Y-6.344
X51.761 Y-6.47
X52.212 Y-6.597
X52.824 Y-6.718
X53.255 Y-6.768
X53.406 Y-6.774
X53.59 Y-6.756
X53.762 Y-6.69
X53.912 Y-6.582
X54.028 Y-6.438
X54.259 Y-6.058
X54.531 Y-5.634
X54.652 Y-5.492
X54.669 Y-5.475
X54.708 Y-5.42 Z-6.471
X54.734 Y-5.358 Z-6.443
X54.746 Y-5.292 Z-6.414
X54.742 Y-5.225 Z-6.386
X54.724 Y-5.161 Z-6.357
X54.692 Y-5.102 Z-6.329
X54.647 Y-5.051 Z-6.3
X54.6 Y-5.017
X54.547 Y-4.992
X54.49 Y-4.978
X54.432 Y-4.975
X54.393 Y-4.976
X50.73 Y-5.149
X50.637 Y-5.153
X50.577 Y-5.162
X50.521 Y-5.182
X50.47 Y-5.214
X50.421 Y-5.26 Z-6.329
X50.384 Y-5.316 Z-6.357
X50.36 Y-5.379 Z-6.386
X50.351 Y-5.445 Z-6.414
X50.357 Y-5.512 Z-6.443
X50.377 Y-5.576 Z-6.471
X50.412 Y-5.634 Z-6.5
X50.78 Y-6.086
X50.922 Y-6.273
X50.963 Y-6.341
X51.063 Y-6.515
X51.078 Y-6.548
X51.147 Y-6.681
X51.237 Y-6.801
X51.338 Y-6.912
X51.467 Y-7.031
X51.624 Y-7.153
X51.805 Y-7.272
X52.025 Y-7.393
X52.248 Y-7.493
X52.464 Y-7.57
X52.661 Y-7.623
X52.839 Y-7.655
X52.858 Y-7.657
X53.084 Y-7.643
X53.294 Y-7.558
X53.465 Y-7.41
X53.581 Y-7.215
X53.59 Y-7.191
X53.662 Y-7.049
X53.743 Y-6.908
X54.028 Y-6.438
X54.054 Y-6.376 Z-6.471
X54.066 Y-6.31 Z-6.443
X54.063 Y-6.243 Z-6.414
X54.044 Y-6.178 Z-6.386
X54.012 Y-6.119 Z-6.357
X53.968 Y-6.069 Z-6.329
X53.914 Y-6.029 Z-6.3
X53.861 Y-6.006
X53.806 Y-5.993
X53.749 Y-5.991
X53.647 Y-5.997
X51.513 Y-6.125
X51.338 Y-6.135
X51.289 Y-6.142
X51.243 Y-6.157
X51.184 Y-6.189 Z-6.329
X51.133 Y-6.234 Z-6.357
X51.094 Y-6.288 Z-6.386
X51.068 Y-6.35 Z-6.414
X51.057 Y-6.416 Z-6.443
X51.06 Y-6.483 Z-6.471
X51.078 Y-6.548 Z-6.5
X51.237 Y-6.908
X51.484 Y-7.474
X51.55 Y-7.608
X51.629 Y-7.736
X51.721 Y-7.854
X51.825 Y-7.962
X51.938 Y-8.061
X52.061 Y-8.147
X52.191 Y-8.222
X52.327 Y-8.285
X52.469 Y-8.333
X52.546 Y-8.351
X52.758 Y-8.367
X52.965 Y-8.319
X53.148 Y-8.211
X53.291 Y-8.053
X53.379 Y-7.859
X53.487 Y-7.474
X53.535 Y-7.332
X53.581 Y-7.215
X53.596 Y-7.15 Z-6.471
Y-7.083 Z-6.443
X53.581 Y-7.017 Z-6.414
X53.552 Y-6.957 Z-6.386
X53.51 Y-6.904 Z-6.357
X53.458 Y-6.862 Z-6.329
X53.397 Y-6.833 Z-6.3
X53.349 Y-6.82
X53.299 Y-6.816
X53.25 Y-6.82
X53.127 Y-6.84
X51.922 Y-7.035
X51.715 Y-7.068
X51.653 Y-7.085
X51.594 Y-7.116 Z-6.329
X51.543 Y-7.16 Z-6.357
X51.503 Y-7.214 Z-6.386
X51.476 Y-7.276 Z-6.414
X51.464 Y-7.342 Z-6.443
X51.466 Y-7.409 Z-6.471
X51.484 Y-7.474 Z-6.5
X51.667 Y-7.898
X51.716 Y-8.04
X51.756 Y-8.181
X51.765 Y-8.222
X51.805 Y-8.366
X51.873 Y-8.5
X51.964 Y-8.62
X52.07 Y-8.725
X52.192 Y-8.813
X52.223 Y-8.83
X52.419 Y-8.9
X52.627 Y-8.909
X52.828 Y-8.856
X53.005 Y-8.747
X53.142 Y-8.591
X53.227 Y-8.401
X53.379 Y-7.859
X53.387 Y-7.793 Z-6.471
X53.381 Y-7.726 Z-6.443
X53.36 Y-7.662 Z-6.414
X53.325 Y-7.605 Z-6.386
X53.278 Y-7.557 Z-6.357
X53.222 Y-7.52 Z-6.329
X53.159 Y-7.497 Z-6.3
X53.1 Y-7.488
X53.041 Y-7.492
X52.984 Y-7.507
X52.894 Y-7.54
X52.259 Y-7.773
X52.002 Y-7.867
X51.956 Y-7.885 Z-6.321
X51.902 Y-7.911 Z-6.347
X51.854 Y-7.947 Z-6.372
X51.815 Y-7.993 Z-6.398
X51.785 Y-8.045 Z-6.423
X51.766 Y-8.102 Z-6.449
X51.76 Y-8.162 Z-6.474
X51.765 Y-8.222 Z-6.5
X51.787 Y-8.323
X51.853 Y-8.79
X51.88 Y-8.938
X51.946 Y-9.073
X52.103 Y-9.215
X52.296 Y-9.301
X52.507 Y-9.322
X52.714 Y-9.276
X52.896 Y-9.167
X53.034 Y-9.007
X53.115 Y-8.811
X53.13 Y-8.748
X53.227 Y-8.401
X53.235 Y-8.335 Z-6.471
X53.229 Y-8.268 Z-6.443
X53.207 Y-8.204 Z-6.414
X53.172 Y-8.147 Z-6.386
X53.126 Y-8.099 Z-6.357
X53.069 Y-8.062 Z-6.329
X53.006 Y-8.039 Z-6.3
X52.951 Y-8.031
X52.896 Y-8.033
X52.842 Y-8.045
X52.791 Y-8.067
X52.746 Y-8.092
X52.352 Y-8.308
X52.112 Y-8.439
X52.007 Y-8.497 Z-6.351
X51.959 Y-8.53 Z-6.376
X51.918 Y-8.571 Z-6.401
X51.885 Y-8.62 Z-6.425
X51.863 Y-8.675 Z-6.45
X51.852 Y-8.732 Z-6.475
X51.853 Y-8.79 Z-6.5
X51.914 Y-9.238
X51.942 Y-9.385
X52.014 Y-9.517
X52.17 Y-9.636
X52.356 Y-9.699
X52.552
X52.738 Y-9.636
X52.894 Y-9.517
X53.003 Y-9.354
X53.055 Y-9.165
X53.069 Y-9.031
X53.096 Y-8.889
X53.115 Y-8.811
X53.121 Y-8.744 Z-6.471
X53.111 Y-8.677 Z-6.443
X53.088 Y-8.615 Z-6.414
X53.05 Y-8.559 Z-6.386
X53.002 Y-8.513 Z-6.357
X52.944 Y-8.478 Z-6.329
X52.88 Y-8.458 Z-6.3
X52.817 Y-8.452
X52.755 Y-8.459
X52.695 Y-8.479
X52.641 Y-8.512
X52.624 Y-8.525
X52.382 Y-8.706
X52.162 Y-8.87
X52.033 Y-8.967 Z-6.369
X51.987 Y-9.009 Z-6.395
X51.952 Y-9.059 Z-6.421
X51.927 Y-9.116 Z-6.448
X51.914 Y-9.176 Z-6.474
Y-9.238 Z-6.5
X51.969 Y-9.64
X51.995 Y-9.787
X52.073 Y-9.915
X52.23 Y-10.023
X52.414 Y-10.074
X52.605 Y-10.062
X52.78 Y-9.988
X52.922 Y-9.861
X53.015 Y-9.694
X53.048 Y-9.506
X53.049 Y-9.314
X53.055 Y-9.165
X53.053 Y-9.107 Z-6.475
X53.039 Y-9.05 Z-6.451
X53.014 Y-8.998 Z-6.426
X52.979 Y-8.952 Z-6.401
X52.935 Y-8.914 Z-6.377
X52.884 Y-8.885 Z-6.352
X52.829 Y-8.868 Z-6.327
X52.766 Y-8.858 Z-6.3
G3 X52.077 Y-9.19 R0.72
G1 X52.032 Y-9.273 Z-6.34
X51.998 Y-9.36 Z-6.38
X51.976 Y-9.452 Z-6.42
X51.966 Y-9.546 Z-6.46
X51.969 Y-9.64 Z-6.5
X51.981 Y-9.738
X51.994 Y-9.88
X51.996 Y-9.993
X52.007 Y-10.142
X52.079 Y-10.274
X52.184 Y-10.381
X52.37 Y-10.454
X52.569 Y-10.457
X52.757 Y-10.392
X52.911 Y-10.266
X53.012 Y-10.094
X53.047 Y-9.898
X53.048 Y-9.506
X53.038 Y-9.443 Z-6.473
X53.013 Y-9.384 Z-6.446
X52.975 Y-9.333 Z-6.419
X52.926 Y-9.293 Z-6.392
X52.868 Y-9.266 Z-6.364
X52.806 Y-9.253 Z-6.337
X52.718 Y-9.252 Z-6.3
G3 X52.146 Y-9.554 R0.755
G1 X52.095 Y-9.633 Z-6.34
X52.053 Y-9.718 Z-6.38
X52.023 Y-9.807 Z-6.42
X52.004 Y-9.899 Z-6.46
X51.996 Y-9.993 Z-6.5
X51.997 Y-10.021
X51.991 Y-10.163
X51.973 Y-10.305
X51.962 Y-10.454
X52.012 Y-10.596
X52.101 Y-10.716
X52.262 Y-10.809
X52.444 Y-10.846
X52.629 Y-10.824
X52.796 Y-10.744
X52.93 Y-10.616
X53.017 Y-10.451
X53.047 Y-10.268
Y-9.898
X53.037 Y-9.839 Z-6.475
X53.015 Y-9.784 Z-6.449
X52.98 Y-9.736 Z-6.424
X52.934 Y-9.697 Z-6.399
X52.881 Y-9.671 Z-6.373
X52.823 Y-9.657 Z-6.348
X52.767 Y-9.653 Z-6.324
X52.711 Z-6.3
G3 X52.18 Y-9.889 R0.774
G1 X52.119 Y-9.961 Z-6.34
X52.067 Y-10.04 Z-6.38
X52.025 Y-10.124 Z-6.42
X51.994 Y-10.213 Z-6.46
X51.973 Y-10.305 Z-6.5
X51.938 Y-10.588
X51.927 Y-10.665
X51.914 Y-10.815
X51.961 Y-10.957
X52.045 Y-11.082
X52.214 Y-11.19
X52.41 Y-11.237
X52.61 Y-11.216
X52.792 Y-11.13
X52.935 Y-10.989
X53.024 Y-10.809
X53.048 Y-10.609
X53.047 Y-10.588
Y-10.268
X53.038 Y-10.208 Z-6.474
X53.015 Y-10.152 Z-6.449
X52.98 Y-10.103 Z-6.423
X52.935 Y-10.063 Z-6.397
X52.882 Y-10.034 Z-6.372
X52.824 Y-10.018 Z-6.346
X52.716 Y-10.01 Z-6.3
G3 X52.137 Y-10.252 R0.791
G1 X52.076 Y-10.323 Z-6.34
X52.024 Y-10.401 Z-6.38
X51.981 Y-10.485 Z-6.42
X51.949 Y-10.574 Z-6.46
X51.927 Y-10.665 Z-6.5
X51.874 Y-11.055
X51.861 Y-11.204
X51.909 Y-11.347
X51.992 Y-11.471
X52.175 Y-11.592
X52.388 Y-11.644
X52.606 Y-11.621
X52.804 Y-11.526
X52.958 Y-11.371
X53.052 Y-11.173
X53.073 Y-10.955
X53.048 Y-10.609
X53.035 Y-10.543 Z-6.471
X53.007 Y-10.482 Z-6.443
X52.967 Y-10.428 Z-6.414
X52.916 Y-10.385 Z-6.386
X52.856 Y-10.354 Z-6.357
X52.791 Y-10.337 Z-6.329
X52.724 Y-10.335 Z-6.3
X52.665 Y-10.346
X52.609 Y-10.369
X52.559 Y-10.402
X52.487 Y-10.461
X52.391 Y-10.539
X52.179 Y-10.712
X51.98 Y-10.874 Z-6.409
X51.942 Y-10.911 Z-6.432
X51.91 Y-10.955 Z-6.454
X51.888 Y-11.003 Z-6.477
X51.874 Y-11.055 Z-6.5
X51.821 Y-11.437
X51.803 Y-11.586
X51.847 Y-11.729
X51.924 Y-11.858
X52.03 Y-11.965
X52.153 Y-12.05
X52.174 Y-12.059
X52.39 Y-12.115
X52.612 Y-12.1
X52.818 Y-12.017
X52.987 Y-11.873
X53.103 Y-11.683
X53.153 Y-11.466
X53.133 Y-11.245
X53.079 Y-11.03
X53.073 Y-10.955
X53.058 Y-10.889 Z-6.471
X53.029 Y-10.828 Z-6.443
X52.988 Y-10.776 Z-6.414
X52.935 Y-10.734 Z-6.386
X52.875 Y-10.704 Z-6.357
X52.809 Y-10.689 Z-6.329
X52.742 Z-6.3
X52.688 Y-10.7
X52.637 Y-10.72
X52.591 Y-10.75
X52.505 Y-10.816
X52.353 Y-10.935
X52.136 Y-11.102
X51.931 Y-11.261 Z-6.41
X51.893 Y-11.297 Z-6.432
X51.861 Y-11.339 Z-6.455
X51.837 Y-11.386 Z-6.477
X51.821 Y-11.437 Z-6.5
X51.797 Y-11.578
X51.746 Y-11.833
X51.724 Y-11.981
X51.751 Y-12.129
X51.815 Y-12.265
X51.906 Y-12.384
X52.018 Y-12.484
X52.145 Y-12.563
X52.283 Y-12.621
X52.429 Y-12.658
X52.578 Y-12.672
X52.627 Y-12.671
X52.834 Y-12.632
X53.02 Y-12.534
X53.169 Y-12.385
X53.266 Y-12.198
X53.304 Y-11.991
X53.278 Y-11.782
X53.19 Y-11.467
X53.133 Y-11.245
X53.107 Y-11.183 Z-6.471
X53.068 Y-11.128 Z-6.443
X53.018 Y-11.084 Z-6.414
X52.959 Y-11.052 Z-6.386
X52.894 Y-11.033 Z-6.357
X52.827 Y-11.03 Z-6.329
X52.761 Y-11.041 Z-6.3
X52.715 Y-11.059
X52.672 Y-11.085
X52.53 Y-11.185
X52.295 Y-11.352
X52.072 Y-11.51
X51.865 Y-11.657 Z-6.408
X51.823 Y-11.692 Z-6.431
X51.789 Y-11.734 Z-6.454
X51.763 Y-11.782 Z-6.477
X51.746 Y-11.833 Z-6.5
X51.726 Y-11.932
X51.63 Y-12.172
X51.582 Y-12.314
X51.58 Y-12.464
X51.612 Y-12.611
X51.672 Y-12.748
X51.754 Y-12.874
X51.854 Y-12.986
X51.969 Y-13.083
X52.096 Y-13.162
X52.232 Y-13.226
X52.375 Y-13.271
X52.522 Y-13.299
X52.672 Y-13.309
X52.821 Y-13.3
X52.969 Y-13.274
X52.981 Y-13.271
X53.179 Y-13.176
X53.337 Y-13.026
X53.441 Y-12.834
X53.482 Y-12.619
X53.453 Y-12.403
X53.419 Y-12.286
X53.278 Y-11.782
X53.251 Y-11.721 Z-6.471
X53.21 Y-11.667 Z-6.443
X53.159 Y-11.624 Z-6.414
X53.1 Y-11.593 Z-6.386
X53.035 Y-11.576 Z-6.357
X52.967 Y-11.574 Z-6.329
X52.902 Y-11.587 Z-6.3
X52.884 Y-11.593
X52.646 Y-11.685
X52.271 Y-11.83
X52.016 Y-11.929
X51.797 Y-12.014 Z-6.4
X51.744 Y-12.04 Z-6.425
X51.698 Y-12.076 Z-6.45
X51.659 Y-12.121 Z-6.475
X51.63 Y-12.172 Z-6.5
X51.585 Y-12.286
X51.527 Y-12.428
X51.447 Y-12.612
X51.394 Y-12.752
X51.379 Y-12.902
X51.395 Y-13.051
X51.436 Y-13.195
X51.499 Y-13.331
X51.58 Y-13.458
X51.675 Y-13.573
X51.784 Y-13.676
X51.903 Y-13.767
X52.032 Y-13.845
X52.167 Y-13.91
X52.308 Y-13.962
X52.453 Y-13.998
X52.602 Y-14.02
X52.751 Y-14.028
X52.901 Y-14.019
X53.049 Y-13.995
X53.194 Y-13.957
X53.334 Y-13.903
X53.357 Y-13.892
X53.539 Y-13.759
X53.67 Y-13.576
X53.735 Y-13.361
X53.729 Y-13.136
X53.652 Y-12.924
X53.601 Y-12.835
X53.461 Y-12.428
X53.453 Y-12.403
X53.429 Y-12.347 Z-6.474
X53.393 Y-12.298 Z-6.448
X53.349 Y-12.257 Z-6.423
X53.297 Y-12.226 Z-6.397
X53.24 Y-12.205 Z-6.371
X53.179 Y-12.197 Z-6.345
X53.119 Y-12.201 Z-6.319
X53.074 Y-12.209 Z-6.3
X52.804 Y-12.254
X52.118 Y-12.369
X51.848 Y-12.415
X51.668 Y-12.445 Z-6.378
X51.612 Y-12.46 Z-6.402
X51.56 Y-12.485 Z-6.427
X51.515 Y-12.52 Z-6.451
X51.476 Y-12.563 Z-6.476
X51.447 Y-12.612 Z-6.5
X51.219 Y-13.135
X51.166 Y-13.276
X51.147 Y-13.424
X51.155 Y-13.574
X51.186 Y-13.721
X51.236 Y-13.862
X51.304 Y-13.996
X51.386 Y-14.122
X51.48 Y-14.238
X51.586 Y-14.345
X51.701 Y-14.441
X51.824 Y-14.527
X51.954 Y-14.601
X52.092 Y-14.666
X52.234 Y-14.719
X52.384 Y-14.762
X52.542 Y-14.794
X52.692 Y-14.811
X52.842 Y-14.817
X52.999 Y-14.809
X53.148 Y-14.789
X53.295 Y-14.757
X53.437 Y-14.712
X53.576 Y-14.654
X53.709 Y-14.584
X53.834 Y-14.501
X53.87 Y-14.472
X54.007 Y-14.325
X54.096 Y-14.145
X54.13 Y-13.947
X54.107 Y-13.748
X54.029 Y-13.564
X53.855 Y-13.277
X53.77 Y-13.135
X53.652 Y-12.924
X53.611 Y-12.871 Z-6.471
X53.559 Y-12.828 Z-6.443
X53.499 Y-12.798 Z-6.414
X53.434 Y-12.783 Z-6.386
X53.367 Y-12.782 Z-6.357
X53.232 Y-12.794 Z-6.3
X52.96 Y-12.821
X51.895 Y-12.924
X51.622 Y-12.95
X51.461 Y-12.966 Z-6.369
X51.401 Y-12.978 Z-6.395
X51.344 Y-13.002 Z-6.421
X51.294 Y-13.038 Z-6.448
X51.251 Y-13.083 Z-6.474
X51.219 Y-13.135 Z-6.5
X51.158 Y-13.277
X51.063 Y-13.484
X51.022 Y-13.56
X50.976 Y-13.638
X50.906 Y-13.77
X50.871 Y-13.916
X50.862 Y-14.066
X50.876 Y-14.215
X50.909 Y-14.362
X50.959 Y-14.503
X51.023 Y-14.639
X51.1 Y-14.767
X51.189 Y-14.889
X51.287 Y-15.001
X51.401 Y-15.112
X51.527 Y-15.217
X51.665 Y-15.313
X51.815 Y-15.401
X51.977 Y-15.479
X52.15 Y-15.547
X52.332 Y-15.601
X52.517 Y-15.64
X52.706 Y-15.664
X52.899 Y-15.674
X53.093 Y-15.668
X53.288 Y-15.646
X53.462 Y-15.612
X53.63 Y-15.565
X53.793 Y-15.505
X53.93 Y-15.442
X54.065 Y-15.365
X54.192 Y-15.279
X54.31 Y-15.185
X54.354 Y-15.143
X54.473 Y-14.991
X54.546 Y-14.813
X54.568 Y-14.622
X54.538 Y-14.432
X54.456 Y-14.257
X54.371 Y-14.126
X54.029 Y-13.564
X53.99 Y-13.516 Z-6.474
X53.943 Y-13.478 Z-6.448
X53.889 Y-13.45 Z-6.422
X53.83 Y-13.433 Z-6.396
X53.77 Y-13.428 Z-6.37
X53.604 Y-13.433 Z-6.3
X53.33 Y-13.441
X51.673 Y-13.487
X51.4 Y-13.495
X51.22 Y-13.5 Z-6.376
X51.162 Y-13.507 Z-6.401
X51.107 Y-13.526 Z-6.426
X51.056 Y-13.554 Z-6.45
X51.012 Y-13.592 Z-6.475
X50.976 Y-13.638 Z-6.5
X50.938 Y-13.701
X50.922 Y-13.728
X50.674 Y-14.04
X50.587 Y-14.162
X50.527 Y-14.3
X50.492 Y-14.446
X50.479 Y-14.595
X50.485 Y-14.745
X50.509 Y-14.893
X50.547 Y-15.038
X50.599 Y-15.179
X50.663 Y-15.315
X50.741 Y-15.449
X50.833 Y-15.584
X50.944 Y-15.72
X51.072 Y-15.855
X51.215 Y-15.982
X51.374 Y-16.102
X51.55 Y-16.214
X51.742 Y-16.316
X51.95 Y-16.405
X52.169 Y-16.479
X52.397 Y-16.536
X52.631 Y-16.575
X52.87 Y-16.596
X53.109 Y-16.597
X53.346 Y-16.579
X53.579 Y-16.542
X53.807 Y-16.487
X54.014 Y-16.419
X54.197 Y-16.342
X54.374 Y-16.251
X54.515 Y-16.163
X54.655 Y-16.059
X54.777 Y-15.953
X54.881 Y-15.845
X54.982 Y-15.723
X55.013 Y-15.678
X55.102 Y-15.5
X55.138 Y-15.304
X55.117 Y-15.106
X55.041 Y-14.922
X54.916 Y-14.766
X54.75 Y-14.61
X54.69 Y-14.551
X54.566 Y-14.409
X54.463 Y-14.268
X54.456 Y-14.257
X54.411 Y-14.207 Z-6.471
X54.356 Y-14.167 Z-6.443
X54.294 Y-14.141 Z-6.414
X54.228 Y-14.13 Z-6.385
X54.028 Y-14.118 Z-6.3
X53.754 Y-14.102
X51.387 Y-13.962
X51.113 Y-13.946
X50.92 Y-13.935 Z-6.382
X50.865 Y-13.937 Z-6.406
X50.811 Y-13.949 Z-6.429
X50.76 Y-13.971 Z-6.453
X50.714 Y-14.001 Z-6.476
X50.674 Y-14.04 Z-6.5
X50.606 Y-14.126
X50.354 Y-14.437
X50.262 Y-14.551
X50.173 Y-14.672
X50.108 Y-14.807
X50.065 Y-14.951
X50.042 Y-15.099
X50.037 Y-15.249
X50.047 Y-15.398
X50.072 Y-15.546
X50.11 Y-15.692
X50.162 Y-15.842
X50.229 Y-15.993
X50.315 Y-16.153
X50.421 Y-16.315
X50.542 Y-16.472
X50.685 Y-16.63
X50.851 Y-16.786
X51.038 Y-16.935
X51.241 Y-17.071
X51.464 Y-17.196
X51.706 Y-17.308
X51.966 Y-17.403
X52.239 Y-17.48
X52.524 Y-17.535
X52.817 Y-17.567
X53.111 Y-17.576
X53.403 Y-17.562
X53.69 Y-17.524
X53.964 Y-17.465
X54.228 Y-17.386
X54.478 Y-17.289
X54.711 Y-17.176
X54.923 Y-17.051
X55.096 Y-16.93
X55.262 Y-16.792
X55.388 Y-16.669
X55.505 Y-16.534
X55.607 Y-16.397
X55.686 Y-16.27
X55.717 Y-16.21
X55.786 Y-15.996
X55.784 Y-15.77
X55.71 Y-15.557
X55.572 Y-15.379
X54.916 Y-14.766
X54.862 Y-14.729 Z-6.472
X54.801 Y-14.704 Z-6.444
X54.737 Y-14.693 Z-6.416
X54.464 Y-14.677 Z-6.3
X54.19 Y-14.662
X50.976 Y-14.476
X50.702 Y-14.46
X50.505 Y-14.449 Z-6.384
X50.437 Y-14.452 Z-6.413
X50.371 Y-14.471 Z-6.442
X50.312 Y-14.505 Z-6.471
X50.262 Y-14.551 Z-6.5
X50.031 Y-14.834
X49.907 Y-14.975
X49.812 Y-15.078
X49.715 Y-15.193
X49.643 Y-15.324
X49.592 Y-15.465
X49.559 Y-15.612
X49.543 Y-15.761
X49.542 Y-15.911
X49.554 Y-16.06
X49.581 Y-16.217
X49.621 Y-16.378
X49.679 Y-16.547
X49.757 Y-16.728
X49.853 Y-16.909
X49.97 Y-17.091
X50.112 Y-17.278
X50.28 Y-17.466
X50.467 Y-17.644
X50.679 Y-17.816
X50.92 Y-17.98
X51.186 Y-18.132
X51.476 Y-18.268
X51.783 Y-18.384
X52.105 Y-18.476
X52.44 Y-18.543
X52.788 Y-18.584
X53.14 Y-18.597
X53.494 Y-18.582
X53.844 Y-18.539
X54.188 Y-18.468
X54.516 Y-18.372
X54.823 Y-18.255
X55.106 Y-18.121
X55.366 Y-17.97
X55.604 Y-17.805
X55.815 Y-17.632
X55.976 Y-17.478
X56.131 Y-17.303
X56.245 Y-17.151
X56.336 Y-17.008
X56.422 Y-16.843
X56.485 Y-16.695
X56.492 Y-16.674
X56.528 Y-16.482
X56.509 Y-16.288
X56.437 Y-16.107
X56.318 Y-15.952
X56.162 Y-15.836
X56.14 Y-15.825
X56.026 Y-15.759
X55.915 Y-15.683
X55.884 Y-15.658
X55.742 Y-15.538
X55.572 Y-15.379
X55.518 Y-15.341 Z-6.472
X55.457 Y-15.316 Z-6.444
X55.392 Y-15.305 Z-6.416
X55.119 Y-15.289 Z-6.3
X54.846 Y-15.273
X50.532 Y-15.019
X50.259 Y-15.003
X50.042 Y-14.99 Z-6.392
X49.978 Y-14.993 Z-6.419
X49.917 Y-15.009 Z-6.446
X49.861 Y-15.038 Z-6.473
X49.812 Y-15.078 Z-6.5
X49.787 Y-15.104
X49.604 Y-15.258
X49.504 Y-15.332
X49.407 Y-15.4
X49.289 Y-15.493
X49.19 Y-15.605
X49.11 Y-15.732
X49.048 Y-15.868
X49.003 Y-16.011
X48.972 Y-16.158
X48.956 Y-16.307
X48.953 Y-16.463
X48.962 Y-16.623
X48.986 Y-16.799
X49.028 Y-16.987
X49.087 Y-17.178
X49.169 Y-17.383
X49.274 Y-17.596
X49.4 Y-17.805
X49.554 Y-18.021
X49.74 Y-18.242
X49.955 Y-18.458
X50.192 Y-18.662
X50.461 Y-18.858
X50.762 Y-19.041
X51.092 Y-19.208
X51.448 Y-19.353
X51.826 Y-19.473
X52.22 Y-19.564
X52.626 Y-19.625
X53.042 Y-19.652
X53.463 Y-19.646
X53.884 Y-19.607
X54.296 Y-19.534
X54.693 Y-19.43
X55.072 Y-19.298
X55.428 Y-19.141
X55.753 Y-18.965
X56.053 Y-18.771
X56.32 Y-18.565
X56.553 Y-18.353
X56.756 Y-18.137
X56.907 Y-17.947
X57.04 Y-17.75
X57.136 Y-17.579
X57.213 Y-17.412
X57.276 Y-17.24
X57.318 Y-17.091
X57.332 Y-17.014
X57.339 Y-16.791
X57.275 Y-16.576
X57.147 Y-16.393
X56.967 Y-16.26
X56.401 Y-15.966
X56.162 Y-15.836
X56.107 Y-15.816 Z-6.475
X56.049 Y-15.806 Z-6.45
X55.696 Y-15.781 Z-6.3
X55.423 Y-15.762
X50.141 Y-15.39
X49.868 Y-15.371
X49.593 Y-15.352 Z-6.417
X49.528 Y-15.354 Z-6.445
X49.465 Y-15.37 Z-6.472
X49.407 Y-15.4 Z-6.5
X48.806 Y-15.825
X48.688 Y-15.917
X48.586 Y-16.027
X48.502 Y-16.151
X48.434 Y-16.285
X48.381 Y-16.425
X48.342 Y-16.57
X48.315 Y-16.718
X48.299 Y-16.883
X48.296 Y-17.056
X48.309 Y-17.243
X48.339 Y-17.449
X48.387 Y-17.657
X48.458 Y-17.882
X48.556 Y-18.123
X48.676 Y-18.362
X48.825 Y-18.607
X49.009 Y-18.861
X49.228 Y-19.117
X49.474 Y-19.362
X49.753 Y-19.598
X50.072 Y-19.826
X50.427 Y-20.04
X50.816 Y-20.233
X51.234 Y-20.401
X51.677 Y-20.538
X52.138 Y-20.642
X52.615 Y-20.709
X53.102 Y-20.738
X53.594 Y-20.728
X54.086 Y-20.678
X54.569 Y-20.589
X55.036 Y-20.464
X55.481 Y-20.306
X55.899 Y-20.118
X56.286 Y-19.905
X56.642 Y-19.67
X56.958 Y-19.423
X57.238 Y-19.166
X57.471 Y-18.913
X57.669 Y-18.662
X57.836 Y-18.41
X57.954 Y-18.197
X58.057 Y-17.971
X58.124 Y-17.783
X58.171 Y-17.612
X58.206 Y-17.423
X58.214 Y-17.342
X58.208 Y-17.153
X58.149 Y-16.973
X58.044 Y-16.816
X57.899 Y-16.694
X57.727 Y-16.616
X57.585 Y-16.566
X57.443 Y-16.505
X57.22 Y-16.391
X56.967 Y-16.26
X56.913 Y-16.24 Z-6.475
X56.856 Y-16.231 Z-6.451
X56.501 Y-16.211 Z-6.3
X56.228 Y-16.195
X49.54 Y-15.808
X49.267 Y-15.792
X48.988 Y-15.776 Z-6.419
X48.924 Y-15.779 Z-6.446
X48.863 Y-15.796 Z-6.473
X48.806 Y-15.825 Z-6.5
X48.606 Y-15.966
X48.511 Y-16.029
X48.216 Y-16.216
X48.204 Y-16.221
X48.068 Y-16.284
X47.959 Y-16.387
X47.866 Y-16.505
X47.788 Y-16.633
X47.724 Y-16.768
X47.673 Y-16.909
X47.632 Y-17.061
X47.602 Y-17.225
X47.583 Y-17.405
X47.579 Y-17.606
X47.591 Y-17.813
X47.623 Y-18.041
X47.678 Y-18.288
X47.754 Y-18.536
X47.861 Y-18.805
X48.002 Y-19.088
X48.172 Y-19.372
X48.373 Y-19.653
X48.617 Y-19.941
X48.904 Y-20.231
X49.234 Y-20.514
X49.599 Y-20.779
X49.995 Y-21.021
X50.434 Y-21.243
X50.91 Y-21.438
X51.417 Y-21.598
X51.95 Y-21.721
X52.502 Y-21.803
X53.066 Y-21.84
X53.637 Y-21.832
X54.206 Y-21.778
X54.765 Y-21.68
X55.308 Y-21.538
X55.828 Y-21.356
X56.321 Y-21.139
X56.781 Y-20.89
X57.205 Y-20.614
X57.584 Y-20.322
X57.914 Y-20.022
X58.196 Y-19.722
X58.44 Y-19.416
X58.643 Y-19.114
X58.806 Y-18.824
X58.926 Y-18.564
X59.015 Y-18.319
X59.073 Y-18.113
X59.11 Y-17.92
X59.131 Y-17.731
X59.136 Y-17.571
X59.13 Y-17.456
X59.081 Y-17.232
X58.963 Y-17.036
X58.787 Y-16.888
X58.573 Y-16.806
X57.869 Y-16.658
X57.727 Y-16.616
X57.666 Y-16.607 Z-6.474
X57.257 Y-16.59 Z-6.3
X56.984 Y-16.578
X48.946 Y-16.231
X48.673 Y-16.219
X48.319 Y-16.204 Z-6.45
X48.261 Y-16.207 Z-6.475
X48.204 Y-16.221 Z-6.5
X47.781 Y-16.391
X47.661 Y-16.434
X47.522 Y-16.491
X47.395 Y-16.571
X47.281 Y-16.669
X47.181 Y-16.781
X47.095 Y-16.903
X47.021 Y-17.033
X46.958 Y-17.17
X46.902 Y-17.326
X46.857 Y-17.491
X46.821 Y-17.68
X46.8 Y-17.886
X46.794 Y-18.105
X46.808 Y-18.353
X46.843 Y-18.609
X46.902 Y-18.881
X46.993 Y-19.176
X47.115 Y-19.485
X47.266 Y-19.792
X47.459 Y-20.116
X47.698 Y-20.453
X47.983 Y-20.793
X48.305 Y-21.119
X48.665 Y-21.43
X49.076 Y-21.73
X49.536 Y-22.013
X50.041 Y-22.27
X50.586 Y-22.495
X51.165 Y-22.681
X51.773 Y-22.823
X52.39 Y-22.916
X53.012 Y-22.961
X53.636 Y-22.957
X54.258 Y-22.906
X54.874 Y-22.807
X55.481 Y-22.661
X56.074 Y-22.467
X56.646 Y-22.229
X57.182 Y-21.954
X57.676 Y-21.648
X58.123 Y-21.319
X58.525 Y-20.969
X58.88 Y-20.606
X59.188 Y-20.237
X59.441 Y-19.878
X59.641 Y-19.54
X59.8 Y-19.213
X59.924 Y-18.897
X60.011 Y-18.61
X60.063 Y-18.365
X60.096 Y-18.121
X60.106 Y-17.932
X60.1 Y-17.741
X60.08 Y-17.556
X60.077 Y-17.541
X59.998 Y-17.326
X59.855 Y-17.149
X59.661 Y-17.027
X59.439 Y-16.974
X59.428 Y-16.973
X59.287 Y-16.951
X59.145 Y-16.924
X58.573 Y-16.806
X58.533 Y-16.801 Z-6.483
X58.103 Y-16.786 Z-6.3
X57.829 Y-16.776
X48.403 Y-16.443
X48.13 Y-16.433
X47.762 Y-16.42 Z-6.456
X47.711 Y-16.423 Z-6.478
X47.661 Y-16.434 Z-6.5
X46.909 Y-16.701
X46.77 Y-16.756
X46.643 Y-16.837
X46.528 Y-16.933
X46.425 Y-17.043
X46.334 Y-17.162
X46.255 Y-17.289
X46.183 Y-17.427
X46.114 Y-17.59
X46.057 Y-17.763
X46.009 Y-17.962
X45.974 Y-18.184
X45.956 Y-18.416
X45.957 Y-18.681
X45.981 Y-18.964
X46.029 Y-19.255
X46.109 Y-19.576
X46.225 Y-19.923
X46.373 Y-20.268
X46.564 Y-20.63
X46.803 Y-21.007
X47.091 Y-21.389
X47.43 Y-21.77
X47.813 Y-22.138
X48.238 Y-22.484
X48.723 Y-22.818
X49.263 Y-23.13
X49.826 Y-23.397
X50.409 Y-23.621
X51.006 Y-23.801
X51.615 Y-23.939
X52.231 Y-24.035
X52.853 Y-24.087
X53.477 Y-24.095
X54.1 Y-24.06
X54.719 Y-23.983
X55.332 Y-23.864
X55.935 Y-23.704
X56.526 Y-23.504
X57.101 Y-23.263
X57.658 Y-22.982
X58.193 Y-22.66
X58.701 Y-22.298
X59.167 Y-21.907
X59.582 Y-21.497
X59.942 Y-21.08
X60.248 Y-20.66
X60.506 Y-20.242
X60.709 Y-19.842
X60.862 Y-19.47
X60.975 Y-19.118
X61.054 Y-18.78
X61.096 Y-18.5
X61.113 Y-18.255
X61.11 Y-18.029
X61.094 Y-17.849
X61.061 Y-17.66
X61.016 Y-17.488
X60.993 Y-17.42
X60.884 Y-17.22
X60.718 Y-17.065
X60.51 Y-16.972
X60.283 Y-16.95
X60.137 Y-16.96
X59.712 Y-16.985
X59.57 Y-16.983
X59.439 Y-16.974
X58.968 Y-16.963 Z-6.3
X58.695 Y-16.957
X47.652 Y-16.703
X47.378 Y-16.696
X47.003 Y-16.688 Z-6.459
X46.955 Y-16.69 Z-6.48
X46.909 Y-16.701 Z-6.5
X46.81 Y-16.734
X46.526 Y-16.82
X46.385 Y-16.86
X46.307 Y-16.872
X46.16 Y-16.902
X46.02 Y-16.956
X45.89 Y-17.03
X45.77 Y-17.121
X45.661 Y-17.224
X45.563 Y-17.337
X45.475 Y-17.459
X45.387 Y-17.604
X45.308 Y-17.761
X45.235 Y-17.943
X45.17 Y-18.149
X45.12 Y-18.368
X45.084 Y-18.621
X45.067 Y-18.893
X45.072 Y-19.185
X45.104 Y-19.51
X45.166 Y-19.859
X45.259 Y-20.212
X45.395 Y-20.596
X45.577 Y-21.005
X45.81 Y-21.432
X46.083 Y-21.849
X46.409 Y-22.268
X46.792 Y-22.688
X47.237 Y-23.103
X47.726 Y-23.49
X48.022 Y-23.689
X48.064 Y-23.715
X48.107 Y-23.738
X48.153 Y-23.758
X48.204 Y-23.779
X48.216 Y-23.784
X48.228 Y-23.792
X48.771 Y-24.099
X49.315 Y-24.382
X49.889 Y-24.625
X50.48 Y-24.825
X51.084 Y-24.984
X51.696 Y-25.103
X52.315 Y-25.184
X52.937 Y-25.226
X53.561 Y-25.229
X54.184 Y-25.195
X54.804 Y-25.123
X54.887 Y-25.108
X55.015 Y-25.072
X55.135 Y-25.012
X55.241 Y-24.931
X55.746 Y-24.458
X55.884 Y-24.342
X55.915 Y-24.317
X56.026 Y-24.241
X56.14 Y-24.175
X56.451 Y-24.007
X57.302 Y-23.567
X57.443 Y-23.495
X57.585 Y-23.434
X57.727 Y-23.384
X57.869 Y-23.342
X58.436 Y-23.223
X58.578 Y-23.194
X58.763 Y-23.145
X58.982 Y-23.069
X59.246 Y-22.952
X59.507 Y-22.811
X59.815 Y-22.611
X60.124 Y-22.373
X60.442 Y-22.085
X60.765 Y-21.741
X61.07 Y-21.358
X61.344 Y-20.951
X61.579 Y-20.533
X61.775 Y-20.109
X61.926 Y-19.697
X62.033 Y-19.312
X62.101 Y-18.962
X62.138 Y-18.626
X62.147 Y-18.317
X62.135 Y-18.072
X62.103 Y-17.826
X62.062 Y-17.636
X62.01 Y-17.461
X61.941 Y-17.283
X61.935 Y-17.271
X61.813 Y-17.095
X61.643 Y-16.964
X61.442 Y-16.89
X61.227 Y-16.881
X61.13 Y-16.892
X60.283 Y-16.95
X60.227 Y-16.962 Z-6.475
X60.173 Y-16.984 Z-6.451
X60.125 Y-17.016 Z-6.426
X60.084 Y-17.057 Z-6.401
X60.051 Y-17.105 Z-6.377
X60.028 Y-17.158 Z-6.352
X59.991 Y-17.275 Z-6.3
X59.909 Y-17.536
X58.28 Y-22.683
X58.241 Y-22.807
X58.23 Y-22.854
X58.227 Y-22.901
X58.231 Y-22.949
X58.25 Y-23.013 Z-6.329
X58.283 Y-23.072 Z-6.357
X58.328 Y-23.122 Z-6.386
X58.382 Y-23.161 Z-6.414
X58.444 Y-23.186 Z-6.443
X58.511 Y-23.197 Z-6.471
X58.578 Y-23.194 Z-6.5
X59.145 Y-23.076
X59.287 Y-23.049
X59.428 Y-23.027
X59.57 Y-23.017
X59.712 Y-23.015
X59.854 Y-23.023
X60.004 Y-23.024
X60.153 Y-23.007
X60.303 Y-22.974
X60.47 Y-22.923
X60.644 Y-22.854
X60.852 Y-22.753
X61.055 Y-22.632
X61.294 Y-22.462
X61.525 Y-22.27
X61.779 Y-22.019
X62.035 Y-21.723
X62.274 Y-21.397
X62.504 Y-21.025
X62.709 Y-20.623
X62.881 Y-20.208
X63.016 Y-19.787
X63.114 Y-19.372
X63.173 Y-18.985
X63.198 Y-18.626
X63.195 Y-18.288
X63.167 Y-17.986
X63.126 Y-17.748
X63.069 Y-17.522
X63.009 Y-17.348
X62.931 Y-17.171
X62.848 Y-17.015
X62.809 Y-16.954
X62.687 Y-16.812
X62.532 Y-16.707
X62.355 Y-16.647
X62.169 Y-16.635
X61.986 Y-16.674
X61.839 Y-16.723
X61.555 Y-16.816
X61.413 Y-16.852
X61.272 Y-16.876
X61.227 Y-16.881
X61.17 Y-16.895 Z-6.475
X61.117 Y-16.92 Z-6.45
X61.07 Y-16.955 Z-6.425
X61.03 Y-16.999 Z-6.4
X61. Y-17.049 Z-6.375
X60.98 Y-17.105 Z-6.35
X60.951 Y-17.219 Z-6.3
X60.885 Y-17.484
X59.646 Y-22.431
X59.59 Y-22.652
X59.583 Y-22.697
X59.584 Y-22.764 Z-6.329
X59.6 Y-22.829 Z-6.357
X59.631 Y-22.889 Z-6.386
X59.674 Y-22.941 Z-6.414
X59.727 Y-22.982 Z-6.443
X59.788 Y-23.01 Z-6.471
X59.854 Y-23.023 Z-6.5
X60.187 Y-23.043
X60.988 Y-23.098
X61.138 Y-23.101
X61.287 Y-23.09
X61.435 Y-23.064
X61.585 Y-23.024
X61.759 Y-22.963
X61.932 Y-22.886
X62.134 Y-22.776
X62.331 Y-22.647
X62.555 Y-22.473
X62.776 Y-22.271
X63.005 Y-22.024
X63.242 Y-21.726
X63.463 Y-21.394
X63.667 Y-21.029
X63.852 Y-20.623
X64.007 Y-20.195
X64.127 Y-19.758
X64.21 Y-19.322
X64.255 Y-18.9
X64.265 Y-18.516
X64.246 Y-18.162
X64.201 Y-17.829
X64.137 Y-17.533
X64.062 Y-17.287
X63.979 Y-17.075
X63.893 Y-16.901
X63.793 Y-16.731
X63.697 Y-16.596
X63.666 Y-16.558
X63.498 Y-16.413
X63.294 Y-16.327
X63.072 Y-16.31
X62.857 Y-16.363
X62.831 Y-16.373
X61.986 Y-16.674
X61.932 Y-16.702 Z-6.474
X61.885 Y-16.74 Z-6.448
X61.846 Y-16.787 Z-6.423
X61.818 Y-16.84 Z-6.397
X61.801 Y-16.899 Z-6.371
X61.771 Y-17.063 Z-6.3
X61.721 Y-17.332
X60.77 Y-22.498
X60.725 Y-22.745
X60.722 Y-22.768
Y-22.835 Z-6.329
X60.737 Y-22.9 Z-6.357
X60.767 Y-22.961 Z-6.386
X60.809 Y-23.013 Z-6.414
X60.862 Y-23.054 Z-6.443
X60.922 Y-23.083 Z-6.471
X60.988 Y-23.098 Z-6.5
X61.13 Y-23.108
X61.272 Y-23.124
X61.413 Y-23.148
X61.556 Y-23.185
X61.775 Y-23.256
X61.92 Y-23.295
X62.069 Y-23.312
X62.219 Y-23.311
X62.368 Y-23.294
X62.515 Y-23.265
X62.682 Y-23.217
X62.849 Y-23.153
X63.044 Y-23.062
X63.236 Y-22.951
X63.452 Y-22.803
X63.668 Y-22.628
X63.891 Y-22.414
X64.128 Y-22.149
X64.349 Y-21.857
X64.565 Y-21.517
X64.771 Y-21.129
X64.954 Y-20.702
X65.107 Y-20.251
X65.223 Y-19.79
X65.299 Y-19.33
X65.338 Y-18.878
X65.34 Y-18.441
X65.309 Y-18.031
X65.251 Y-17.661
X65.171 Y-17.328
X65.072 Y-17.026
X64.977 Y-16.799
X64.862 Y-16.576
X64.757 Y-16.408
X64.648 Y-16.262
X64.523 Y-16.118
X64.463 Y-16.06
X64.309 Y-15.946
X64.129 Y-15.879
X63.938 Y-15.863
X63.749 Y-15.899
X63.578 Y-15.985
X63.54 Y-16.011
X63.394 Y-16.108
X63.256 Y-16.191
X62.973 Y-16.314
X62.857 Y-16.363
X62.807 Y-16.392 Z-6.475
X62.764 Y-16.43 Z-6.451
X62.729 Y-16.476 Z-6.426
X62.703 Y-16.527 Z-6.402
X62.687 Y-16.583 Z-6.377
X62.656 Y-16.762 Z-6.3
X62.609 Y-17.032
X61.638 Y-22.601
X61.591 Y-22.87
X61.582 Y-22.922 Z-6.322
X61.578 Y-22.982 Z-6.348
X61.585 Y-23.041 Z-6.373
X61.604 Y-23.098 Z-6.398
X61.634 Y-23.149 Z-6.424
X61.673 Y-23.194 Z-6.449
X61.721 Y-23.23 Z-6.475
X61.775 Y-23.256 Z-6.5
X61.839 Y-23.277
X61.986 Y-23.326
X62.626 Y-23.554
X62.769 Y-23.597
X62.917 Y-23.621
X63.067 Y-23.628
X63.217 Y-23.619
X63.365 Y-23.597
X63.53 Y-23.559
X63.703 Y-23.504
X63.895 Y-23.426
X64.094 Y-23.325
X64.305 Y-23.196
X64.533 Y-23.03
X64.754 Y-22.841
X64.994 Y-22.599
X65.234 Y-22.314
X65.46 Y-21.998
X65.685 Y-21.624
X65.894 Y-21.202
X66.077 Y-20.744
X66.226 Y-20.26
X66.337 Y-19.76
X66.407 Y-19.257
X66.436 Y-18.762
X66.426 Y-18.285
X66.379 Y-17.83
X66.302 Y-17.414
X66.2 Y-17.036
X66.083 Y-16.709
X65.948 Y-16.408
X65.818 Y-16.173
X65.677 Y-15.96
X65.555 Y-15.804
X65.415 Y-15.653
X65.285 Y-15.533
X65.156 Y-15.432
X65.145 Y-15.424
X64.954 Y-15.336
X64.745 Y-15.308
X64.538 Y-15.344
X64.35 Y-15.439
X64.107 Y-15.612
X63.578 Y-15.985
X63.534 Y-16.025 Z-6.475
X63.499 Y-16.073 Z-6.45
X63.474 Y-16.126 Z-6.425
X63.459 Y-16.183 Z-6.4
X63.426 Y-16.415 Z-6.3
X63.387 Y-16.686
X62.488 Y-22.892
X62.449 Y-23.163
X62.439 Y-23.232 Z-6.33
X62.437 Y-23.298 Z-6.358
X62.449 Y-23.364 Z-6.386
X62.476 Y-23.425 Z-6.415
X62.516 Y-23.479 Z-6.443
X62.567 Y-23.522 Z-6.472
X62.626 Y-23.554 Z-6.5
X62.831 Y-23.627
X62.973 Y-23.686
X63.256 Y-23.809
X63.332 Y-23.855
X63.464 Y-23.926
X63.607 Y-23.972
X63.754 Y-23.999
X63.904 Y-24.009
X64.054 Y-24.005
X64.209 Y-23.987
X64.375 Y-23.955
X64.559 Y-23.903
X64.751 Y-23.831
X64.966 Y-23.732
X65.179 Y-23.61
X65.417 Y-23.449
X65.653 Y-23.26
X65.897 Y-23.029
X66.156 Y-22.742
X66.402 Y-22.421
X66.639 Y-22.052
X66.868 Y-21.626
X67.075 Y-21.151
X67.252 Y-20.64
X67.39 Y-20.103
X67.484 Y-19.554
X67.535 Y-19.002
X67.54 Y-18.46
X67.504 Y-17.938
X67.429 Y-17.447
X67.321 Y-16.986
X67.188 Y-16.571
X67.04 Y-16.214
X66.877 Y-15.894
X66.702 Y-15.609
X66.537 Y-15.385
X66.378 Y-15.201
X66.223 Y-15.048
X66.084 Y-14.932
X65.926 Y-14.819
X65.844 Y-14.771
X65.665 Y-14.696
X65.473 Y-14.672
X65.281 Y-14.703
X65.105 Y-14.785
X64.959 Y-14.912
X64.816 Y-15.076
X64.774 Y-15.117
X64.674 Y-15.205
X64.602 Y-15.258
X64.35 Y-15.439
X64.308 Y-15.479 Z-6.475
X64.274 Y-15.527 Z-6.45
X64.249 Y-15.58 Z-6.425
X64.236 Y-15.638 Z-6.4
X64.206 Y-15.871 Z-6.3
X64.17 Y-16.143
X63.251 Y-23.16
X63.216 Y-23.432
X63.199 Y-23.565 Z-6.357
X63.197 Y-23.632 Z-6.386
X63.211 Y-23.698 Z-6.414
X63.239 Y-23.759 Z-6.443
X63.28 Y-23.812 Z-6.471
X63.332 Y-23.855 Z-6.5
X63.398 Y-23.895
X63.54 Y-23.989
X63.682 Y-24.088
X63.965 Y-24.288
X64.092 Y-24.368
X64.23 Y-24.426
X64.375 Y-24.466
X64.523 Y-24.49
X64.673 Y-24.5
X64.833 Y-24.496
X64.998 Y-24.479
X65.187 Y-24.444
X65.382 Y-24.391
X65.595 Y-24.314
X65.826 Y-24.21
X66.061 Y-24.08
X66.32 Y-23.908
X66.576 Y-23.707
X66.84 Y-23.463
X67.118 Y-23.161
X67.391 Y-22.812
X67.645 Y-22.426
X67.894 Y-21.974
X68.122 Y-21.467
X68.318 Y-20.916
X68.475 Y-20.332
X68.586 Y-19.73
X68.647 Y-19.12
X68.66 Y-18.515
X68.625 Y-17.925
X68.546 Y-17.361
X68.428 Y-16.834
X68.277 Y-16.348
X68.1 Y-15.904
X67.912 Y-15.527
X67.712 Y-15.195
X67.504 Y-14.905
X67.301 Y-14.665
X67.111 Y-14.474
X66.936 Y-14.324
X66.775 Y-14.207
X66.604 Y-14.103
X66.455 Y-14.028
X66.358 Y-13.988
X66.14 Y-13.938
X65.918 Y-13.959
X65.714 Y-14.049
X65.548 Y-14.198
X65.1 Y-14.75
X64.959 Y-14.912
X64.928 Y-14.959 Z-6.476
X64.906 Y-15.011 Z-6.452
X64.894 Y-15.066 Z-6.428
X64.859 Y-15.366 Z-6.3
X64.827 Y-15.637
X63.899 Y-23.584
X63.867 Y-23.855
X63.849 Y-24.014 Z-6.368
X63.848 Y-24.076 Z-6.394
X63.86 Y-24.137 Z-6.421
X63.884 Y-24.194 Z-6.447
X63.92 Y-24.245 Z-6.474
X63.965 Y-24.288 Z-6.5
X64.249 Y-24.488
X64.602 Y-24.742
X64.674 Y-24.795
X64.794 Y-24.885
X64.931 Y-24.946
X65.075 Y-24.99
X65.222 Y-25.02
X65.371 Y-25.035
X65.526 Y-25.038
X65.708 Y-25.027
X65.894 Y-25.001
X66.106 Y-24.953
X66.325 Y-24.885
X66.562 Y-24.79
X66.823 Y-24.661
X67.08 Y-24.506
X67.365 Y-24.302
X67.659 Y-24.053
X67.94 Y-23.773
X68.235 Y-23.428
X68.533 Y-23.017
X68.819 Y-22.548
X69.071 Y-22.047
X69.301 Y-21.482
X69.489 Y-20.887
X69.63 Y-20.28
X69.726 Y-19.663
X69.777 Y-19.041
X69.783 Y-18.417
X69.742 Y-17.795
X69.654 Y-17.177
X69.521 Y-16.585
X69.35 Y-16.036
X69.148 Y-15.533
X68.922 Y-15.079
X68.69 Y-14.694
X68.45 Y-14.361
X68.206 Y-14.073
X67.964 Y-13.829
X67.74 Y-13.639
X67.529 Y-13.486
X67.333 Y-13.366
X67.167 Y-13.283
X66.981 Y-13.207
X66.873 Y-13.174
X66.677 Y-13.141
X66.48 Y-13.165
X66.298 Y-13.244
X66.145 Y-13.371
X66.033 Y-13.535
X66.021 Y-13.56
X65.95 Y-13.683
X65.939 Y-13.701
X65.808 Y-13.87
X65.548 Y-14.198
X65.519 Y-14.245 Z-6.477
X65.5 Y-14.297 Z-6.453
X65.49 Y-14.351 Z-6.43
X65.463 Y-14.655 Z-6.3
X65.438 Y-14.928
X64.623 Y-24.079
X64.599 Y-24.351
X64.581 Y-24.551 Z-6.385
X64.583 Y-24.618 Z-6.414
X64.6 Y-24.684 Z-6.442
X64.631 Y-24.744 Z-6.471
X64.674 Y-24.795 Z-6.5
X64.774 Y-24.883
X64.816 Y-24.924
X65.1 Y-25.25
X65.2 Y-25.362
X65.321 Y-25.449
X65.454 Y-25.52
X65.593 Y-25.575
X65.738 Y-25.615
X65.885 Y-25.643
X66.053 Y-25.66
X66.227 Y-25.664
X66.429 Y-25.652
X66.636 Y-25.623
X66.87 Y-25.57
X67.119 Y-25.493
X67.38 Y-25.389
X67.668 Y-25.246
X67.957 Y-25.072
X68.259 Y-24.856
X68.585 Y-24.58
X68.914 Y-24.253
X69.229 Y-23.885
X69.547 Y-23.448
X69.855 Y-22.941
X70.136 Y-22.384
X70.372 Y-21.807
X70.566 Y-21.214
X70.717 Y-20.608
X70.826 Y-19.994
X70.893 Y-19.374
X70.919 Y-18.75
X70.904 Y-18.126
X70.847 Y-17.505
X70.749 Y-16.889
X70.607 Y-16.281
X70.42 Y-15.686
X70.196 Y-15.128
X70.158 Y-15.053
X70.117 Y-14.981
X70.067 Y-14.914
X70.01 Y-14.854
X69.778 Y-14.638
X69.695 Y-14.551
X69.564 Y-14.409
X69.464 Y-14.268
X69.371 Y-14.126
X69.211 Y-13.863
X68.987 Y-13.533
X68.802 Y-13.302
X68.603 Y-13.092
X68.389 Y-12.899
X68.182 Y-12.741
X67.975 Y-12.607
X67.792 Y-12.509
X67.622 Y-12.435
X67.441 Y-12.373
X67.286 Y-12.333
X67.125 Y-12.305
X67.104 Y-12.303
X66.887 Y-12.317
X66.684 Y-12.398
X66.516 Y-12.537
X66.399 Y-12.721
X66.158 Y-13.277
X66.045 Y-13.511
X66.033 Y-13.535
X66.013 Y-13.599 Z-6.471
X66.008 Y-13.666 Z-6.443
X66.017 Y-13.733 Z-6.414
X66.042 Y-13.795 Z-6.386
X66.079 Y-13.851 Z-6.357
X66.128 Y-13.897 Z-6.329
X66.186 Y-13.931 Z-6.3
X66.226 Y-13.945
X66.268 Y-13.954
X66.454 Y-13.979
X68.83 Y-14.297
X68.91 Y-14.308
X68.974 Y-14.309
X69.037 Y-14.297
X69.097 Y-14.272
X69.151 Y-14.232 Z-6.329
X69.195 Y-14.182 Z-6.357
X69.228 Y-14.123 Z-6.386
X69.246 Y-14.058 Z-6.414
X69.249 Y-13.991 Z-6.443
X69.237 Y-13.925 Z-6.471
X69.211 Y-13.863 Z-6.5
X68.855 Y-13.277
X68.602 Y-12.835
X68.51 Y-12.569
X68.454 Y-12.43
X68.384 Y-12.297
X68.299 Y-12.174
X68.202 Y-12.06
X68.094 Y-11.955
X67.977 Y-11.862
X67.85 Y-11.78
X67.718 Y-11.71
X67.579 Y-11.654
X67.524 Y-11.638
X67.321 Y-11.61
X67.118 Y-11.643
X66.933 Y-11.733
X66.783 Y-11.873
X66.679 Y-12.05
X66.585 Y-12.286
X66.517 Y-12.449
X66.399 Y-12.721
X66.382 Y-12.786 Z-6.471
X66.379 Y-12.853 Z-6.443
X66.391 Y-12.919 Z-6.414
X66.418 Y-12.981 Z-6.386
X66.458 Y-13.035 Z-6.357
X66.509 Y-13.079 Z-6.329
X66.568 Y-13.11 Z-6.3
X66.615 Y-13.124
X66.663 Y-13.131
X66.712 Y-13.129
X66.838 Y-13.115
X68.04 Y-12.98
X68.257 Y-12.955
X68.311 Y-12.944
X68.373 Y-12.917 Z-6.329
X68.427 Y-12.877 Z-6.357
X68.471 Y-12.826 Z-6.386
X68.502 Y-12.767 Z-6.414
X68.52 Y-12.702 Z-6.443
X68.522 Y-12.635 Z-6.471
X68.51 Y-12.569 Z-6.5
X68.461 Y-12.428
X68.419 Y-12.286
X68.261 Y-11.72
X68.213 Y-11.578
X68.138 Y-11.448
X68.044 Y-11.331
X67.933 Y-11.23
X67.809 Y-11.146
X67.784 Y-11.134
X67.581 Y-11.07
X67.368
X67.165 Y-11.134
X66.99 Y-11.256
X66.861 Y-11.424
X66.788 Y-11.625
X66.726 Y-11.932
X66.679 Y-12.05
X66.664 Y-12.116 Z-6.471
X66.663 Y-12.183 Z-6.443
X66.677 Y-12.248 Z-6.414
X66.706 Y-12.309 Z-6.386
X66.747 Y-12.362 Z-6.357
X66.8 Y-12.404 Z-6.329
X66.86 Y-12.434 Z-6.3
X66.927 Y-12.45
X66.996
X67.063 Y-12.434
X67.125 Y-12.412
X67.783 Y-12.176
X68.041 Y-12.084
X68.07 Y-12.073 Z-6.313
X68.127 Y-12.046 Z-6.34
X68.176 Y-12.008 Z-6.367
X68.217 Y-11.96 Z-6.393
X68.247 Y-11.905 Z-6.42
X68.264 Y-11.845 Z-6.447
X68.269 Y-11.782 Z-6.473
X68.261 Y-11.72 Z-6.5
X68.182 Y-11.437
X68.1 Y-11.115
X68.056 Y-10.972
X67.975 Y-10.845
X67.807 Y-10.72
X67.609 Y-10.655
X67.4
X67.201 Y-10.72
X67.033 Y-10.845
X66.913 Y-11.015
X66.852 Y-11.215
X66.821 Y-11.437
X66.801 Y-11.558
X66.788 Y-11.625
X66.784 Y-11.692 Z-6.471
X66.796 Y-11.758 Z-6.443
X66.822 Y-11.82 Z-6.414
X66.861 Y-11.874 Z-6.386
X66.912 Y-11.919 Z-6.357
X66.97 Y-11.951 Z-6.329
X67.035 Y-11.969 Z-6.3
X67.092 Y-11.973
X67.149 Y-11.966
X67.203 Y-11.948
X67.253 Y-11.921
X67.29 Y-11.895
X67.655 Y-11.646
X67.881 Y-11.492
X67.976 Y-11.427 Z-6.349
X68.022 Y-11.389 Z-6.374
X68.059 Y-11.342 Z-6.399
X68.086 Y-11.29 Z-6.424
X68.102 Y-11.233 Z-6.45
X68.107 Y-11.174 Z-6.475
X68.1 Y-11.115 Z-6.5
X68.079 Y-11.03
X68.058 Y-10.758
X68.04 Y-10.609
X67.974 Y-10.474
X67.877 Y-10.36
X67.689 Y-10.268
X67.482 Y-10.244
X67.279 Y-10.291
X67.103 Y-10.405
X66.976 Y-10.571
X66.913 Y-10.77
X66.852 Y-11.215
Y-11.282 Z-6.471
X66.868 Y-11.348 Z-6.443
X66.898 Y-11.408 Z-6.414
X66.94 Y-11.46 Z-6.386
X66.993 Y-11.501 Z-6.357
X67.054 Y-11.53 Z-6.329
X67.12 Y-11.544 Z-6.3
X67.177 Y-11.545
X67.233 Y-11.534
X67.287 Y-11.513
X67.335 Y-11.482
X67.37 Y-11.455
X67.581 Y-11.29
X67.796 Y-11.121
X67.943 Y-11.006 Z-6.379
X67.985 Y-10.967 Z-6.404
X68.018 Y-10.921 Z-6.428
X68.041 Y-10.869 Z-6.452
X68.055 Y-10.814 Z-6.476
X68.058 Y-10.758 Z-6.5
X68.047 Y-10.588
Y-10.368
X68.039 Y-10.218
X67.976 Y-10.082
X67.832 Y-9.958
X67.656 Y-9.887
X67.466 Y-9.878
X67.284 Y-9.932
X67.129 Y-10.041
X67.018 Y-10.196
X66.964 Y-10.378
X66.938 Y-10.588
X66.913 Y-10.77
X66.914 Y-10.837 Z-6.471
X66.929 Y-10.902 Z-6.443
X66.959 Y-10.962 Z-6.414
X67.001 Y-11.014 Z-6.386
X67.054 Y-11.056 Z-6.357
X67.115 Y-11.084 Z-6.329
X67.181 Y-11.098 Z-6.3
X67.24 Y-11.099
X67.298 Y-11.087
X67.353 Y-11.064
X67.403 Y-11.031
X67.43 Y-11.008
X67.559 Y-10.902
X67.77 Y-10.727
X67.938 Y-10.589 Z-6.392
X67.982 Y-10.544 Z-6.419
X68.016 Y-10.49 Z-6.446
X68.038 Y-10.431 Z-6.473
X68.047 Y-10.368 Z-6.5
Y-9.979
X68.039 Y-9.829
X67.97 Y-9.695
X67.823 Y-9.578
X67.646 Y-9.517
X67.458
X67.28 Y-9.581
X67.134 Y-9.699
X67.036 Y-9.859
X66.996 Y-10.043
X66.991 Y-10.163
X66.964 Y-10.378
X66.966 Y-10.443 Z-6.472
X66.984 Y-10.505 Z-6.445
X67.016 Y-10.561 Z-6.417
X67.061 Y-10.608 Z-6.39
X67.115 Y-10.643 Z-6.362
X67.176 Y-10.663 Z-6.335
X67.258 Y-10.675 Z-6.3
G3 X67.884 Y-10.412 R0.725
G1 X67.938 Y-10.335 Z-6.34
X67.983 Y-10.252 Z-6.38
X68.016 Y-10.164 Z-6.42
X68.037 Y-10.072 Z-6.46
X68.047 Y-9.979 Z-6.5
Y-9.626
X68.04 Y-9.476
X67.976 Y-9.34
X67.878 Y-9.227
X67.711 Y-9.148
X67.528 Y-9.126
X67.347 Y-9.164
X67.188 Y-9.257
X67.066 Y-9.396
X66.995 Y-9.567
X66.983 Y-9.751
X66.994 Y-9.88
X66.997 Y-10.021
X66.996 Y-10.043
X67.002 Y-10.103 Z-6.474
X67.023 Y-10.16 Z-6.449
X67.055 Y-10.21 Z-6.423
X67.099 Y-10.252 Z-6.397
X67.151 Y-10.282 Z-6.372
X67.209 Y-10.3 Z-6.346
X67.263 Y-10.307 Z-6.323
X67.317 Y-10.311 Z-6.3
G3 X67.88 Y-10.057 R0.713
G1 X67.936 Y-9.981 Z-6.34
X67.981 Y-9.898 Z-6.38
X68.015 Y-9.811 Z-6.42
X68.037 Y-9.719 Z-6.46
X68.047 Y-9.626 Z-6.5
X68.049 Y-9.314
X68.05 Y-9.271
X68.049 Y-9.121
X67.993 Y-8.982
X67.9 Y-8.864
X67.722 Y-8.768
X67.523 Y-8.738
X67.325 Y-8.775
X67.15 Y-8.875
X67.019 Y-9.029
X66.945 Y-9.217
X66.939 Y-9.418
X66.963 Y-9.597
X66.983 Y-9.751
X66.996 Y-9.808 Z-6.475
X67.023 Y-9.86 Z-6.45
X67.06 Y-9.905 Z-6.425
X67.106 Y-9.941 Z-6.401
X67.159 Y-9.965 Z-6.376
X67.216 Y-9.977 Z-6.351
X67.276 Y-9.98 Z-6.325
X67.336 Y-9.979 Z-6.3
G3 X67.878 Y-9.701 R0.765
G1 X67.934 Y-9.625 Z-6.34
X67.979 Y-9.543 Z-6.38
X68.014 Y-9.455 Z-6.42
X68.038 Y-9.364 Z-6.46
X68.05 Y-9.271 Z-6.5
X68.054 Y-9.172
X68.069 Y-9.031
X68.077 Y-8.982
X68.083 Y-8.954
X68.106 Y-8.806
X68.072 Y-8.66
X67.996 Y-8.53
X67.833 Y-8.411
X67.642 Y-8.348
X67.44 Y-8.346
X67.247 Y-8.407
X67.083 Y-8.523
X66.962 Y-8.685
X66.896 Y-8.876
X66.892 Y-9.077
X66.939 Y-9.418
X66.958 Y-9.483 Z-6.471
X66.99 Y-9.541 Z-6.443
X67.035 Y-9.591 Z-6.414
X67.09 Y-9.63 Z-6.386
X67.152 Y-9.655 Z-6.357
X67.218 Y-9.667 Z-6.329
X67.285 Y-9.663 Z-6.3
X67.338 Y-9.649
X67.387 Y-9.625
X67.431 Y-9.593
X67.514 Y-9.521
X67.565 Y-9.477
X67.772 Y-9.297
X67.988 Y-9.109 Z-6.422
X68.03 Y-9.064 Z-6.448
X68.062 Y-9.012 Z-6.474
X68.083 Y-8.954 Z-6.5
X68.096 Y-8.889
X68.13 Y-8.748
X68.17 Y-8.606
X68.203 Y-8.46
X68.175 Y-8.312
X68.11 Y-8.177
X68.015 Y-8.061
X67.9 Y-7.965
X67.769 Y-7.892
X67.761 Y-7.889
X67.561 Y-7.849
X67.357 Y-7.869
X67.168 Y-7.946
X67.009 Y-8.076
X66.894 Y-8.245
X66.834 Y-8.441
X66.832 Y-8.645
X66.892 Y-9.077
X66.911 Y-9.142 Z-6.471
X66.943 Y-9.2 Z-6.443
X66.988 Y-9.25 Z-6.414
X67.043 Y-9.289 Z-6.386
X67.105 Y-9.315 Z-6.357
X67.172 Y-9.326 Z-6.329
X67.239 Y-9.322 Z-6.3
X67.283 Y-9.31
X67.326 Y-9.292
X67.365 Y-9.268
X67.474 Y-9.188
X67.613 Y-9.086
X67.834 Y-8.924
X68.061 Y-8.757 Z-6.42
X68.108 Y-8.715 Z-6.446
X68.144 Y-8.664 Z-6.473
X68.17 Y-8.606 Z-6.5
X68.28 Y-8.21
X68.313 Y-8.064
X68.3 Y-7.914
X68.251 Y-7.773
X68.173 Y-7.644
X68.072 Y-7.534
X67.954 Y-7.441
X67.823 Y-7.369
X67.682 Y-7.318
X67.535 Y-7.286
X67.383 Y-7.277
X67.18 Y-7.32
X66.998 Y-7.42
X66.854 Y-7.57
X66.76 Y-7.755
X66.725 Y-7.96
X66.751 Y-8.166
X66.756 Y-8.181
X66.787 Y-8.323
X66.832 Y-8.645
X66.851 Y-8.71 Z-6.471
X66.884 Y-8.768 Z-6.443
X66.929 Y-8.818 Z-6.414
X66.984 Y-8.857 Z-6.386
X67.046 Y-8.882 Z-6.357
X67.112 Y-8.893 Z-6.329
X67.179 Y-8.889 Z-6.3
X67.227 Y-8.876
X67.272 Y-8.857
X67.426 Y-8.772
X67.686 Y-8.63
X67.926 Y-8.499
X68.138 Y-8.382 Z-6.403
X68.186 Y-8.35 Z-6.427
X68.226 Y-8.31 Z-6.451
X68.258 Y-8.263 Z-6.476
X68.28 Y-8.21 Z-6.5
X68.407 Y-7.757
X68.441 Y-7.611
X68.435 Y-7.461
X68.396 Y-7.316
X68.332 Y-7.18
X68.246 Y-7.057
X68.144 Y-6.947
X68.027 Y-6.853
X67.899 Y-6.776
X67.761 Y-6.715
X67.617 Y-6.674
X67.469 Y-6.65
X67.319 Y-6.643
X67.17 Y-6.656
X67.023 Y-6.686
X66.98 Y-6.7
X66.807 Y-6.785
X66.663 Y-6.914
X66.561 Y-7.078
X66.507 Y-7.263
X66.505 Y-7.456
X66.557 Y-7.642
X66.667 Y-7.898
X66.716 Y-8.04
X66.751 Y-8.166
X66.779 Y-8.227 Z-6.471
X66.819 Y-8.28 Z-6.443
X66.871 Y-8.324 Z-6.414
X66.93 Y-8.355 Z-6.386
X66.995 Y-8.371 Z-6.357
X67.062 Y-8.373 Z-6.329
X67.128 Y-8.36 Z-6.3
X67.143 Y-8.355
X67.384 Y-8.264
X67.783 Y-8.113
X68.04 Y-8.017
X68.227 Y-7.946 Z-6.385
X68.287 Y-7.916 Z-6.414
X68.339 Y-7.872 Z-6.443
X68.38 Y-7.818 Z-6.471
X68.407 Y-7.757 Z-6.5
X68.502 Y-7.421
X68.535 Y-7.332
X68.552 Y-7.289
X68.599 Y-7.147
X68.619 Y-6.998
X68.606 Y-6.849
X68.568 Y-6.704
X68.508 Y-6.567
X68.429 Y-6.439
X68.335 Y-6.322
X68.228 Y-6.217
X68.109 Y-6.125
X67.982 Y-6.045
X67.848 Y-5.979
X67.708 Y-5.925
X67.563 Y-5.886
X67.415 Y-5.861
X67.265 Y-5.85
X67.115 Y-5.854
X66.966 Y-5.872
X66.82 Y-5.904
X66.677 Y-5.951
X66.54 Y-6.011
X66.535 Y-6.014
X66.372 Y-6.14
X66.253 Y-6.307
X66.188 Y-6.503
X66.183 Y-6.708
X66.237 Y-6.906
X66.557 Y-7.642
X66.592 Y-7.7 Z-6.471
X66.639 Y-7.747 Z-6.443
X66.696 Y-7.784 Z-6.414
X66.76 Y-7.806 Z-6.385
X66.827 Y-7.814 Z-6.357
X66.828 Z-6.356
X66.862 Y-7.812 Z-6.342
X66.897 Y-7.806 Z-6.327
X66.958 Y-7.791 Z-6.3
X67.224 Y-7.728
X67.893 Y-7.57
X68.159 Y-7.507
X68.345 Y-7.463 Z-6.381
X68.398 Y-7.445 Z-6.405
X68.447 Y-7.417 Z-6.429
X68.49 Y-7.382 Z-6.453
X68.525 Y-7.338 Z-6.476
X68.552 Y-7.289 Z-6.5
X68.59 Y-7.191
X68.662 Y-7.049
X68.743 Y-6.908
X68.766 Y-6.868
X68.838 Y-6.736
X68.878 Y-6.592
X68.888 Y-6.442
X68.873 Y-6.293
X68.866 Y-6.137
X68.894 Y-5.984
X69.017 Y-5.697
X69.437 Y-5.235
X69.988 Y-4.943
X70.181 Y-4.886
X70.282 Y-4.847
X70.375 Y-4.793
X70.46 Y-4.726
X70.501 Y-4.674 Z-6.471
X70.53 Y-4.613 Z-6.443
X70.545 Y-4.548 Z-6.414
Y-4.481 Z-6.386
X70.53 Y-4.415 Z-6.357
X70.501 Y-4.355 Z-6.329
X70.459 Y-4.302 Z-6.3
G3 X70.23 Y-4.215 R0.3
X70.012 Y-4.328 R0.3
G1 X68.28 Y-6.518
G3 X68.219 Y-6.752 R0.3
X68.351 Y-6.955 R0.3
G1 X68.411 Y-6.985 Z-6.329
X68.476 Y-7.002 Z-6.357
X68.544 Y-7.003 Z-6.386
X68.609 Y-6.989 Z-6.414
X68.67 Y-6.961 Z-6.443
X68.724 Y-6.92 Z-6.471
X68.766 Y-6.868 Z-6.5
X69.345 Y-5.917
X69.531 Y-5.634
X69.778 Y-5.362
X70.7 Y-4.501
X70.913 Y-4.324
X71.063 Y-4.218
X71.196 Y-4.141
X71.763 Y-3.846
X72.047 Y-3.699
X72.472 Y-3.482
X72.614 Y-3.423
X72.756 Y-3.374
X72.897 Y-3.337
X73.079 Y-3.297
G3 X73.299 Y-2.935 R0.3
X73.092 Y-2.718 R0.3
G1 X73.028 Y-2.699 Z-6.492
X72.967 Y-2.681 Z-6.47
X72.912 Y-2.665 Z-6.435
X72.867 Y-2.652 Z-6.387
X72.832 Y-2.642 Z-6.33
X72.811 Y-2.636 Z-6.267
X72.804 Y-2.634 Z-6.2
G0 Z5.
X60.319 Y-2.626
Z-5.9
G1 Z-6.2 F1000.
X60.325 Y-2.631 Z-6.267
X60.342 Y-2.644 Z-6.33
X60.37 Y-2.667 Z-6.387
X60.408 Y-2.696 Z-6.435
X60.452 Y-2.732 Z-6.47
X60.502 Y-2.771 Z-6.492
X60.554 Y-2.812 Z-6.5
G3 X61.272 Y-3.132 R1.583
G1 X61.466 Y-3.158
X61.484 Y-3.161
X61.839 Y-3.277
X61.98 Y-3.324
X62.831 Y-3.627
X62.894 Y-3.652
X63.292 Y-3.825
X63.31 Y-3.836
X63.438 Y-3.914
X63.661 Y-4.017
X63.954 Y-4.124
X64.104 Y-4.165
X64.18 Y-4.184
X64.332 Y-4.219
X64.472 Y-4.287
X64.594 Y-4.384
X64.692 Y-4.506
X64.828 Y-4.787
X64.851 Y-4.891
X64.893 Y-4.989
X64.954 Y-5.076
X65.005 Y-5.12 Z-6.471
X65.064 Y-5.152 Z-6.443
X65.129 Y-5.17 Z-6.414
X65.196 Y-5.173 Z-6.386
X65.262 Y-5.161 Z-6.357
X65.324 Y-5.134 Z-6.329
X65.378 Y-5.095 Z-6.3
G3 X65.397 Y-4.671 R0.3
X65.357 Y-4.634 R0.3
G1 X63.668 Y-3.355
G3 X63.443 Y-3.297 R0.3
X63.245 Y-3.417 R0.3
G1 X63.211 Y-3.475 Z-6.329
X63.192 Y-3.539 Z-6.357
X63.187 Y-3.606 Z-6.386
X63.197 Y-3.673 Z-6.414
X63.222 Y-3.735 Z-6.443
X63.26 Y-3.79 Z-6.471
X63.31 Y-3.836 Z-6.5
X63.682 Y-4.089
X63.867 Y-4.218
X64.532 Y-4.689
X64.661 Y-4.784
X64.816 Y-4.926
X64.947 Y-5.068
X65.066 Y-5.209
X65.757 Y-6.058
X65.808 Y-6.125
X65.961 Y-6.341
X66.047 Y-6.483
X66.092 Y-6.578
X66.237 Y-6.906
G3 X66.638 Y-7.046 R0.3
X66.806 Y-6.798 R0.3
G1 X66.811 Y-6.732 Z-6.492
X66.816 Y-6.668 Z-6.47
X66.82 Y-6.612 Z-6.435
X66.824 Y-6.564 Z-6.387
X66.826 Y-6.529 Z-6.33
X66.828 Y-6.506 Z-6.267
Y-6.499 Z-6.2
G0 Z5.
X75.552 Y-2.545
Z-5.9
G1 Z-6.2 F1000.
X75.557 Y-2.55 Z-6.267
X75.573 Y-2.566 Z-6.33
X75.598 Y-2.591 Z-6.387
X75.632 Y-2.624 Z-6.435
X75.672 Y-2.664 Z-6.47
X75.717 Y-2.709 Z-6.492
X75.765 Y-2.756 Z-6.5
G3 X76.442 Y-3.153 R1.583
G1 X76.584 Y-3.189
X77.009 Y-3.335
X77.903 Y-3.652
X78.002 Y-3.69
X78.143 Y-3.748
X78.285 Y-3.821
X78.328 Y-3.848
X78.458 Y-3.923
X78.683 Y-4.025
X78.981 Y-4.132
X79.389 Y-4.243
X80.002 Y-4.358
X80.622 Y-4.423
X81.245 Y-4.461
X81.869 Y-4.482
X82.493 Y-4.495
X83.117 Y-4.502
X83.741 Y-4.506
X84.364 Y-4.509
X85.43 Y-4.511
X85.586 Y-4.493
X85.734 Y-4.442
X85.867 Y-4.358
X85.941 Y-4.299
X86.083 Y-4.209
X86.225 Y-4.125
X87.137 Y-3.652
X87.501 Y-3.473
X87.643 Y-3.41
X87.784 Y-3.368
X87.926 Y-3.332
X88.079 Y-3.297
G3 X88.299 Y-2.935 R0.3
X88.092 Y-2.718 R0.3
G1 X88.028 Y-2.699 Z-6.492
X87.967 Y-2.681 Z-6.47
X87.912 Y-2.665 Z-6.435
X87.867 Y-2.652 Z-6.387
X87.832 Y-2.642 Z-6.33
X87.811 Y-2.636 Z-6.267
X87.804 Y-2.634 Z-6.2
G0 Z5.
X77.677 Y-2.989
Z-5.9
G1 Z-6.2 F1000.
X77.68 Y-2.995 Z-6.267
X77.69 Y-3.015 Z-6.33
X77.706 Y-3.047 Z-6.387
X77.728 Y-3.09 Z-6.435
X77.753 Y-3.14 Z-6.47
X77.782 Y-3.197 Z-6.492
X77.812 Y-3.257 Z-6.5
G3 X78.328 Y-3.848 R1.583
G1 X78.427 Y-3.912
X78.867 Y-4.218
X79.468 Y-4.643
X79.561 Y-4.709
X79.66 Y-4.784
X79.703 Y-4.819
X79.819 Y-4.914
X79.99 Y-5.02
X80.198 Y-5.127
X80.473 Y-5.241
X80.83 Y-5.357
X81.335 Y-5.477
X81.951 Y-5.572
X82.573 Y-5.629
X83.196 Y-5.662
X83.819 Y-5.682
X84.164 Y-5.689
X84.356 Y-5.666
X84.535 Y-5.591
X84.686 Y-5.47
X84.807 Y-5.342
X84.949 Y-5.203
X85.701 Y-4.501
X85.799 Y-4.412
X85.867 Y-4.358
X85.913 Y-4.309 Z-6.471
X85.946 Y-4.251 Z-6.443
X85.966 Y-4.187 Z-6.414
X85.972 Y-4.12 Z-6.386
X85.962 Y-4.054 Z-6.357
X85.938 Y-3.991 Z-6.329
X85.9 Y-3.936 Z-6.3
G3 X85.647 Y-3.831 R0.3
G1 X79.976 Y-4.312
X79.899 Y-4.318
X79.835 Y-4.331
X79.775 Y-4.357
X79.722 Y-4.396
X79.678 Y-4.446 Z-6.329
X79.646 Y-4.505 Z-6.357
X79.628 Y-4.57 Z-6.386
X79.625 Y-4.637 Z-6.414
X79.637 Y-4.703 Z-6.443
X79.663 Y-4.765 Z-6.471
X79.703 Y-4.819 Z-6.5
X79.807 Y-4.926
X79.986 Y-5.119
X80.066 Y-5.209
X80.412 Y-5.634
X80.541 Y-5.777
X80.652 Y-5.883
X80.791 Y-5.994
X80.952 Y-6.104
X81.163 Y-6.223
X81.422 Y-6.344
X81.762 Y-6.47
X82.208 Y-6.596
X82.82 Y-6.717
X83.257 Y-6.769
X83.404 Y-6.774
X83.588 Y-6.756
X83.762 Y-6.691
X83.912 Y-6.582
X84.028 Y-6.438
X84.409 Y-5.812
X84.432 Y-5.775
X84.531 Y-5.634
X84.686 Y-5.47
X84.724 Y-5.415 Z-6.471
X84.75 Y-5.352 Z-6.443
X84.76 Y-5.286 Z-6.414
X84.756 Y-5.219 Z-6.386
X84.737 Y-5.155 Z-6.357
X84.704 Y-5.096 Z-6.329
X84.659 Y-5.046 Z-6.3
X84.613 Y-5.013
X84.56 Y-4.988
X84.504 Y-4.975
X84.447 Y-4.972
X84.404 Y-4.974
X80.73 Y-5.149
X80.637 Y-5.153
X80.577 Y-5.162
X80.521 Y-5.182
X80.47 Y-5.214
X80.421 Y-5.26 Z-6.329
X80.384 Y-5.316 Z-6.357
X80.36 Y-5.379 Z-6.386
X80.351 Y-5.445 Z-6.414
X80.357 Y-5.512 Z-6.443
X80.377 Y-5.576 Z-6.471
X80.412 Y-5.634 Z-6.5
X80.757 Y-6.058
X80.837 Y-6.162
X80.865 Y-6.2
X80.965 Y-6.341
X81.046 Y-6.483
X81.066 Y-6.526
X81.138 Y-6.658
X81.225 Y-6.779
X81.325 Y-6.892
X81.447 Y-7.008
X81.6 Y-7.132
X81.773 Y-7.249
X81.99 Y-7.373
X82.213 Y-7.477
X82.426 Y-7.556
X82.629 Y-7.614
X82.805 Y-7.649
X82.847 Y-7.654
X83.076 Y-7.643
X83.289 Y-7.559
X83.463 Y-7.41
X83.58 Y-7.213
X83.589 Y-7.191
X83.673 Y-7.027
X83.743 Y-6.908
X84.028 Y-6.438
X84.054 Y-6.376 Z-6.471
X84.066 Y-6.31 Z-6.443
X84.062 Y-6.243 Z-6.414
X84.044 Y-6.179 Z-6.386
X84.012 Y-6.12 Z-6.357
X83.968 Y-6.069 Z-6.329
X83.913 Y-6.03 Z-6.3
X83.862 Y-6.007
X83.808 Y-5.994
X83.752 Y-5.992
X83.646 Y-5.997
X81.491 Y-6.098
X81.327 Y-6.106
X81.273 Y-6.114
X81.221 Y-6.131
X81.163 Y-6.165 Z-6.329
X81.113 Y-6.21 Z-6.357
X81.076 Y-6.266 Z-6.386
X81.051 Y-6.328 Z-6.414
X81.041 Y-6.395 Z-6.443
X81.046 Y-6.462 Z-6.471
X81.066 Y-6.526 Z-6.5
X81.113 Y-6.625
X81.361 Y-7.191
X81.484 Y-7.474
X81.55 Y-7.608
X81.629 Y-7.736
X81.722 Y-7.854
X81.826 Y-7.962
X81.939 Y-8.06
X82.062 Y-8.146
X82.192 Y-8.221
X82.328 Y-8.284
X82.47 Y-8.332
X82.547 Y-8.35
X82.759 Y-8.366
X82.966 Y-8.317
X83.149 Y-8.209
X83.291 Y-8.051
X83.379 Y-7.858
X83.487 Y-7.474
X83.534 Y-7.332
X83.58 Y-7.213
X83.595 Y-7.148 Z-6.471
Y-7.08 Z-6.443
X83.58 Y-7.015 Z-6.414
X83.551 Y-6.954 Z-6.386
X83.51 Y-6.902 Z-6.357
X83.457 Y-6.86 Z-6.329
X83.397 Y-6.831 Z-6.3
X83.348 Y-6.818
X83.299 Y-6.814
X83.249 Y-6.818
X83.127 Y-6.838
X81.921 Y-7.034
X81.715 Y-7.068
X81.653 Y-7.085
X81.594 Y-7.116 Z-6.329
X81.543 Y-7.16 Z-6.357
X81.503 Y-7.214 Z-6.386
X81.476 Y-7.276 Z-6.414
X81.464 Y-7.342 Z-6.443
X81.466 Y-7.409 Z-6.471
X81.484 Y-7.474 Z-6.5
X81.667 Y-7.898
X81.716 Y-8.04
X81.756 Y-8.181
X81.765 Y-8.224
X81.805 Y-8.369
X81.874 Y-8.502
X81.965 Y-8.621
X82.072 Y-8.726
X82.194 Y-8.814
X82.225 Y-8.831
X82.421 Y-8.9
X82.628 Y-8.908
X82.829 Y-8.855
X83.005 Y-8.746
X83.142 Y-8.59
X83.227 Y-8.401
X83.379 Y-7.858
X83.388 Y-7.791 Z-6.471
X83.381 Y-7.724 Z-6.443
X83.36 Y-7.66 Z-6.414
X83.325 Y-7.603 Z-6.386
X83.278 Y-7.555 Z-6.357
X83.222 Y-7.518 Z-6.329
X83.159 Y-7.495 Z-6.3
X83.1 Y-7.487
X83.041 Y-7.49
X82.983 Y-7.505
X82.894 Y-7.538
X82.26 Y-7.775
X82.004 Y-7.87
X81.955 Y-7.888 Z-6.322
X81.902 Y-7.915 Z-6.347
X81.854 Y-7.951 Z-6.373
X81.815 Y-7.996 Z-6.398
X81.786 Y-8.048 Z-6.424
X81.767 Y-8.105 Z-6.449
X81.76 Y-8.165 Z-6.475
X81.765 Y-8.224 Z-6.5
X81.787 Y-8.323
X81.853 Y-8.79
X81.88 Y-8.938
X81.946 Y-9.073
X82.103 Y-9.215
X82.298 Y-9.301
X82.509 Y-9.322
X82.716 Y-9.275
X82.898 Y-9.165
X83.036 Y-9.003
X83.116 Y-8.807
X83.13 Y-8.748
X83.227 Y-8.401
X83.235 Y-8.334 Z-6.471
X83.229 Y-8.267 Z-6.443
X83.207 Y-8.204 Z-6.414
X83.172 Y-8.146 Z-6.386
X83.126 Y-8.098 Z-6.357
X83.069 Y-8.062 Z-6.329
X83.006 Y-8.039 Z-6.3
X82.951 Y-8.031
X82.896 Y-8.033
X82.842 Y-8.045
X82.791 Y-8.067
X82.746 Y-8.092
X82.352 Y-8.308
X82.112 Y-8.439
X82.007 Y-8.497 Z-6.351
X81.958 Y-8.53 Z-6.376
X81.917 Y-8.571 Z-6.4
X81.885 Y-8.62 Z-6.425
X81.863 Y-8.674 Z-6.45
X81.852 Y-8.732 Z-6.475
X81.853 Y-8.79 Z-6.5
X81.916 Y-9.25
X81.944 Y-9.397
X82.019 Y-9.527
X82.124 Y-9.634
X82.138 Y-9.644
X82.329 Y-9.727
X82.536 Y-9.739
X82.735 Y-9.678
X82.9 Y-9.552
X83.01 Y-9.376
X83.053 Y-9.172
X83.073 Y-9.031
X83.106 Y-8.853
X83.116 Y-8.807
X83.122 Y-8.74 Z-6.471
X83.112 Y-8.673 Z-6.443
X83.088 Y-8.611 Z-6.414
X83.05 Y-8.555 Z-6.386
X83.001 Y-8.509 Z-6.357
X82.943 Y-8.475 Z-6.329
X82.879 Y-8.455 Z-6.3
X82.816 Y-8.449
X82.753 Y-8.457
X82.692 Y-8.479
X82.638 Y-8.512
X82.624 Y-8.523
X82.379 Y-8.713
X82.163 Y-8.88
X82.031 Y-8.982 Z-6.371
X81.987 Y-9.024 Z-6.397
X81.952 Y-9.074 Z-6.423
X81.928 Y-9.13 Z-6.448
X81.916 Y-9.189 Z-6.474
Y-9.25 Z-6.5
X81.977 Y-9.701
X82.005 Y-9.848
X82.088 Y-9.973
X82.247 Y-10.073
X82.43 Y-10.115
X82.617 Y-10.097
X82.789 Y-10.02
X82.926 Y-9.892
X83.016 Y-9.727
X83.047 Y-9.542
X83.049 Y-9.314
X83.053 Y-9.172
X83.046 Y-9.115 Z-6.476
X83.029 Y-9.06 Z-6.451
X83. Y-9.01 Z-6.427
X82.962 Y-8.967 Z-6.402
X82.916 Y-8.933 Z-6.378
X82.864 Y-8.909 Z-6.353
X82.808 Y-8.896 Z-6.329
X82.74 Y-8.89 Z-6.3
G3 X82.079 Y-9.249 R0.74
G1 X82.036 Y-9.333 Z-6.34
X82.004 Y-9.421 Z-6.38
X81.983 Y-9.513 Z-6.42
X81.974 Y-9.607 Z-6.46
X81.977 Y-9.701 Z-6.5
X81.982 Y-9.738
X81.99 Y-9.88
X81.993 Y-10.021
X82. Y-10.171
X82.069 Y-10.305
X82.172 Y-10.413
X82.359 Y-10.49
X82.56 Y-10.497
X82.751 Y-10.433
X82.908 Y-10.306
X83.011 Y-10.133
X83.047 Y-9.935
Y-9.542
X83.038 Y-9.479 Z-6.473
X83.013 Y-9.42 Z-6.446
X82.975 Y-9.369 Z-6.419
X82.926 Y-9.329 Z-6.392
X82.869 Y-9.302 Z-6.365
X82.806 Y-9.29 Z-6.338
X82.717 Y-9.289 Z-6.3
G3 X82.15 Y-9.585 R0.761
G1 X82.098 Y-9.663 Z-6.34
X82.055 Y-9.747 Z-6.38
X82.023 Y-9.836 Z-6.42
X82.002 Y-9.928 Z-6.46
X81.993 Y-10.021 Z-6.5
Y-10.163
X81.971 Y-10.339
X81.959 Y-10.489
X82.008 Y-10.631
X82.096 Y-10.752
X82.257 Y-10.846
X82.44 Y-10.884
X82.626 Y-10.862
X82.795 Y-10.783
X82.93 Y-10.653
X83.017 Y-10.488
X83.047 Y-10.304
Y-9.935
X83.037 Y-9.876 Z-6.475
X83.015 Y-9.821 Z-6.449
X82.979 Y-9.773 Z-6.424
X82.934 Y-9.734 Z-6.398
X82.881 Y-9.707 Z-6.373
X82.822 Y-9.694 Z-6.348
X82.766 Y-9.69 Z-6.324
X82.71 Z-6.3
G3 X82.182 Y-9.926 R0.78
G1 X82.12 Y-9.997 Z-6.34
X82.068 Y-10.075 Z-6.38
X82.025 Y-10.159 Z-6.42
X81.993 Y-10.248 Z-6.46
X81.971 Y-10.339 Z-6.5
X81.923 Y-10.7
X81.91 Y-10.85
X81.956 Y-10.993
X82.039 Y-11.117
X82.208 Y-11.227
X82.403 Y-11.275
X82.604 Y-11.256
X82.786 Y-11.172
X82.931 Y-11.032
X83.022 Y-10.853
X83.049 Y-10.653
X83.047 Y-10.588
Y-10.304
X83.038 Y-10.244 Z-6.474
X83.015 Y-10.188 Z-6.449
X82.981 Y-10.139 Z-6.423
X82.936 Y-10.098 Z-6.397
X82.883 Y-10.069 Z-6.372
X82.824 Y-10.053 Z-6.346
X82.717 Y-10.044 Z-6.3
G3 X82.132 Y-10.287 R0.792
G1 X82.071 Y-10.358 Z-6.34
X82.019 Y-10.436 Z-6.38
X81.976 Y-10.52 Z-6.42
X81.944 Y-10.609 Z-6.46
X81.923 Y-10.7 Z-6.5
X81.869 Y-11.09
X81.856 Y-11.24
X81.903 Y-11.382
X81.986 Y-11.507
X82.148 Y-11.619
X82.336 Y-11.677
X82.533 Y-11.676
X82.72 Y-11.615
X82.88 Y-11.5
X82.998 Y-11.343
X83.063 Y-11.157
X83.068 Y-10.96
G3 X82.941 Y-10.76 R0.3
X82.708 Y-10.715 R0.3
G1 X82.521 Y-10.756
X82.1 Y-10.848
G3 X81.869 Y-11.09 R0.3
G1 X81.821 Y-11.437
X81.814 Y-11.48
X81.796 Y-11.629
X81.839 Y-11.772
X81.919 Y-11.899
X82.023 Y-12.007
X82.148 Y-12.091
X82.284 Y-12.153
X82.299 Y-12.156
X82.504 Y-12.177
X82.706 Y-12.137
X82.888 Y-12.039
X83.033 Y-11.894
X83.13 Y-11.712
X83.169 Y-11.509
X83.148 Y-11.304
X83.085 Y-11.051
X83.075 Y-11.012
X83.068 Y-10.96
X83.05 Y-10.895 Z-6.471
X83.018 Y-10.836 Z-6.443
X82.974 Y-10.786 Z-6.414
X82.92 Y-10.746 Z-6.386
X82.858 Y-10.72 Z-6.357
X82.792 Y-10.708 Z-6.329
X82.725 Y-10.711 Z-6.3
X82.675 Y-10.724
X82.627 Y-10.745
X82.584 Y-10.774
X82.492 Y-10.848
X82.339 Y-10.97
X82.126 Y-11.141
X81.92 Y-11.307 Z-6.412
X81.872 Y-11.356 Z-6.441
X81.836 Y-11.414 Z-6.471
X81.814 Y-11.48 Z-6.5
X81.797 Y-11.578
X81.74 Y-11.861
X81.718 Y-12.01
X81.741 Y-12.158
X81.798 Y-12.297
X81.884 Y-12.42
X81.992 Y-12.524
X82.116 Y-12.609
X82.251 Y-12.673
X82.395 Y-12.714
X82.544 Y-12.736
X82.694
X82.711 Y-12.734
X82.904 Y-12.681
X83.074 Y-12.575
X83.207 Y-12.426
X83.292 Y-12.246
X83.323 Y-12.049
X83.297 Y-11.851
X83.221 Y-11.578
X83.182 Y-11.437
X83.148 Y-11.304
X83.122 Y-11.242 Z-6.471
X83.083 Y-11.188 Z-6.443
X83.033 Y-11.143 Z-6.414
X82.974 Y-11.111 Z-6.386
X82.91 Y-11.093 Z-6.357
X82.843 Y-11.089 Z-6.329
X82.776 Y-11.101 Z-6.3
X82.735 Y-11.116
X82.696 Y-11.138
X82.541 Y-11.239
X82.301 Y-11.396
X82.072 Y-11.546
X81.868 Y-11.679 Z-6.403
X81.824 Y-11.715 Z-6.427
X81.787 Y-11.758 Z-6.452
X81.759 Y-11.808 Z-6.476
X81.74 Y-11.861 Z-6.5
X81.726 Y-11.932
X81.61 Y-12.222
X81.562 Y-12.364
X81.56 Y-12.514
X81.592 Y-12.661
X81.651 Y-12.799
X81.731 Y-12.925
X81.829 Y-13.039
X81.942 Y-13.138
X82.066 Y-13.222
X82.201 Y-13.288
X82.342 Y-13.338
X82.489 Y-13.37
X82.638 Y-13.385
X82.788 Y-13.382
X82.937 Y-13.361
X82.975 Y-13.351
X83.18 Y-13.262
X83.346 Y-13.112
X83.457 Y-12.918
X83.501 Y-12.699
X83.474 Y-12.477
X83.34 Y-12.003
X83.297 Y-11.851
X83.27 Y-11.789 Z-6.471
X83.23 Y-11.736 Z-6.443
X83.178 Y-11.692 Z-6.414
X83.119 Y-11.661 Z-6.386
X83.054 Y-11.645 Z-6.357
X82.987 Y-11.643 Z-6.329
X82.921 Y-11.656 Z-6.3
X82.911 Y-11.659
X82.663 Y-11.747
X82.256 Y-11.893
X81.998 Y-11.985
X81.784 Y-12.061 Z-6.396
X81.729 Y-12.087 Z-6.422
X81.681 Y-12.124 Z-6.448
X81.641 Y-12.169 Z-6.474
X81.61 Y-12.222 Z-6.5
X81.546 Y-12.383
X81.417 Y-12.681
X81.364 Y-12.821
X81.352 Y-12.971
X81.37 Y-13.12
X81.412 Y-13.264
X81.475 Y-13.4
X81.556 Y-13.526
X81.651 Y-13.642
X81.759 Y-13.746
X81.878 Y-13.838
X82.005 Y-13.918
X82.139 Y-13.984
X82.279 Y-14.038
X82.424 Y-14.076
X82.572 Y-14.101
X82.722 Y-14.112
X82.872 Y-14.107
X83.021 Y-14.087
X83.167 Y-14.053
X83.308 Y-14.003
X83.379 Y-13.97
X83.569 Y-13.839
X83.706 Y-13.654
X83.775 Y-13.435
X83.77 Y-13.205
X83.69 Y-12.989
X83.612 Y-12.852
X83.551 Y-12.711
X83.531 Y-12.659
X83.5 Y-12.569
X83.474 Y-12.477
X83.449 Y-12.422 Z-6.474
X83.414 Y-12.373 Z-6.449
X83.37 Y-12.332 Z-6.423
X83.318 Y-12.3 Z-6.397
X83.261 Y-12.28 Z-6.372
X83.202 Y-12.271 Z-6.346
X83.141 Y-12.274 Z-6.32
X83.094 Y-12.282 Z-6.3
X82.824 Y-12.325
X82.089 Y-12.442
X81.819 Y-12.485
X81.64 Y-12.514 Z-6.377
X81.584 Y-12.528 Z-6.401
X81.532 Y-12.553 Z-6.426
X81.485 Y-12.588 Z-6.451
X81.446 Y-12.631 Z-6.475
X81.417 Y-12.681 Z-6.5
X81.185 Y-13.213
X81.133 Y-13.354
X81.116 Y-13.503
X81.126 Y-13.652
X81.158 Y-13.799
X81.21 Y-13.94
X81.277 Y-14.074
X81.359 Y-14.199
X81.454 Y-14.316
X81.559 Y-14.422
X81.674 Y-14.519
X81.796 Y-14.606
X81.926 Y-14.681
X82.066 Y-14.748
X82.212 Y-14.804
X82.361 Y-14.848
X82.521 Y-14.881
X82.678 Y-14.901
X82.828 Y-14.908
X82.992 Y-14.902
X83.142 Y-14.884
X83.289 Y-14.854
X83.432 Y-14.811
X83.572 Y-14.756
X83.706 Y-14.689
X83.834 Y-14.611
X83.902 Y-14.559
X84.044 Y-14.412
X84.138 Y-14.231
X84.176 Y-14.03
X84.154 Y-13.827
X84.075 Y-13.639
X83.855 Y-13.277
X83.69 Y-12.989
X83.649 Y-12.936 Z-6.472
X83.597 Y-12.894 Z-6.443
X83.537 Y-12.865 Z-6.415
X83.472 Y-12.849 Z-6.386
X83.405 Y-12.848 Z-6.358
X83.269 Y-12.862 Z-6.3
X82.997 Y-12.888
X81.861 Y-13.001
X81.589 Y-13.028
X81.427 Y-13.044 Z-6.369
X81.366 Y-13.056 Z-6.395
X81.31 Y-13.08 Z-6.421
X81.259 Y-13.116 Z-6.448
X81.217 Y-13.161 Z-6.474
X81.185 Y-13.213 Z-6.5
X81.095 Y-13.418
X81.018 Y-13.56
X80.937 Y-13.701
X80.862 Y-13.831
X80.827 Y-13.977
X80.819 Y-14.127
X80.832 Y-14.277
X80.864 Y-14.423
X80.913 Y-14.565
X80.976 Y-14.701
X81.052 Y-14.83
X81.139 Y-14.952
X81.238 Y-15.068
X81.351 Y-15.181
X81.477 Y-15.288
X81.615 Y-15.388
X81.767 Y-15.48
X81.933 Y-15.562
X82.109 Y-15.633
X82.294 Y-15.691
X82.483 Y-15.733
X82.676 Y-15.761
X82.874 Y-15.773
X83.073 Y-15.769
X83.271 Y-15.75
X83.456 Y-15.716
X83.63 Y-15.67
X83.802 Y-15.609
X83.942 Y-15.546
X84.081 Y-15.47
X84.214 Y-15.383
X84.332 Y-15.291
X84.443 Y-15.187
X84.55 Y-15.031
X84.611 Y-14.852
X84.622 Y-14.662
X84.582 Y-14.477
X84.493 Y-14.31
X84.463 Y-14.268
X84.382 Y-14.144
X84.075 Y-13.639
X84.036 Y-13.591 Z-6.474
X83.989 Y-13.553 Z-6.448
X83.934 Y-13.525 Z-6.422
X83.875 Y-13.508 Z-6.396
X83.814 Y-13.504 Z-6.37
X83.65 Y-13.509 Z-6.3
X83.376 Y-13.518
X81.647 Y-13.574
X81.373 Y-13.582
X81.161 Y-13.589 Z-6.39
X81.097 Y-13.598 Z-6.418
X81.037 Y-13.621 Z-6.445
X80.982 Y-13.656 Z-6.473
X80.937 Y-13.701 Z-6.5
X80.831 Y-13.843
X80.625 Y-14.104
X80.538 Y-14.226
X80.478 Y-14.363
X80.443 Y-14.509
X80.43 Y-14.659
X80.436 Y-14.809
X80.459 Y-14.957
X80.496 Y-15.102
X80.547 Y-15.243
X80.611 Y-15.381
X80.688 Y-15.518
X80.78 Y-15.655
X80.892 Y-15.794
X81.021 Y-15.932
X81.165 Y-16.062
X81.325 Y-16.185
X81.503 Y-16.301
X81.699 Y-16.406
X81.909 Y-16.499
X82.131 Y-16.576
X82.363 Y-16.636
X82.603 Y-16.678
X82.847 Y-16.701
X83.093 Y-16.704
X83.336 Y-16.687
X83.575 Y-16.652
X83.808 Y-16.598
X84.031 Y-16.526
X84.223 Y-16.448
X84.399 Y-16.359
X84.557 Y-16.262
X84.687 Y-16.167
X84.818 Y-16.054
X84.926 Y-15.945
X85.023 Y-15.83
X85.113 Y-15.703
X85.187 Y-15.528
X85.211 Y-15.341
X85.184 Y-15.154
X85.108 Y-14.981
X84.989 Y-14.834
X84.807 Y-14.664
X84.695 Y-14.551
X84.565 Y-14.409
X84.493 Y-14.31
X84.449 Y-14.263 Z-6.473
X84.396 Y-14.227 Z-6.445
X84.336 Y-14.204 Z-6.418
X84.273 Y-14.193 Z-6.391
X84.059 Y-14.181 Z-6.3
X83.786 Y-14.165
X81.338 Y-14.026
X81.065 Y-14.01
X80.87 Y-13.999 Z-6.383
X80.801 Y-14.003 Z-6.412
X80.735 Y-14.023 Z-6.441
X80.675 Y-14.057 Z-6.471
X80.625 Y-14.104 Z-6.5
X80.262 Y-14.551
X80.198 Y-14.629
X80.108 Y-14.749
X80.046 Y-14.886
X80.006 Y-15.03
X79.985 Y-15.179
X79.981 Y-15.328
X79.992 Y-15.478
X80.018 Y-15.626
X80.057 Y-15.773
X80.111 Y-15.927
X80.179 Y-16.081
X80.267 Y-16.242
X80.375 Y-16.408
X80.499 Y-16.568
X80.646 Y-16.728
X80.815 Y-16.886
X81.007 Y-17.038
X81.216 Y-17.178
X81.442 Y-17.305
X81.69 Y-17.418
X81.955 Y-17.515
X82.235 Y-17.592
X82.526 Y-17.647
X82.825 Y-17.679
X83.128 Y-17.688
X83.428 Y-17.672
X83.721 Y-17.633
X84.004 Y-17.571
X84.271 Y-17.49
X84.526 Y-17.39
X84.764 Y-17.274
X84.984 Y-17.144
X85.167 Y-17.014
X85.328 Y-16.88
X85.466 Y-16.744
X85.576 Y-16.618
X85.682 Y-16.473
X85.764 Y-16.341
X85.794 Y-16.282
X85.864 Y-16.067
X85.861 Y-15.842
X85.787 Y-15.629
X85.649 Y-15.451
X84.989 Y-14.834
X84.934 Y-14.796 Z-6.472
X84.873 Y-14.772 Z-6.444
X84.808 Y-14.761 Z-6.416
X84.536 Y-14.746 Z-6.3
X84.263 Y-14.732
X80.912 Y-14.553
X80.639 Y-14.538
X80.438 Y-14.528 Z-6.385
X80.371 Y-14.532 Z-6.414
X80.306 Y-14.551 Z-6.443
X80.248 Y-14.583 Z-6.471
X80.198 Y-14.629 Z-6.5
X80.128 Y-14.712
X79.845 Y-15.042
X79.776 Y-15.117
X79.674 Y-15.227
X79.598 Y-15.356
X79.542 Y-15.495
X79.505 Y-15.641
X79.484 Y-15.789
X79.479 Y-15.939
X79.488 Y-16.089
X79.509 Y-16.243
X79.545 Y-16.402
X79.6 Y-16.576
X79.671 Y-16.752
X79.761 Y-16.933
X79.876 Y-17.123
X80.013 Y-17.313
X80.169 Y-17.497
X80.354 Y-17.682
X80.566 Y-17.864
X80.805 Y-18.036
X81.063 Y-18.193
X81.344 Y-18.333
X81.649 Y-18.457
X81.975 Y-18.56
X82.318 Y-18.638
X82.671 Y-18.689
X83.031 Y-18.712
X83.392 Y-18.705
X83.751 Y-18.67
X84.102 Y-18.607
X84.444 Y-18.517
X84.767 Y-18.403
X85.069 Y-18.269
X85.346 Y-18.118
X85.594 Y-17.955
X85.818 Y-17.782
X85.999 Y-17.616
X86.158 Y-17.446
X86.289 Y-17.281
X86.384 Y-17.138
X86.475 Y-16.976
X86.546 Y-16.819
X86.574 Y-16.743
X86.615 Y-16.546
X86.598 Y-16.346
X86.525 Y-16.158
X86.402 Y-16.
X86.238 Y-15.882
X86.225 Y-15.875
X86.137 Y-15.825
X86.083 Y-15.792
X85.941 Y-15.698
X85.799 Y-15.588
X85.746 Y-15.542
X85.649 Y-15.451
X85.595 Y-15.414 Z-6.472
X85.535 Y-15.389 Z-6.444
X85.47 Y-15.378 Z-6.416
X85.197 Y-15.362 Z-6.3
X84.923 Y-15.346
X80.506 Y-15.086
X80.232 Y-15.07
X79.977 Y-15.055 Z-6.409
X79.923 Y-15.056 Z-6.431
X79.871 Y-15.068 Z-6.454
X79.821 Y-15.088 Z-6.477
X79.776 Y-15.117 Z-6.5
X79.703 Y-15.177
X79.334 Y-15.45
X79.217 Y-15.545
X79.119 Y-15.658
X79.039 Y-15.786
X78.978 Y-15.922
X78.932 Y-16.065
X78.902 Y-16.212
X78.885 Y-16.361
X78.881 Y-16.518
X78.889 Y-16.684
X78.913 Y-16.859
X78.955 Y-17.051
X79.014 Y-17.246
X79.094 Y-17.45
X79.201 Y-17.666
X79.331 Y-17.886
X79.484 Y-18.102
X79.669 Y-18.323
X79.885 Y-18.543
X80.132 Y-18.756
X80.4 Y-18.953
X80.7 Y-19.139
X81.032 Y-19.308
X81.392 Y-19.457
X81.776 Y-19.581
X82.179 Y-19.676
X82.596 Y-19.739
X83.021 Y-19.769
X83.451 Y-19.765
X83.878 Y-19.727
X84.298 Y-19.654
X84.705 Y-19.55
X85.093 Y-19.417
X85.46 Y-19.257
X85.797 Y-19.077
X86.105 Y-18.878
X86.377 Y-18.67
X86.612 Y-18.459
X86.819 Y-18.24
X86.98 Y-18.04
X87.12 Y-17.835
X87.219 Y-17.659
X87.299 Y-17.488
X87.364 Y-17.313
X87.407 Y-17.161
X87.426 Y-17.066
X87.434 Y-16.842
X87.37 Y-16.627
X87.241 Y-16.443
X87.061 Y-16.309
X86.238 Y-15.882
X86.186 Y-15.863 Z-6.476
X86.13 Y-15.854 Z-6.452
X85.772 Y-15.829 Z-6.3
X85.499 Y-15.811
X80.066 Y-15.436
X79.793 Y-15.417
X79.524 Y-15.399 Z-6.415
X79.457 Y-15.402 Z-6.443
X79.393 Y-15.419 Z-6.472
X79.334 Y-15.45 Z-6.5
X79.278 Y-15.492
X78.71 Y-15.892
X78.592 Y-15.985
X78.494 Y-16.098
X78.413 Y-16.224
X78.347 Y-16.359
X78.296 Y-16.5
X78.259 Y-16.645
X78.234 Y-16.793
X78.219 Y-16.962
X78.218 Y-17.139
X78.232 Y-17.33
X78.265 Y-17.541
X78.316 Y-17.755
X78.39 Y-17.983
X78.492 Y-18.227
X78.618 Y-18.473
X78.773 Y-18.722
X78.962 Y-18.978
X79.187 Y-19.237
X79.445 Y-19.49
X79.73 Y-19.727
X80.054 Y-19.955
X80.417 Y-20.169
X80.814 Y-20.363
X81.242 Y-20.53
X81.696 Y-20.667
X82.171 Y-20.769
X82.66 Y-20.833
X83.158 Y-20.859
X83.659 Y-20.844
X84.157 Y-20.79
X84.646 Y-20.696
X85.119 Y-20.565
X85.57 Y-20.4
X85.993 Y-20.205
X86.385 Y-19.986
X86.744 Y-19.744
X87.063 Y-19.491
X87.343 Y-19.229
X87.575 Y-18.974
X87.774 Y-18.716
X87.941 Y-18.46
X88.059 Y-18.243
X88.161 Y-18.013
X88.227 Y-17.825
X88.272 Y-17.651
X88.306 Y-17.461
X88.314 Y-17.374
X88.305 Y-17.177
X88.24 Y-16.99
X88.124 Y-16.829
X87.968 Y-16.708
X87.784 Y-16.636
X87.643 Y-16.588
X87.501 Y-16.529
X87.359 Y-16.461
X87.217 Y-16.39
X87.061 Y-16.309
X87.006 Y-16.289 Z-6.475
X86.949 Y-16.28 Z-6.45
X86.595 Y-16.261 Z-6.3
X86.322 Y-16.246
X79.445 Y-15.874
X79.171 Y-15.859
X78.891 Y-15.844 Z-6.419
X78.828 Y-15.847 Z-6.446
X78.767 Y-15.863 Z-6.473
X78.71 Y-15.892 Z-6.5
X78.569 Y-15.992
X78.4 Y-16.108
X78.285 Y-16.176
X78.15 Y-16.249
X78.018 Y-16.321
X77.906 Y-16.42
X77.809 Y-16.535
X77.727 Y-16.66
X77.659 Y-16.794
X77.605 Y-16.934
X77.561 Y-17.082
X77.528 Y-17.239
X77.505 Y-17.422
X77.497 Y-17.611
X77.504 Y-17.822
X77.531 Y-18.052
X77.577 Y-18.285
X77.65 Y-18.54
X77.752 Y-18.815
X77.879 Y-19.086
X78.041 Y-19.371
X78.241 Y-19.665
X78.481 Y-19.963
X78.754 Y-20.251
X79.063 Y-20.529
X79.419 Y-20.8
X79.82 Y-21.058
X80.262 Y-21.295
X80.741 Y-21.503
X81.251 Y-21.678
X81.787 Y-21.815
X82.341 Y-21.91
X82.908 Y-21.96
X83.483 Y-21.966
X84.06 Y-21.924
X84.632 Y-21.837
X85.188 Y-21.706
X85.723 Y-21.533
X86.231 Y-21.323
X86.705 Y-21.08
X87.143 Y-20.809
X87.539 Y-20.519
X87.892 Y-20.212
X88.205 Y-19.894
X88.466 Y-19.581
X88.679 Y-19.279
X88.855 Y-18.984
X88.996 Y-18.695
X89.091 Y-18.453
X89.162 Y-18.218
X89.203 Y-18.029
X89.23 Y-17.828
X89.24 Y-17.654
X89.235 Y-17.494
X89.229 Y-17.437
X89.172 Y-17.225
X89.052 Y-17.042
X88.881 Y-16.904
X88.676 Y-16.827
X88.068 Y-16.7
X87.926 Y-16.669
X87.784 Y-16.636
X87.739 Y-16.631 Z-6.48
X87.314 Y-16.613 Z-6.3
X87.041 Y-16.601
X78.892 Y-16.258
X78.619 Y-16.246
X78.266 Y-16.231 Z-6.45
X78.207 Y-16.234 Z-6.475
X78.15 Y-16.249 Z-6.5
X78.002 Y-16.31
X77.86 Y-16.363
X77.576 Y-16.464
X77.438 Y-16.521
X77.311 Y-16.602
X77.198 Y-16.701
X77.099 Y-16.813
X77.012 Y-16.935
X76.937 Y-17.066
X76.874 Y-17.202
X76.817 Y-17.358
X76.77 Y-17.527
X76.734 Y-17.714
X76.71 Y-17.927
X76.703 Y-18.147
X76.716 Y-18.392
X76.751 Y-18.659
X76.808 Y-18.929
X76.897 Y-19.223
X77.02 Y-19.541
X77.175 Y-19.861
X77.365 Y-20.182
X77.598 Y-20.515
X77.879 Y-20.854
X78.209 Y-21.192
X78.582 Y-21.518
X78.991 Y-21.82
X79.451 Y-22.107
X79.961 Y-22.37
X80.512 Y-22.6
X81.099 Y-22.792
X81.705 Y-22.937
X82.322 Y-23.034
X82.944 Y-23.084
X83.568 Y-23.086
X84.19 Y-23.04
X84.807 Y-22.948
X85.415 Y-22.81
X86.011 Y-22.625
X86.591 Y-22.394
X87.137 Y-22.123
X87.646 Y-21.818
X88.114 Y-21.484
X88.534 Y-21.13
X88.904 Y-20.763
X89.224 Y-20.39
X89.493 Y-20.021
X89.706 Y-19.673
X89.875 Y-19.339
X90.008 Y-19.013
X90.104 Y-18.709
X90.164 Y-18.451
X90.2 Y-18.206
X90.215 Y-17.992
X90.212 Y-17.813
X90.194 Y-17.619
X90.183 Y-17.558
X90.127 Y-17.381
X90.025 Y-17.224
X89.887 Y-17.1
X89.72 Y-17.017
X89.537 Y-16.981
X89.486 Y-16.978
X89.344 Y-16.96
X89.06 Y-16.905
X88.919 Y-16.877
X88.676 Y-16.827
X88.635 Y-16.823 Z-6.483
X88.205 Y-16.808 Z-6.3
X87.932 Y-16.799
X78.319 Y-16.472
X78.046 Y-16.463
X77.677 Y-16.45 Z-6.457
X77.626 Y-16.453 Z-6.478
X77.576 Y-16.464 Z-6.5
X76.985 Y-16.674
X76.867 Y-16.714
X76.728 Y-16.77
X76.597 Y-16.843
X76.478 Y-16.935
X76.371 Y-17.04
X76.276 Y-17.156
X76.192 Y-17.28
X76.117 Y-17.416
X76.046 Y-17.572
X75.984 Y-17.742
X75.93 Y-17.939
X75.891 Y-18.147
X75.866 Y-18.38
X75.859 Y-18.642
X75.874 Y-18.911
X75.914 Y-19.21
X75.985 Y-19.534
X76.085 Y-19.863
X76.221 Y-20.208
X76.401 Y-20.575
X76.63 Y-20.96
X76.903 Y-21.346
X77.215 Y-21.719
X77.582 Y-22.091
X78.005 Y-22.457
X78.484 Y-22.809
X79.015 Y-23.136
X79.571 Y-23.42
X80.146 Y-23.661
X80.738 Y-23.86
X81.342 Y-24.015
X81.956 Y-24.126
X82.576 Y-24.194
X83.2 Y-24.221
X83.823 Y-24.205
X84.445 Y-24.149
X85.061 Y-24.052
X85.67 Y-23.914
X86.268 Y-23.735
X86.851 Y-23.514
X87.417 Y-23.252
X87.963 Y-22.95
X88.485 Y-22.609
X88.981 Y-22.229
X89.438 Y-21.818
X89.843 Y-21.391
X90.18 Y-20.971
X90.463 Y-20.557
X90.697 Y-20.145
X90.883 Y-19.746
X91.025 Y-19.366
X91.122 Y-19.022
X91.187 Y-18.693
X91.218 Y-18.427
X91.227 Y-18.176
X91.218 Y-17.977
X91.192 Y-17.773
X91.157 Y-17.605
X91.109 Y-17.44
X91.09 Y-17.391
X90.978 Y-17.199
X90.813 Y-17.051
X90.609 Y-16.963
X90.388 Y-16.943
X89.911 Y-16.976
X89.769 Y-16.983
X89.628 Y-16.987
X89.537 Y-16.981
X89.066 Y-16.971 Z-6.3
X88.792 Y-16.964
X77.611 Y-16.716
X77.337 Y-16.71
X76.961 Y-16.701 Z-6.46
X76.914 Y-16.704 Z-6.48
X76.867 Y-16.714 Z-6.5
X76.571 Y-16.815
X76.442 Y-16.842
X76.3 Y-16.869
X76.222 Y-16.881
X76.075 Y-16.91
X75.935 Y-16.965
X75.805 Y-17.039
X75.686 Y-17.13
X75.576 Y-17.232
X75.478 Y-17.345
X75.388 Y-17.468
X75.3 Y-17.609
X75.216 Y-17.774
X75.143 Y-17.95
X75.076 Y-18.159
X75.023 Y-18.382
X74.985 Y-18.632
X74.965 Y-18.914
X74.968 Y-19.206
X74.997 Y-19.524
X75.057 Y-19.876
X75.153 Y-20.25
X75.283 Y-20.627
X75.46 Y-21.034
X75.687 Y-21.458
X75.967 Y-21.893
X76.3 Y-22.328
X76.674 Y-22.745
X77.114 Y-23.161
X77.491 Y-23.464
X77.554 Y-23.51
X77.623 Y-23.548
X77.695 Y-23.578
X77.86 Y-23.637
X78.002 Y-23.69
X78.15 Y-23.751
X78.285 Y-23.824
X78.4 Y-23.892
X78.569 Y-24.008
X79.061 Y-24.32
X79.513 Y-24.558
X80.057 Y-24.79
X80.649 Y-24.989
X81.254 Y-25.142
X81.868 Y-25.253
X82.488 Y-25.324
X83.111 Y-25.357
X83.735 Y-25.351
X84.357 Y-25.306
X84.696 Y-25.261
X84.836 Y-25.228
X84.967 Y-25.166
X85.082 Y-25.079
X85.746 Y-24.458
X85.799 Y-24.412
X85.941 Y-24.302
X86.083 Y-24.208
X86.137 Y-24.175
X86.225 Y-24.125
X87.22 Y-23.609
X87.359 Y-23.539
X87.508 Y-23.468
X87.643 Y-23.412
X87.784 Y-23.364
X87.946 Y-23.326
X88.068 Y-23.3
X88.777 Y-23.152
X88.996 Y-23.095
X89.197 Y-23.025
X89.439 Y-22.918
X89.698 Y-22.778
X89.986 Y-22.591
X90.275 Y-22.368
X90.588 Y-22.084
X90.901 Y-21.751
X91.194 Y-21.383
X91.462 Y-20.986
X91.695 Y-20.571
X91.888 Y-20.152
X92.037 Y-19.748
X92.146 Y-19.356
X92.217 Y-18.989
X92.254 Y-18.651
X92.264 Y-18.336
X92.251 Y-18.083
X92.219 Y-17.835
X92.176 Y-17.635
X92.125 Y-17.463
X92.054 Y-17.283
X92.042 Y-17.258
X91.917 Y-17.078
X91.742 Y-16.946
X91.536 Y-16.874
X91.317 Y-16.87
X91.187 Y-16.888
X90.388 Y-16.943
X90.331 Y-16.955 Z-6.475
X90.277 Y-16.977 Z-6.45
X90.228 Y-17.01 Z-6.425
X90.187 Y-17.052 Z-6.4
X90.154 Y-17.101 Z-6.375
X90.132 Y-17.155 Z-6.35
X90.098 Y-17.268 Z-6.3
X90.019 Y-17.53
X88.478 Y-22.641
X88.439 Y-22.77
X88.429 Y-22.815
X88.426 Y-22.861
X88.43 Y-22.908
X88.449 Y-22.972 Z-6.329
X88.482 Y-23.031 Z-6.357
X88.527 Y-23.081 Z-6.386
X88.581 Y-23.119 Z-6.414
X88.644 Y-23.145 Z-6.443
X88.71 Y-23.156 Z-6.471
X88.777 Y-23.152 Z-6.5
X88.919 Y-23.123
X89.202 Y-23.067
X89.344 Y-23.04
X89.486 Y-23.022
X89.628 Y-23.013
X89.769 Y-23.017
X89.911 Y-23.024
X89.989 Y-23.03
X90.139 Y-23.032
X90.288 Y-23.015
X90.437 Y-22.983
X90.604 Y-22.932
X90.778 Y-22.864
X90.983 Y-22.764
X91.185 Y-22.645
X91.421 Y-22.478
X91.648 Y-22.288
X91.899 Y-22.043
X92.153 Y-21.75
X92.389 Y-21.43
X92.615 Y-21.065
X92.819 Y-20.667
X92.992 Y-20.25
X93.129 Y-19.828
X93.229 Y-19.408
X93.29 Y-19.014
X93.316 Y-18.648
X93.313 Y-18.308
X93.286 Y-17.996
X93.245 Y-17.756
X93.185 Y-17.522
X93.125 Y-17.344
X93.048 Y-17.168
X92.963 Y-17.008
X92.876 Y-16.874
X92.718 Y-16.722
X92.52 Y-16.627
X92.302 Y-16.598
X92.086 Y-16.638
X91.754 Y-16.755
X91.612 Y-16.804
X91.471 Y-16.841
X91.329 Y-16.868
X91.317 Y-16.87
X91.261 Y-16.885 Z-6.475
X91.209 Y-16.911 Z-6.451
X91.163 Y-16.946 Z-6.426
X91.125 Y-16.99 Z-6.401
X91.096 Y-17.04 Z-6.377
X91.077 Y-17.095 Z-6.352
X91.048 Y-17.214 Z-6.3
X90.983 Y-17.48
X89.783 Y-22.434
X89.728 Y-22.661
X89.722 Y-22.701
Y-22.768 Z-6.329
X89.738 Y-22.833 Z-6.357
X89.767 Y-22.893 Z-6.386
X89.81 Y-22.945 Z-6.414
X89.863 Y-22.987 Z-6.443
X89.923 Y-23.015 Z-6.471
X89.989 Y-23.03 Z-6.5
X91.045 Y-23.102
X91.123 Y-23.108
X91.273 Y-23.111
X91.423
X91.572 Y-23.094
X91.719 Y-23.064
X91.863 Y-23.022
X92.004 Y-22.97
X92.141 Y-22.908
X92.274 Y-22.839
X92.402 Y-22.762
X92.527 Y-22.678
X92.647 Y-22.589
X92.764 Y-22.494
X92.876 Y-22.394
X92.983 Y-22.29
X93.088 Y-22.182
X93.187 Y-22.07
X93.283 Y-21.955
X93.375 Y-21.836
X93.464 Y-21.715
X93.548 Y-21.591
X93.628 Y-21.464
X93.706 Y-21.336
X93.779 Y-21.205
X93.848 Y-21.072
X93.914 Y-20.937
X93.976 Y-20.801
X94.035 Y-20.662
X94.089 Y-20.523
X94.141 Y-20.382
X94.188 Y-20.239
X94.232 Y-20.096
X94.272 Y-19.951
X94.308 Y-19.806
X94.34 Y-19.659
X94.368 Y-19.512
X94.393 Y-19.364
X94.413 Y-19.215
X94.429 Y-19.066
X94.441 Y-18.917
X94.449 Y-18.767
X94.452 Y-18.617
X94.451 Y-18.467
X94.445 Y-18.317
X94.434 Y-18.167
X94.418 Y-18.018
X94.397 Y-17.87
X94.371 Y-17.722
X94.339 Y-17.576
X94.302 Y-17.43
X94.259 Y-17.287
X94.209 Y-17.145
X94.151 Y-17.007
X94.087 Y-16.871
X94.016 Y-16.739
X93.936 Y-16.612
X93.845 Y-16.489
X93.677 Y-16.342
X93.47 Y-16.257
X93.246 Y-16.242
X93.03 Y-16.3
X92.888 Y-16.352
X92.086 Y-16.638
X92.031 Y-16.666 Z-6.474
X91.984 Y-16.705 Z-6.448
X91.945 Y-16.752 Z-6.422
X91.917 Y-16.806 Z-6.396
X91.9 Y-16.865 Z-6.37
X91.872 Y-17.027 Z-6.3
X91.824 Y-17.297
X90.903 Y-22.509
X90.859 Y-22.757
X90.856 Y-22.778
X90.857 Y-22.845 Z-6.329
X90.872 Y-22.911 Z-6.357
X90.902 Y-22.971 Z-6.386
X90.944 Y-23.023 Z-6.414
X90.997 Y-23.065 Z-6.443
X91.058 Y-23.093 Z-6.471
X91.123 Y-23.108 Z-6.5
X91.187 Y-23.112
X91.329 Y-23.132
X91.471 Y-23.159
X91.612 Y-23.196
X91.754 Y-23.245
X91.896 Y-23.295
X92.04 Y-23.338
X92.186 Y-23.372
X92.335 Y-23.387
X92.485 Y-23.384
X92.634 Y-23.368
X92.781 Y-23.338
X92.925 Y-23.297
X93.066 Y-23.246
X93.204 Y-23.186
X93.337 Y-23.118
X93.467 Y-23.042
X93.593 Y-22.96
X93.714 Y-22.872
X93.832 Y-22.779
X93.945 Y-22.68
X94.054 Y-22.578
X94.188 Y-22.497
X94.336 Y-22.449
X94.491 Y-22.434
X94.646 Y-22.454
X94.792 Y-22.508
X94.923 Y-22.593
X95.032 Y-22.705
X95.113 Y-22.838
X95.313 Y-23.429
X95.337 Y-24.053
X95.351 Y-24.677
X95.359 Y-25.326
X95.378 Y-25.482
X95.431 Y-25.63
X95.516 Y-25.762
X95.724 Y-26.018
X95.866 Y-26.2
X95.938 Y-26.299
X96.023 Y-26.44
X96.093 Y-26.582
X96.158 Y-26.723
X96.588 Y-27.714
X96.646 Y-27.855
X96.717 Y-28.041
G3 X97.109 Y-28.201 R0.3
X97.291 Y-27.962 R0.3
G1 X97.299 Y-27.895 Z-6.492
X97.307 Y-27.832 Z-6.47
X97.314 Y-27.776 Z-6.435
X97.32 Y-27.729 Z-6.387
X97.324 Y-27.693 Z-6.33
X97.327 Y-27.671 Z-6.267
X97.328 Y-27.664 Z-6.2
G0 Z5.
X97.369 Y-10.203
Z-5.9
G1 Z-6.2 F1000.
X97.364 Y-10.209 Z-6.267
X97.351 Y-10.226 Z-6.33
X97.328 Y-10.254 Z-6.387
X97.299 Y-10.291 Z-6.435
X97.263 Y-10.336 Z-6.47
X97.224 Y-10.385 Z-6.492
X97.182 Y-10.437 Z-6.5
G3 X96.86 Y-11.154 R1.583
G1 X96.821 Y-11.437
X96.797 Y-11.578
X96.74 Y-11.861
X96.717 Y-11.959
X96.646 Y-12.145
X96.588 Y-12.286
X96.149 Y-13.296
X96.093 Y-13.418
X96.023 Y-13.56
X95.956 Y-13.694
X95.848 Y-13.998
X95.808 Y-14.149
X95.79 Y-14.225
X95.756 Y-14.377
X95.726 Y-14.53
X95.663 Y-14.673
X95.57 Y-14.798
X95.451 Y-14.9
X95.313 Y-14.972
X94.903 Y-15.081
X94.815 Y-15.111
X94.731 Y-15.153
X94.654 Y-15.205
X94.608 Y-15.254 Z-6.471
X94.573 Y-15.311 Z-6.443
X94.552 Y-15.375 Z-6.414
X94.546 Y-15.442 Z-6.386
X94.555 Y-15.509 Z-6.357
X94.579 Y-15.572 Z-6.329
X94.616 Y-15.628 Z-6.3
G3 X95.038 Y-15.666 R0.3
X95.077 Y-15.628 R0.3
G1 X96.505 Y-13.915
G3 X96.571 Y-13.678 R0.3
X96.437 Y-13.471 R0.3
G1 X96.377 Y-13.441 Z-6.329
X96.312 Y-13.426 Z-6.357
X96.245 Y-13.425 Z-6.386
X96.179 Y-13.439 Z-6.414
X96.118 Y-13.467 Z-6.443
X96.065 Y-13.508 Z-6.471
X96.023 Y-13.56 Z-6.5
X95.938 Y-13.701
X95.866 Y-13.8
X95.722 Y-13.985
X95.015 Y-14.854
X94.873 Y-15.013
X94.807 Y-15.086
X94.404 Y-15.4
X94.306 Y-15.472
X93.456 Y-16.072
X93.399 Y-16.108
X93.314 Y-16.159
X93.172 Y-16.236
X93.03 Y-16.3
X92.983 Y-16.33 Z-6.476
X92.941 Y-16.367 Z-6.452
X92.908 Y-16.412 Z-6.429
X92.883 Y-16.462 Z-6.405
X92.868 Y-16.516 Z-6.381
X92.834 Y-16.704 Z-6.3
X92.786 Y-16.974
X91.769 Y-22.635
X91.721 Y-22.905
X91.71 Y-22.963 Z-6.325
X91.706 Y-23.031 Z-6.354
X91.717 Y-23.099 Z-6.383
X91.744 Y-23.162 Z-6.412
X91.784 Y-23.218 Z-6.442
X91.835 Y-23.263 Z-6.471
X91.896 Y-23.295 Z-6.5
X92.781 Y-23.609
X92.888 Y-23.648
X93.03 Y-23.7
X93.172 Y-23.764
X93.314 Y-23.841
X93.399 Y-23.892
X93.456 Y-23.928
X94.306 Y-24.528
X94.404 Y-24.6
X94.807 Y-24.914
X94.907 Y-25.025
X95.015 Y-25.146
X95.516 Y-25.762
G3 X95.939 Y-25.791 R0.3
X96.037 Y-25.507 R0.3
G1 X96.024 Y-25.441 Z-6.492
X96.011 Y-25.379 Z-6.47
X96. Y-25.323 Z-6.435
X95.991 Y-25.277 Z-6.387
X95.984 Y-25.242 Z-6.33
X95.98 Y-25.22 Z-6.267
X95.979 Y-25.213 Z-6.2
G0 Z5.
X90.124 Y-37.493
Z-5.9
G1 Z-6.2 F1000.
X90.118 Y-37.488 Z-6.267
X90.101 Y-37.474 Z-6.33
X90.075 Y-37.45 Z-6.387
X90.039 Y-37.418 Z-6.435
X89.997 Y-37.38 Z-6.47
X89.95 Y-37.338 Z-6.492
X89.9 Y-37.294 Z-6.5
G3 X89.202 Y-36.933 R1.583
G1 X88.919 Y-36.877
X88.068 Y-36.7
X87.926 Y-36.668
X87.779 Y-36.631
X87.643 Y-36.59
X87.501 Y-36.527
X87.137 Y-36.348
X86.65 Y-36.096
X86.393 Y-35.978
X86.097 Y-35.871
X85.69 Y-35.76
X85.084 Y-35.645
X84.463 Y-35.578
X83.841 Y-35.54
X83.217 Y-35.518
X82.593 Y-35.506
X81.969 Y-35.498
X81.345 Y-35.494
X80.721 Y-35.492
X79.504 Y-35.489
X79.361 Y-35.504
X79.225 Y-35.547
X79.1 Y-35.617
X78.852 Y-35.792
X78.427 Y-36.088
X78.285 Y-36.179
X78.143 Y-36.252
X78.002 Y-36.31
X77.903 Y-36.348
X77.009 Y-36.665
X76.833 Y-36.726
G3 X76.66 Y-37.113 R0.3
X76.892 Y-37.302 R0.3
G1 X76.958 Y-37.313 Z-6.492
X77.021 Y-37.323 Z-6.47
X77.077 Y-37.332 Z-6.435
X77.124 Y-37.339 Z-6.387
X77.159 Y-37.345 Z-6.33
X77.181 Y-37.349 Z-6.267
X77.189 Y-37.35 Z-6.2
G0 Z5.
X87.376 Y-36.894
Z-5.9
G1 Z-6.2 F1000.
X87.372 Y-36.887 Z-6.267
X87.36 Y-36.868 Z-6.33
X87.341 Y-36.838 Z-6.387
X87.316 Y-36.798 Z-6.435
X87.286 Y-36.749 Z-6.47
X87.253 Y-36.696 Z-6.492
X87.217 Y-36.639 Z-6.5
G3 X86.65 Y-36.096 R1.583
G1 X86.225 Y-35.875
X86.068 Y-35.782
X85.941 Y-35.701
X85.799 Y-35.588
X85.701 Y-35.499
X85.451 Y-35.265
X85.331 Y-35.164
X85.192 Y-35.065
X85.016 Y-34.96
X84.797 Y-34.852
X84.51 Y-34.737
X84.131 Y-34.62
X83.59 Y-34.5
X82.972 Y-34.414
X82.35 Y-34.363
X81.727 Y-34.333
X81.103 Y-34.315
X80.803 Y-34.31
X80.594 Y-34.338
X80.404 Y-34.426
X80.248 Y-34.568
X80.066 Y-34.791
X79.986 Y-34.881
X79.807 Y-35.074
X79.703 Y-35.181
X79.66 Y-35.215
X79.561 Y-35.291
X79.1 Y-35.617
X79.051 Y-35.664 Z-6.471
X79.014 Y-35.72 Z-6.443
X78.99 Y-35.783 Z-6.414
X78.981 Y-35.849 Z-6.386
X78.987 Y-35.916 Z-6.357
X79.008 Y-35.98 Z-6.329
X79.042 Y-36.038 Z-6.3
G3 X79.3 Y-36.156 R0.3
G1 X85.201 Y-35.78
X85.257 Y-35.777
X85.311 Y-35.769
X85.362 Y-35.751
X85.409 Y-35.724
X85.451 Y-35.689
X85.492 Y-35.637 Z-6.329
X85.522 Y-35.576 Z-6.357
X85.537 Y-35.511 Z-6.386
X85.536 Y-35.444 Z-6.414
X85.522 Y-35.378 Z-6.443
X85.492 Y-35.318 Z-6.471
X85.451 Y-35.265 Z-6.5
X84.942 Y-34.791
X84.798 Y-34.649
X84.531 Y-34.366
X84.523 Y-34.356
X84.432 Y-34.237
X84.326 Y-34.132
X84.195 Y-34.022
X84.044 Y-33.915
X83.851 Y-33.801
X83.605 Y-33.68
X83.297 Y-33.558
X82.884 Y-33.433
X82.302 Y-33.305
X81.799 Y-33.237
X81.655 Y-33.23
X81.462 Y-33.246
X81.281 Y-33.314
X81.126 Y-33.429
X81.008 Y-33.583
X80.965 Y-33.659
X80.865 Y-33.8
X80.837 Y-33.838
X80.757 Y-33.942
X80.248 Y-34.568
X80.213 Y-34.626 Z-6.471
X80.193 Y-34.689 Z-6.443
X80.187 Y-34.756 Z-6.414
X80.196 Y-34.823 Z-6.386
X80.22 Y-34.886 Z-6.357
X80.257 Y-34.942 Z-6.329
X80.306 Y-34.988 Z-6.3
X80.351 Y-35.016
X80.4 Y-35.036
X80.452 Y-35.047
X80.505 Y-35.048
X80.566 Y-35.045
X84.169 Y-34.825
X84.289 Y-34.818
X84.34 Y-34.811
X84.389 Y-34.795
X84.434 Y-34.771
X84.486 Y-34.728 Z-6.329
X84.527 Y-34.675 Z-6.357
X84.555 Y-34.615 Z-6.386
X84.57 Y-34.549 Z-6.414
X84.569 Y-34.482 Z-6.443
X84.553 Y-34.416 Z-6.471
X84.523 Y-34.356 Z-6.5
X84.432 Y-34.225
X84.345 Y-34.083
X83.956 Y-33.444
X83.854 Y-33.294
X83.761 Y-33.177
X83.65 Y-33.062
X83.509 Y-32.939
X83.353 Y-32.822
X83.147 Y-32.693
X82.926 Y-32.578
X82.718 Y-32.49
X82.502 Y-32.419
X82.324 Y-32.376
X82.14 Y-32.346
X82.079 Y-32.341
X81.863 Y-32.358
X81.663 Y-32.439
X81.498 Y-32.578
X81.382 Y-32.76
X81.175 Y-33.234
X81.113 Y-33.375
X81.046 Y-33.517
X81.008 Y-33.583
X80.984 Y-33.645 Z-6.471
X80.974 Y-33.712 Z-6.443
X80.98 Y-33.779 Z-6.414
X81. Y-33.843 Z-6.386
X81.033 Y-33.901 Z-6.357
X81.079 Y-33.95 Z-6.329
X81.135 Y-33.988 Z-6.3
X81.184 Y-34.008
X81.237 Y-34.019
X81.29 Y-34.021
X81.403 Y-34.015
X83.574 Y-33.898
X83.711 Y-33.89
X83.778 Y-33.879
X83.841 Y-33.852
X83.896 Y-33.813 Z-6.329
X83.94 Y-33.763 Z-6.357
X83.972 Y-33.704 Z-6.386
X83.991 Y-33.639 Z-6.414
X83.994 Y-33.572 Z-6.443
X83.982 Y-33.506 Z-6.471
X83.956 Y-33.444 Z-6.5
X83.743 Y-33.092
X83.673 Y-32.973
X83.589 Y-32.809
X83.531 Y-32.66
X83.507 Y-32.586
X83.454 Y-32.446
X83.382 Y-32.314
X83.296 Y-32.192
X83.196 Y-32.08
X83.086 Y-31.977
X82.968 Y-31.886
X82.841 Y-31.806
X82.707 Y-31.738
X82.568 Y-31.682
X82.504 Y-31.664
X82.298 Y-31.639
X82.094 Y-31.676
X81.91 Y-31.772
X81.764 Y-31.918
X81.667 Y-32.102
X81.382 Y-32.76
X81.365 Y-32.825 Z-6.471
X81.362 Y-32.892 Z-6.443
X81.374 Y-32.958 Z-6.414
X81.401 Y-33.02 Z-6.386
X81.441 Y-33.074 Z-6.357
X81.492 Y-33.118 Z-6.329
X81.551 Y-33.149 Z-6.3
X81.599 Y-33.164
X81.649 Y-33.17
X81.7 Y-33.168
X81.821 Y-33.152
X83.031 Y-32.996
X83.257 Y-32.967
X83.302 Y-32.958
X83.364 Y-32.932 Z-6.329
X83.419 Y-32.893 Z-6.357
X83.463 Y-32.843 Z-6.386
X83.496 Y-32.784 Z-6.414
X83.514 Y-32.72 Z-6.443
X83.518 Y-32.653 Z-6.471
X83.507 Y-32.586 Z-6.5
X83.487 Y-32.526
X83.267 Y-31.741
X83.219 Y-31.598
X83.142 Y-31.469
X83.047 Y-31.354
X82.936 Y-31.253
X82.811 Y-31.17
X82.777 Y-31.153
X82.57 Y-31.089
X82.353 Y-31.092
X82.148 Y-31.162
X81.975 Y-31.292
X81.85 Y-31.47
X81.787 Y-31.677
X81.756 Y-31.819
X81.716 Y-31.96
X81.667 Y-32.102
X81.655 Y-32.168 Z-6.471
X81.658 Y-32.235 Z-6.443
X81.675 Y-32.3 Z-6.414
X81.706 Y-32.359 Z-6.386
X81.75 Y-32.41 Z-6.357
X81.804 Y-32.45 Z-6.329
X81.866 Y-32.476 Z-6.3
X81.93 Y-32.489
X81.995 Y-32.487
X82.058 Y-32.471
X82.131 Y-32.444
X82.79 Y-32.2
X83.047 Y-32.105
X83.079 Y-32.093 Z-6.315
X83.135 Y-32.065 Z-6.341
X83.184 Y-32.027 Z-6.368
X83.224 Y-31.979 Z-6.394
X83.253 Y-31.924 Z-6.421
X83.27 Y-31.864 Z-6.447
X83.275 Y-31.802 Z-6.474
X83.267 Y-31.741 Z-6.5
X83.13 Y-31.252
X83.106 Y-31.147
X83.071 Y-31.001
X82.993 Y-30.873
X82.824 Y-30.744
X82.622 Y-30.675
X82.409 Y-30.672
X82.206 Y-30.738
X82.034 Y-30.864
X81.911 Y-31.037
X81.848 Y-31.241
X81.787 Y-31.677
X81.788 Y-31.744 Z-6.471
X81.803 Y-31.809 Z-6.443
X81.833 Y-31.87 Z-6.414
X81.875 Y-31.922 Z-6.386
X81.928 Y-31.963 Z-6.357
X81.988 Y-31.992 Z-6.329
X82.054 Y-32.007 Z-6.3
X82.108
X82.162 Y-31.998
X82.213 Y-31.98
X82.26 Y-31.952
X82.305 Y-31.92
X82.645 Y-31.677
X82.868 Y-31.518
X82.983 Y-31.435 Z-6.36
X83.032 Y-31.391 Z-6.388
X83.07 Y-31.338 Z-6.416
X83.096 Y-31.277 Z-6.444
X83.108 Y-31.213 Z-6.472
X83.106 Y-31.147 Z-6.5
X83.073 Y-30.969
X83.053 Y-30.828
X83.052 Y-30.785
X83.04 Y-30.635
X82.977 Y-30.499
X82.881 Y-30.384
X82.693 Y-30.29
X82.484 Y-30.265
X82.279 Y-30.311
X82.102 Y-30.425
X81.974 Y-30.592
X81.91 Y-30.792
X81.848 Y-31.241
X81.849 Y-31.308 Z-6.471
X81.864 Y-31.373 Z-6.443
X81.894 Y-31.434 Z-6.414
X81.937 Y-31.486 Z-6.386
X81.989 Y-31.527 Z-6.357
X82.05 Y-31.556 Z-6.329
X82.116 Y-31.57 Z-6.3
X82.174
X82.232 Y-31.559
X82.286 Y-31.537
X82.335 Y-31.505
X82.365 Y-31.481
X82.567 Y-31.318
X82.78 Y-31.145
X82.94 Y-31.016 Z-6.387
X82.987 Y-30.969 Z-6.416
X83.022 Y-30.913 Z-6.444
X83.044 Y-30.851 Z-6.472
X83.052 Y-30.785 Z-6.5
X83.049 Y-30.686
X83.047 Y-30.403
X83.039 Y-30.253
X82.98 Y-30.115
X82.887 Y-29.998
X82.711 Y-29.904
X82.514 Y-29.877
X82.32 Y-29.918
X82.151 Y-30.024
X82.029 Y-30.181
X81.968 Y-30.371
X81.91 Y-30.792
X81.911 Y-30.859 Z-6.471
X81.926 Y-30.924 Z-6.443
X81.956 Y-30.985 Z-6.414
X81.998 Y-31.037 Z-6.386
X82.051 Y-31.078 Z-6.357
X82.112 Y-31.107 Z-6.329
X82.178 Y-31.121 Z-6.3
X82.236
X82.293 Y-31.11
X82.347 Y-31.089
X82.395 Y-31.057
X82.428 Y-31.031
X82.555 Y-30.93
X82.769 Y-30.76
X82.934 Y-30.628 Z-6.39
X82.98 Y-30.583 Z-6.417
X83.015 Y-30.528 Z-6.445
X83.038 Y-30.467 Z-6.472
X83.047 Y-30.403 Z-6.5
Y-30.007
X83.039 Y-29.857
X82.979 Y-29.72
X82.832 Y-29.595
X82.652 Y-29.527
X82.459 Y-29.525
X82.277 Y-29.588
X82.128 Y-29.71
X82.029 Y-29.875
X81.991 Y-30.064
X81.99 Y-30.12
X81.982 Y-30.262
X81.968 Y-30.371
X81.969 Y-30.433 Z-6.474
X81.984 Y-30.493 Z-6.447
X82.013 Y-30.548 Z-6.421
X82.053 Y-30.595 Z-6.394
X82.104 Y-30.631 Z-6.368
X82.161 Y-30.655 Z-6.342
X82.257 Y-30.674 Z-6.3
G3 X82.878 Y-30.438 R0.698
G1 X82.935 Y-30.362 Z-6.34
X82.981 Y-30.28 Z-6.38
X83.015 Y-30.192 Z-6.42
X83.037 Y-30.101 Z-6.46
X83.047 Y-30.007 Z-6.5
Y-29.653
X83.039 Y-29.503
X82.981 Y-29.364
X82.887 Y-29.248
X82.719 Y-29.164
X82.533 Y-29.139
X82.349 Y-29.176
X82.186 Y-29.271
X82.064 Y-29.413
X81.994 Y-29.588
X81.986 Y-29.775
G3 X82.109 Y-29.974 R0.3
X82.337 Y-30.024 R0.3
G1 X82.428 Y-30.007
X82.802 Y-29.937
G3 X83.047 Y-29.653 R0.3
G1 Y-29.412
X83.052 Y-29.271
X83.05 Y-29.121
X82.99 Y-28.983
X82.895 Y-28.868
X82.717 Y-28.776
X82.519 Y-28.747
X82.322 Y-28.786
X82.149 Y-28.887
X82.019 Y-29.04
X81.947 Y-29.226
X81.94 Y-29.427
X81.976 Y-29.695
X81.986 Y-29.775
X82.001 Y-29.832 Z-6.475
X82.029 Y-29.884 Z-6.45
X82.068 Y-29.928 Z-6.425
X82.116 Y-29.963 Z-6.4
X82.17 Y-29.985 Z-6.375
X82.228 Y-29.995 Z-6.349
X82.287 Y-29.996 Z-6.325
X82.345 Y-29.993 Z-6.3
G3 X82.881 Y-29.702 R0.784
G1 X82.936 Y-29.626 Z-6.34
X82.981 Y-29.543 Z-6.38
X83.015 Y-29.455 Z-6.42
X83.039 Y-29.364 Z-6.46
X83.052 Y-29.271 Z-6.5
X83.057 Y-29.129
X83.075 Y-28.988
X83.084 Y-28.95
X83.113 Y-28.803
X83.073 Y-28.658
X82.995 Y-28.53
X82.831 Y-28.414
X82.639 Y-28.353
X82.437 Y-28.354
X82.245 Y-28.416
X82.082 Y-28.534
X81.962 Y-28.695
X81.897 Y-28.886
X81.893 Y-29.088
X81.94 Y-29.427
X81.959 Y-29.491 Z-6.471
X81.991 Y-29.55 Z-6.443
X82.036 Y-29.6 Z-6.414
X82.091 Y-29.639 Z-6.386
X82.153 Y-29.665 Z-6.357
X82.219 Y-29.676 Z-6.329
X82.286 Y-29.672 Z-6.3
X82.341 Y-29.657
X82.392 Y-29.633
X82.437 Y-29.598
X82.514 Y-29.529
X82.57 Y-29.478
X82.772 Y-29.294
X82.997 Y-29.09 Z-6.429
X83.035 Y-29.049 Z-6.453
X83.064 Y-29.002 Z-6.476
X83.084 Y-28.95 Z-6.5
X83.146 Y-28.705
X83.175 Y-28.592
X83.205 Y-28.445
X83.181 Y-28.297
X83.121 Y-28.159
X83.031 Y-28.039
X82.919 Y-27.94
X82.791 Y-27.861
X82.784 Y-27.859
X82.581 Y-27.81
X82.373 Y-27.823
X82.178 Y-27.896
X82.013 Y-28.024
X81.893 Y-28.195
X81.829 Y-28.394
X81.827 Y-28.602
X81.893 Y-29.088
X81.912 Y-29.152 Z-6.471
X81.945 Y-29.211 Z-6.443
X81.99 Y-29.261 Z-6.414
X82.045 Y-29.299 Z-6.386
X82.107 Y-29.325 Z-6.357
X82.173 Y-29.336 Z-6.329
X82.24 Y-29.332 Z-6.3
X82.286 Y-29.32
X82.33 Y-29.301
X82.37 Y-29.275
X82.474 Y-29.197
X82.627 Y-29.081
X82.845 Y-28.916
X83.068 Y-28.747 Z-6.419
X83.115 Y-28.703 Z-6.446
X83.151 Y-28.651 Z-6.473
X83.175 Y-28.592 Z-6.5
X83.221 Y-28.422
X83.459 Y-27.572
X83.5 Y-27.431
X83.531 Y-27.341
X83.551 Y-27.289
X83.612 Y-27.148
X83.855 Y-26.723
X84.382 Y-25.856
X84.463 Y-25.732
X84.565 Y-25.591
X84.695 Y-25.449
X84.807 Y-25.336
X85.082 Y-25.079
X85.124 Y-25.026 Z-6.471
X85.153 Y-24.966 Z-6.443
X85.168 Y-24.9 Z-6.414
Y-24.833 Z-6.386
X85.153 Y-24.768 Z-6.357
X85.123 Y-24.707 Z-6.329
X85.082 Y-24.655 Z-6.3
X85.035 Y-24.617
X84.981 Y-24.588
X84.922 Y-24.572
X84.833 Y-24.556
X78.803 Y-23.474
G3 X78.511 Y-23.588 R0.3
G1 X78.477 Y-23.645 Z-6.329
X78.456 Y-23.709 Z-6.357
X78.45 Y-23.776 Z-6.386
X78.459 Y-23.843 Z-6.414
X78.483 Y-23.905 Z-6.443
X78.52 Y-23.961 Z-6.471
X78.569 Y-24.008 Z-6.5
X79.278 Y-24.508
X79.703 Y-24.823
X79.776 Y-24.883
X79.845 Y-24.958
X80.128 Y-25.288
X80.145 Y-25.308
X80.18 Y-25.351
X80.281 Y-25.461
X80.399 Y-25.564
X80.491 Y-25.69
X80.518 Y-25.746
X80.55 Y-25.799
X80.586 Y-25.848
X80.636 Y-25.894 Z-6.471
X80.694 Y-25.927 Z-6.443
X80.759 Y-25.946 Z-6.414
X80.826 Y-25.951 Z-6.386
X80.892 Y-25.94 Z-6.357
X80.954 Y-25.915 Z-6.329
X81.01 Y-25.877 Z-6.3
G3 X81.045 Y-25.462 R0.3
G1 X80.651 Y-24.978
G3 X80.236 Y-24.93 R0.3
G1 X80.187 Y-24.977 Z-6.329
X80.151 Y-25.033 Z-6.357
X80.127 Y-25.096 Z-6.386
X80.118 Y-25.162 Z-6.414
X80.125 Y-25.229 Z-6.443
X80.146 Y-25.293 Z-6.471
X80.18 Y-25.351 Z-6.5
X80.377 Y-25.591
X80.607 Y-25.874
X80.72 Y-26.015
X80.837 Y-26.165
X80.937 Y-26.299
X81.018 Y-26.44
X81.095 Y-26.582
X81.158 Y-26.723
X81.546 Y-27.617
X81.726 Y-28.068
X81.797 Y-28.422
X81.821 Y-28.563
X81.827 Y-28.602
G3 X82.173 Y-28.847 R0.3
X82.404 Y-28.655 R0.3
G1 X82.427 Y-28.592 Z-6.492
X82.449 Y-28.532 Z-6.47
X82.468 Y-28.479 Z-6.435
X82.485 Y-28.434 Z-6.387
X82.497 Y-28.401 Z-6.33
X82.505 Y-28.38 Z-6.267
X82.507 Y-28.373 Z-6.2
G0 Z5.
X75.089 Y-37.499
Z-5.9
G1 Z-6.2 F1000.
X75.084 Y-37.494 Z-6.267
X75.067 Y-37.479 Z-6.33
X75.041 Y-37.455 Z-6.387
X75.006 Y-37.423 Z-6.435
X74.964 Y-37.384 Z-6.47
X74.917 Y-37.342 Z-6.492
X74.867 Y-37.297 Z-6.5
G3 X74.173 Y-36.929 R1.583
G1 X73.606 Y-36.812
X73.039 Y-36.695
X72.897 Y-36.663
X72.756 Y-36.626
X72.614 Y-36.577
X72.472 Y-36.518
X72.047 Y-36.301
X71.621 Y-36.081
X71.396 Y-35.978
X71.1 Y-35.871
X70.694 Y-35.76
X70.088 Y-35.645
X69.467 Y-35.578
X68.845 Y-35.54
X68.221 Y-35.518
X67.597 Y-35.506
X66.973 Y-35.498
X66.349 Y-35.494
X65.726 Y-35.492
X64.504 Y-35.489
X64.361 Y-35.504
X64.225 Y-35.547
X64.1 Y-35.617
X63.824 Y-35.812
X63.664 Y-35.923
X63.31 Y-36.164
X63.292 Y-36.175
X62.894 Y-36.348
X62.831 Y-36.373
X61.98 Y-36.676
X61.839 Y-36.723
G3 X61.664 Y-37.11 R0.3
X61.896 Y-37.3 R0.3
G1 X61.961 Y-37.311 Z-6.492
X62.024 Y-37.321 Z-6.47
X62.08 Y-37.331 Z-6.435
X62.127 Y-37.338 Z-6.387
X62.162 Y-37.344 Z-6.33
X62.184 Y-37.348 Z-6.267
X62.192 Y-37.349 Z-6.2
G0 Z5.
X72.347 Y-36.879
Z-5.9
G1 Z-6.2 F1000.
X72.343 Y-36.872 Z-6.267
X72.331 Y-36.854 Z-6.33
X72.313 Y-36.823 Z-6.387
X72.287 Y-36.783 Z-6.435
X72.257 Y-36.735 Z-6.47
X72.224 Y-36.681 Z-6.492
X72.189 Y-36.624 Z-6.5
G3 X71.621 Y-36.081 R1.583
G1 X71.196 Y-35.859
X71.054 Y-35.776
X70.913 Y-35.676
X70.7 Y-35.499
X70.487 Y-35.3
X70.327 Y-35.165
X70.189 Y-35.066
X70.013 Y-34.96
X69.795 Y-34.852
X69.508 Y-34.738
X69.131 Y-34.621
X68.592 Y-34.501
X67.974 Y-34.415
X67.352 Y-34.364
X66.729 Y-34.333
X66.105 Y-34.315
X65.803 Y-34.31
X65.594 Y-34.338
X65.404 Y-34.426
X65.248 Y-34.568
X65.066 Y-34.791
X64.947 Y-34.932
X64.816 Y-35.074
X64.661 Y-35.215
X64.532 Y-35.311
X64.1 Y-35.617
X64.051 Y-35.664 Z-6.471
X64.014 Y-35.72 Z-6.443
X63.99 Y-35.783 Z-6.414
X63.981 Y-35.849 Z-6.386
X63.987 Y-35.916 Z-6.357
X64.008 Y-35.98 Z-6.329
X64.042 Y-36.038 Z-6.3
G3 X64.298 Y-36.156 R0.3
G1 X70.237 Y-35.814
X70.292 Y-35.811
X70.346 Y-35.803
X70.398 Y-35.785
X70.445 Y-35.759
X70.487 Y-35.724
X70.529 Y-35.671 Z-6.329
X70.558 Y-35.611 Z-6.357
X70.573 Y-35.545 Z-6.386
Y-35.478 Z-6.414
X70.558 Y-35.413 Z-6.443
X70.529 Y-35.352 Z-6.471
X70.487 Y-35.3 Z-6.5
X69.778 Y-34.638
X69.531 Y-34.366
X69.511 Y-34.336
X69.423 Y-34.215
X69.314 Y-34.111
X69.176 Y-34.
X69.019 Y-33.892
X68.815 Y-33.776
X68.558 Y-33.655
X68.228 Y-33.531
X67.788 Y-33.406
X67.176 Y-33.283
X66.729 Y-33.23
X66.645 Y-33.226
X66.461 Y-33.244
X66.287 Y-33.309
X66.137 Y-33.417
X66.02 Y-33.561
X65.961 Y-33.659
X65.808 Y-33.875
X65.757 Y-33.942
X65.248 Y-34.568
X65.213 Y-34.626 Z-6.471
X65.193 Y-34.689 Z-6.443
X65.187 Y-34.756 Z-6.414
X65.196 Y-34.823 Z-6.386
X65.22 Y-34.886 Z-6.357
X65.257 Y-34.942 Z-6.329
X65.306 Y-34.988 Z-6.3
X65.351 Y-35.016
X65.401 Y-35.036
X65.454 Y-35.047
X65.507 Y-35.048
X65.566 Y-35.044
X69.146 Y-34.8
X69.275 Y-34.791
X69.323 Y-34.784
X69.368 Y-34.77
X69.411 Y-34.748
X69.46 Y-34.711 Z-6.326
X69.5 Y-34.665 Z-6.352
X69.53 Y-34.612 Z-6.378
X69.548 Y-34.554 Z-6.404
X69.555 Y-34.493 Z-6.43
Y-34.492
X69.55 Y-34.437 Z-6.454
X69.535 Y-34.385 Z-6.477
X69.511 Y-34.336 Z-6.5
X69.345 Y-34.083
X68.928 Y-33.397
X68.843 Y-33.273
X68.748 Y-33.157
X68.637 Y-33.045
X68.49 Y-32.92
X68.324 Y-32.799
X68.118 Y-32.674
X67.889 Y-32.558
X67.683 Y-32.475
X67.472 Y-32.408
X67.296 Y-32.367
X67.11 Y-32.34
X67.071 Y-32.338
X66.858 Y-32.356
X66.661 Y-32.439
X66.498 Y-32.576
X66.383 Y-32.757
X66.175 Y-33.234
X66.092 Y-33.422
X66.047 Y-33.517
X66.02 Y-33.561
X65.994 Y-33.622 Z-6.471
X65.982 Y-33.688 Z-6.443
X65.985 Y-33.756 Z-6.414
X66.003 Y-33.82 Z-6.386
X66.035 Y-33.879 Z-6.357
X66.08 Y-33.93 Z-6.329
X66.134 Y-33.969 Z-6.3
X66.187 Y-33.993
X66.244 Y-34.006
X66.302 Y-34.007
X66.401 Y-34.001
X68.546 Y-33.853
X68.687 Y-33.843
X68.752 Y-33.831
X68.813 Y-33.805
X68.865 Y-33.769 Z-6.327
X68.907 Y-33.722 Z-6.354
X68.939 Y-33.668 Z-6.381
X68.959 Y-33.608 Z-6.408
X68.966 Y-33.545 Z-6.435
Y-33.544
X68.962 Y-33.493 Z-6.457
X68.949 Y-33.444 Z-6.478
X68.928 Y-33.397 Z-6.5
X68.743 Y-33.092
X68.662 Y-32.951
X68.59 Y-32.809
X68.535 Y-32.668
X68.502 Y-32.579
X68.494 Y-32.55
X68.446 Y-32.408
X68.37 Y-32.279
X68.279 Y-32.159
X68.177 Y-32.049
X68.065 Y-31.95
X67.944 Y-31.861
X67.815 Y-31.784
X67.68 Y-31.719
X67.565 Y-31.676
X67.349 Y-31.633
X67.13 Y-31.661
X66.93 Y-31.755
X66.771 Y-31.907
X66.667 Y-32.102
X66.383 Y-32.757
X66.366 Y-32.822 Z-6.471
X66.363 Y-32.889 Z-6.443
X66.376 Y-32.955 Z-6.414
X66.403 Y-33.017 Z-6.386
X66.442 Y-33.071 Z-6.357
X66.493 Y-33.115 Z-6.329
X66.553 Y-33.146 Z-6.3
X66.604 Y-33.161
X66.657 Y-33.167
X66.71 Y-33.163
X66.822 Y-33.145
X68.005 Y-32.957
X68.25 Y-32.918
X68.275 Y-32.913
X68.338 Y-32.89 Z-6.329
X68.394 Y-32.853 Z-6.357
X68.441 Y-32.805 Z-6.386
X68.475 Y-32.747 Z-6.414
X68.496 Y-32.683 Z-6.443
X68.503 Y-32.617 Z-6.471
X68.494 Y-32.55 Z-6.5
X68.267 Y-31.741
X68.219 Y-31.598
X68.143 Y-31.469
X68.048 Y-31.353
X67.937 Y-31.252
X67.813 Y-31.168
X67.781 Y-31.152
X67.573 Y-31.087
X67.356 Y-31.09
X67.15 Y-31.16
X66.976 Y-31.291
X66.851 Y-31.469
X66.787 Y-31.677
X66.756 Y-31.819
X66.716 Y-31.96
X66.667 Y-32.102
X66.655 Y-32.168 Z-6.471
X66.658 Y-32.235 Z-6.443
X66.675 Y-32.3 Z-6.414
X66.707 Y-32.359 Z-6.386
X66.751 Y-32.41 Z-6.357
X66.805 Y-32.449 Z-6.329
X66.867 Y-32.476 Z-6.3
X66.931 Y-32.488
X66.995 Y-32.486
X67.058 Y-32.47
X67.132 Y-32.443
X67.79 Y-32.2
X68.047 Y-32.105
X68.079 Y-32.093 Z-6.315
X68.135 Y-32.065 Z-6.341
X68.184 Y-32.027 Z-6.368
X68.224 Y-31.979 Z-6.394
X68.253 Y-31.924 Z-6.421
X68.27 Y-31.864 Z-6.447
X68.275 Y-31.802 Z-6.474
X68.267 Y-31.741 Z-6.5
X68.13 Y-31.252
X68.103 Y-31.14
X68.061 Y-30.995
X67.982 Y-30.868
X67.814 Y-30.741
X67.614 Y-30.674
X67.403 Y-30.673
X67.202 Y-30.738
X67.033 Y-30.863
X66.911 Y-31.035
X66.849 Y-31.237
X66.787 Y-31.677
X66.788 Y-31.744 Z-6.471
X66.803 Y-31.809 Z-6.443
X66.833 Y-31.87 Z-6.414
X66.875 Y-31.922 Z-6.386
X66.928 Y-31.963 Z-6.357
X66.988 Y-31.992 Z-6.329
X67.054 Y-32.007 Z-6.3
X67.108
X67.161 Y-31.999
X67.212 Y-31.98
X67.258 Y-31.953
X67.306 Y-31.92
X67.656 Y-31.673
X67.88 Y-31.515
X67.982 Y-31.444 Z-6.353
X68.033 Y-31.398 Z-6.382
X68.073 Y-31.341 Z-6.412
X68.099 Y-31.277 Z-6.441
X68.109 Y-31.208 Z-6.471
X68.103 Y-31.14 Z-6.5
X68.096 Y-31.111
X68.077 Y-31.018
X68.069 Y-30.969
X68.054 Y-30.828
X68.053 Y-30.785
X68.039 Y-30.636
X67.976 Y-30.499
X67.88 Y-30.384
X67.693 Y-30.289
X67.484 Y-30.264
X67.279 Y-30.31
X67.102 Y-30.424
X66.974 Y-30.59
X66.91 Y-30.79
X66.849 Y-31.237
Y-31.304 Z-6.471
X66.865 Y-31.369 Z-6.443
X66.895 Y-31.429 Z-6.414
X66.937 Y-31.481 Z-6.386
X66.99 Y-31.523 Z-6.357
X67.051 Y-31.551 Z-6.329
X67.116 Y-31.566 Z-6.3
X67.174
X67.231 Y-31.555
X67.285 Y-31.533
X67.334 Y-31.502
X67.366 Y-31.476
X67.568 Y-31.316
X67.782 Y-31.145
X67.939 Y-31.021 Z-6.385
X67.987 Y-30.973 Z-6.414
X68.023 Y-30.916 Z-6.443
X68.045 Y-30.852 Z-6.471
X68.053 Y-30.785 Z-6.5
X68.049 Y-30.686
X68.047 Y-30.403
X68.039 Y-30.253
X67.98 Y-30.115
X67.888 Y-29.997
X67.711 Y-29.903
X67.513 Y-29.876
X67.317 Y-29.919
X67.148 Y-30.026
X67.026 Y-30.185
X66.967 Y-30.376
X66.91 Y-30.79
X66.911 Y-30.857 Z-6.471
X66.926 Y-30.923 Z-6.443
X66.956 Y-30.983 Z-6.414
X66.999 Y-31.035 Z-6.386
X67.052 Y-31.076 Z-6.357
X67.112 Y-31.105 Z-6.329
X67.178 Y-31.119 Z-6.3
X67.236 Y-31.12
X67.293 Y-31.109
X67.346 Y-31.087
X67.395 Y-31.056
X67.428 Y-31.03
X67.554 Y-30.93
X67.769 Y-30.759
X67.934 Y-30.629 Z-6.389
X67.98 Y-30.583 Z-6.417
X68.015 Y-30.528 Z-6.445
X68.038 Y-30.468 Z-6.472
X68.047 Y-30.403 Z-6.5
Y-30.007
X68.039 Y-29.857
X67.979 Y-29.72
X67.833 Y-29.595
X67.653 Y-29.527
X67.461 Y-29.525
X67.28 Y-29.588
X67.131 Y-29.71
X67.032 Y-29.875
X66.995 Y-30.063
X67.004 Y-30.127 Z-6.473
X67.032 Y-30.204 Z-6.438
X67.07 Y-30.275 Z-6.404
X67.119 Y-30.34 Z-6.369
X67.177 Y-30.396 Z-6.335
X67.243 Y-30.443 Z-6.3
G3 X67.837 Y-30.412 R0.53
G1 X67.895 Y-30.36 Z-6.333
X67.946 Y-30.3 Z-6.367
X67.987 Y-30.233 Z-6.4
X68.018 Y-30.161 Z-6.433
X68.038 Y-30.085 Z-6.467
X68.047 Y-30.007 Z-6.5
Y-29.653
X68.039 Y-29.503
X67.981 Y-29.364
X67.887 Y-29.248
X67.718 Y-29.164
X67.531 Y-29.139
X67.346 Y-29.177
X67.183 Y-29.273
X67.061 Y-29.416
X66.992 Y-29.592
X66.984 Y-29.78
G3 X67.108 Y-29.979 R0.3
X67.337 Y-30.027 R0.3
G1 X67.429 Y-30.01
X67.804 Y-29.937
G3 X68.047 Y-29.653 R0.3
G1 Y-29.412
X68.054 Y-29.3
X68.057 Y-29.15
X68.005 Y-29.009
X67.917 Y-28.888
X67.739 Y-28.787
X67.539 Y-28.752
X67.338 Y-28.786
X67.16 Y-28.885
X67.025 Y-29.037
X66.949 Y-29.226
X66.94 Y-29.43
X66.984 Y-29.78
X66.999 Y-29.835 Z-6.476
X67.026 Y-29.886 Z-6.451
X67.064 Y-29.929 Z-6.427
X67.11 Y-29.963 Z-6.402
X67.163 Y-29.986 Z-6.378
X67.219 Y-29.997 Z-6.353
X67.282 Y-29.999 Z-6.327
X67.345 Y-29.996 Z-6.3
G3 X67.872 Y-29.726 R0.78
G1 X67.928 Y-29.651 Z-6.34
X67.975 Y-29.569 Z-6.38
X68.013 Y-29.483 Z-6.42
X68.039 Y-29.392 Z-6.46
X68.054 Y-29.3 Z-6.5
X68.079 Y-28.97
X68.083 Y-28.952
X68.113 Y-28.805
X68.082 Y-28.659
X68.012 Y-28.526
X67.852 Y-28.397
X67.66 Y-28.326
X67.454 Y-28.318
X67.257 Y-28.374
X67.087 Y-28.489
X66.961 Y-28.652
X66.893 Y-28.845
X66.888 Y-29.051
X66.94 Y-29.43
X66.959 Y-29.495 Z-6.471
X66.991 Y-29.553 Z-6.443
X67.035 Y-29.604 Z-6.414
X67.09 Y-29.643 Z-6.386
X67.152 Y-29.669 Z-6.357
X67.218 Y-29.68 Z-6.329
X67.285 Y-29.677 Z-6.3
X67.341 Y-29.662
X67.393 Y-29.637
X67.439 Y-29.602
X67.513 Y-29.534
X67.569 Y-29.483
X67.771 Y-29.297
X67.998 Y-29.089 Z-6.431
X68.034 Y-29.049 Z-6.454
X68.063 Y-29.003 Z-6.477
X68.083 Y-28.952 Z-6.5
X68.175 Y-28.592
X68.205 Y-28.445
X68.179 Y-28.297
X68.114 Y-28.155
X68.082 Y-28.003
X68.087 Y-27.691
X68.245 Y-27.087
X68.564 Y-26.551
X68.949 Y-26.06
X69.354 Y-25.585
X69.755 Y-25.107
X70.136 Y-24.613
X70.49 Y-24.099
X70.812 Y-23.565
X71.098 Y-23.01
X71.347 Y-22.438
X71.558 Y-21.851
X71.732 Y-21.251
X71.868 Y-20.643
X71.968 Y-20.027
X72. Y-19.716
X72.048 Y-19.016
X72.052 Y-18.392
X72.018 Y-17.769
X71.946 Y-17.149
X71.835 Y-16.535
X71.814 Y-16.45
X71.741 Y-16.266
X71.618 Y-16.111
X71.458 Y-15.996
X71.131 Y-15.825
X71.054 Y-15.776
X70.918 Y-15.683
X70.771 Y-15.563
X70.746 Y-15.542
X70.01 Y-14.854
X69.954 Y-14.816 Z-6.471
X69.892 Y-14.791 Z-6.443
X69.826 Y-14.78 Z-6.414
X69.759 Y-14.785 Z-6.386
X69.694 Y-14.804 Z-6.357
X69.636 Y-14.837 Z-6.329
X69.587 Y-14.883 Z-6.3
X69.56 Y-14.918
X69.539 Y-14.957
X69.463 Y-15.126
X65.238 Y-24.559
X65.126 Y-24.809
X65.065 Y-24.946 Z-6.364
X65.045 Y-25.007 Z-6.391
X65.039 Y-25.071 Z-6.418
X65.046 Y-25.135 Z-6.446
X65.067 Y-25.195 Z-6.473
X65.1 Y-25.25 Z-6.5
X65.525 Y-25.773
X65.718 Y-26.015
X65.83 Y-26.157
X65.939 Y-26.299
X65.95 Y-26.317
X66.021 Y-26.44
X66.092 Y-26.585
X66.158 Y-26.723
X66.527 Y-27.572
X66.585 Y-27.714
X66.726 Y-28.068
X66.801 Y-28.442
X66.821 Y-28.563
X66.888 Y-29.051
X66.907 Y-29.115 Z-6.471
X66.94 Y-29.174 Z-6.443
X66.985 Y-29.224 Z-6.414
X67.04 Y-29.263 Z-6.386
X67.102 Y-29.288 Z-6.357
X67.168 Y-29.299 Z-6.329
X67.235 Y-29.295 Z-6.3
X67.298 Y-29.277
X67.356 Y-29.245
X67.472 Y-29.164
X67.615 Y-29.064
X67.839 Y-28.907
X68.059 Y-28.753 Z-6.414
X68.11 Y-28.709 Z-6.443
X68.149 Y-28.654 Z-6.471
X68.175 Y-28.592 Z-6.5
X68.221 Y-28.422
X68.419 Y-27.714
X68.461 Y-27.572
X68.602 Y-27.165
X68.855 Y-26.723
X69.371 Y-25.874
X69.464 Y-25.732
X69.564 Y-25.591
X69.695 Y-25.449
X69.778 Y-25.362
X70.746 Y-24.458
X70.771 Y-24.437
X70.918 Y-24.317
X71.054 Y-24.224
X71.131 Y-24.175
X71.257 Y-24.095
X71.426 Y-23.953
X71.606 Y-23.774
X71.796 Y-23.552
X72.005 Y-23.266
X72.222 Y-22.91
X72.439 Y-22.482
X72.548 Y-22.214
X72.6 Y-22.075
X72.625 Y-22.001
X72.824 Y-21.41
X72.9 Y-21.107
X72.916 Y-21.031
X72.921 Y-20.964 Z-6.471
X72.91 Y-20.898 Z-6.443
X72.885 Y-20.835 Z-6.414
X72.847 Y-20.78 Z-6.386
X72.797 Y-20.735 Z-6.357
X72.739 Y-20.702 Z-6.329
X72.674 Y-20.683 Z-6.3
G3 X72.359 Y-20.833 R0.3
G1 X70.738 Y-23.76
G3 X70.731 Y-24.035 R0.3
G1 X70.766 Y-24.092 Z-6.329
X70.814 Y-24.14 Z-6.357
X70.871 Y-24.175 Z-6.386
X70.934 Y-24.198 Z-6.414
X71.001 Y-24.205 Z-6.443
X71.068 Y-24.198 Z-6.471
X71.131 Y-24.175 Z-6.5
X71.48 Y-23.993
X72.33 Y-23.552
X72.408 Y-23.513
X72.539 Y-23.44
X72.669 Y-23.349
X72.806 Y-23.234
X72.959 Y-23.085
X73.061 Y-22.967
X73.158 Y-22.845
X73.28 Y-22.747
X73.42 Y-22.678
X73.571 Y-22.643
X73.883 Y-22.64
X74.481 Y-22.821
X74.694 Y-22.941
X74.789 Y-22.986
X74.889 Y-23.016
X74.992 Y-23.03
X75.059 Y-23.025 Z-6.471
X75.123 Y-23.005 Z-6.443
X75.181 Y-22.971 Z-6.414
X75.23 Y-22.925 Z-6.386
X75.268 Y-22.869 Z-6.357
X75.292 Y-22.806 Z-6.329
X75.302 Y-22.74 Z-6.3
G3 X75.011 Y-22.431 R0.3
X74.947 Y-22.436 R0.3
G1 X72.229 Y-22.945
G3 X71.99 Y-23.295 R0.3
X72.011 Y-23.364 R0.3
G1 X72.046 Y-23.422 Z-6.329
X72.092 Y-23.47 Z-6.357
X72.148 Y-23.507 Z-6.386
X72.211 Y-23.531 Z-6.414
X72.278 Y-23.54 Z-6.443
X72.344 Y-23.534 Z-6.471
X72.408 Y-23.513 Z-6.5
X72.5 Y-23.468
X72.614 Y-23.423
X72.756 Y-23.374
X72.94 Y-23.326
X74.032 Y-23.099
X74.315 Y-23.042
X74.457 Y-23.025
X74.599 Y-23.015
X74.741 Y-23.014
X75.591 Y-23.071
X76.158 Y-23.11
X76.3 Y-23.131
X76.442 Y-23.158
X76.571 Y-23.185
X77.009 Y-23.335
X77.695 Y-23.578
X77.761 Y-23.591 Z-6.471
X77.828 Y-23.589 Z-6.443
X77.893 Y-23.572 Z-6.414
X77.953 Y-23.541 Z-6.386
X78.004 Y-23.498 Z-6.357
X78.044 Y-23.444 Z-6.329
X78.072 Y-23.383 Z-6.3
X78.082 Y-23.339
X78.086 Y-23.293
Y-23.292
X78.083 Y-23.256
X78.077 Y-23.219
X78.05 Y-23.115
X76.623 Y-17.41
X76.556 Y-17.145
X76.547 Y-17.106 Z-6.317
X76.526 Y-17.048 Z-6.343
X76.493 Y-16.996 Z-6.369
X76.451 Y-16.951 Z-6.395
X76.401 Y-16.916 Z-6.422
X76.344 Y-16.892 Z-6.448
X76.284 Y-16.88 Z-6.474
X76.222 Y-16.881 Z-6.5
X76.158 Y-16.89
X75.513 Y-16.935
X75.364 Y-16.952
X75.218 Y-16.987
X75.079 Y-17.042
X74.948 Y-17.114
X74.825 Y-17.2
X74.71 Y-17.298
X74.573 Y-17.371
X74.422 Y-17.412
X74.267 Y-17.419
X74.113 Y-17.392
X73.97 Y-17.331
X73.843 Y-17.239
X73.59 Y-16.952
X73.48 Y-16.851
X73.35 Y-16.775
X73.207 Y-16.729
X73.14 Y-16.726 Z-6.471
X73.074 Y-16.737 Z-6.443
X73.012 Y-16.762 Z-6.414
X72.957 Y-16.801 Z-6.386
X72.912 Y-16.851 Z-6.357
X72.88 Y-16.91 Z-6.329
X72.861 Y-16.974 Z-6.3
G3 X72.919 Y-17.208 R0.3
X73.13 Y-17.324 R0.3
G1 X75.497 Y-17.533
G3 X75.73 Y-17.452 R0.3
X75.823 Y-17.224 R0.3
G1 X75.813 Y-17.158 Z-6.329
X75.789 Y-17.095 Z-6.357
X75.751 Y-17.04 Z-6.386
X75.702 Y-16.994 Z-6.414
X75.644 Y-16.96 Z-6.443
X75.58 Y-16.94 Z-6.471
X75.513 Y-16.935 Z-6.5
X74.741 Y-16.986
X74.599 Y-16.985
X74.457 Y-16.975
X74.309 Y-16.957
X73.748 Y-16.842
X72.94 Y-16.674
X72.756 Y-16.626
X72.614 Y-16.577
X72.5 Y-16.532
X72.33 Y-16.448
X71.458 Y-15.996
G3 X71.058 Y-16.138 R0.3
X71.081 Y-16.437 R0.3
G1 X71.119 Y-16.492 Z-6.492
X71.155 Y-16.544 Z-6.47
X71.187 Y-16.591 Z-6.435
X71.214 Y-16.63 Z-6.387
X71.235 Y-16.659 Z-6.33
X71.247 Y-16.678 Z-6.267
X71.251 Y-16.684 Z-6.2
G0 Z5.
X47.703 Y-23.082
Z-5.9
G1 Z-6.2 F1000.
X47.707 Y-23.088 Z-6.267
X47.717 Y-23.108 Z-6.33
X47.733 Y-23.14 Z-6.387
X47.754 Y-23.182 Z-6.435
X47.78 Y-23.233 Z-6.47
X47.809 Y-23.29 Z-6.492
X47.839 Y-23.349 Z-6.5
G3 X48.228 Y-23.792 R1.187
G1 X48.511 Y-23.971
X48.606 Y-24.034
X49.504 Y-24.668
X49.604 Y-24.742
X49.787 Y-24.896
X49.907 Y-25.025
X50.031 Y-25.166
X50.132 Y-25.278
X50.258 Y-25.395
X50.422 Y-25.524
X50.607 Y-25.647
X50.853 Y-25.783
X51.14 Y-25.914
X51.512 Y-26.048
X51.932 Y-26.162
X52.459 Y-26.261
X53.079 Y-26.326
X53.703 Y-26.342
X53.723 Y-26.341
X53.946 Y-26.294
X54.142 Y-26.178
X54.291 Y-26.006
X54.371 Y-25.874
X54.466 Y-25.728
X54.566 Y-25.591
X54.69 Y-25.449
X54.75 Y-25.39
X55.241 Y-24.931
X55.282 Y-24.878 Z-6.471
X55.312 Y-24.818 Z-6.443
X55.326 Y-24.752 Z-6.414
Y-24.685 Z-6.386
X55.311 Y-24.62 Z-6.357
X55.282 Y-24.559 Z-6.329
X55.24 Y-24.507 Z-6.3
X55.191 Y-24.467
X55.135 Y-24.438
X55.074 Y-24.422
X55.012 Y-24.419
X54.99 Y-24.42
X50.349 Y-24.68
X50.254 Y-24.686
X50.195 Y-24.695
X50.14 Y-24.715
X50.089 Y-24.746
X50.041 Y-24.792 Z-6.329
X50.004 Y-24.848 Z-6.357
X49.98 Y-24.911 Z-6.386
X49.971 Y-24.978 Z-6.414
X49.976 Y-25.045 Z-6.443
X49.997 Y-25.108 Z-6.471
X50.031 Y-25.166 Z-6.5
X50.496 Y-25.738
X50.638 Y-25.914
X50.922 Y-26.272
X50.938 Y-26.299
X51.021 Y-26.423
X51.131 Y-26.533
X51.27 Y-26.65
X51.424 Y-26.761
X51.625 Y-26.882
X51.866 Y-27.002
X52.144 Y-27.114
X52.488 Y-27.221
X52.748 Y-27.279
X53.01 Y-27.316
X53.063 Y-27.319
X53.257 Y-27.304
X53.44 Y-27.235
X53.597 Y-27.119
X53.715 Y-26.963
X53.77 Y-26.865
X53.855 Y-26.723
X54.291 Y-26.006
X54.317 Y-25.944 Z-6.471
X54.329 Y-25.878 Z-6.443
X54.325 Y-25.811 Z-6.414
X54.307 Y-25.746 Z-6.386
X54.275 Y-25.687 Z-6.357
X54.231 Y-25.637 Z-6.329
X54.176 Y-25.597 Z-6.3
X54.12 Y-25.573
X54.06 Y-25.56
X53.998
X53.91 Y-25.57
X51.324 Y-25.84
X51.17 Y-25.856
X51.112 Y-25.868
X51.057 Y-25.891
X51.002 Y-25.93 Z-6.329
X50.957 Y-25.98 Z-6.357
X50.925 Y-26.039 Z-6.386
X50.906 Y-26.103 Z-6.414
X50.902 Y-26.17 Z-6.443
X50.913 Y-26.236 Z-6.471
X50.938 Y-26.299 Z-6.5
X51.022 Y-26.44
X51.063 Y-26.516
X51.158 Y-26.723
X51.314 Y-27.084
X51.381 Y-27.218
X51.462 Y-27.345
X51.556 Y-27.462
X51.66 Y-27.57
X51.781 Y-27.677
X51.919 Y-27.78
X52.052 Y-27.864
X52.2 Y-27.942
X52.345 Y-28.003
X52.487 Y-28.051
X52.636 Y-28.086
X52.674 Y-28.092
X52.875 Y-28.094
X53.068 Y-28.039
X53.238 Y-27.932
X53.37 Y-27.78
X53.453 Y-27.598
X53.461 Y-27.572
X53.601 Y-27.165
X53.715 Y-26.963
X53.739 Y-26.901 Z-6.471
X53.748 Y-26.834 Z-6.443
X53.743 Y-26.767 Z-6.414
X53.722 Y-26.703 Z-6.386
X53.688 Y-26.645 Z-6.357
X53.642 Y-26.597 Z-6.329
X53.586 Y-26.559 Z-6.3
X53.535 Y-26.538
X53.48 Y-26.527
X53.424
X53.318 Y-26.535
X51.754 Y-26.66
X51.57 Y-26.675
X51.526 Y-26.682
X51.484 Y-26.695
X51.424 Y-26.727 Z-6.329
X51.373 Y-26.77 Z-6.357
X51.334 Y-26.825 Z-6.386
X51.307 Y-26.886 Z-6.414
X51.294 Y-26.952 Z-6.443
X51.297 Y-27.019 Z-6.471
X51.314 Y-27.084 Z-6.5
X51.527 Y-27.572
X51.585 Y-27.714
X51.698 Y-27.997
X51.761 Y-28.133
X51.839 Y-28.261
X51.935 Y-28.377
X52.045 Y-28.479
X52.166 Y-28.567
X52.298 Y-28.638
X52.352 Y-28.659
X52.541 Y-28.705
X52.736 Y-28.697
X52.921 Y-28.635
X53.081 Y-28.525
X53.206 Y-28.375
X53.284 Y-28.197
X53.419 Y-27.714
X53.453 Y-27.598
X53.463 Y-27.531 Z-6.471
X53.457 Y-27.464 Z-6.443
X53.436 Y-27.4 Z-6.414
X53.402 Y-27.343 Z-6.386
X53.356 Y-27.294 Z-6.357
X53.3 Y-27.257 Z-6.329
X53.237 Y-27.233 Z-6.3
X53.183 Y-27.224
X53.127 Y-27.226
X53.073 Y-27.237
X52.971 Y-27.269
X52.14 Y-27.531
X51.89 Y-27.609
X51.879 Y-27.613
X51.818 Y-27.643 Z-6.329
X51.766 Y-27.685 Z-6.357
X51.725 Y-27.738 Z-6.386
X51.696 Y-27.799 Z-6.414
X51.682 Y-27.865 Z-6.443
X51.683 Y-27.932 Z-6.471
X51.698 Y-27.997 Z-6.5
X51.726 Y-28.068
X51.797 Y-28.422
X51.821 Y-28.563
X51.849 Y-28.711
X51.913 Y-28.846
X52.003 Y-28.967
X52.007 Y-28.971
X52.177 Y-29.088
X52.374 Y-29.151
X52.581 Y-29.154
X52.779 Y-29.096
X52.952 Y-28.983
X53.084 Y-28.824
X53.164 Y-28.633
X53.19 Y-28.533
X53.284 Y-28.197
X53.292 Y-28.13 Z-6.471
X53.286 Y-28.064 Z-6.443
X53.265 Y-28. Z-6.414
X53.23 Y-27.943 Z-6.386
X53.183 Y-27.894 Z-6.357
X53.127 Y-27.858 Z-6.329
X53.063 Y-27.835 Z-6.3
X52.997 Y-27.826
X52.93 Y-27.833
X52.866 Y-27.854
X52.801 Y-27.884
X52.332 Y-28.103
X52.084 Y-28.219
X51.993 Y-28.261 Z-6.342
X51.94 Y-28.292 Z-6.369
X51.895 Y-28.334 Z-6.395
X51.859 Y-28.385 Z-6.421
X51.834 Y-28.441 Z-6.447
X51.821 Y-28.501 Z-6.474
Y-28.563 Z-6.5
X51.89 Y-29.066
X51.918 Y-29.213
X51.989 Y-29.345
X52.15 Y-29.476
X52.346 Y-29.546
X52.554 Y-29.548
X52.751 Y-29.482
X52.915 Y-29.355
X53.028 Y-29.181
X53.078 Y-28.979
X53.077 Y-28.937 Z-6.482
X53.072 Y-28.895 Z-6.464
X53.046 Y-28.802 Z-6.423
X53.006 Y-28.714 Z-6.382
X52.953 Y-28.634 Z-6.341
X52.887 Y-28.563 Z-6.3
G3 X52.441 Y-28.409 R0.597
X52.023 Y-28.626 R0.597
G1 X51.969 Y-28.703 Z-6.34
X51.928 Y-28.788 Z-6.38
X51.901 Y-28.878 Z-6.42
X51.888 Y-28.972 Z-6.46
X51.89 Y-29.066 Z-6.5
X51.938 Y-29.412
X51.948 Y-29.49
X51.974 Y-29.638
X52.053 Y-29.766
X52.209 Y-29.877
X52.393 Y-29.93
X52.584 Y-29.922
X52.763 Y-29.852
X52.909 Y-29.729
X53.008 Y-29.565
X53.048 Y-29.378
X53.078 Y-28.979
X53.073 Y-28.912 Z-6.471
X53.053 Y-28.848 Z-6.443
X53.02 Y-28.789 Z-6.414
X52.974 Y-28.74 Z-6.386
X52.919 Y-28.702 Z-6.357
X52.857 Y-28.677 Z-6.329
X52.79 Y-28.667 Z-6.3
X52.731 Y-28.671
X52.674 Y-28.686
X52.62 Y-28.712
X52.573 Y-28.748
X52.547 Y-28.773
X52.387 Y-28.922
X52.187 Y-29.109
X52.042 Y-29.244 Z-6.384
X51.998 Y-29.296 Z-6.413
X51.966 Y-29.356 Z-6.442
X51.949 Y-29.422 Z-6.471
X51.948 Y-29.49 Z-6.5
X51.991 Y-29.837
X51.993 Y-29.88
X52.007 Y-30.029
X52.088 Y-30.155
X52.246 Y-30.258
X52.428 Y-30.305
X52.615 Y-30.289
X52.788 Y-30.214
X52.926 Y-30.087
X53.016 Y-29.922
X53.047 Y-29.736
Y-29.412
X53.048 Y-29.378
X53.043 Y-29.32 Z-6.475
X53.025 Y-29.265 Z-6.451
X52.995 Y-29.215 Z-6.426
X52.956 Y-29.173 Z-6.401
X52.908 Y-29.14 Z-6.377
X52.854 Y-29.119 Z-6.352
X52.797 Y-29.109 Z-6.327
X52.732 Z-6.3
G3 X52.129 Y-29.437 R0.765
G1 X52.08 Y-29.517 Z-6.34
X52.042 Y-29.603 Z-6.38
X52.014 Y-29.693 Z-6.42
X51.998 Y-29.786 Z-6.46
X51.993 Y-29.88 Z-6.5
X51.997 Y-29.979
X51.994 Y-30.12
X51.99 Y-30.163
X51.984 Y-30.313
X52.038 Y-30.453
X52.132 Y-30.57
X52.29 Y-30.655
X52.467 Y-30.687
X52.646 Y-30.663
X52.807 Y-30.583
X52.935 Y-30.457
X53.018 Y-30.298
X53.047 Y-30.12
Y-29.736
X53.037 Y-29.677 Z-6.474
X53.014 Y-29.621 Z-6.449
X52.978 Y-29.573 Z-6.423
X52.932 Y-29.534 Z-6.397
X52.877 Y-29.508 Z-6.372
X52.819 Y-29.496 Z-6.346
X52.71 Y-29.494 Z-6.3
G3 X52.185 Y-29.742 R0.767
G1 X52.126 Y-29.815 Z-6.34
X52.076 Y-29.895 Z-6.38
X52.037 Y-29.981 Z-6.42
X52.008 Y-30.07 Z-6.46
X51.99 Y-30.163 Z-6.5
X51.981 Y-30.262
X51.963 Y-30.403
X51.948 Y-30.516
X51.935 Y-30.665
X51.984 Y-30.807
X52.07 Y-30.93
X52.234 Y-31.032
X52.421 Y-31.075
X52.612 Y-31.056
X52.788 Y-30.976
X52.927 Y-30.844
X53.017 Y-30.674
X53.048 Y-30.484
X53.047 Y-30.12
X53.038 Y-30.061 Z-6.475
X53.015 Y-30.006 Z-6.449
X52.981 Y-29.957 Z-6.424
X52.936 Y-29.918 Z-6.398
X52.883 Y-29.89 Z-6.373
X52.825 Y-29.875 Z-6.348
X52.769 Y-29.869 Z-6.324
X52.713 Y-29.867 Z-6.3
G3 X52.159 Y-30.103 R0.782
G1 X52.097 Y-30.174 Z-6.34
X52.045 Y-30.252 Z-6.38
X52.002 Y-30.336 Z-6.42
X51.969 Y-30.424 Z-6.46
X51.948 Y-30.516 Z-6.5
X51.899 Y-30.871
X51.886 Y-31.02
X51.927 Y-31.164
X52.005 Y-31.292
X52.112 Y-31.398
X52.121 Y-31.404
X52.299 Y-31.481
X52.492 Y-31.498
X52.681 Y-31.453
X52.847 Y-31.351
X52.971 Y-31.202
X53.043 Y-31.022
X53.054 Y-30.828
X53.049 Y-30.686
X53.048 Y-30.484
X53.037 Y-30.418 Z-6.471
X53.013 Y-30.355 Z-6.443
X52.975 Y-30.3 Z-6.414
X52.925 Y-30.255 Z-6.386
X52.867 Y-30.221 Z-6.357
X52.803 Y-30.202 Z-6.329
X52.736 Y-30.197 Z-6.3
X52.675 Y-30.206
X52.617 Y-30.227
X52.565 Y-30.259
X52.494 Y-30.313
X52.425 Y-30.366
X52.208 Y-30.533
X52.012 Y-30.684 Z-6.405
X51.971 Y-30.722 Z-6.429
X51.938 Y-30.767 Z-6.453
X51.914 Y-30.817 Z-6.476
X51.899 Y-30.871 Z-6.5
X51.841 Y-31.295
X51.828 Y-31.445
X51.87 Y-31.589
X51.949 Y-31.716
X52.123 Y-31.843
X52.328 Y-31.909
X52.544 Y-31.908
X52.748 Y-31.838
X52.92 Y-31.709
X53.043 Y-31.531
X53.103 Y-31.325
X53.096 Y-31.109
X53.069 Y-30.969
X53.054 Y-30.828
X53.038 Y-30.763 Z-6.471
X53.007 Y-30.703 Z-6.443
X52.964 Y-30.652 Z-6.414
X52.91 Y-30.611 Z-6.386
X52.849 Y-30.583 Z-6.357
X52.783 Y-30.57 Z-6.329
X52.716 Y-30.572 Z-6.3
X52.666 Y-30.583
X52.618 Y-30.603
X52.574 Y-30.631
X52.481 Y-30.703
X52.367 Y-30.79
X52.15 Y-30.957
X51.953 Y-31.109 Z-6.405
X51.913 Y-31.147 Z-6.429
X51.88 Y-31.191 Z-6.453
X51.855 Y-31.241 Z-6.476
X51.841 Y-31.295 Z-6.5
X51.787 Y-31.677
X51.766 Y-31.826
X51.802 Y-31.971
X51.874 Y-32.103
X51.972 Y-32.216
X52.091 Y-32.307
X52.225 Y-32.376
X52.367 Y-32.423
X52.515 Y-32.446
X52.53
X52.744 Y-32.416
X52.938 Y-32.323
X53.095 Y-32.174
X53.199 Y-31.984
X53.241 Y-31.772
X53.215 Y-31.558
X53.13 Y-31.252
X53.096 Y-31.109
X53.074 Y-31.046 Z-6.471
X53.038 Y-30.989 Z-6.443
X52.99 Y-30.942 Z-6.414
X52.933 Y-30.906 Z-6.386
X52.87 Y-30.884 Z-6.357
X52.803 Y-30.877 Z-6.329
X52.736 Y-30.885 Z-6.3
X52.674 Y-30.907
X52.618 Y-30.942
X52.507 Y-31.029
X52.322 Y-31.175
X52.108 Y-31.345
X51.892 Y-31.516 Z-6.417
X51.845 Y-31.562 Z-6.445
X51.81 Y-31.616 Z-6.472
X51.787 Y-31.677 Z-6.5
X51.756 Y-31.819
X51.716 Y-31.96
X51.691 Y-32.033
X51.649 Y-32.177
X51.659 Y-32.327
X51.704 Y-32.47
X51.775 Y-32.602
X51.868 Y-32.72
X51.979 Y-32.821
X52.103 Y-32.904
X52.239 Y-32.969
X52.382 Y-33.013
X52.53 Y-33.04
X52.68 Y-33.046
X52.829 Y-33.033
X52.851 Y-33.028
X53.064 Y-32.946
X53.24 Y-32.799
X53.358 Y-32.604
X53.407 Y-32.38
X53.382 Y-32.153
X53.215 Y-31.558
X53.188 Y-31.496 Z-6.471
X53.148 Y-31.443 Z-6.443
X53.096 Y-31.399 Z-6.414
X53.037 Y-31.368 Z-6.386
X52.972 Y-31.352 Z-6.357
X52.905 Y-31.35 Z-6.329
X52.839 Y-31.363 Z-6.3
X52.793 Y-31.382
X52.594 Y-31.484
X52.301 Y-31.633
X52.058 Y-31.758
X51.834 Y-31.873 Z-6.407
X51.788 Y-31.902 Z-6.43
X51.748 Y-31.94 Z-6.453
X51.715 Y-31.984 Z-6.477
X51.691 Y-32.033 Z-6.5
X51.667 Y-32.102
X51.528 Y-32.424
X51.475 Y-32.565
X51.463 Y-32.714
X51.484 Y-32.863
X51.531 Y-33.005
X51.6 Y-33.138
X51.687 Y-33.26
X51.79 Y-33.37
X51.905 Y-33.466
X52.03 Y-33.549
X52.163 Y-33.617
X52.304 Y-33.67
X52.449 Y-33.707
X52.598 Y-33.729
X52.747 Y-33.733
X52.897 Y-33.722
X53.045 Y-33.695
X53.189 Y-33.65
X53.372 Y-33.537
X53.511 Y-33.373
X53.595 Y-33.175
X53.614 Y-32.961
X53.568 Y-32.751
X53.535 Y-32.668
X53.487 Y-32.526
X53.382 Y-32.153
X53.356 Y-32.095 Z-6.473
X53.319 Y-32.043 Z-6.446
X53.271 Y-32. Z-6.418
X53.215 Y-31.969 Z-6.391
X53.154 Y-31.95 Z-6.364
X53.091 Y-31.945 Z-6.337
X53.027 Y-31.953 Z-6.31
X53.005 Y-31.958 Z-6.3
X52.739 Y-32.021
X52.193 Y-32.151
X51.927 Y-32.214
X51.73 Y-32.261 Z-6.386
X51.667 Y-32.283 Z-6.415
X51.61 Y-32.319 Z-6.443
X51.563 Y-32.367 Z-6.472
X51.528 Y-32.424 Z-6.5
X51.321 Y-32.902
X51.268 Y-33.042
X51.234 Y-33.188
X51.231 Y-33.338
X51.254 Y-33.486
X51.297 Y-33.63
X51.36 Y-33.766
X51.439 Y-33.894
X51.534 Y-34.017
X51.601 Y-34.158
X51.634 Y-34.311
X51.632 Y-34.467
X51.597 Y-34.619
X51.528 Y-34.759
X51.43 Y-34.88
X51.308 Y-34.977
X51.026 Y-35.111
X50.412 Y-35.223
X49.792 Y-35.288
X49.742 Y-35.291
X49.615 Y-35.311
X49.493 Y-35.354
X49.382 Y-35.418
G3 X49.324 Y-35.839 R0.3
X49.601 Y-35.955 R0.3
G1 X49.667 Y-35.946 Z-6.492
X49.73 Y-35.938 Z-6.47
X49.786 Y-35.931 Z-6.435
X49.834 Y-35.925 Z-6.387
X49.869 Y-35.921 Z-6.33
X49.891 Y-35.918 Z-6.267
X49.898 Y-35.917 Z-6.2
G0 Z5.
X52.067 Y-32.123
Z-5.9
G1 Z-6.2 F1000.
X52.061 Y-32.128 Z-6.267
X52.043 Y-32.14 Z-6.33
X52.014 Y-32.161 Z-6.387
X51.976 Y-32.189 Z-6.435
X51.93 Y-32.222 Z-6.47
X51.878 Y-32.26 Z-6.492
X51.824 Y-32.299 Z-6.5
G3 X51.321 Y-32.902 R1.583
G1 X51.113 Y-33.375
X51.063 Y-33.485
X50.963 Y-33.659
X50.922 Y-33.727
X50.78 Y-33.914
X50.066 Y-34.791
X49.945 Y-34.932
X49.819 Y-35.074
X49.787 Y-35.104
X49.646 Y-35.226
X49.504 Y-35.332
X48.653 Y-35.933
X48.37 Y-36.124
X48.236 Y-36.206
X48.228 Y-36.211
X47.802 Y-36.382
X47.661 Y-36.434
X46.952 Y-36.686
X46.835 Y-36.726
G3 X46.662 Y-37.113 R0.3
X46.895 Y-37.302 R0.3
G1 X46.96 Y-37.313 Z-6.492
X47.023 Y-37.323 Z-6.47
X47.079 Y-37.332 Z-6.435
X47.126 Y-37.339 Z-6.387
X47.161 Y-37.345 Z-6.33
X47.183 Y-37.349 Z-6.267
X47.191 Y-37.35 Z-6.2
G0 Z5.
X60.059 Y-37.497
Z-5.9
G1 Z-6.2 F1000.
X60.053 Y-37.492 Z-6.267
X60.037 Y-37.477 Z-6.33
X60.011 Y-37.453 Z-6.387
X59.976 Y-37.421 Z-6.435
X59.934 Y-37.382 Z-6.47
X59.887 Y-37.339 Z-6.492
X59.838 Y-37.294 Z-6.5
G3 X59.145 Y-36.924 R1.583
G1 X58.152 Y-36.718
X57.869 Y-36.658
X57.727 Y-36.619
X57.443 Y-36.505
X57.411 Y-36.489
X56.735 Y-36.139
X56.38 Y-35.978
X56.085 Y-35.871
X55.679 Y-35.759
X55.527 Y-35.731
X55.373 Y-35.706
X54.756 Y-35.613
X54.601 Y-35.6
X54.534 Y-35.605 Z-6.471
X54.47 Y-35.624 Z-6.443
X54.411 Y-35.657 Z-6.414
X54.362 Y-35.702 Z-6.386
X54.323 Y-35.757 Z-6.357
X54.298 Y-35.82 Z-6.329
X54.288 Y-35.886 Z-6.3
G3 X54.514 Y-36.191 R0.3
G1 X56.514 Y-36.692
G3 X56.849 Y-36.548 R0.3
G1 X56.875 Y-36.486 Z-6.329
X56.887 Y-36.42 Z-6.357
X56.883 Y-36.353 Z-6.386
X56.865 Y-36.288 Z-6.414
X56.833 Y-36.229 Z-6.443
X56.789 Y-36.179 Z-6.471
X56.735 Y-36.139 Z-6.5
X56.451 Y-35.992
X56.06 Y-35.782
X56.026 Y-35.76
X55.884 Y-35.65
X55.707 Y-35.499
X55.6 Y-35.405
X54.891 Y-34.743
X54.75 Y-34.608
X54.652 Y-34.508
X54.531 Y-34.366
X54.259 Y-33.942
X53.743 Y-33.092
X53.662 Y-32.951
X53.59 Y-32.809
X53.568 Y-32.751
G3 X53.173 Y-32.595 R0.3
X52.994 Y-32.835 R0.3
G1 X52.986 Y-32.902 Z-6.492
X52.979 Y-32.965 Z-6.47
X52.973 Y-33.021 Z-6.435
X52.967 Y-33.068 Z-6.387
X52.963 Y-33.104 Z-6.33
X52.96 Y-33.126 Z-6.267
X52.959 Y-33.133 Z-6.2
G0 Z5.
X45.009 Y-37.487
Z-5.9
G1 Z-6.2 F1000.
X45.004 Y-37.481 Z-6.267
X44.987 Y-37.466 Z-6.33
X44.961 Y-37.442 Z-6.387
X44.926 Y-37.41 Z-6.435
X44.884 Y-37.372 Z-6.47
X44.837 Y-37.329 Z-6.492
X44.788 Y-37.284 Z-6.5
G3 X44.095 Y-36.914 R1.583
G1 X43.265 Y-36.742
X42.765 Y-36.631
X42.698 Y-36.607
X42.415 Y-36.486
X42.273 Y-36.418
X41.706 Y-36.125
X41.384 Y-35.978
X41.088 Y-35.87
X40.683 Y-35.759
X40.077 Y-35.645
X39.456 Y-35.578
X38.834 Y-35.54
X38.21 Y-35.518
X37.586 Y-35.506
X36.962 Y-35.498
X36.338 Y-35.494
X35.714 Y-35.492
X34.504 Y-35.489
X34.361 Y-35.504
X34.225 Y-35.547
X34.1 Y-35.617
X33.624 Y-35.953
X33.46 Y-36.065
X33.341 Y-36.144
X33.233 Y-36.206
X33.199 Y-36.224
X33.057 Y-36.285
X32.774 Y-36.392
X32.632 Y-36.444
X31.832 Y-36.729
G3 X31.663 Y-37.118 R0.3
X31.898 Y-37.304 R0.3
G1 X31.964 Y-37.314 Z-6.492
X32.027 Y-37.323 Z-6.47
X32.083 Y-37.332 Z-6.435
X32.13 Y-37.339 Z-6.387
X32.165 Y-37.344 Z-6.33
X32.187 Y-37.347 Z-6.267
X32.195 Y-37.348 Z-6.2
G0 Z5.
X42.432 Y-36.923
Z-5.9
G1 Z-6.2 F1000.
X42.428 Y-36.916 Z-6.267
X42.416 Y-36.897 Z-6.33
X42.397 Y-36.867 Z-6.387
X42.372 Y-36.827 Z-6.435
X42.342 Y-36.778 Z-6.47
X42.308 Y-36.724 Z-6.492
X42.273 Y-36.668 Z-6.5
G3 X41.706 Y-36.125 R1.583
G1 X41.422 Y-35.978
X40.982 Y-35.73
X40.966 Y-35.72
X40.549 Y-35.357
X40.43 Y-35.246
X40.315 Y-35.149
X40.17 Y-35.049
X39.988 Y-34.943
X39.759 Y-34.833
X39.459 Y-34.718
X39.058 Y-34.6
X38.479 Y-34.48
X37.86 Y-34.402
X37.238 Y-34.356
X36.615 Y-34.329
X35.991 Y-34.312
X35.802 Y-34.309
X35.594 Y-34.338
X35.403 Y-34.426
X35.248 Y-34.568
X35.042 Y-34.82
X34.95 Y-34.932
X34.9 Y-34.988
X34.817 Y-35.074
X34.759 Y-35.132
X34.617 Y-35.25
X34.468 Y-35.357
X34.1 Y-35.617
X34.051 Y-35.664 Z-6.471
X34.014 Y-35.72 Z-6.443
X33.99 Y-35.783 Z-6.414
X33.981 Y-35.849 Z-6.386
X33.987 Y-35.916 Z-6.357
X34.008 Y-35.98 Z-6.329
X34.042 Y-36.038 Z-6.3
G3 X34.301 Y-36.156 R0.3
G1 X40.18 Y-35.761
X40.238 Y-35.757
X40.291 Y-35.749
X40.342 Y-35.731
X40.388 Y-35.705
X40.43 Y-35.67
X40.472 Y-35.618 Z-6.329
X40.501 Y-35.557 Z-6.357
X40.516 Y-35.492 Z-6.386
Y-35.425 Z-6.414
X40.501 Y-35.359 Z-6.443
X40.472 Y-35.299 Z-6.471
X40.43 Y-35.246 Z-6.5
X39.943 Y-34.791
X39.653 Y-34.508
X39.579 Y-34.427
X39.531 Y-34.366
X39.516 Y-34.343
X39.429 Y-34.221
X39.322 Y-34.116
X39.189 Y-34.008
X39.026 Y-33.896
X38.83 Y-33.782
X38.571 Y-33.66
X38.252 Y-33.539
X37.817 Y-33.412
X37.206 Y-33.287
X36.747 Y-33.231
X36.649 Y-33.226
X36.458 Y-33.245
X36.28 Y-33.314
X36.126 Y-33.429
X36.01 Y-33.582
X35.967 Y-33.659
X35.869 Y-33.8
X35.751 Y-33.949
X35.248 Y-34.568
X35.214 Y-34.625 Z-6.471
X35.193 Y-34.689 Z-6.443
X35.187 Y-34.756 Z-6.414
X35.196 Y-34.823 Z-6.386
X35.22 Y-34.885 Z-6.357
X35.257 Y-34.941 Z-6.329
X35.306 Y-34.988 Z-6.3
X35.351 Y-35.016
X35.401 Y-35.036
X35.454 Y-35.047
X35.507 Y-35.048
X35.566 Y-35.044
X39.146 Y-34.804
X39.278 Y-34.795
X39.325 Y-34.788
X39.369 Y-34.774
X39.411 Y-34.754
X39.465 Y-34.713 Z-6.329
X39.508 Y-34.662 Z-6.357
X39.539 Y-34.602 Z-6.386
X39.555 Y-34.537 Z-6.414
X39.557 Y-34.47 Z-6.443
X39.544 Y-34.404 Z-6.471
X39.516 Y-34.343 Z-6.5
X39.259 Y-33.942
X38.914 Y-33.375
X38.83 Y-33.251
X38.733 Y-33.137
X38.614 Y-33.022
X38.461 Y-32.895
X38.293 Y-32.777
X38.075 Y-32.648
X37.853 Y-32.541
X37.646 Y-32.46
X37.439 Y-32.398
X37.267 Y-32.361
X37.08 Y-32.336
X37.061
X36.851 Y-32.357
X36.657 Y-32.44
X36.496 Y-32.577
X36.384 Y-32.756
X36.175 Y-33.234
X36.113 Y-33.375
X36.046 Y-33.517
X36.01 Y-33.582
X35.986 Y-33.644 Z-6.471
X35.976 Y-33.711 Z-6.443
X35.982 Y-33.778 Z-6.414
X36.002 Y-33.842 Z-6.386
X36.036 Y-33.9 Z-6.357
X36.082 Y-33.949 Z-6.329
X36.138 Y-33.986 Z-6.3
X36.19 Y-34.007
X36.245 Y-34.018
X36.301 Y-34.019
X36.406 Y-34.01
X38.533 Y-33.833
X38.678 Y-33.821
X38.741 Y-33.809
X38.8 Y-33.784
X38.854 Y-33.745 Z-6.329
X38.899 Y-33.694 Z-6.357
X38.931 Y-33.635 Z-6.386
X38.949 Y-33.571 Z-6.414
X38.952 Y-33.503 Z-6.443
X38.941 Y-33.437 Z-6.471
X38.914 Y-33.375 Z-6.5
X38.728 Y-33.07
X38.662 Y-32.951
X38.587 Y-32.802
X38.535 Y-32.668
X38.509 Y-32.59
X38.454 Y-32.45
X38.384 Y-32.318
X38.298 Y-32.194
X38.2 Y-32.081
X38.09 Y-31.979
X37.972 Y-31.886
X37.846 Y-31.806
X37.712 Y-31.737
X37.573 Y-31.681
X37.505 Y-31.661
X37.299 Y-31.635
X37.094 Y-31.672
X36.909 Y-31.768
X36.763 Y-31.916
X36.667 Y-32.102
X36.384 Y-32.756
X36.367 Y-32.821 Z-6.471
X36.364 Y-32.888 Z-6.443
X36.376 Y-32.954 Z-6.414
X36.403 Y-33.015 Z-6.386
X36.443 Y-33.069 Z-6.357
X36.494 Y-33.113 Z-6.329
X36.553 Y-33.145 Z-6.3
X36.601 Y-33.159
X36.65 Y-33.165
X36.7 Y-33.163
X36.823 Y-33.148
X38.036 Y-33.
X38.258 Y-32.973
X38.307 Y-32.963
X38.369 Y-32.937 Z-6.329
X38.423 Y-32.897 Z-6.357
X38.468 Y-32.847 Z-6.386
X38.5 Y-32.788 Z-6.414
X38.518 Y-32.723 Z-6.443
X38.521 Y-32.656 Z-6.471
X38.509 Y-32.59 Z-6.5
X38.487 Y-32.526
X38.267 Y-31.741
X38.219 Y-31.598
X38.143 Y-31.469
X38.048 Y-31.353
X37.937 Y-31.252
X37.812 Y-31.169
X37.782 Y-31.153
X37.574 Y-31.088
X37.356 Y-31.09
X37.15 Y-31.16
X36.976 Y-31.291
X36.851 Y-31.469
X36.787 Y-31.677
X36.757 Y-31.819
X36.744 Y-31.872
X36.667 Y-32.102
X36.656 Y-32.168 Z-6.471
X36.659 Y-32.235 Z-6.443
X36.677 Y-32.299 Z-6.414
X36.709 Y-32.358 Z-6.386
X36.753 Y-32.409 Z-6.357
X36.808 Y-32.448 Z-6.329
X36.87 Y-32.474 Z-6.3
X36.933 Y-32.486
X36.997 Y-32.484
X37.059 Y-32.468
X37.135 Y-32.44
X37.79 Y-32.199
X38.047 Y-32.105
X38.079 Y-32.093 Z-6.314
X38.134 Y-32.066 Z-6.341
X38.184 Y-32.027 Z-6.367
X38.224 Y-31.979 Z-6.394
X38.253 Y-31.924 Z-6.42
X38.27 Y-31.865 Z-6.447
X38.275 Y-31.802 Z-6.473
X38.267 Y-31.741 Z-6.5
X38.13 Y-31.252
X38.103 Y-31.14
X38.061 Y-30.995
X37.982 Y-30.868
X37.814 Y-30.741
X37.614 Y-30.674
X37.403 Y-30.673
X37.202 Y-30.738
X37.032 Y-30.863
X36.91 Y-31.035
X36.849 Y-31.237
X36.787 Y-31.677
X36.788 Y-31.744 Z-6.471
X36.803 Y-31.809 Z-6.443
X36.833 Y-31.87 Z-6.414
X36.875 Y-31.922 Z-6.386
X36.928 Y-31.963 Z-6.357
X36.988 Y-31.992 Z-6.329
X37.054 Y-32.007 Z-6.3
X37.108
X37.161 Y-31.999
X37.212 Y-31.98
X37.258 Y-31.953
X37.306 Y-31.92
X37.656 Y-31.673
X37.88 Y-31.515
X37.982 Y-31.444 Z-6.353
X38.033 Y-31.398 Z-6.382
X38.073 Y-31.341 Z-6.412
X38.099 Y-31.277 Z-6.441
X38.109 Y-31.208 Z-6.471
X38.103 Y-31.14 Z-6.5
X38.096 Y-31.111
X38.069 Y-30.969
X38.054 Y-30.828
X38.053 Y-30.785
X38.039 Y-30.636
X37.976 Y-30.499
X37.88 Y-30.384
X37.693 Y-30.29
X37.484 Y-30.264
X37.279 Y-30.31
X37.102 Y-30.424
X36.974 Y-30.59
X36.91 Y-30.791
X36.849 Y-31.237
Y-31.304 Z-6.471
X36.865 Y-31.369 Z-6.443
X36.895 Y-31.429 Z-6.414
X36.937 Y-31.482 Z-6.386
X36.99 Y-31.523 Z-6.357
X37.051 Y-31.551 Z-6.329
X37.116 Y-31.566 Z-6.3
X37.174
X37.231 Y-31.555
X37.285 Y-31.534
X37.334 Y-31.502
X37.366 Y-31.476
X37.568 Y-31.316
X37.782 Y-31.145
X37.939 Y-31.021 Z-6.385
X37.987 Y-30.973 Z-6.414
X38.023 Y-30.916 Z-6.443
X38.045 Y-30.852 Z-6.471
X38.053 Y-30.785 Z-6.5
X38.049 Y-30.686
X38.047 Y-30.403
X38.039 Y-30.253
X37.98 Y-30.115
X37.888 Y-29.997
X37.711 Y-29.904
X37.513 Y-29.876
X37.317 Y-29.919
X37.148 Y-30.026
X37.026 Y-30.185
X36.967 Y-30.376
X36.91 Y-30.791
X36.911 Y-30.858 Z-6.471
X36.926 Y-30.923 Z-6.443
X36.956 Y-30.983 Z-6.414
X36.999 Y-31.035 Z-6.386
X37.052 Y-31.077 Z-6.357
X37.112 Y-31.105 Z-6.329
X37.178 Y-31.119 Z-6.3
X37.236 Y-31.12
X37.293 Y-31.109
X37.346 Y-31.087
X37.395 Y-31.056
X37.428 Y-31.03
X37.554 Y-30.93
X37.769 Y-30.759
X37.934 Y-30.629 Z-6.389
X37.98 Y-30.583 Z-6.417
X38.015 Y-30.528 Z-6.445
X38.038 Y-30.468 Z-6.472
X38.047 Y-30.403 Z-6.5
Y-30.007
X38.039 Y-29.857
X37.979 Y-29.72
X37.833 Y-29.595
X37.653 Y-29.528
X37.461 Y-29.525
X37.28 Y-29.588
X37.131 Y-29.71
X37.032 Y-29.875
X36.995 Y-30.063
X37.004 Y-30.127 Z-6.472
X37.032 Y-30.204 Z-6.438
X37.07 Y-30.275 Z-6.403
X37.119 Y-30.34 Z-6.369
X37.177 Y-30.396 Z-6.334
X37.243 Y-30.443 Z-6.3
G3 X37.837 Y-30.412 R0.53
G1 X37.895 Y-30.36 Z-6.333
X37.946 Y-30.3 Z-6.367
X37.987 Y-30.233 Z-6.4
X38.018 Y-30.161 Z-6.433
X38.038 Y-30.085 Z-6.467
X38.047 Y-30.007 Z-6.5
Y-29.653
X38.039 Y-29.503
X37.981 Y-29.364
X37.887 Y-29.248
X37.718 Y-29.164
X37.531 Y-29.139
X37.346 Y-29.177
X37.183 Y-29.273
X37.061 Y-29.416
X36.992 Y-29.592
X36.984 Y-29.78
G3 X37.108 Y-29.979 R0.3
X37.337 Y-30.028 R0.3
G1 X37.429 Y-30.01
X37.804 Y-29.937
G3 X38.047 Y-29.653 R0.3
G1 Y-29.412
X38.054 Y-29.3
X38.057 Y-29.15
X38.005 Y-29.009
X37.917 Y-28.888
X37.74 Y-28.788
X37.539 Y-28.752
X37.339 Y-28.785
X37.161 Y-28.884
X37.026 Y-29.036
X36.949 Y-29.224
X36.94 Y-29.427
X36.984 Y-29.78
X36.999 Y-29.836 Z-6.476
X37.026 Y-29.886 Z-6.451
X37.064 Y-29.93 Z-6.427
X37.11 Y-29.964 Z-6.402
X37.163 Y-29.986 Z-6.378
X37.219 Y-29.997 Z-6.353
X37.282 Y-29.999 Z-6.327
X37.345 Y-29.997 Z-6.3
G3 X37.872 Y-29.726 R0.78
G1 X37.928 Y-29.651 Z-6.34
X37.975 Y-29.569 Z-6.38
X38.013 Y-29.483 Z-6.42
X38.039 Y-29.392 Z-6.46
X38.054 Y-29.3 Z-6.5
X38.079 Y-28.97
X38.083 Y-28.952
X38.113 Y-28.805
X38.082 Y-28.659
X38.012 Y-28.526
X37.852 Y-28.397
X37.659 Y-28.326
X37.454 Y-28.318
X37.257 Y-28.374
X37.087 Y-28.489
X36.961 Y-28.652
X36.893 Y-28.845
X36.888 Y-29.051
X36.94 Y-29.427
X36.958 Y-29.492 Z-6.471
X36.99 Y-29.551 Z-6.443
X37.034 Y-29.602 Z-6.414
X37.089 Y-29.641 Z-6.386
X37.15 Y-29.667 Z-6.357
X37.216 Y-29.679 Z-6.329
X37.283 Y-29.676 Z-6.3
X37.34 Y-29.661
X37.392 Y-29.636
X37.439 Y-29.601
X37.512 Y-29.534
X37.569 Y-29.482
X37.771 Y-29.297
X37.998 Y-29.089 Z-6.431
X38.034 Y-29.049 Z-6.454
X38.063 Y-29.003 Z-6.477
X38.083 Y-28.952 Z-6.5
X38.173 Y-28.6
X38.203 Y-28.453
X38.18 Y-28.305
X38.117 Y-28.162
X38.057 Y-27.856
X38.152 Y-27.239
X38.449 Y-26.69
X38.826 Y-26.193
X39.637 Y-25.245
X40.026 Y-24.757
X40.389 Y-24.25
X40.722 Y-23.722
X41.019 Y-23.173
X41.278 Y-22.605
X41.5 Y-22.023
X41.686 Y-21.427
X41.835 Y-20.821
X41.947 Y-20.207
X42.022 Y-19.588
X42.06 Y-18.965
Y-18.341
X42.023 Y-17.718
X41.947 Y-17.099
X41.832 Y-16.486
X41.822 Y-16.448
X41.747 Y-16.267
X41.625 Y-16.114
X41.466 Y-16.
X41.422 Y-15.978
X40.997 Y-15.738
X40.922 Y-15.683
X40.746 Y-15.542
X40.01 Y-14.854
X39.954 Y-14.816 Z-6.471
X39.892 Y-14.791 Z-6.443
X39.826 Y-14.78 Z-6.414
X39.759 Y-14.785 Z-6.386
X39.694 Y-14.804 Z-6.357
X39.636 Y-14.837 Z-6.329
X39.587 Y-14.883 Z-6.3
X39.56 Y-14.918
X39.539 Y-14.956
X39.463 Y-15.126
X35.213 Y-24.529
X35.1 Y-24.778
X35.039 Y-24.914 Z-6.363
X35.019 Y-24.975 Z-6.39
X35.012 Y-25.039 Z-6.418
X35.02 Y-25.103 Z-6.445
X35.04 Y-25.164 Z-6.473
X35.074 Y-25.219 Z-6.5
X35.751 Y-26.052
X35.836 Y-26.157
X35.893 Y-26.232
X35.938 Y-26.299
X36.035 Y-26.46
X36.093 Y-26.582
X36.158 Y-26.723
X36.527 Y-27.572
X36.602 Y-27.756
X36.698 Y-27.997
X36.744 Y-28.124
X36.747 Y-28.139
X36.798 Y-28.422
X36.821 Y-28.563
X36.888 Y-29.051
X36.907 Y-29.115 Z-6.471
X36.94 Y-29.174 Z-6.443
X36.985 Y-29.224 Z-6.414
X37.04 Y-29.263 Z-6.386
X37.102 Y-29.288 Z-6.357
X37.168 Y-29.299 Z-6.329
X37.235 Y-29.295 Z-6.3
X37.297 Y-29.277
X37.354 Y-29.246
X37.473 Y-29.165
X37.611 Y-29.069
X37.836 Y-28.914
X38.055 Y-28.762 Z-6.413
X38.107 Y-28.718 Z-6.442
X38.146 Y-28.663 Z-6.471
X38.173 Y-28.6 Z-6.5
X38.182 Y-28.563
X38.261 Y-28.28
X38.445 Y-27.623
X38.461 Y-27.572
X38.587 Y-27.208
X38.61 Y-27.148
X38.686 Y-27.006
X38.728 Y-26.93
X39.371 Y-25.874
X39.437 Y-25.771
X39.579 Y-25.58
X39.692 Y-25.449
X39.721 Y-25.42
X39.837 Y-25.308
X40.746 Y-24.458
X40.922 Y-24.317
X40.997 Y-24.262
X41.04 Y-24.237
X41.167 Y-24.157
X41.292 Y-24.075
X41.412 Y-23.985
X41.526 Y-23.888
X41.635 Y-23.784
X41.738 Y-23.675
X41.836 Y-23.562
X41.929 Y-23.444
X42.018 Y-23.324
X42.103 Y-23.2
X42.183 Y-23.073
X42.26 Y-22.944
X42.334 Y-22.813
X42.403 Y-22.681
X42.469 Y-22.546
X42.532 Y-22.41
X42.592 Y-22.272
X42.649 Y-22.133
X42.703 Y-21.993
X42.754 Y-21.852
X42.802 Y-21.71
X42.848 Y-21.568
X42.891 Y-21.424
X42.932 Y-21.279
X42.97 Y-21.134
X43.006 Y-20.989
X43.04 Y-20.843
X43.07 Y-20.696
X43.099 Y-20.549
X43.126 Y-20.401
X43.151 Y-20.253
X43.173 Y-20.105
X43.193 Y-19.956
X43.21 Y-19.807
X43.226 Y-19.658
X43.24 Y-19.509
X43.252 Y-19.359
X43.261 Y-19.209
X43.268 Y-19.059
X43.274 Y-18.91
X43.277 Y-18.76
X43.278 Y-18.61
X43.277 Y-18.46
X43.275 Y-18.31
X43.27 Y-18.16
X43.263 Y-18.01
X43.254 Y-17.86
X43.242 Y-17.711
X43.23 Y-17.561
X43.215 Y-17.412
X43.196 Y-17.263
X43.18 Y-17.156
X43.124 Y-16.972
X43.019 Y-16.811
X42.873 Y-16.686
X42.698 Y-16.607
X42.557 Y-16.556
X42.415 Y-16.489
X42.273 Y-16.418
X41.466 Y-16.
X41.402 Y-15.978 Z-6.471
X41.336 Y-15.971 Z-6.443
X41.269 Y-15.979 Z-6.414
X41.206 Y-16.002 Z-6.386
X41.149 Y-16.038 Z-6.357
X41.102 Y-16.085 Z-6.329
X41.066 Y-16.142 Z-6.3
X41.047 Y-16.197
X41.038 Y-16.254
X41.029 Y-16.411
X40.609 Y-23.841
X40.603 Y-23.954
X40.604 Y-24.007
X40.615 Y-24.06
X40.636 Y-24.109
X40.673 Y-24.165 Z-6.329
X40.722 Y-24.211 Z-6.357
X40.78 Y-24.245 Z-6.386
X40.844 Y-24.265 Z-6.414
X40.911 Y-24.271 Z-6.443
X40.977 Y-24.261 Z-6.471
X41.04 Y-24.237 Z-6.5
X41.422 Y-24.022
X42.273 Y-23.582
X42.415 Y-23.511
X42.561 Y-23.433
X42.689 Y-23.351
X42.826 Y-23.246
X42.974 Y-23.113
X43.133 Y-22.945
X43.23 Y-22.824
X43.353 Y-22.727
X43.493 Y-22.659
X43.646 Y-22.625
X43.958
X44.562 Y-22.782
X44.903 Y-22.963
X44.992 Y-23.002
X45.086 Y-23.029
X45.183 Y-23.043
X45.25 Y-23.038 Z-6.471
X45.314 Y-23.018 Z-6.443
X45.372 Y-22.984 Z-6.414
X45.421 Y-22.938 Z-6.386
X45.459 Y-22.882 Z-6.357
X45.483 Y-22.82 Z-6.329
X45.493 Y-22.753 Z-6.3
G3 X45.203 Y-22.443 R0.3
X45.143 Y-22.447 R0.3
G1 X42.246 Y-22.939
G3 X42. Y-23.285 R0.3
X42.021 Y-23.354 R0.3
G1 X42.054 Y-23.412 Z-6.329
X42.099 Y-23.462 Z-6.357
X42.155 Y-23.5 Z-6.386
X42.217 Y-23.525 Z-6.414
X42.284 Y-23.535 Z-6.443
X42.351 Y-23.53 Z-6.471
X42.415 Y-23.511 Z-6.5
X42.557 Y-23.444
X42.698 Y-23.393
X42.84 Y-23.352
X43.265 Y-23.258
X44.116 Y-23.082
X44.258 Y-23.059
X44.595 Y-23.014
X44.967 Y-23.03
X45.109 Y-23.038
X45.959 Y-23.096
X46.101 Y-23.106
X46.243 Y-23.118
X46.385 Y-23.14
X46.541 Y-23.185
X46.81 Y-23.266
X46.986 Y-23.326
X47.781 Y-23.609
X48.153 Y-23.758
X48.218 Y-23.774 Z-6.471
X48.285 Z-6.443
X48.351 Y-23.76 Z-6.414
X48.411 Y-23.732 Z-6.386
X48.464 Y-23.69 Z-6.357
X48.507 Y-23.638 Z-6.329
X48.536 Y-23.578 Z-6.3
X48.552 Y-23.516
X48.553 Y-23.452
X48.541 Y-23.389
X48.518 Y-23.311
X46.723 Y-17.396
X46.644 Y-17.134
X46.628 Y-17.083 Z-6.323
X46.605 Y-17.028 Z-6.348
X46.572 Y-16.979 Z-6.373
X46.53 Y-16.937 Z-6.399
X46.48 Y-16.904 Z-6.424
X46.425 Y-16.882 Z-6.449
X46.366 Y-16.871 Z-6.475
X46.307 Y-16.872 Z-6.5
X46.243 Y-16.882
X46.101 Y-16.894
X45.676 Y-16.923
X45.109 Y-16.962
X44.967 Y-16.97
X44.595 Y-16.986
X44.258 Y-16.941
X44.116 Y-16.918
X43.265 Y-16.742
X42.84 Y-16.648
X42.698 Y-16.607
G3 X42.334 Y-16.825 R0.3
X42.416 Y-17.113 R0.3
G1 X42.464 Y-17.16 Z-6.492
X42.51 Y-17.204 Z-6.47
X42.551 Y-17.244 Z-6.435
X42.585 Y-17.277 Z-6.387
X42.61 Y-17.301 Z-6.33
X42.626 Y-17.317 Z-6.267
X42.632 Y-17.322 Z-6.2
G0 Z5.
X17.745 Y-23.032
Z-5.9
G1 Z-6.2 F1000.
X17.749 Y-23.039 Z-6.267
X17.759 Y-23.059 Z-6.33
X17.775 Y-23.091 Z-6.387
X17.796 Y-23.133 Z-6.435
X17.822 Y-23.184 Z-6.47
X17.85 Y-23.241 Z-6.492
X17.88 Y-23.3 Z-6.5
G3 X18.396 Y-23.892 R1.583
G1 X18.454 Y-23.929
X18.606 Y-24.034
X19.408 Y-24.6
X19.446 Y-24.63
X19.768 Y-24.883
X19.82 Y-24.925
X19.872 Y-24.982
X20.014 Y-25.151
X20.142 Y-25.289
X20.264 Y-25.401
X20.423 Y-25.525
X20.624 Y-25.657
X20.857 Y-25.785
X21.166 Y-25.923
X21.516 Y-26.047
X21.959 Y-26.166
X22.5 Y-26.264
X23.121 Y-26.326
X23.68 Y-26.338
X23.862 Y-26.318
X24.032 Y-26.252
X24.179 Y-26.144
X24.293 Y-26.002
X24.409 Y-25.812
X24.463 Y-25.732
X24.55 Y-25.609
X24.697 Y-25.449
X24.837 Y-25.308
X25.25 Y-24.922
X25.292 Y-24.869 Z-6.471
X25.321 Y-24.809 Z-6.443
X25.336 Y-24.743 Z-6.414
Y-24.676 Z-6.386
X25.321 Y-24.611 Z-6.357
X25.292 Y-24.55 Z-6.329
X25.25 Y-24.498 Z-6.3
X25.201 Y-24.458
X25.145 Y-24.43
X25.084 Y-24.414
X25.022 Y-24.41
X25. Y-24.412
X20.324 Y-24.662
X20.234 Y-24.666
X20.174 Y-24.676
X20.117 Y-24.697
X20.065 Y-24.73
X20.017 Y-24.777 Z-6.329
X19.981 Y-24.833 Z-6.357
X19.958 Y-24.896 Z-6.386
X19.95 Y-24.963 Z-6.414
X19.957 Y-25.03 Z-6.443
X19.978 Y-25.093 Z-6.471
X20.014 Y-25.151 Z-6.5
X20.155 Y-25.32
X20.492 Y-25.732
X20.722 Y-26.016
X20.834 Y-26.157
X20.864 Y-26.197
X20.938 Y-26.299
X21.025 Y-26.42
X21.133 Y-26.528
X21.274 Y-26.647
X21.427 Y-26.757
X21.624 Y-26.877
X21.869 Y-26.999
X22.142 Y-27.109
X22.473 Y-27.213
X22.767 Y-27.279
X22.994 Y-27.312
X23.061 Y-27.316
X23.252 Y-27.301
X23.432 Y-27.235
X23.588 Y-27.123
X23.707 Y-26.973
X23.855 Y-26.723
X24.293 Y-26.002
X24.319 Y-25.94 Z-6.471
X24.331 Y-25.874 Z-6.443
X24.328 Y-25.807 Z-6.414
X24.31 Y-25.742 Z-6.386
X24.277 Y-25.683 Z-6.357
X24.233 Y-25.633 Z-6.329
X24.179 Y-25.594 Z-6.3
X24.122 Y-25.569
X24.062 Y-25.557
X24.
X23.912 Y-25.566
X21.321 Y-25.839
X21.169 Y-25.855
X21.11 Y-25.867
X21.054 Y-25.891
X21. Y-25.93 Z-6.329
X20.955 Y-25.98 Z-6.357
X20.923 Y-26.039 Z-6.386
X20.904 Y-26.103 Z-6.414
X20.901 Y-26.17 Z-6.443
X20.912 Y-26.236 Z-6.471
X20.938 Y-26.299 Z-6.5
X21.023 Y-26.44
X21.093 Y-26.582
X21.158 Y-26.723
X21.318 Y-27.093
X21.385 Y-27.228
X21.468 Y-27.353
X21.563 Y-27.469
X21.669 Y-27.577
X21.793 Y-27.685
X21.93 Y-27.786
X22.063 Y-27.869
X22.214 Y-27.946
X22.357 Y-28.005
X22.499 Y-28.052
X22.649 Y-28.086
X22.68 Y-28.091
X22.88 Y-28.092
X23.072 Y-28.036
X23.24 Y-27.928
X23.371 Y-27.777
X23.454 Y-27.595
X23.461 Y-27.572
X23.574 Y-27.246
X23.609 Y-27.148
X23.687 Y-27.006
X23.707 Y-26.973
X23.732 Y-26.911 Z-6.471
X23.743 Y-26.844 Z-6.443
X23.739 Y-26.777 Z-6.414
X23.72 Y-26.713 Z-6.386
X23.687 Y-26.654 Z-6.357
X23.642 Y-26.605 Z-6.329
X23.587 Y-26.566 Z-6.3
X23.534 Y-26.543
X23.477 Y-26.531
X23.419 Y-26.53
X23.32 Y-26.539
X21.758 Y-26.669
X21.573 Y-26.684
X21.529 Y-26.691
X21.488 Y-26.704
X21.428 Y-26.736 Z-6.329
X21.377 Y-26.78 Z-6.357
X21.338 Y-26.834 Z-6.386
X21.311 Y-26.895 Z-6.414
X21.298 Y-26.961 Z-6.443
X21.301 Y-27.028 Z-6.471
X21.318 Y-27.093 Z-6.5
X21.588 Y-27.714
X21.648 Y-27.855
X21.703 Y-27.997
X21.759 Y-28.136
X21.839 Y-28.263
X21.934 Y-28.379
X22.045 Y-28.48
X22.167 Y-28.567
X22.299 Y-28.638
X22.354 Y-28.659
X22.543 Y-28.705
X22.737 Y-28.696
X22.922 Y-28.635
X23.082 Y-28.525
X23.206 Y-28.375
X23.284 Y-28.197
X23.419 Y-27.714
X23.454 Y-27.595
X23.463 Y-27.529 Z-6.471
X23.458 Y-27.462 Z-6.443
X23.437 Y-27.398 Z-6.414
X23.403 Y-27.34 Z-6.386
X23.357 Y-27.292 Z-6.357
X23.301 Y-27.254 Z-6.329
X23.238 Y-27.231 Z-6.3
X23.182 Y-27.222
X23.125 Y-27.224
X23.07 Y-27.236
X22.972 Y-27.268
X22.16 Y-27.536
X21.9 Y-27.622
X21.895 Y-27.623 Z-6.302
X21.835 Y-27.651 Z-6.33
X21.782 Y-27.691 Z-6.359
X21.739 Y-27.742 Z-6.387
X21.709 Y-27.801 Z-6.415
X21.692 Y-27.865 Z-6.443
X21.69 Y-27.932 Z-6.472
X21.703 Y-27.997 Z-6.5
X21.715 Y-28.032
X21.74 Y-28.139
X21.797 Y-28.422
X21.821 Y-28.563
X21.849 Y-28.711
X21.913 Y-28.846
X22.003 Y-28.966
X22.007 Y-28.97
X22.177 Y-29.088
X22.374 Y-29.151
X22.581 Y-29.153
X22.779 Y-29.095
X22.952 Y-28.982
X23.084 Y-28.823
X23.164 Y-28.632
X23.182 Y-28.563
X23.284 Y-28.197
X23.292 Y-28.13 Z-6.471
X23.286 Y-28.063 Z-6.443
X23.265 Y-28. Z-6.414
X23.23 Y-27.942 Z-6.386
X23.183 Y-27.894 Z-6.357
X23.127 Y-27.858 Z-6.329
X23.064 Y-27.835 Z-6.3
X22.997 Y-27.826
X22.93 Y-27.833
X22.866 Y-27.854
X22.801 Y-27.884
X22.332 Y-28.103
X22.084 Y-28.218
X21.993 Y-28.261 Z-6.342
X21.94 Y-28.292 Z-6.369
X21.895 Y-28.334 Z-6.395
X21.859 Y-28.385 Z-6.421
X21.834 Y-28.441 Z-6.447
X21.821 Y-28.501 Z-6.474
Y-28.563 Z-6.5
X21.89 Y-29.066
X21.918 Y-29.213
X21.989 Y-29.345
X22.151 Y-29.476
X22.346 Y-29.546
X22.554 Y-29.548
X22.751 Y-29.482
X22.915 Y-29.354
X23.028 Y-29.18
X23.078 Y-28.978
X23.077 Y-28.936 Z-6.482
X23.072 Y-28.895 Z-6.464
X23.046 Y-28.801 Z-6.423
X23.006 Y-28.714 Z-6.382
X22.952 Y-28.633 Z-6.341
X22.886 Y-28.563 Z-6.3
G3 X22.441 Y-28.409 R0.597
X22.023 Y-28.626 R0.597
G1 X21.969 Y-28.703 Z-6.34
X21.928 Y-28.788 Z-6.38
X21.901 Y-28.878 Z-6.42
X21.888 Y-28.972 Z-6.46
X21.89 Y-29.066 Z-6.5
X21.938 Y-29.412
X21.948 Y-29.49
X21.974 Y-29.638
X22.052 Y-29.766
X22.208 Y-29.875
X22.39 Y-29.929
X22.58 Y-29.922
X22.758 Y-29.855
X22.904 Y-29.734
X23.005 Y-29.573
X23.048 Y-29.387
X23.075 Y-29.016
X23.078 Y-28.978
X23.073 Y-28.912 Z-6.471
X23.053 Y-28.847 Z-6.443
X23.02 Y-28.789 Z-6.414
X22.974 Y-28.74 Z-6.386
X22.919 Y-28.702 Z-6.357
X22.857 Y-28.677 Z-6.329
X22.79 Y-28.667 Z-6.3
X22.731 Y-28.67
X22.674 Y-28.685
X22.62 Y-28.711
X22.573 Y-28.747
X22.547 Y-28.772
X22.387 Y-28.922
X22.187 Y-29.109
X22.042 Y-29.244 Z-6.384
X21.998 Y-29.296 Z-6.413
X21.966 Y-29.356 Z-6.442
X21.949 Y-29.422 Z-6.471
X21.948 Y-29.49 Z-6.5
X21.991 Y-29.837
X21.993 Y-29.88
X22.007 Y-30.029
X22.089 Y-30.155
X22.246 Y-30.258
X22.428 Y-30.304
X22.615 Y-30.289
X22.788 Y-30.213
X22.926 Y-30.086
X23.016 Y-29.921
X23.047 Y-29.735
Y-29.412
X23.048 Y-29.387
X23.044 Y-29.329 Z-6.475
X23.027 Y-29.274 Z-6.45
X22.998 Y-29.223 Z-6.426
X22.959 Y-29.18 Z-6.401
X22.911 Y-29.146 Z-6.376
X22.857 Y-29.124 Z-6.351
X22.8 Y-29.114 Z-6.326
X22.738 Y-29.113 Z-6.3
G3 X22.13 Y-29.437 R0.76
G1 X22.081 Y-29.517 Z-6.34
X22.042 Y-29.603 Z-6.38
X22.014 Y-29.693 Z-6.42
X21.998 Y-29.786 Z-6.46
X21.993 Y-29.88 Z-6.5
X21.997 Y-29.979
X21.994 Y-30.12
X21.99 Y-30.163
X21.984 Y-30.313
X22.038 Y-30.453
X22.133 Y-30.569
X22.291 Y-30.655
X22.468 Y-30.687
X22.646 Y-30.662
X22.807 Y-30.583
X22.936 Y-30.457
X23.018 Y-30.297
X23.047 Y-30.119
Y-29.735
X23.037 Y-29.676 Z-6.474
X23.014 Y-29.62 Z-6.449
X22.978 Y-29.572 Z-6.423
X22.931 Y-29.533 Z-6.397
X22.877 Y-29.507 Z-6.372
X22.818 Y-29.495 Z-6.346
X22.71 Y-29.493 Z-6.3
G3 X22.185 Y-29.742 R0.768
G1 X22.126 Y-29.815 Z-6.34
X22.076 Y-29.895 Z-6.38
X22.037 Y-29.981 Z-6.42
X22.008 Y-30.07 Z-6.46
X21.99 Y-30.163 Z-6.5
X21.981 Y-30.262
X21.963 Y-30.403
X21.948 Y-30.516
X21.935 Y-30.665
X21.985 Y-30.807
X22.071 Y-30.93
X22.234 Y-31.031
X22.421 Y-31.075
X22.613 Y-31.056
X22.788 Y-30.976
X22.928 Y-30.844
X23.017 Y-30.674
X23.048 Y-30.484
X23.047 Y-30.119
X23.038 Y-30.06 Z-6.475
X23.015 Y-30.005 Z-6.449
X22.981 Y-29.956 Z-6.424
X22.936 Y-29.917 Z-6.398
X22.883 Y-29.889 Z-6.373
X22.825 Y-29.874 Z-6.348
X22.769 Y-29.869 Z-6.324
X22.713 Y-29.867 Z-6.3
G3 X22.159 Y-30.103 R0.783
G1 X22.097 Y-30.174 Z-6.34
X22.045 Y-30.252 Z-6.38
X22.002 Y-30.336 Z-6.42
X21.969 Y-30.424 Z-6.46
X21.948 Y-30.516 Z-6.5
X21.899 Y-30.871
X21.886 Y-31.02
X21.927 Y-31.164
X22.005 Y-31.292
X22.112 Y-31.398
X22.121 Y-31.404
X22.3 Y-31.481
X22.493 Y-31.497
X22.682 Y-31.453
X22.847 Y-31.351
X22.971 Y-31.202
X23.043 Y-31.021
X23.054 Y-30.828
X23.049 Y-30.686
X23.048 Y-30.484
X23.037 Y-30.417 Z-6.471
X23.013 Y-30.355 Z-6.443
X22.975 Y-30.3 Z-6.414
X22.925 Y-30.254 Z-6.386
X22.867 Y-30.221 Z-6.357
X22.803 Y-30.201 Z-6.329
X22.736 Y-30.196 Z-6.3
X22.675 Y-30.205
X22.617 Y-30.226
X22.565 Y-30.258
X22.494 Y-30.313
X22.425 Y-30.366
X22.208 Y-30.533
X22.012 Y-30.684 Z-6.405
X21.971 Y-30.722 Z-6.429
X21.938 Y-30.767 Z-6.453
X21.914 Y-30.817 Z-6.476
X21.899 Y-30.871 Z-6.5
X21.841 Y-31.295
X21.827 Y-31.445
X21.869 Y-31.589
X21.949 Y-31.716
X22.123 Y-31.843
X22.328 Y-31.909
X22.544 Y-31.908
X22.748 Y-31.838
X22.92 Y-31.709
X23.043 Y-31.531
X23.103 Y-31.324
X23.096 Y-31.109
X23.069 Y-30.969
X23.054 Y-30.828
X23.038 Y-30.763 Z-6.471
X23.007 Y-30.703 Z-6.443
X22.964 Y-30.652 Z-6.414
X22.91 Y-30.611 Z-6.386
X22.849 Y-30.583 Z-6.357
X22.783 Y-30.57 Z-6.329
X22.716 Y-30.572 Z-6.3
X22.666 Y-30.583
X22.618 Y-30.603
X22.574 Y-30.631
X22.481 Y-30.703
X22.367 Y-30.791
X22.15 Y-30.958
X21.953 Y-31.11 Z-6.406
X21.912 Y-31.147 Z-6.429
X21.879 Y-31.192 Z-6.453
X21.855 Y-31.242 Z-6.476
X21.841 Y-31.295 Z-6.5
X21.787 Y-31.677
X21.766 Y-31.826
X21.802 Y-31.971
X21.874 Y-32.103
X21.973 Y-32.216
X22.091 Y-32.307
X22.225 Y-32.376
X22.367 Y-32.423
X22.516 Y-32.446
X22.53
X22.744 Y-32.416
X22.939 Y-32.322
X23.095 Y-32.174
X23.199 Y-31.984
X23.241 Y-31.772
X23.215 Y-31.557
X23.13 Y-31.252
X23.096 Y-31.109
X23.074 Y-31.046 Z-6.471
X23.038 Y-30.989 Z-6.443
X22.99 Y-30.942 Z-6.414
X22.933 Y-30.906 Z-6.386
X22.87 Y-30.884 Z-6.357
X22.803 Y-30.877 Z-6.329
X22.736 Y-30.884 Z-6.3
X22.674 Y-30.906
X22.618 Y-30.942
X22.507 Y-31.029
X22.323 Y-31.175
X22.108 Y-31.345
X21.891 Y-31.516 Z-6.417
X21.845 Y-31.562 Z-6.445
X21.81 Y-31.616 Z-6.472
X21.787 Y-31.677 Z-6.5
X21.756 Y-31.819
X21.715 Y-31.963
X21.69 Y-32.034
X21.649 Y-32.178
X21.659 Y-32.328
X21.704 Y-32.471
X21.776 Y-32.603
X21.868 Y-32.721
X21.98 Y-32.821
X22.104 Y-32.905
X22.24 Y-32.969
X22.383 Y-33.014
X22.531 Y-33.04
X22.681 Y-33.045
X22.83 Y-33.033
X22.852 Y-33.028
X23.065 Y-32.946
X23.24 Y-32.799
X23.358 Y-32.603
X23.407 Y-32.38
X23.382 Y-32.153
X23.215 Y-31.557
X23.188 Y-31.496 Z-6.471
X23.147 Y-31.442 Z-6.443
X23.096 Y-31.399 Z-6.414
X23.036 Y-31.368 Z-6.386
X22.971 Y-31.351 Z-6.357
X22.904 Y-31.349 Z-6.329
X22.838 Y-31.362 Z-6.3
X22.792 Y-31.381
X22.593 Y-31.484
X22.301 Y-31.634
X22.057 Y-31.759
X21.833 Y-31.875 Z-6.407
X21.787 Y-31.904 Z-6.43
X21.747 Y-31.941 Z-6.453
X21.715 Y-31.985 Z-6.477
X21.69 Y-32.034 Z-6.5
X21.667 Y-32.102
X21.526 Y-32.428
X21.474 Y-32.568
X21.463 Y-32.718
X21.484 Y-32.866
X21.532 Y-33.008
X21.601 Y-33.141
X21.689 Y-33.263
X21.792 Y-33.372
X21.907 Y-33.468
X22.032 Y-33.551
X22.166 Y-33.619
X22.307 Y-33.671
X22.452 Y-33.708
X22.601 Y-33.729
X22.75 Y-33.733
X22.9 Y-33.721
X23.048 Y-33.694
X23.195 Y-33.648
X23.379 Y-33.533
X23.519 Y-33.367
X23.601 Y-33.166
X23.618 Y-32.95
X23.568 Y-32.739
X23.539 Y-32.668
X23.487 Y-32.526
X23.382 Y-32.153
X23.356 Y-32.095 Z-6.473
X23.319 Y-32.043 Z-6.446
X23.271 Y-32. Z-6.418
X23.215 Y-31.969 Z-6.391
X23.154 Y-31.95 Z-6.364
X23.09 Y-31.945 Z-6.337
X23.026 Y-31.953 Z-6.309
X23.005 Y-31.958 Z-6.3
X22.739 Y-32.022
X22.191 Y-32.153
X21.925 Y-32.217
X21.727 Y-32.264 Z-6.386
X21.665 Y-32.287 Z-6.415
X21.608 Y-32.323 Z-6.443
X21.562 Y-32.371 Z-6.472
X21.526 Y-32.428 Z-6.5
X21.312 Y-32.922
X21.259 Y-33.063
X21.231 Y-33.21
X21.232 Y-33.36
X21.257 Y-33.508
X21.304 Y-33.65
X21.369 Y-33.785
X21.45 Y-33.912
X21.504 Y-34.058
X21.524 Y-34.213
X21.51 Y-34.368
X21.461 Y-34.516
X21.381 Y-34.65
X21.273 Y-34.763
X21.013 Y-34.935
X20.417 Y-35.118
X19.802 Y-35.227
X19.688 Y-35.249
X19.58 Y-35.289
X19.48 Y-35.348
G3 X19.425 Y-35.769 R0.3
X19.702 Y-35.884 R0.3
G1 X19.768 Y-35.875 Z-6.492
X19.831 Y-35.867 Z-6.47
X19.887 Y-35.86 Z-6.435
X19.934 Y-35.853 Z-6.387
X19.97 Y-35.849 Z-6.33
X19.992 Y-35.846 Z-6.267
X19.999 Y-35.845 Z-6.2
G0 Z5.
X22.058 Y-32.144
Z-5.9
G1 Z-6.2 F1000.
X22.052 Y-32.148 Z-6.267
X22.034 Y-32.161 Z-6.33
X22.005 Y-32.182 Z-6.387
X21.967 Y-32.21 Z-6.435
X21.921 Y-32.243 Z-6.47
X21.869 Y-32.28 Z-6.492
X21.815 Y-32.319 Z-6.5
G3 X21.312 Y-32.922 R1.583
G1 X21.148 Y-33.297
X21.113 Y-33.375
X21.046 Y-33.517
X20.965 Y-33.659
X20.864 Y-33.801
X20.757 Y-33.942
X20.066 Y-34.791
X20.014 Y-34.854
X19.872 Y-35.019
X19.815 Y-35.074
X19.655 Y-35.215
X19.588 Y-35.271
X19.163 Y-35.573
X18.596 Y-35.973
X18.454 Y-36.071
X18.312 Y-36.163
X18.229 Y-36.206
X18.17 Y-36.235
X18.029 Y-36.3
X17.603 Y-36.454
X16.832 Y-36.729
G3 X16.663 Y-37.118 R0.3
X16.898 Y-37.304 R0.3
G1 X16.964 Y-37.314 Z-6.492
X17.027 Y-37.323 Z-6.47
X17.083 Y-37.332 Z-6.435
X17.13 Y-37.339 Z-6.387
X17.165 Y-37.344 Z-6.33
X17.187 Y-37.347 Z-6.267
X17.194 Y-37.348 Z-6.2
G0 Z5.
X30.038 Y-37.446
Z-5.9
G1 Z-6.2 F1000.
X30.032 Y-37.442 Z-6.267
X30.015 Y-37.427 Z-6.33
X29.987 Y-37.404 Z-6.387
X29.951 Y-37.374 Z-6.435
X29.907 Y-37.337 Z-6.47
X29.859 Y-37.297 Z-6.492
X29.808 Y-37.254 Z-6.5
G3 X29.1 Y-36.914 R1.583
G1 X28.804 Y-36.853
X28.237 Y-36.736
X28.095 Y-36.705
X27.712 Y-36.614
X27.386 Y-36.469
X27.244 Y-36.404
X26.677 Y-36.11
X26.391 Y-35.979
X26.094 Y-35.871
X25.687 Y-35.76
X25.535 Y-35.731
X25.382 Y-35.706
X24.765 Y-35.613
X24.609 Y-35.6
X24.542 Y-35.605 Z-6.471
X24.478 Y-35.624 Z-6.443
X24.419 Y-35.657 Z-6.414
X24.37 Y-35.703 Z-6.386
X24.331 Y-35.758 Z-6.357
X24.306 Y-35.82 Z-6.329
X24.296 Y-35.886 Z-6.3
G3 X24.524 Y-36.192 R0.3
G1 X26.459 Y-36.663
G3 X26.791 Y-36.518 R0.3
G1 X26.818 Y-36.456 Z-6.329
X26.829 Y-36.39 Z-6.357
X26.826 Y-36.323 Z-6.386
X26.808 Y-36.258 Z-6.414
X26.776 Y-36.199 Z-6.443
X26.732 Y-36.149 Z-6.471
X26.677 Y-36.11 Z-6.5
X26.394 Y-35.963
X26.32 Y-35.923
X25.968 Y-35.72
X25.916 Y-35.684
X25.685 Y-35.484
X24.791 Y-34.649
X24.692 Y-34.55
X24.55 Y-34.392
X24.531 Y-34.366
X24.259 Y-33.942
X23.7 Y-33.022
X23.66 Y-32.951
X23.597 Y-32.809
X23.568 Y-32.739
G3 X23.171 Y-32.589 R0.3
X22.996 Y-32.832 R0.3
G1 X22.989 Y-32.899 Z-6.492
X22.983 Y-32.962 Z-6.47
X22.977 Y-33.018 Z-6.435
X22.973 Y-33.066 Z-6.387
X22.969 Y-33.101 Z-6.33
X22.967 Y-33.123 Z-6.267
X22.966 Y-33.131 Z-6.2
G0 Z5.
X15.127 Y-37.483
Z-5.9
G1 Z-6.2 F1000.
X15.122 Y-37.478 Z-6.267
X15.105 Y-37.463 Z-6.33
X15.078 Y-37.439 Z-6.387
X15.042 Y-37.408 Z-6.435
X15. Y-37.371 Z-6.47
X14.952 Y-37.329 Z-6.492
X14.902 Y-37.285 Z-6.5
G3 X14.201 Y-36.931 R1.583
G1 X14.059 Y-36.905
X13.917 Y-36.877
X13.066 Y-36.7
X12.711 Y-36.614
X12.641 Y-36.59
X12.216 Y-36.388
X12.074 Y-36.315
X11.649 Y-36.095
X11.393 Y-35.978
X11.097 Y-35.871
X10.691 Y-35.76
X10.084 Y-35.645
X9.463 Y-35.579
X8.841 Y-35.54
X8.217 Y-35.518
X7.906 Y-35.5
X7.601 Y-35.431
X7.318 Y-35.301
X6.81 Y-34.939
X6.441 Y-34.435
X6.189 Y-33.864
X6.022 Y-33.263
X5.912 Y-32.649
X5.842 Y-32.029
X5.796 Y-31.407
X5.768 Y-30.784
X5.749 Y-30.16
X5.738 Y-29.536
X5.731 Y-28.912
X5.726 Y-28.288
X5.723 Y-27.664
X5.72 Y-26.416
X5.718 Y-23.297
Y-8.322
X5.722 Y-8.01
X5.772 Y-7.702
X5.883 Y-7.411
X6.215 Y-6.882
X6.702 Y-6.492
X7.264 Y-6.222
X7.862 Y-6.042
X8.474 Y-5.923
X9.094 Y-5.847
X9.259 Y-5.807
X9.411 Y-5.731
X9.542 Y-5.622
X9.805 Y-5.348
X9.947 Y-5.205
X10.514 Y-4.676
X10.798 Y-4.414
X10.857 Y-4.363
G3 X10.874 Y-3.939 R0.3
X10.588 Y-3.85 R0.3
G1 X10.523 Y-3.865 Z-6.492
X10.461 Y-3.879 Z-6.47
X10.406 Y-3.891 Z-6.435
X10.359 Y-3.902 Z-6.387
X10.324 Y-3.909 Z-6.33
X10.303 Y-3.914 Z-6.267
X10.295 Y-3.916 Z-6.2
G0 Z5.
X17.336 Y-17.112
Z-5.9
G1 Z-6.2 F1000.
X17.329 Y-17.109 Z-6.267
X17.309 Y-17.1 Z-6.33
X17.276 Y-17.086 Z-6.387
X17.233 Y-17.068 Z-6.435
X17.18 Y-17.045 Z-6.47
X17.122 Y-17.02 Z-6.492
X17.061 Y-16.994 Z-6.5
G3 X16.284 Y-16.874 R1.583
G1 X16.185 Y-16.887
X15.618 Y-16.927
X15.469 Y-16.945
X15.326 Y-16.988
X15.189 Y-17.05
X15.062 Y-17.129
X14.943 Y-17.22
X14.833 Y-17.323
X14.73 Y-17.437
X14.628 Y-17.57
X14.527 Y-17.728
X14.435 Y-17.898
X14.347 Y-18.101
X14.271 Y-18.32
X14.208 Y-18.567
X14.159 Y-18.85
X14.132 Y-19.144
X14.129 Y-19.467
X14.154 Y-19.828
X14.212 Y-20.215
X14.305 Y-20.608
X14.443 Y-21.039
X14.631 Y-21.495
X14.872 Y-21.968
X15.167 Y-22.446
X15.434 Y-22.811
X15.575 Y-22.955
X15.752 Y-23.052
X15.948 Y-23.096
X16.185 Y-23.113
X16.327 Y-23.132
X16.469 Y-23.157
X16.611 Y-23.198
X16.753 Y-23.243
X17.603 Y-23.546
X18.029 Y-23.7
X18.107 Y-23.735
X18.172 Y-23.753 Z-6.471
X18.239 Y-23.756 Z-6.443
X18.305 Y-23.744 Z-6.414
X18.367 Y-23.718 Z-6.386
X18.421 Y-23.678 Z-6.357
X18.466 Y-23.628 Z-6.329
X18.498 Y-23.569 Z-6.3
X18.514 Y-23.513
X18.519 Y-23.455
X18.513 Y-23.397
X18.496 Y-23.341
X18.481 Y-23.304
X16.052 Y-17.464
X15.947 Y-17.212
X15.905 Y-17.112 Z-6.346
X15.877 Y-17.059 Z-6.372
X15.838 Y-17.013 Z-6.397
X15.791 Y-16.975 Z-6.423
X15.737 Y-16.948 Z-6.449
X15.679 Y-16.931 Z-6.474
X15.618 Y-16.927 Z-6.5
X14.909 Y-16.976
X14.831 Y-16.98
X14.682 Y-16.995
X14.537 Y-17.031
X14.397 Y-17.087
X14.266 Y-17.158
X14.142 Y-17.243
X14.026 Y-17.339
X13.912 Y-17.45
X13.796 Y-17.583
X13.685 Y-17.734
X13.572 Y-17.915
X13.472 Y-18.11
X13.377 Y-18.338
X13.292 Y-18.599
X13.227 Y-18.874
X13.177 Y-19.192
X13.151 Y-19.545
X13.154 Y-19.908
X13.189 Y-20.311
X13.264 Y-20.755
X13.385 Y-21.233
X13.548 Y-21.712
X13.766 Y-22.215
X13.984 Y-22.625
X14.041 Y-22.714
X14.152 Y-22.845
X14.293 Y-22.943
X14.455 Y-23.
X14.626 Y-23.013
X14.768 Y-23.017
X14.909 Y-23.024
X15.948 Y-23.096
X16.015 Y-23.091 Z-6.471
X16.08 Y-23.071 Z-6.443
X16.138 Y-23.037 Z-6.414
X16.187 Y-22.991 Z-6.386
X16.225 Y-22.936 Z-6.357
X16.249 Y-22.874 Z-6.329
X16.259 Y-22.807 Z-6.3
X16.258 Y-22.771
X16.253 Y-22.736
X16.213 Y-22.538
X15.196 Y-17.542
X15.141 Y-17.274
X15.13 Y-17.22 Z-6.324
X15.109 Y-17.154 Z-6.353
X15.073 Y-17.095 Z-6.382
X15.024 Y-17.046 Z-6.412
X14.966 Y-17.009 Z-6.441
X14.9 Y-16.987 Z-6.471
X14.831 Y-16.98 Z-6.5
X14.768 Y-16.983
X14.626 Y-16.987
X14.484 Y-16.979
X14.341 Y-16.957
X14.201 Y-16.931
X14.052 Y-16.911
X13.902 Y-16.923
X13.756 Y-16.956
X13.615 Y-17.007
X13.48 Y-17.072
X13.352 Y-17.15
X13.229 Y-17.24
X13.097 Y-17.353
X12.971 Y-17.481
X12.84 Y-17.637
X12.713 Y-17.813
X12.593 Y-18.016
X12.474 Y-18.257
X12.372 Y-18.513
X12.282 Y-18.805
X12.208 Y-19.141
X12.158 Y-19.496
X12.136 Y-19.886
X12.146 Y-20.326
X12.196 Y-20.804
X12.288 Y-21.297
X12.426 Y-21.808
X12.582 Y-22.242
X12.72 Y-22.547
X12.836 Y-22.758
X12.918 Y-22.881
X13.057 Y-23.035
X13.236 Y-23.142
X13.437 Y-23.191
X13.644 Y-23.18
X13.917 Y-23.123
X14.059 Y-23.095
X14.342 Y-23.043
X14.484 Y-23.021
X14.626 Y-23.013
X14.691 Y-23. Z-6.472
X14.752 Y-22.972 Z-6.443
X14.806 Y-22.932 Z-6.415
X14.849 Y-22.881 Z-6.386
X14.879 Y-22.821 Z-6.358
X14.896 Y-22.756 Z-6.329
X14.898 Y-22.689 Z-6.301
Y-22.688 Z-6.3
X14.875 Y-22.415
X14.465 Y-17.561
X14.443 Y-17.289
X14.435 Y-17.199 Z-6.338
X14.423 Y-17.137 Z-6.365
X14.398 Y-17.078 Z-6.392
X14.362 Y-17.026 Z-6.419
X14.315 Y-16.983 Z-6.446
X14.261 Y-16.951 Z-6.473
X14.201 Y-16.931 Z-6.5
X14.059 Y-16.905
X13.917 Y-16.877
X13.492 Y-16.789
X13.343 Y-16.765
X13.193 Y-16.764
X13.045 Y-16.785
X12.9 Y-16.823
X12.759 Y-16.875
X12.624 Y-16.94
X12.484 Y-17.024
X12.347 Y-17.12
X12.2 Y-17.244
X12.057 Y-17.385
X11.911 Y-17.553
X11.764 Y-17.754
X11.629 Y-17.972
X11.496 Y-18.232
X11.373 Y-18.528
X11.272 Y-18.842
X11.186 Y-19.207
X11.123 Y-19.624
X11.092 Y-20.06
X11.096 Y-20.529
X11.143 Y-21.043
X11.232 Y-21.562
X11.353 Y-22.037
X11.48 Y-22.405
X11.607 Y-22.697
X11.722 Y-22.911
X11.841 Y-23.096
X11.884 Y-23.152
X12.035 Y-23.3
X12.223 Y-23.397
X12.431 Y-23.435
X12.641 Y-23.412
X13.066 Y-23.3
X13.644 Y-23.18
X13.708 Y-23.156 Z-6.471
X13.764 Y-23.119 Z-6.442
X13.811 Y-23.07 Z-6.414
X13.846 Y-23.012 Z-6.385
X13.867 Y-22.948 Z-6.356
X13.873 Y-22.88 Z-6.327
X13.871 Y-22.817 Z-6.3
X13.864 Y-22.543
X13.73 Y-17.425
X13.722 Y-17.152
X13.72 Y-17.072 Z-6.334
X13.712 Y-17.008 Z-6.361
X13.689 Y-16.946 Z-6.389
X13.654 Y-16.892 Z-6.417
X13.608 Y-16.846 Z-6.445
X13.553 Y-16.811 Z-6.472
X13.492 Y-16.789 Z-6.5
X13.066 Y-16.7
X12.705 Y-16.605
X12.558 Y-16.574
X12.408 Y-16.569
X12.259 Y-16.583
X12.112 Y-16.614
X11.969 Y-16.66
X11.831 Y-16.717
X11.684 Y-16.793
X11.533 Y-16.888
X11.378 Y-17.003
X11.212 Y-17.148
X11.055 Y-17.31
X10.891 Y-17.508
X10.731 Y-17.736
X10.582 Y-17.99
X10.435 Y-18.296
X10.302 Y-18.637
X10.193 Y-19.003
X10.104 Y-19.422
X10.043 Y-19.893
X10.019 Y-20.402
X10.036 Y-20.922
X10.095 Y-21.449
X10.189 Y-21.93
X10.308 Y-22.356
X10.44 Y-22.714
X10.564 Y-22.981
X10.687 Y-23.199
X10.802 Y-23.369
X10.935 Y-23.535
X11.054 Y-23.662
X11.081 Y-23.687
X11.258 Y-23.803
X11.461 Y-23.862
X11.672 Y-23.857
X11.873 Y-23.789
X12.22 Y-23.609
X12.357 Y-23.54
X12.515 Y-23.468
X12.641 Y-23.412
X12.697 Y-23.377 Z-6.472
X12.744 Y-23.33 Z-6.444
X12.779 Y-23.275 Z-6.416
X12.802 Y-23.213 Z-6.388
X12.81 Y-23.147 Z-6.359
X12.813 Y-23.007 Z-6.3
X12.818 Y-22.733
X12.912 Y-17.253
X12.917 Y-16.98
X12.918 Y-16.897 Z-6.335
X12.912 Y-16.833 Z-6.362
X12.893 Y-16.771 Z-6.39
X12.861 Y-16.715 Z-6.417
X12.817 Y-16.667 Z-6.445
X12.764 Y-16.63 Z-6.472
X12.705 Y-16.605 Z-6.5
X12.641 Y-16.588
X12.499 Y-16.525
X12.357 Y-16.46
X12.173 Y-16.366
X12.036 Y-16.304
X11.891 Y-16.267
X11.742 Y-16.251
X11.592 Y-16.255
X11.443 Y-16.274
X11.297 Y-16.307
X11.145 Y-16.355
X10.992 Y-16.418
X10.826 Y-16.502
X10.653 Y-16.608
X10.48 Y-16.734
X10.293 Y-16.894
X10.114 Y-17.075
X9.93 Y-17.293
X9.745 Y-17.554
X9.576 Y-17.836
X9.414 Y-18.163
X9.262 Y-18.547
X9.131 Y-18.974
X9.031 Y-19.425
X8.961 Y-19.929
X8.93 Y-20.472
X8.943 Y-21.027
X8.999 Y-21.572
X9.095 Y-22.085
X9.216 Y-22.533
X9.351 Y-22.91
X9.506 Y-23.251
X9.656 Y-23.523
X9.8 Y-23.74
X9.942 Y-23.92
X10.069 Y-24.058
X10.218 Y-24.195
X10.225 Y-24.201
X10.418 Y-24.308
X10.634 Y-24.349
X10.853 Y-24.321
X11.052 Y-24.227
X11.081 Y-24.207
X11.223 Y-24.127
X11.4 Y-24.034
X11.873 Y-23.789
X11.922 Y-23.754 Z-6.474
X11.964 Y-23.71 Z-6.448
X11.996 Y-23.658 Z-6.422
X12.017 Y-23.601 Z-6.397
X12.025 Y-23.541 Z-6.371
X12.033 Y-23.374 Z-6.3
X12.044 Y-23.101
X12.307 Y-17.055
X12.319 Y-16.781
X12.325 Y-16.641 Z-6.36
X12.321 Y-16.575 Z-6.388
X12.302 Y-16.512 Z-6.416
X12.27 Y-16.454 Z-6.444
X12.226 Y-16.405 Z-6.472
X12.173 Y-16.366 Z-6.5
X11.448 Y-15.991
X11.312 Y-15.929
X11.169 Y-15.881
X11.022 Y-15.853
X10.873 Y-15.842
X10.723 Y-15.847
X10.574 Y-15.866
X10.427 Y-15.897
X10.283 Y-15.94
X10.143 Y-15.992
X10.006 Y-16.054
X9.873 Y-16.124
X9.744 Y-16.2
X9.62 Y-16.284
X9.5 Y-16.374
X9.384 Y-16.47
X9.273 Y-16.571
X9.166 Y-16.676
X9.064 Y-16.786
X8.966 Y-16.899
X8.873 Y-17.017
X8.783 Y-17.137
X8.698 Y-17.261
X8.617 Y-17.387
X8.54 Y-17.516
X8.467 Y-17.647
X8.399 Y-17.78
X8.334 Y-17.915
X8.272 Y-18.052
X8.215 Y-18.191
X8.161 Y-18.331
X8.111 Y-18.472
X8.064 Y-18.615
X8.021 Y-18.758
X7.982 Y-18.903
X7.946 Y-19.049
X7.913 Y-19.195
X7.883 Y-19.342
X7.857 Y-19.49
X7.834 Y-19.638
X7.814 Y-19.787
X7.797 Y-19.936
X7.784 Y-20.085
X7.774 Y-20.235
X7.766 Y-20.385
X7.761 Y-20.535
X7.76 Y-20.685
X7.762 Y-20.835
X7.766 Y-20.984
X7.774 Y-21.134
X7.785 Y-21.284
X7.798 Y-21.433
X7.815 Y-21.582
X7.834 Y-21.731
X7.857 Y-21.879
X7.883 Y-22.027
X7.912 Y-22.174
X7.945 Y-22.321
X7.981 Y-22.466
X8.019 Y-22.611
X8.062 Y-22.755
X8.108 Y-22.898
X8.157 Y-23.04
X8.21 Y-23.18
X8.267 Y-23.319
X8.327 Y-23.456
X8.391 Y-23.592
X8.46 Y-23.725
X8.532 Y-23.856
X8.609 Y-23.985
X8.69 Y-24.111
X8.776 Y-24.235
X8.867 Y-24.353
X8.964 Y-24.468
X9.066 Y-24.578
X9.174 Y-24.682
X9.288 Y-24.779
X9.408 Y-24.869
X9.476 Y-24.913
X9.643 Y-24.994
X9.826 Y-25.027
X10.012 Y-25.012
X10.186 Y-24.948
X10.338 Y-24.84
X10.746 Y-24.458
X10.798 Y-24.412
X10.94 Y-24.304
X11.052 Y-24.227
X11.1 Y-24.183 Z-6.472
X11.138 Y-24.128 Z-6.444
X11.162 Y-24.067 Z-6.416
X11.173 Y-24.002 Z-6.388
X11.185 Y-23.796 Z-6.3
X11.2 Y-23.523
X11.578 Y-16.679
X11.593 Y-16.406
X11.6 Y-16.269 Z-6.358
X11.597 Y-16.202 Z-6.387
X11.578 Y-16.138 Z-6.415
X11.546 Y-16.08 Z-6.443
X11.502 Y-16.03 Z-6.472
X11.448 Y-15.991 Z-6.5
X11.223 Y-15.873
X11.081 Y-15.793
X10.94 Y-15.696
X10.854 Y-15.631
X10.73 Y-15.545
X10.602 Y-15.467
X10.463 Y-15.411
X10.318 Y-15.374
X10.169 Y-15.354
X10.019 Y-15.348
X9.869 Y-15.356
X9.721 Y-15.376
X9.574 Y-15.407
X9.43 Y-15.449
X9.288 Y-15.499
X9.15 Y-15.558
X9.016 Y-15.624
X8.885 Y-15.697
X8.758 Y-15.777
X8.634 Y-15.862
X8.515 Y-15.953
X8.4 Y-16.049
X8.261 Y-16.12
X8.11 Y-16.16
X7.954 Y-16.165
X7.801 Y-16.135
X7.658 Y-16.072
X7.533 Y-15.979
X7.432 Y-15.86
X7.286 Y-15.585
X7.178 Y-14.97
X7.115 Y-14.349
X7.077 Y-13.726
X7.056 Y-13.103
X7.043 Y-12.479
X7.036 Y-11.855
X7.032 Y-11.231
X7.029 Y-10.607
X7.027 Y-9.359
X7.055 Y-9.049
X7.147 Y-8.751
X7.302 Y-8.48
X7.703 Y-8.002
X8.229 Y-7.666
X8.364 Y-7.559
X8.476 Y-7.426
X8.558 Y-7.274
X8.593 Y-7.191
X8.671 Y-7.032
X8.743 Y-6.908
X9.259 Y-6.058
X9.434 Y-5.775
X9.522 Y-5.645
X9.542 Y-5.622
G3 X9.618 Y-5.399 R0.3
X9.508 Y-5.189 R0.3
G1 X9.46 Y-5.168 Z-6.495
X9.413 Y-5.146 Z-6.481
X9.37 Y-5.127 Z-6.458
X9.319 Y-5.122 Z-6.419
X9.279 Y-5.128 Z-6.373
X9.25 Y-5.133 Z-6.319
X9.231 Y-5.136 Z-6.261
X9.225 Y-5.137 Z-6.2
G0 Z5.
X11.426 Y-16.545
Z-5.9
G1 Z-6.2 F1000.
X11.423 Y-16.538 Z-6.267
X11.415 Y-16.517 Z-6.33
X11.402 Y-16.484 Z-6.387
X11.384 Y-16.44 Z-6.435
X11.363 Y-16.387 Z-6.47
X11.34 Y-16.328 Z-6.492
X11.315 Y-16.266 Z-6.5
G3 X10.854 Y-15.631 R1.583
G1 X10.798 Y-15.588
X10.746 Y-15.542
X10.291 Y-15.117
X10.177 Y-15.02
X10.05 Y-14.94
X9.913 Y-14.88
X9.616 Y-14.784
X9.359 Y-14.607
X8.93 Y-14.154
X8.653 Y-13.595
X8.482 Y-12.995
X8.378 Y-12.379
X8.347 Y-12.067
X8.342 Y-12.027
X8.334 Y-11.987
X8.325 Y-11.948
G3 X7.948 Y-11.753 R0.3
X7.746 Y-11.975 R0.3
G1 X7.731 Y-12.04 Z-6.492
X7.718 Y-12.102 Z-6.47
X7.706 Y-12.158 Z-6.435
X7.695 Y-12.204 Z-6.387
X7.688 Y-12.239 Z-6.33
X7.683 Y-12.261 Z-6.267
X7.681 Y-12.268 Z-6.2
G0 Z5.
X10.775 Y-16.081
Z-5.9
G1 Z-6.2 F1000.
X10.773 Y-16.074 Z-6.267
X10.767 Y-16.053 Z-6.33
X10.757 Y-16.018 Z-6.387
X10.743 Y-15.973 Z-6.435
X10.728 Y-15.918 Z-6.47
X10.71 Y-15.857 Z-6.492
X10.691 Y-15.793 Z-6.5
G3 X10.291 Y-15.117 R1.583
G1 X9.805 Y-14.663
X9.693 Y-14.551
X9.664 Y-14.519
X9.566 Y-14.409
X9.522 Y-14.351
X9.46 Y-14.268
X9.371 Y-14.126
X8.855 Y-13.277
X8.612 Y-12.852
X8.577 Y-12.781
X8.551 Y-12.711
X8.46 Y-12.428
X8.388 Y-12.173
X8.142 Y-11.295
X8.104 Y-11.154
X8.077 Y-11.012
X8.056 Y-10.729
X8.047 Y-10.588
Y-9.597
X8.049 Y-9.314
X8.054 Y-9.172
X8.068 Y-9.031
X8.104 Y-8.846
X8.13 Y-8.748
X8.447 Y-7.615
X8.487 Y-7.474
X8.534 Y-7.332
X8.558 Y-7.274
G3 X8.384 Y-6.887 R0.3
X8.088 Y-6.936 R0.3
G1 X8.036 Y-6.978 Z-6.492
X7.987 Y-7.018 Z-6.47
X7.943 Y-7.054 Z-6.435
X7.906 Y-7.084 Z-6.387
X7.878 Y-7.107 Z-6.33
X7.861 Y-7.121 Z-6.267
X7.855 Y-7.126 Z-6.2
G0 Z5.
X12.374 Y-36.893
Z-5.9
G1 Z-6.2 F1000.
X12.37 Y-36.886 Z-6.267
X12.359 Y-36.868 Z-6.33
X12.34 Y-36.837 Z-6.387
X12.315 Y-36.797 Z-6.435
X12.285 Y-36.749 Z-6.47
X12.251 Y-36.695 Z-6.492
X12.216 Y-36.638 Z-6.5
G3 X11.649 Y-36.095 R1.583
G1 X11.317 Y-35.923
X11.223 Y-35.872
X11.071 Y-35.782
X10.94 Y-35.7
X10.861 Y-35.64
X10.798 Y-35.586
X10.45 Y-35.264
X10.327 Y-35.162
X10.212 Y-35.066
X10.089 Y-34.98
X9.961 Y-34.902
X9.828 Y-34.832
X9.692 Y-34.768
X9.554 Y-34.711
X9.413 Y-34.659
X8.823 Y-34.456
X8.295 Y-34.123
X7.89 Y-33.649
X7.603 Y-33.095
X7.406 Y-32.503
X7.274 Y-31.893
X7.187 Y-31.275
X7.13 Y-30.654
X7.093 Y-30.031
X7.069 Y-29.407
X7.054 Y-28.784
X7.044 Y-28.16
X7.037 Y-27.536
X7.033 Y-26.756
X7.03 Y-26.054
G3 X6.73 Y-25.765 R0.3
G1 X6.705 Y-25.766
X6.655 Y-25.784 Z-6.495
X6.607 Y-25.801 Z-6.481
X6.562 Y-25.817 Z-6.458
X6.529 Y-25.854 Z-6.421
X6.502 Y-25.884 Z-6.374
X6.482 Y-25.906 Z-6.32
X6.469 Y-25.92 Z-6.262
X6.465 Y-25.925 Z-6.2
G0 Z5.
X10.936 Y-36.227
Z-5.9
G1 Z-6.2 F1000.
X10.934 Y-36.22 Z-6.267
X10.928 Y-36.199 Z-6.33
X10.918 Y-36.164 Z-6.387
X10.904 Y-36.119 Z-6.435
X10.888 Y-36.064 Z-6.47
X10.87 Y-36.003 Z-6.492
X10.852 Y-35.939 Z-6.5
G3 X10.45 Y-35.264 R1.583
G1 X9.942 Y-34.791
X9.803 Y-34.649
X9.531 Y-34.366
X9.522 Y-34.355
X9.434 Y-34.225
X9.238 Y-33.908
X8.743 Y-33.092
X8.671 Y-32.968
X8.593 Y-32.809
X8.534 Y-32.668
X8.487 Y-32.526
X8.209 Y-31.535
X8.13 Y-31.252
X8.104 Y-31.154
X8.068 Y-30.969
X8.054 Y-30.828
X8.049 Y-30.686
X8.047 Y-30.262
Y-29.412
X8.067 Y-29.129
X8.077 Y-28.988
X8.085 Y-28.945
X8.154 Y-28.438
X8.188 Y-27.815
X8.197 Y-27.503
X8.235 Y-27.352
X8.306 Y-27.213
X8.406 Y-27.093
X8.718 Y-26.855
X8.784 Y-26.798
X8.842 Y-26.734
X8.891 Y-26.663
X8.917 Y-26.601 Z-6.471
X8.929 Y-26.535 Z-6.443
X8.926 Y-26.468 Z-6.414
X8.908 Y-26.403 Z-6.386
X8.876 Y-26.344 Z-6.357
X8.831 Y-26.294 Z-6.329
X8.777 Y-26.254 Z-6.3
G3 X8.368 Y-26.369 R0.3
X8.347 Y-26.416 R0.3
G1 X7.51 Y-28.779
G3 X7.53 Y-29.025 R0.3
X7.727 Y-29.172 R0.3
G1 X7.794 Y-29.18 Z-6.329
X7.861 Y-29.172 Z-6.357
X7.924 Y-29.149 Z-6.386
X7.981 Y-29.113 Z-6.414
X8.028 Y-29.065 Z-6.443
X8.063 Y-29.008 Z-6.471
X8.085 Y-28.945 Z-6.5
X8.104 Y-28.845
X8.221 Y-28.422
X8.419 Y-27.714
X8.46 Y-27.572
X8.551 Y-27.289
X8.577 Y-27.219
X8.612 Y-27.148
X8.855 Y-26.723
X9.38 Y-25.859
X9.46 Y-25.732
X9.522 Y-25.649
X9.566 Y-25.591
X9.664 Y-25.481
X9.693 Y-25.449
X9.805 Y-25.337
X10.338 Y-24.84
G3 X10.425 Y-24.621 R0.3
X10.327 Y-24.406 R0.3
G1 X10.28 Y-24.381 Z-6.495
X10.235 Y-24.358 Z-6.481
X10.193 Y-24.335 Z-6.458
X10.157 Y-24.331 Z-6.433
X10.126 Y-24.328 Z-6.403
X10.092 Y-24.332 Z-6.358
X10.068 Y-24.335 Z-6.309
X10.053 Y-24.337 Z-6.255
X10.048 Y-24.338 Z-6.2
G0 Z5.
X-0.292 Y-43.507
Z-12.9
G1 Z-13.2 F1000.
X-0.29 Y-43.499 Z-13.267
X-0.285 Y-43.478 Z-13.33
X-0.276 Y-43.443 Z-13.387
X-0.264 Y-43.397 Z-13.435
X-0.25 Y-43.342 Z-13.47
X-0.234 Y-43.281 Z-13.492
X-0.218 Y-43.216 Z-13.5
G3 X0.017 Y-41.583 R7.659
G1 Y-41.433
X-0.107 Y-40.821
X-0.18 Y-40.202
X-0.223 Y-39.579
X-0.248 Y-38.956
X-0.262 Y-38.332
X-0.27 Y-37.708
X-0.275 Y-37.084
X-0.278 Y-36.46
X-0.28 Y-35.212
X-0.282 Y-30.845
X-0.283 Y-1.363
X-0.248 Y-1.211
X-0.114 Y-0.929
X0.089 Y-0.693
X0.577 Y-0.304
X1.153 Y-0.063
X1.759 Y0.083
X2.377 Y0.169
X2.999 Y0.219
X3.623 Y0.248
X4.246 Y0.265
X4.87 Y0.275
X5.494 Y0.28
X6.118 Y0.284
X7.366 Y0.287
X9.238 Y0.288
X59.777
X98.618
X98.77 Y0.254
X99.052 Y0.12
X99.289 Y-0.083
X99.678 Y-0.571
X99.92 Y-1.146
X100.065 Y-1.753
X100.152 Y-2.37
X100.202 Y-2.992
X100.232 Y-3.616
X100.249 Y-4.239
X100.259 Y-4.863
X100.265 Y-5.487
X100.268 Y-6.111
X100.271 Y-7.359
X100.274 Y-10.479
X100.282 Y-38.556
X100.267 Y-38.711
X100.167 Y-39.007
X99.977 Y-39.254
X99.505 Y-39.662
X98.935 Y-39.917
X98.33 Y-40.071
X97.713 Y-40.162
X97.091 Y-40.215
X96.468 Y-40.246
X95.844 Y-40.264
X95.221 Y-40.274
X94.597 Y-40.28
X93.973 Y-40.283
X92.725 Y-40.287
X89.605 Y-40.288
X78.998
X28.458
X2.565
X2.27 Y-40.185
X2.018 Y-40.002
X1.597 Y-39.541
X1.328 Y-38.978
X1.163 Y-38.376
X1.063 Y-37.76
X1.004 Y-37.139
X0.968 Y-36.516
X0.948 Y-35.893
X0.936 Y-35.269
X0.928 Y-34.645
X0.924 Y-34.021
X0.922 Y-33.397
X0.919 Y-32.149
X0.918 Y-27.782
Y-16.551
X0.917 Y-2.824
X1.004 Y-2.524
X1.16 Y-2.254
X1.416 Y-1.963
X1.46 Y-1.908
X1.499 Y-1.848
X1.531 Y-1.784
X1.582 Y-1.668
X1.654 Y-1.529
X1.739 Y-1.388
X1.866 Y-1.226
X1.978 Y-1.104
X2.007 Y-1.076
X2.131 Y-0.963
X2.291 Y-0.846
X2.326 Y-0.821
X2.433 Y-0.762
X2.575 Y-0.69
X2.716 Y-0.631
X2.858 Y-0.587
X3. Y-0.556
X3.091 Y-0.538
X3.142 Y-0.53
X3.567 Y-0.513
X96.433
X96.858 Y-0.53
X96.909 Y-0.538
X97. Y-0.556
X97.142 Y-0.587
X97.284 Y-0.631
X97.425 Y-0.69
X97.567 Y-0.762
X97.674 Y-0.821
X97.709 Y-0.846
X97.869 Y-0.963
X97.993 Y-1.076
X98.022 Y-1.104
X98.134 Y-1.226
X98.261 Y-1.388
X98.346 Y-1.529
X98.419 Y-1.671
X98.482 Y-1.812
X98.527 Y-1.954
X98.715 Y-2.548
X98.851 Y-3.157
X98.937 Y-3.775
X98.99 Y-4.397
X99.022 Y-5.02
X99.042 Y-5.644
X99.054 Y-6.268
X99.062 Y-6.892
X99.066 Y-7.516
X99.069 Y-8.139
X99.072 Y-9.387
X99.074 Y-13.131
X99.082 Y-36.841
X99.08 Y-37.153
X99.002 Y-37.455
X98.852 Y-37.728
X98.572 Y-38.057
X98.53 Y-38.11
X98.494 Y-38.167
X98.464 Y-38.228
X98.418 Y-38.332
X98.346 Y-38.471
X98.261 Y-38.612
X98.134 Y-38.774
X98.022 Y-38.896
X97.993 Y-38.924
X97.869 Y-39.037
X97.709 Y-39.154
X97.674 Y-39.179
X97.567 Y-39.238
X97.425 Y-39.31
X97.284 Y-39.369
X97.142 Y-39.413
X97. Y-39.444
X96.909 Y-39.462
X96.858 Y-39.47
X96.433 Y-39.487
X3.567
X3.142 Y-39.47
X3.091 Y-39.462
X3. Y-39.444
X2.858 Y-39.413
X2.716 Y-39.369
X2.575 Y-39.31
X2.433 Y-39.238
X2.326 Y-39.179
X2.291 Y-39.154
X2.131 Y-39.037
X2.007 Y-38.924
X1.978 Y-38.896
X1.866 Y-38.774
X1.739 Y-38.612
X1.654 Y-38.471
X1.581 Y-38.329
X1.518 Y-38.188
X1.473 Y-38.046
X1.44 Y-37.92
X1.437 Y-37.905
X1.415 Y-37.763
X1.398 Y-37.48
X1.391 Y-37.339
Y-2.661
X1.398 Y-2.52
X1.415 Y-2.237
X1.437 Y-2.095
X1.44 Y-2.08
X1.473 Y-1.954
X1.518 Y-1.812
X1.531 Y-1.784
G3 X1.364 Y-1.394 R0.3
X1.067 Y-1.437 R0.3
G1 X1.015 Y-1.478 Z-13.492
X0.965 Y-1.517 Z-13.47
X0.92 Y-1.552 Z-13.435
X0.883 Y-1.581 Z-13.387
X0.854 Y-1.603 Z-13.33
X0.837 Y-1.617 Z-13.267
X0.831 Y-1.622 Z-13.2
G0 Z5.
X98.634 Y-0.881
Z-12.9
G1 Z-13.2 F1000.
X98.632 Y-0.888 Z-13.267
X98.626 Y-0.909 Z-13.33
X98.616 Y-0.943 Z-13.387
X98.603 Y-0.989 Z-13.435
X98.587 Y-1.044 Z-13.47
X98.569 Y-1.105 Z-13.492
X98.551 Y-1.169 Z-13.5
G3 X98.527 Y-1.954 R1.583
G1 X98.56 Y-2.08
X98.563 Y-2.095
X98.585 Y-2.237
X98.602 Y-2.52
X98.609 Y-2.661
Y-37.339
X98.602 Y-37.48
X98.585 Y-37.763
X98.563 Y-37.905
X98.56 Y-37.92
X98.527 Y-38.046
X98.482 Y-38.188
X98.464 Y-38.228
G3 X98.469 Y-38.464 R0.3
X98.644 Y-38.623 R0.3
G1 X98.694 Y-38.631 Z-13.496
X98.742 Y-38.639 Z-13.483
X98.8 Y-38.624 Z-13.453
X98.85 Y-38.611 Z-13.412
X98.889 Y-38.601 Z-13.359
X98.91 Y-38.587 Z-13.31
X98.923 Y-38.578 Z-13.256
X98.928 Y-38.575 Z-13.2
G0 Z5.
X0.037 Y-39.565
Z-9.9
G1 Z-10.2 F1000.
X0.044 Y-39.562 Z-10.267
X0.065 Y-39.556 Z-10.33
X0.099 Y-39.545 Z-10.387
X0.145 Y-39.531 Z-10.435
X0.199 Y-39.514 Z-10.47
X0.259 Y-39.495 Z-10.492
X0.323 Y-39.475 Z-10.5
G3 X1.835 Y-38.814 R7.659
G1 X1.916 Y-38.764
X1.992 Y-38.635
X2.084 Y-38.444
X2.188 Y-38.173
X2.296 Y-37.805
X2.409 Y-37.268
X2.487 Y-36.649
X2.532 Y-36.027
X2.557 Y-35.404
X2.572 Y-34.78
X2.58 Y-34.156
X2.585 Y-33.532
X2.588 Y-32.908
X2.59 Y-31.66
X2.591 Y-27.293
Y-3.583
X2.626 Y-3.273
X2.741 Y-2.983
X2.934 Y-2.738
X3.409 Y-2.333
X3.98 Y-2.081
X4.585 Y-1.928
X5.202 Y-1.838
X5.824 Y-1.785
X6.447 Y-1.755
X7.071 Y-1.737
X7.695 Y-1.727
X8.318 Y-1.721
X8.942 Y-1.717
X10.19 Y-1.714
X13.31 Y-1.713
X16.43
X66.969
X95.047
X95.671 Y-1.715
X95.977 Y-1.776
X96.248 Y-1.929
X96.701 Y-2.358
X96.987 Y-2.913
X97.161 Y-3.512
X97.265 Y-4.127
X97.325 Y-4.748
X97.36 Y-5.371
X97.381 Y-5.995
X97.393 Y-6.619
X97.399 Y-7.243
X97.403 Y-7.867
X97.407 Y-9.115
X97.409 Y-11.61
Y-22.841
Y-35.944
X97.406 Y-36.568
X97.341 Y-36.873
X97.183 Y-37.142
X96.748 Y-37.59
X96.192 Y-37.872
X95.592 Y-38.043
X94.976 Y-38.145
X94.355 Y-38.205
X93.732 Y-38.24
X93.108 Y-38.26
X92.485 Y-38.271
X91.861 Y-38.278
X91.237 Y-38.282
X89.989 Y-38.285
X87.493 Y-38.287
X61.287
X10.748
X5.132
X4.98 Y-38.253
X4.839 Y-38.185
X4.595 Y-37.992
X4.235 Y-37.482
X4.03 Y-36.893
X3.916 Y-36.279
X3.856 Y-35.658
X3.824 Y-35.035
X3.807 Y-34.411
X3.799 Y-33.787
X3.795 Y-33.163
X3.793 Y-32.539
X3.791 Y-30.668
Y-5.086
X3.812 Y-4.774
X3.912 Y-4.479
X4.078 Y-4.214
X4.502 Y-3.757
X5.042 Y-3.445
X5.632 Y-3.243
X6.243 Y-3.115
X6.862 Y-3.036
X7.484 Y-2.988
X8.107 Y-2.958
X8.731 Y-2.94
X9.355 Y-2.929
X9.979 Y-2.923
X10.603 Y-2.919
X11.851 Y-2.915
X13.723 Y-2.913
X64.262
X94.211
X94.517 Y-2.974
X94.797 Y-3.111
X95.287 Y-3.498
X95.625 Y-4.022
X95.846 Y-4.606
X95.986 Y-5.214
X96.073 Y-5.832
X96.126 Y-6.454
X96.131 Y-6.551
X96.141 Y-6.634
X96.16 Y-6.715
X96.188 Y-6.794
X96.607 Y-7.757
X96.667 Y-7.898
X96.717 Y-8.042
X96.756 Y-8.181
X96.787 Y-8.323
X96.886 Y-9.031
X96.963 Y-9.597
X96.981 Y-9.738
X96.994 Y-9.88
X96.997 Y-10.021
X96.991 Y-10.163
X96.938 Y-10.588
X96.821 Y-11.437
X96.797 Y-11.578
X96.74 Y-11.861
X96.717 Y-11.959
X96.7 Y-12.003
X96.54 Y-12.496
X96.429 Y-12.964
X96.334 Y-13.58
X96.28 Y-14.202
X96.25 Y-14.825
X96.232 Y-15.449
X96.222 Y-16.073
X96.217 Y-16.697
X96.213 Y-17.321
X96.21 Y-18.569
X96.209 Y-21.688
Y-26.695
X96.215 Y-26.79
X96.235 Y-26.884
X96.267 Y-26.974
X96.588 Y-27.714
X96.646 Y-27.855
X96.717 Y-28.041
X96.74 Y-28.139
X96.797 Y-28.422
X96.821 Y-28.563
X96.938 Y-29.412
X96.991 Y-29.837
X96.997 Y-29.979
X96.994 Y-30.12
X96.981 Y-30.262
X96.963 Y-30.403
X96.827 Y-31.394
X96.787 Y-31.677
X96.756 Y-31.819
X96.716 Y-31.96
X96.667 Y-32.102
X96.562 Y-32.41
X96.451 Y-32.845
X96.347 Y-33.46
X96.287 Y-34.081
X96.254 Y-34.704
X96.244 Y-35.016
X96.198 Y-35.324
X96.074 Y-35.611
X95.709 Y-36.116
X95.194 Y-36.469
X94.615 Y-36.702
X94.009 Y-36.85
X93.392 Y-36.942
X92.77 Y-36.999
X92.147 Y-37.034
X91.524 Y-37.055
X90.9 Y-37.068
X90.276 Y-37.076
X89.652 Y-37.08
X89.028 Y-37.083
X87.78 Y-37.086
X84.037 Y-37.087
X49.72
X6.979
X6.669 Y-37.061
X6.381 Y-36.94
X6.13 Y-36.755
X5.705 Y-36.298
X5.427 Y-35.739
X5.253 Y-35.14
X5.147 Y-34.526
X5.083 Y-33.905
X5.045 Y-33.282
X5.022 Y-32.659
X5.009 Y-32.035
X5.002 Y-31.411
X4.997 Y-30.787
X4.995 Y-30.163
X4.992 Y-28.915
X4.991 Y-23.923
Y-6.453
X5.012 Y-6.142
X5.096 Y-5.841
X5.243 Y-5.566
X5.637 Y-5.082
X6.158 Y-4.74
X6.739 Y-4.512
X7.345 Y-4.364
X7.962 Y-4.27
X8.583 Y-4.21
X9.206 Y-4.173
X9.83 Y-4.15
X10.453 Y-4.136
X11.06 Y-4.127
X11.167 Y-4.117
X11.272 Y-4.091
X11.372 Y-4.049
X12.137 Y-3.652
X12.216 Y-3.612
X12.641 Y-3.41
X12.711 Y-3.386
X13.066 Y-3.3
X13.917 Y-3.123
X14.108 Y-3.086
X14.342 Y-3.043
X14.484 Y-3.021
X14.626 Y-3.013
X14.768 Y-3.017
X14.909 Y-3.024
X15.813 Y-3.086
X16.185 Y-3.114
X16.327 Y-3.132
X16.469 Y-3.157
X16.611 Y-3.198
X16.708 Y-3.228
X17.603 Y-3.546
X17.887 Y-3.648
X18.389 Y-3.803
X18.896 Y-3.915
X19.514 Y-4.
X20.136 Y-4.048
X20.759 Y-4.076
X21.383 Y-4.092
X22.007 Y-4.101
X22.631 Y-4.106
X23.255 Y-4.109
X24.503 Y-4.111
X26.078 Y-4.112
X26.189 Y-4.104
X26.297 Y-4.077
X26.4 Y-4.034
X27.244 Y-3.596
X27.432 Y-3.511
X27.712 Y-3.386
X28.095 Y-3.295
X28.237 Y-3.264
X29.087 Y-3.088
X29.513 Y-3.019
X29.548
X29.938 Y-3.027
X30.222 Y-3.045
X30.814 Y-3.086
X30.931 Y-3.095
X31.214 Y-3.12
X31.356 Y-3.135
X31.498 Y-3.165
X31.639 Y-3.207
X31.781 Y-3.254
X32.632 Y-3.556
X32.774 Y-3.608
X32.891 Y-3.652
X33.304 Y-3.785
X33.778 Y-3.896
X34.395 Y-3.99
X35.017 Y-4.042
X35.64 Y-4.072
X36.264 Y-4.09
X36.888 Y-4.099
X37.511 Y-4.105
X38.135 Y-4.108
X39.383 Y-4.111
X41.079 Y-4.112
X41.198 Y-4.102
X41.313 Y-4.072
X41.422 Y-4.023
X42.273 Y-3.582
X42.422 Y-3.511
X42.698 Y-3.393
X42.765 Y-3.369
X43.265 Y-3.258
X44.116 Y-3.082
X44.258 Y-3.059
X44.595 Y-3.014
X44.967 Y-3.03
X45.109 Y-3.038
X45.959 Y-3.096
X46.402 Y-3.144
X46.81 Y-3.266
X46.952 Y-3.314
X47.661 Y-3.566
X47.802 Y-3.618
X47.888 Y-3.652
X48.194 Y-3.757
X48.625 Y-3.868
X49.24 Y-3.974
X49.861 Y-4.033
X50.484 Y-4.067
X51.107 Y-4.087
X51.731 Y-4.098
X52.355 Y-4.104
X52.979 Y-4.108
X54.227 Y-4.111
X56.081 Y-4.112
X56.196 Y-4.103
X56.307 Y-4.075
X56.413 Y-4.029
X56.593 Y-3.934
X57.411 Y-3.511
X57.443 Y-3.495
X57.727 Y-3.381
X57.869 Y-3.342
X58.436 Y-3.223
X59.145 Y-3.076
X59.287 Y-3.049
X59.428 Y-3.027
X59.57 Y-3.017
X59.712 Y-3.015
X60.137 Y-3.04
X60.988 Y-3.098
X61.13 Y-3.113
X61.466 Y-3.158
X61.484 Y-3.161
X61.839 Y-3.277
X61.98 Y-3.324
X62.831 Y-3.627
X62.894 Y-3.652
X63.075 Y-3.72
X63.457 Y-3.829
X64.018 Y-3.942
X64.638 Y-4.015
X65.26 Y-4.057
X65.884 Y-4.081
X66.508 Y-4.094
X67.131 Y-4.102
X67.755 Y-4.107
X68.379 Y-4.109
X69.627 Y-4.112
X71.079
X71.191 Y-4.103
X71.3 Y-4.077
X71.404 Y-4.033
X71.905 Y-3.772
X72.138 Y-3.652
X72.472 Y-3.482
X72.614 Y-3.423
X72.756 Y-3.374
X72.897 Y-3.337
X73.039 Y-3.305
X74.032 Y-3.1
X74.315 Y-3.042
X74.457 Y-3.025
X74.599 Y-3.015
X74.741 Y-3.014
X75.591 Y-3.071
X76.017 Y-3.1
X76.158 Y-3.111
X76.3 Y-3.127
X76.442 Y-3.153
X76.584 Y-3.189
X77.009 Y-3.335
X77.903 Y-3.652
X78.296 Y-3.78
X78.763 Y-3.891
X79.379 Y-3.987
X80.001 Y-4.041
X80.624 Y-4.072
X81.248 Y-4.089
X81.872 Y-4.099
X82.496 Y-4.105
X83.12 Y-4.108
X84.368 Y-4.111
X86.078 Y-4.112
X86.189 Y-4.104
X86.297 Y-4.077
X86.4 Y-4.034
X87.137 Y-3.652
X87.501 Y-3.473
X87.643 Y-3.41
X87.784 Y-3.368
X87.926 Y-3.332
X88.068 Y-3.3
X88.919 Y-3.123
X89.344 Y-3.04
X89.486 Y-3.022
X89.628 Y-3.013
X89.769 Y-3.017
X89.911 Y-3.024
X91.045 Y-3.102
X91.187 Y-3.112
X91.329 Y-3.132
X91.471 Y-3.159
X91.612 Y-3.196
X91.754 Y-3.245
X92.505 Y-3.511
X92.901 Y-3.652
X93.03 Y-3.7
X93.226 Y-3.794
X93.314 Y-3.837
X93.466 Y-3.935
X94.468 Y-4.643
X94.59 Y-4.73
X94.657 Y-4.784
X94.732 Y-4.848
X94.818 Y-4.926
X95.015 Y-5.148
X95.066 Y-5.209
X95.757 Y-6.058
X95.866 Y-6.201
X95.965 Y-6.341
X96.046 Y-6.483
X96.114 Y-6.625
X96.188 Y-6.794
X96.221 Y-6.85 Z-10.472
X96.265 Y-6.899 Z-10.444
X96.318 Y-6.936 Z-10.417
X96.378 Y-6.962 Z-10.389
X96.427 Y-6.981 Z-10.367
X96.471 Y-7.008 Z-10.344
X96.51 Y-7.043 Z-10.322
X96.543 Y-7.084 Z-10.3
X96.571 Y-7.138
X96.588 Y-7.197
X96.615 Y-7.345
X97.284 Y-11.09
G2 X97.175 Y-11.377 R0.3
G3 X96.944 Y-11.602 R1.583
G1 X96.85 Y-11.728 Z-10.367
X96.768 Y-11.862 Z-10.433
X96.7 Y-12.003 Z-10.5
X96.646 Y-12.145
X96.588 Y-12.286
X96.149 Y-13.296
X96.093 Y-13.418
X96.023 Y-13.56
X95.938 Y-13.701
X95.866 Y-13.8
X95.832 Y-13.843
X95.744 Y-13.97
X95.644 Y-14.14
X95.54 Y-14.356
X95.43 Y-14.639
X95.317 Y-15.019
X95.2 Y-15.57
X95.121 Y-16.189
X95.074 Y-16.812
X95.047 Y-17.435
X95.031 Y-18.059
X95.022 Y-18.682
X95.017 Y-19.306
X95.013 Y-19.93
X95.01 Y-21.178
X95.009 Y-24.298
Y-24.89
X95.027 Y-25.048
X95.08 Y-25.197
X95.166 Y-25.331
X95.724 Y-26.018
X95.866 Y-26.2
X95.938 Y-26.299
X96.023 Y-26.44
X96.093 Y-26.582
X96.158 Y-26.723
X96.267 Y-26.974
G3 X96.667 Y-27.116 R0.3
X96.837 Y-26.869 R0.3
G1 X96.842 Y-26.802 Z-10.492
X96.847 Y-26.739 Z-10.47
X96.851 Y-26.682 Z-10.435
X96.855 Y-26.635 Z-10.387
X96.858 Y-26.599 Z-10.33
X96.86 Y-26.577 Z-10.267
Y-26.57 Z-10.2
G0 Z5.
X96.748 Y-13.274
Z-9.9
G1 Z-10.2 F1000.
X96.741 Y-13.277 Z-10.267
X96.721 Y-13.285 Z-10.33
X96.687 Y-13.298 Z-10.387
X96.643 Y-13.315 Z-10.435
X96.59 Y-13.336 Z-10.47
X96.531 Y-13.359 Z-10.492
X96.469 Y-13.384 Z-10.5
G3 X95.832 Y-13.843 R1.583
G1 X95.722 Y-13.985
X95.015 Y-14.854
X94.873 Y-15.013
X94.82 Y-15.072
X94.715 Y-15.197
X94.612 Y-15.34
X94.501 Y-15.525
X94.39 Y-15.748
X94.271 Y-16.045
X94.151 Y-16.43
X94.028 Y-16.98
X93.941 Y-17.598
X93.889 Y-18.219
X93.857 Y-18.842
X93.838 Y-19.466
X93.826 Y-20.09
X93.819 Y-20.714
X93.815 Y-21.338
X93.813 Y-21.962
X93.81 Y-23.21
Y-23.834
X93.849 Y-24.046
X93.951 Y-24.237
X94.106 Y-24.387
X94.306 Y-24.528
X94.404 Y-24.6
X94.807 Y-24.914
X94.907 Y-25.025
X95.015 Y-25.146
X95.166 Y-25.331
G3 X95.589 Y-25.36 R0.3
X95.686 Y-25.076 R0.3
G1 X95.673 Y-25.011 Z-10.492
X95.661 Y-24.948 Z-10.47
X95.65 Y-24.893 Z-10.435
X95.641 Y-24.846 Z-10.387
X95.634 Y-24.811 Z-10.33
X95.63 Y-24.789 Z-10.267
X95.628 Y-24.782 Z-10.2
G0 Z5.
X95.785 Y-14.59
Z-9.9
G1 Z-10.2 F1000.
X95.778 Y-14.592 Z-10.267
X95.757 Y-14.598 Z-10.33
X95.722 Y-14.608 Z-10.387
X95.677 Y-14.621 Z-10.435
X95.622 Y-14.637 Z-10.47
X95.561 Y-14.654 Z-10.492
X95.497 Y-14.673 Z-10.5
G3 X94.82 Y-15.072 R1.583
G1 X94.807 Y-15.086
X94.404 Y-15.4
X94.306 Y-15.472
X94.023 Y-15.672
X93.867 Y-15.794
X93.756 Y-15.896
X93.653 Y-16.009
X93.537 Y-16.157
X93.414 Y-16.345
X93.294 Y-16.563
X93.164 Y-16.854
X93.037 Y-17.212
X92.906 Y-17.706
X92.795 Y-18.319
X92.725 Y-18.939
X92.681 Y-19.562
X92.654 Y-20.185
X92.637 Y-20.809
X92.626 Y-21.433
X92.62 Y-22.057
X92.615 Y-22.681
X92.623 Y-23.077
X92.654 Y-23.271
X92.738 Y-23.449
X92.869 Y-23.596
X93.034 Y-23.702
X93.172 Y-23.764
X93.314 Y-23.841
X93.399 Y-23.892
X93.456 Y-23.928
X94.106 Y-24.387
G3 X94.521 Y-24.3 R0.3
X94.538 Y-24.001 R0.3
G1 X94.508 Y-23.941 Z-10.492
X94.479 Y-23.884 Z-10.47
X94.454 Y-23.834 Z-10.435
X94.432 Y-23.791 Z-10.387
X94.416 Y-23.759 Z-10.33
X94.406 Y-23.74 Z-10.267
X94.403 Y-23.733 Z-10.2
G0 Z5.
X95.065 Y-15.395
Z-9.9
G1 Z-10.2 F1000.
X95.058 Z-10.267
X95.035 Y-15.397 Z-10.33
X95. Y-15.4 Z-10.387
X94.952 Y-15.403 Z-10.435
X94.896 Y-15.408 Z-10.47
X94.833 Y-15.413 Z-10.492
X94.766 Y-15.418 Z-10.5
G3 X94.023 Y-15.672 R1.583
G1 X93.456 Y-16.072
X93.399 Y-16.108
X93.314 Y-16.159
X93.172 Y-16.236
X93.081 Y-16.277
X92.948 Y-16.346
X92.824 Y-16.43
X92.708 Y-16.526
X92.598 Y-16.635
X92.479 Y-16.773
X92.346 Y-16.954
X92.219 Y-17.16
X92.084 Y-17.424
X91.949 Y-17.753
X91.809 Y-18.187
X91.671 Y-18.775
X91.577 Y-19.392
X91.517 Y-20.013
X91.478 Y-20.636
X91.453 Y-21.259
X91.437 Y-21.883
X91.441 Y-22.361
X91.467 Y-22.661
X91.486 Y-22.769
X91.541 Y-22.946
X91.64 Y-23.102
X91.778 Y-23.227
X91.943 Y-23.311
X92.888 Y-23.648
X93.034 Y-23.702
X93.099 Y-23.72 Z-10.471
X93.166 Y-23.724 Z-10.443
X93.232 Y-23.712 Z-10.414
X93.294 Y-23.686 Z-10.386
X93.349 Y-23.647 Z-10.357
X93.394 Y-23.597 Z-10.329
X93.426 Y-23.538 Z-10.3
X93.443 Y-23.483
X93.448 Y-23.426
X93.45 Y-23.268
X93.494 Y-16.711
X93.495 Y-16.557
X93.49 Y-16.498
X93.473 Y-16.441
X93.44 Y-16.382 Z-10.329
X93.396 Y-16.332 Z-10.357
X93.341 Y-16.293 Z-10.386
X93.279 Y-16.267 Z-10.414
X93.213 Y-16.255 Z-10.443
X93.146 Y-16.259 Z-10.471
X93.081 Y-16.277 Z-10.5
X93.03 Y-16.3
X92.888 Y-16.352
X92.18 Y-16.605
X92.041 Y-16.662
X91.908 Y-16.732
X91.784 Y-16.815
X91.657 Y-16.918
X91.532 Y-17.037
X91.399 Y-17.185
X91.249 Y-17.382
X91.112 Y-17.597
X90.962 Y-17.878
X90.816 Y-18.215
X90.666 Y-18.658
X90.517 Y-19.243
X90.413 Y-19.858
X90.344 Y-20.479
X90.298 Y-21.101
X90.279 Y-21.724
X90.297 Y-22.101
X90.331 Y-22.358
X90.383 Y-22.601
X90.473 Y-22.792
X90.616 Y-22.948
X90.798 Y-23.053
X91.004 Y-23.1
X91.187 Y-23.112
X91.329 Y-23.132
X91.471 Y-23.159
X91.612 Y-23.196
X91.754 Y-23.245
X91.943 Y-23.311
X92.009 Y-23.324 Z-10.471
X92.076 Y-23.322 Z-10.443
X92.141 Y-23.305 Z-10.414
X92.2 Y-23.274 Z-10.386
X92.252 Y-23.23 Z-10.357
X92.292 Y-23.177 Z-10.329
X92.319 Y-23.115 Z-10.3
X92.328 Y-23.076
X92.333 Y-23.037
X92.34 Y-22.843
X92.563 Y-17.073
X92.57 Y-16.903
X92.567 Y-16.851
X92.556 Y-16.8
X92.529 Y-16.739 Z-10.329
X92.488 Y-16.685 Z-10.357
X92.437 Y-16.642 Z-10.386
X92.378 Y-16.611 Z-10.414
X92.313 Y-16.594 Z-10.443
X92.245 Y-16.592 Z-10.471
X92.18 Y-16.605 Z-10.5
X91.754 Y-16.755
X91.612 Y-16.804
X91.471 Y-16.841
X91.329 Y-16.868
X91.286 Y-16.874
X91.139 Y-16.902
X90.998 Y-16.954
X90.865 Y-17.023
X90.738 Y-17.104
X90.613 Y-17.2
X90.469 Y-17.328
X90.331 Y-17.474
X90.181 Y-17.661
X90.02 Y-17.897
X89.869 Y-18.163
X89.707 Y-18.511
X89.547 Y-18.938
X89.392 Y-19.488
X89.27 Y-20.1
X89.19 Y-20.719
X89.155 Y-21.278
X89.163 Y-21.709
X89.193 Y-22.015
X89.236 Y-22.257
X89.29 Y-22.46
X89.326 Y-22.56
X89.42 Y-22.74
X89.562 Y-22.885
X89.74 Y-22.983
X89.938 Y-23.026
X91.004 Y-23.1
X91.07 Y-23.095 Z-10.472
X91.134 Y-23.075 Z-10.443
X91.192 Y-23.042 Z-10.415
X91.241 Y-22.997 Z-10.387
X91.279 Y-22.943 Z-10.359
X91.304 Y-22.881 Z-10.33
X91.314 Y-22.816 Z-10.302
X91.315 Y-22.811 Z-10.3
X91.329 Y-22.537
X91.604 Y-17.415
X91.616 Y-17.188
X91.615 Y-17.142
X91.601 Y-17.076 Z-10.329
X91.572 Y-17.015 Z-10.357
X91.531 Y-16.962 Z-10.386
X91.479 Y-16.92 Z-10.414
X91.418 Y-16.89 Z-10.443
X91.353 Y-16.875 Z-10.471
X91.286 Y-16.874 Z-10.5
X91.187 Y-16.888
X90.478 Y-16.937
X90.329 Y-16.955
X90.183 Y-16.987
X90.041 Y-17.037
X89.905 Y-17.101
X89.774 Y-17.177
X89.629 Y-17.278
X89.485 Y-17.396
X89.321 Y-17.555
X89.167 Y-17.731
X88.992 Y-17.965
X88.826 Y-18.229
X88.647 Y-18.572
X88.484 Y-18.959
X88.322 Y-19.448
X88.186 Y-20.004
X88.098 Y-20.553
X88.058 Y-21.056
X88.059 Y-21.484
X88.087 Y-21.817
X88.134 Y-22.109
X88.187 Y-22.322
X88.257 Y-22.529
X88.332 Y-22.705
X88.343 Y-22.726
X88.476 Y-22.904
X88.659 Y-23.031
X88.873 Y-23.095
X89.095 Y-23.088
X89.326 Y-23.043
X89.39 Y-23.021 Z-10.471
X89.447 Y-22.985 Z-10.443
X89.494 Y-22.937 Z-10.414
X89.53 Y-22.88 Z-10.385
X89.552 Y-22.816 Z-10.357
X89.581 Y-22.686 Z-10.3
X89.64 Y-22.419
X90.738 Y-17.495
X90.781 Y-17.302
X90.787 Y-17.265
X90.788 Y-17.227
X90.778 Y-17.16 Z-10.329
X90.754 Y-17.098 Z-10.357
X90.716 Y-17.042 Z-10.386
X90.667 Y-16.996 Z-10.414
X90.609 Y-16.962 Z-10.443
X90.545 Y-16.942 Z-10.471
X90.478 Y-16.937 Z-10.5
X89.911 Y-16.976
X89.769 Y-16.983
X89.628 Y-16.987
X89.55 Y-16.982
X89.4 Y-16.98
X89.251 Y-17.004
X89.107 Y-17.045
X88.968 Y-17.101
X88.834 Y-17.168
X88.682 Y-17.26
X88.531 Y-17.37
X88.364 Y-17.512
X88.198 Y-17.68
X88.02 Y-17.891
X87.842 Y-18.138
X87.656 Y-18.449
X87.485 Y-18.792
X87.317 Y-19.212
X87.172 Y-19.68
X87.064 Y-20.164
X86.997 Y-20.637
X86.971 Y-21.087
X86.979 Y-21.499
X87.017 Y-21.871
X87.068 Y-22.151
X87.137 Y-22.408
X87.21 Y-22.612
X87.286 Y-22.781
X87.383 Y-22.957
X87.403 Y-22.987
X87.542 Y-23.142
X87.72 Y-23.249
X87.922 Y-23.298
X88.129 Y-23.287
X88.919 Y-23.123
X89.095 Y-23.088
X89.154 Y-23.067 Z-10.473
X89.208 Y-23.035 Z-10.447
X89.254 Y-22.993 Z-10.42
X89.29 Y-22.941 Z-10.393
X89.315 Y-22.884 Z-10.367
X89.327 Y-22.822 Z-10.34
X89.335 Y-22.728 Z-10.3
X89.359 Y-22.456
X89.795 Y-17.582
X89.819 Y-17.309
Y-17.307 Z-10.301
X89.818 Y-17.24 Z-10.329
X89.802 Y-17.175 Z-10.358
X89.771 Y-17.116 Z-10.386
X89.729 Y-17.064 Z-10.415
X89.676 Y-17.024 Z-10.443
X89.615 Y-16.996 Z-10.472
X89.55 Y-16.982 Z-10.5
X89.486 Y-16.978
X89.344 Y-16.96
X89.06 Y-16.905
X88.841 Y-16.861
X88.692 Y-16.838
X88.542 Y-16.837
X88.394 Y-16.856
X88.247 Y-16.89
X88.105 Y-16.938
X87.96 Y-17.
X87.802 Y-17.084
X87.636 Y-17.19
X87.461 Y-17.323
X87.281 Y-17.483
X87.09 Y-17.684
X86.904 Y-17.913
X86.704 Y-18.205
X86.523 Y-18.522
X86.347 Y-18.895
X86.188 Y-19.319
X86.056 Y-19.776
X85.961 Y-20.249
X85.905 Y-20.722
X85.887 Y-21.17
X85.905 Y-21.591
X85.952 Y-21.97
X86.021 Y-22.307
X86.096 Y-22.566
X86.189 Y-22.81
X86.277 Y-22.995
X86.374 Y-23.164
X86.479 Y-23.315
X86.613 Y-23.46
X86.783 Y-23.561
X86.975 Y-23.609
X87.172 Y-23.602
X87.359 Y-23.539
X87.508 Y-23.468
X87.643 Y-23.412
X87.784 Y-23.364
X87.946 Y-23.326
X88.129 Y-23.287
X88.186 Y-23.267 Z-10.474
X88.238 Y-23.235 Z-10.449
X88.282 Y-23.195 Z-10.423
X88.318 Y-23.146 Z-10.397
X88.342 Y-23.091 Z-10.372
X88.356 Y-23.032 Z-10.346
X88.369 Y-22.924 Z-10.3
X88.402 Y-22.653
X89.03 Y-17.496
X89.063 Y-17.224
X89.067 Y-17.189 Z-10.315
X89.068 Y-17.127 Z-10.341
X89.057 Y-17.066 Z-10.368
X89.032 Y-17.008 Z-10.394
X88.997 Y-16.957 Z-10.421
X88.952 Y-16.915 Z-10.447
X88.899 Y-16.882 Z-10.474
X88.841 Y-16.861 Z-10.5
X88.068 Y-16.7
X87.946 Y-16.674
X87.799 Y-16.648
X87.649 Y-16.644
X87.499 Y-16.659
X87.352 Y-16.689
X87.204 Y-16.733
X87.055 Y-16.791
X86.885 Y-16.873
X86.714 Y-16.974
X86.523 Y-17.107
X86.34 Y-17.259
X86.136 Y-17.458
X85.94 Y-17.682
X85.739 Y-17.954
X85.534 Y-18.282
X85.351 Y-18.636
X85.182 Y-19.04
X85.034 Y-19.49
X84.919 Y-19.968
X84.842 Y-20.459
X84.805 Y-20.947
X84.807 Y-21.418
X84.845 Y-21.855
X84.91 Y-22.244
X84.997 Y-22.591
X85.1 Y-22.895
X85.213 Y-23.158
X85.316 Y-23.352
X85.43 Y-23.531
X85.545 Y-23.684
X85.655 Y-23.807
X85.71 Y-23.859
X85.887 Y-23.982
X86.094 Y-24.046
X86.31 Y-24.043
X86.515 Y-23.974
X87.22 Y-23.609
X87.359 Y-23.539
X87.407 Y-23.506 Z-10.475
X87.447 Y-23.465 Z-10.451
X87.479 Y-23.417 Z-10.426
X87.501 Y-23.363 Z-10.402
X87.512 Y-23.307 Z-10.377
X87.531 Y-23.126 Z-10.3
X87.56 Y-22.854
X88.134 Y-17.314
X88.162 Y-17.041
X88.167 Y-16.995 Z-10.32
Y-16.934 Z-10.346
X88.155 Y-16.875 Z-10.371
X88.132 Y-16.819 Z-10.397
X88.097 Y-16.769 Z-10.423
X88.054 Y-16.728 Z-10.449
X88.003 Y-16.695 Z-10.474
X87.946 Y-16.674 Z-10.5
X87.784 Y-16.636
X87.643 Y-16.588
X87.501 Y-16.529
X87.359 Y-16.461
X87.317 Y-16.44
X87.18 Y-16.379
X87.033 Y-16.348
X86.884 Y-16.336
X86.734 Y-16.341
X86.585 Y-16.361
X86.439 Y-16.393
X86.273 Y-16.444
X86.107 Y-16.511
X85.917 Y-16.605
X85.732 Y-16.716
X85.523 Y-16.866
X85.318 Y-17.039
X85.104 Y-17.25
X84.88 Y-17.512
X84.673 Y-17.796
X84.464 Y-18.138
X84.263 Y-18.536
X84.082 Y-18.979
X83.934 Y-19.445
X83.819 Y-19.946
X83.741 Y-20.47
X83.706 Y-20.997
X83.713 Y-21.507
X83.758 Y-21.98
X83.835 Y-22.415
X83.938 Y-22.809
X84.061 Y-23.163
X84.196 Y-23.468
X84.327 Y-23.711
X84.469 Y-23.93
X84.6 Y-24.099
X84.725 Y-24.236
X84.869 Y-24.372
X84.914 Y-24.408
X85.077 Y-24.505
X85.261 Y-24.557
X85.451 Y-24.558
X85.635 Y-24.508
X85.799 Y-24.412
X85.941 Y-24.302
X86.083 Y-24.208
X86.137 Y-24.175
X86.225 Y-24.125
X86.515 Y-23.974
X86.561 Y-23.942 Z-10.476
X86.601 Y-23.902 Z-10.452
X86.632 Y-23.855 Z-10.428
X86.654 Y-23.802 Z-10.404
X86.666 Y-23.747 Z-10.38
X86.687 Y-23.56 Z-10.3
X86.718 Y-23.288
X87.425 Y-17.125
X87.457 Y-16.853
X87.47 Y-16.737 Z-10.35
X87.471 Y-16.678 Z-10.375
X87.46 Y-16.62 Z-10.4
X87.439 Y-16.565 Z-10.425
X87.406 Y-16.516 Z-10.45
X87.365 Y-16.473 Z-10.475
X87.317 Y-16.44 Z-10.5
X87.217 Y-16.39
X86.607 Y-16.073
X86.471 Y-16.011
X86.326 Y-15.97
X86.178 Y-15.948
X86.028 Y-15.943
X85.878 Y-15.952
X85.725 Y-15.974
X85.558 Y-16.012
X85.381 Y-16.068
X85.186 Y-16.147
X84.988 Y-16.246
X84.769 Y-16.38
X84.554 Y-16.535
X84.326 Y-16.731
X84.084 Y-16.974
X83.857 Y-17.241
X83.621 Y-17.569
X83.391 Y-17.952
X83.178 Y-18.378
X82.995 Y-18.834
X82.837 Y-19.343
X82.714 Y-19.892
X82.633 Y-20.461
X82.599 Y-21.031
X82.61 Y-21.588
X82.663 Y-22.121
X82.754 Y-22.62
X82.872 Y-23.061
X83.014 Y-23.46
X83.173 Y-23.816
X83.343 Y-24.125
X83.503 Y-24.368
X83.667 Y-24.578
X83.81 Y-24.734
X83.963 Y-24.875
X84.109 Y-24.99
X84.247 Y-25.082
X84.323 Y-25.124
X84.529 Y-25.199
X84.748 Y-25.207
X84.959 Y-25.147
X85.141 Y-25.024
X85.746 Y-24.458
X85.799 Y-24.412
X85.835 Y-24.373 Z-10.477
X85.863 Y-24.327 Z-10.455
X85.883 Y-24.278 Z-10.432
X85.893 Y-24.226 Z-10.409
X85.921 Y-23.969 Z-10.3
X85.951 Y-23.697
X86.715 Y-16.76
X86.745 Y-16.488
X86.758 Y-16.368 Z-10.351
X86.759 Y-16.309 Z-10.376
X86.748 Y-16.252 Z-10.401
X86.727 Y-16.198 Z-10.426
X86.695 Y-16.149 Z-10.45
X86.655 Y-16.107 Z-10.475
X86.607 Y-16.073 Z-10.5
X86.225 Y-15.875
X86.137 Y-15.825
X86.083 Y-15.792
X85.941 Y-15.698
X85.816 Y-15.615
X85.677 Y-15.558
X85.532 Y-15.521
X85.384 Y-15.5
X85.234 Y-15.493
X85.079 Y-15.501
X84.918 Y-15.522
X84.737 Y-15.56
X84.546 Y-15.617
X84.341 Y-15.697
X84.117 Y-15.805
X83.896 Y-15.934
X83.65 Y-16.106
X83.404 Y-16.31
X83.152 Y-16.554
X82.888 Y-16.856
X82.63 Y-17.204
X82.393 Y-17.583
X82.163 Y-18.028
X81.95 Y-18.533
X81.768 Y-19.088
X81.625 Y-19.679
X81.528 Y-20.292
X81.481 Y-20.913
X81.483 Y-21.527
X81.533 Y-22.118
X81.626 Y-22.678
X81.757 Y-23.202
X81.919 Y-23.684
X82.102 Y-24.109
X82.29 Y-24.465
X82.491 Y-24.78
X82.699 Y-25.056
X82.896 Y-25.278
X83.08 Y-25.454
X83.262 Y-25.602
X83.415 Y-25.707
X83.588 Y-25.807
X83.674 Y-25.847
X83.859 Y-25.905
X84.053 Y-25.91
X84.241 Y-25.861
X84.408 Y-25.763
X84.542 Y-25.622
X84.565 Y-25.591
X84.695 Y-25.449
X84.807 Y-25.336
X85.141 Y-25.024
X85.184 Y-24.97 Z-10.471
X85.213 Y-24.907 Z-10.441
X85.227 Y-24.84 Z-10.412
X85.251 Y-24.577 Z-10.3
X85.276 Y-24.305
X86.005 Y-16.409
X86.031 Y-16.136
X86.047 Y-15.956 Z-10.377
Y-15.898 Z-10.402
X86.036 Y-15.841 Z-10.426
X86.014 Y-15.788 Z-10.451
X85.982 Y-15.74 Z-10.475
X85.941 Y-15.698 Z-10.5
X85.799 Y-15.588
X85.746 Y-15.542
X85.443 Y-15.258
X85.328 Y-15.162
X85.2 Y-15.084
X85.062 Y-15.026
X84.918 Y-14.984
X84.77 Y-14.957
X84.621 Y-14.943
X84.462 Y-14.942
X84.283 Y-14.955
X84.097 Y-14.983
X83.885 Y-15.033
X83.673 Y-15.102
X83.436 Y-15.2
X83.187 Y-15.328
X82.932 Y-15.486
X82.653 Y-15.691
X82.375 Y-15.932
X82.102 Y-16.21
X81.818 Y-16.551
X81.532 Y-16.956
X81.267 Y-17.402
X81.024 Y-17.899
X80.803 Y-18.463
X80.622 Y-19.061
X80.488 Y-19.67
X80.399 Y-20.288
X80.354 Y-20.91
X80.355 Y-21.534
X80.402 Y-22.156
X80.496 Y-22.773
X80.634 Y-23.36
X80.808 Y-23.902
X81.012 Y-24.396
X81.24 Y-24.844
X81.479 Y-25.231
X81.717 Y-25.557
X81.959 Y-25.837
X82.199 Y-26.073
X82.409 Y-26.249
X82.607 Y-26.389
X82.779 Y-26.491
X82.963 Y-26.582
X83.121 Y-26.644
X83.287 Y-26.695
X83.315 Y-26.701
X83.531 Y-26.714
X83.74 Y-26.661
X83.923 Y-26.546
X84.063 Y-26.381
X84.382 Y-25.856
X84.463 Y-25.732
X84.542 Y-25.622
X84.566 Y-25.579 Z-10.479
X84.582 Y-25.533 Z-10.458
X84.591 Y-25.484 Z-10.437
X84.621 Y-25.163 Z-10.3
X84.647 Y-24.89
X85.484 Y-15.978
X85.51 Y-15.705
X85.529 Y-15.498 Z-10.388
X85.528 Y-15.433 Z-10.416
X85.513 Y-15.369 Z-10.444
X85.484 Y-15.31 Z-10.472
X85.443 Y-15.258 Z-10.5
X84.837 Y-14.692
X84.722 Y-14.595
X84.596 Y-14.514
X84.46 Y-14.45
X84.319 Y-14.402
X84.172 Y-14.368
X84.024 Y-14.346
X83.856 Y-14.336
X83.675 Y-14.339
X83.478 Y-14.359
X83.258 Y-14.398
X83.032 Y-14.458
X82.776 Y-14.549
X82.517 Y-14.664
X82.243 Y-14.814
X81.943 Y-15.011
X81.649 Y-15.24
X81.342 Y-15.521
X81.023 Y-15.864
X80.704 Y-16.267
X80.411 Y-16.707
X80.13 Y-17.213
X79.871 Y-17.78
X79.658 Y-18.367
X79.487 Y-18.967
X79.359 Y-19.577
X79.271 Y-20.195
X79.223 Y-20.817
X79.216 Y-21.441
X79.252 Y-22.064
X79.331 Y-22.683
X79.452 Y-23.295
X79.618 Y-23.897
X79.828 Y-24.484
X80.073 Y-25.028
X80.334 Y-25.501
X80.457 Y-25.687
X80.485 Y-25.724
X80.607 Y-25.874
X80.72 Y-26.015
X81.129 Y-26.486
X81.378 Y-26.738
X81.63 Y-26.955
X81.878 Y-27.137
X82.09 Y-27.267
X82.307 Y-27.377
X82.496 Y-27.455
X82.664 Y-27.509
X82.825 Y-27.547
X83.016 Y-27.564
X83.203 Y-27.528
X83.373 Y-27.441
X83.513 Y-27.311
X83.612 Y-27.148
X83.855 Y-26.723
X84.063 Y-26.381
X84.089 Y-26.319 Z-10.471
X84.1 Y-26.253 Z-10.443
X84.097 Y-26.186 Z-10.414
X84.079 Y-26.121 Z-10.386
X84.047 Y-26.062 Z-10.357
X84.003 Y-26.012 Z-10.329
X83.948 Y-25.973 Z-10.3
X83.897 Y-25.95
X83.842 Y-25.937
X83.682 Y-25.915
X81.045 Y-25.547
X81.003 Y-25.541
X80.945 Y-25.539
X80.888 Y-25.547
X80.834 Y-25.567
X80.784 Y-25.596
X80.735 Y-25.642 Z-10.329
X80.697 Y-25.697 Z-10.357
X80.672 Y-25.76 Z-10.386
X80.662 Y-25.826 Z-10.414
X80.667 Y-25.893 Z-10.443
X80.686 Y-25.957 Z-10.471
X80.72 Y-26.015 Z-10.5
X80.837 Y-26.165
X80.937 Y-26.299
X81.018 Y-26.44
X81.095 Y-26.582
X81.158 Y-26.723
X81.404 Y-27.289
X81.483 Y-27.449
X81.56 Y-27.578
X81.65 Y-27.698
X81.75 Y-27.809
X81.86 Y-27.912
X81.978 Y-28.004
X82.103 Y-28.087
X82.235 Y-28.157
X82.374 Y-28.216
X82.517 Y-28.261
X82.581 Y-28.275
X82.791 Y-28.287
X82.995 Y-28.237
X83.175 Y-28.128
X83.315 Y-27.971
X83.401 Y-27.779
X83.459 Y-27.572
X83.5 Y-27.431
X83.531 Y-27.341
X83.551 Y-27.289
X83.612 Y-27.148
X83.629 Y-27.083 Z-10.471
X83.631 Y-27.016 Z-10.443
X83.618 Y-26.95 Z-10.414
X83.591 Y-26.888 Z-10.386
X83.551 Y-26.835 Z-10.357
X83.499 Y-26.791 Z-10.329
X83.44 Y-26.76 Z-10.3
X83.374 Y-26.743
X83.307 Y-26.741
X83.169 Y-26.753
X81.843 Y-26.865
X81.658 Y-26.881
X81.614 Y-26.887
X81.573 Y-26.9
X81.513 Y-26.932 Z-10.329
X81.463 Y-26.976 Z-10.357
X81.423 Y-27.03 Z-10.386
X81.396 Y-27.091 Z-10.414
X81.384 Y-27.157 Z-10.443
X81.386 Y-27.224 Z-10.471
X81.404 Y-27.289 Z-10.5
X81.546 Y-27.617
X81.726 Y-28.068
X81.734 Y-28.107
X81.771 Y-28.252
X81.835 Y-28.388
X81.92 Y-28.511
X82.023 Y-28.62
X82.14 Y-28.714
X82.269 Y-28.79
X82.29 Y-28.799
X82.481 Y-28.851
X82.68 Y-28.848
X82.869 Y-28.789
X83.034 Y-28.679
X83.162 Y-28.527
X83.242 Y-28.346
X83.401 Y-27.779
X83.409 Y-27.713 Z-10.471
X83.403 Y-27.646 Z-10.443
X83.382 Y-27.582 Z-10.414
X83.347 Y-27.525 Z-10.386
X83.3 Y-27.476 Z-10.357
X83.244 Y-27.44 Z-10.329
X83.181 Y-27.417 Z-10.3
X83.126 Y-27.409
X83.071 Y-27.411
X83.017 Y-27.423
X82.914 Y-27.456
X82.241 Y-27.675
X81.98 Y-27.759
X81.938 Y-27.773 Z-10.319
X81.882 Y-27.797 Z-10.345
X81.832 Y-27.832 Z-10.371
X81.791 Y-27.877 Z-10.397
X81.759 Y-27.929 Z-10.422
X81.739 Y-27.986 Z-10.448
X81.73 Y-28.046 Z-10.474
X81.734 Y-28.107 Z-10.5
X81.797 Y-28.422
X81.821 Y-28.563
X81.841 Y-28.705
X81.869 Y-28.852
X81.928 Y-28.99
X82.084 Y-29.142
X82.28 Y-29.237
X82.497 Y-29.265
X82.711 Y-29.224
X82.9 Y-29.116
X83.046 Y-28.954
X83.133 Y-28.754
X83.182 Y-28.563
X83.242 Y-28.346
X83.251 Y-28.279 Z-10.471
X83.244 Y-28.212 Z-10.443
X83.223 Y-28.149 Z-10.414
X83.188 Y-28.091 Z-10.386
X83.141 Y-28.043 Z-10.357
X83.085 Y-28.007 Z-10.329
X83.022 Y-27.983 Z-10.3
X82.97 Y-27.976
X82.918 Y-27.977
X82.867 Y-27.987
X82.818 Y-28.006
X82.76 Y-28.034
X82.348 Y-28.237
X82.102 Y-28.358
X82.007 Y-28.405 Z-10.345
X81.955 Y-28.437 Z-10.371
X81.911 Y-28.479 Z-10.397
X81.877 Y-28.529 Z-10.423
X81.853 Y-28.585 Z-10.448
X81.841 Y-28.644 Z-10.474
Y-28.705 Z-10.5
X81.905 Y-29.172
X81.933 Y-29.32
X82.003 Y-29.452
X82.158 Y-29.575
X82.344 Y-29.641
X82.542 Y-29.644
X82.73 Y-29.585
X82.889 Y-29.468
X83.003 Y-29.306
X83.059 Y-29.116
X83.075 Y-28.988
X83.123 Y-28.796
X83.133 Y-28.754
X83.14 Y-28.687 Z-10.471
X83.132 Y-28.621 Z-10.443
X83.109 Y-28.558 Z-10.414
X83.073 Y-28.501 Z-10.386
X83.025 Y-28.454 Z-10.357
X82.968 Y-28.419 Z-10.329
X82.905 Y-28.397 Z-10.3
X82.843 Y-28.39
X82.781 Y-28.396
X82.721 Y-28.415
X82.667 Y-28.445
X82.647 Y-28.459
X82.379 Y-28.649
X82.156 Y-28.808
X82.03 Y-28.897 Z-10.365
X81.983 Y-28.939 Z-10.392
X81.945 Y-28.99 Z-10.419
X81.919 Y-29.047 Z-10.446
X81.905 Y-29.109 Z-10.473
Y-29.172 Z-10.5
X81.961 Y-29.586
X81.989 Y-29.734
X82.067 Y-29.862
X82.226 Y-29.97
X82.411 Y-30.02
X82.603 Y-30.007
X82.78 Y-29.932
X82.922 Y-29.803
X83.015 Y-29.634
X83.047 Y-29.444
Y-29.412
X83.057 Y-29.129
X83.059 Y-29.116
X83.058 Y-29.057 Z-10.475
X83.045 Y-29. Z-10.45
X83.021 Y-28.946 Z-10.425
X82.986 Y-28.898 Z-10.399
X82.942 Y-28.859 Z-10.374
X82.891 Y-28.829 Z-10.349
X82.835 Y-28.81 Z-10.324
X82.779 Y-28.8 Z-10.3
G3 X82.066 Y-29.135 R0.722
G1 X82.022 Y-29.219 Z-10.34
X81.989 Y-29.307 Z-10.38
X81.967 Y-29.398 Z-10.42
X81.958 Y-29.492 Z-10.46
X81.961 Y-29.586 Z-10.5
X81.976 Y-29.695
X81.993 Y-29.837
Y-29.915
X82.001 Y-30.065
X82.066 Y-30.2
X82.166 Y-30.311
X82.353 Y-30.391
X82.555 Y-30.4
X82.748 Y-30.337
X82.906 Y-30.211
X83.01 Y-30.037
X83.047 Y-29.838
Y-29.444
X83.037 Y-29.383 Z-10.474
X83.013 Y-29.326 Z-10.447
X82.976 Y-29.275 Z-10.421
X82.928 Y-29.236 Z-10.394
X82.873 Y-29.208 Z-10.368
X82.812 Y-29.195 Z-10.341
X82.715 Y-29.192 Z-10.3
G3 X82.151 Y-29.479 R0.748
G1 X82.098 Y-29.557 Z-10.34
X82.055 Y-29.641 Z-10.38
X82.023 Y-29.729 Z-10.42
X82.002 Y-29.821 Z-10.46
X81.993 Y-29.915 Z-10.5
Y-29.979
X81.99 Y-30.12
X81.982 Y-30.262
X81.974 Y-30.411
X82.03 Y-30.551
X82.123 Y-30.669
X82.283 Y-30.754
X82.462 Y-30.786
X82.642 Y-30.76
X82.805 Y-30.679
X82.935 Y-30.551
X83.018 Y-30.39
X83.047 Y-30.21
Y-29.838
X83.037 Y-29.778 Z-10.474
X83.013 Y-29.722 Z-10.448
X82.976 Y-29.674 Z-10.422
X82.929 Y-29.636 Z-10.397
X82.874 Y-29.611 Z-10.371
X82.814 Y-29.6 Z-10.345
X82.708 Z-10.3
G3 X82.19 Y-29.846 R0.796
G1 X82.129 Y-29.918 Z-10.34
X82.077 Y-29.997 Z-10.38
X82.035 Y-30.081 Z-10.42
X82.004 Y-30.17 Z-10.46
X81.982 Y-30.262 Z-10.5
X81.934 Y-30.617
X81.921 Y-30.767
X81.972 Y-30.908
X82.058 Y-31.03
X82.224 Y-31.133
X82.414 Y-31.177
X82.608 Y-31.157
X82.785 Y-31.076
X82.927 Y-30.942
X83.018 Y-30.77
X83.048 Y-30.578
X83.047 Y-30.21
X83.037 Y-30.15 Z-10.474
X83.014 Y-30.094 Z-10.448
X82.979 Y-30.044 Z-10.422
X82.933 Y-30.004 Z-10.396
X82.879 Y-29.976 Z-10.37
X82.82 Y-29.962 Z-10.345
X82.715 Y-29.956 Z-10.3
G3 X82.143 Y-30.203 R0.798
G1 X82.082 Y-30.275 Z-10.34
X82.03 Y-30.353 Z-10.38
X81.988 Y-30.437 Z-10.42
X81.955 Y-30.526 Z-10.46
X81.934 Y-30.617 Z-10.5
X81.886 Y-30.969
X81.873 Y-31.119
X81.913 Y-31.263
X81.99 Y-31.392
X82.148 Y-31.507
X82.334 Y-31.568
X82.53
X82.716 Y-31.509
X82.875 Y-31.395
X82.992 Y-31.238
X83.054 Y-31.053
X83.057 Y-30.857
G3 X82.932 Y-30.663 R0.3
X82.706 Y-30.616 R0.3
G1 X82.54 Y-30.647
X82.125 Y-30.726
G3 X81.886 Y-30.969 R0.3
G1 X81.83 Y-31.374
X81.816 Y-31.523
X81.859 Y-31.667
X81.94 Y-31.793
X82.045 Y-31.9
X82.233 Y-31.987
X82.438 Y-32.015
X82.642 Y-31.982
X82.827 Y-31.89
X82.978 Y-31.748
X83.08 Y-31.568
X83.125 Y-31.366
X83.109 Y-31.16
X83.099 Y-31.111
X83.073 Y-30.969
X83.057 Y-30.857
X83.038 Y-30.793 Z-10.471
X83.005 Y-30.734 Z-10.443
X82.96 Y-30.685 Z-10.414
X82.905 Y-30.646 Z-10.386
X82.842 Y-30.621 Z-10.357
X82.776 Y-30.611 Z-10.329
X82.709 Y-30.615 Z-10.3
X82.66 Y-30.628
X82.615 Y-30.649
X82.573 Y-30.677
X82.478 Y-30.754
X82.348 Y-30.859
X82.135 Y-31.031
X81.936 Y-31.192 Z-10.409
X81.898 Y-31.23 Z-10.432
X81.867 Y-31.273 Z-10.454
X81.844 Y-31.322 Z-10.477
X81.83 Y-31.374 Z-10.5
X81.787 Y-31.677
X81.77 Y-31.755
X81.745 Y-31.903
X81.774 Y-32.05
X81.843 Y-32.183
X81.937 Y-32.299
X82.054 Y-32.394
X82.184 Y-32.468
X82.325 Y-32.519
X82.472 Y-32.549
X82.622 Y-32.556
X82.632 Y-32.555
X82.831 Y-32.508
X83.008 Y-32.405
X83.147 Y-32.256
X83.238 Y-32.073
X83.272 Y-31.872
X83.246 Y-31.669
X83.13 Y-31.252
X83.109 Y-31.16
X83.084 Y-31.097 Z-10.471
X83.046 Y-31.042 Z-10.443
X82.997 Y-30.996 Z-10.414
X82.939 Y-30.963 Z-10.386
X82.875 Y-30.943 Z-10.357
X82.808 Y-30.938 Z-10.329
X82.741 Y-30.948 Z-10.3
X82.685 Y-30.969
X82.634 Y-31.001
X82.513 Y-31.095
X82.308 Y-31.256
X82.092 Y-31.425
X81.876 Y-31.594 Z-10.417
X81.829 Y-31.639 Z-10.444
X81.793 Y-31.694 Z-10.472
X81.77 Y-31.755 Z-10.5
X81.756 Y-31.819
X81.716 Y-31.96
X81.667 Y-32.102
X81.618 Y-32.243
X81.621 Y-32.393
X81.66 Y-32.538
X81.726 Y-32.673
X81.813 Y-32.795
X81.918 Y-32.902
X82.037 Y-32.993
X82.169 Y-33.066
X82.308 Y-33.121
X82.454 Y-33.156
X82.603 Y-33.174
X82.753 Y-33.172
X82.901 Y-33.152
X82.916 Y-33.149
X83.121 Y-33.06
X83.287 Y-32.912
X83.398 Y-32.719
X83.444 Y-32.501
X83.418 Y-32.28
X83.246 Y-31.669
X83.219 Y-31.608 Z-10.471
X83.179 Y-31.554 Z-10.443
X83.127 Y-31.51 Z-10.414
X83.068 Y-31.48 Z-10.386
X83.003 Y-31.463 Z-10.357
X82.936 Y-31.461 Z-10.329
X82.87 Y-31.474 Z-10.3
X82.835 Y-31.487
X82.62 Y-31.586
X82.299 Y-31.734
X82.051 Y-31.848
X81.813 Y-31.957 Z-10.411
X81.768 Y-31.983 Z-10.433
X81.727 Y-32.017 Z-10.456
X81.694 Y-32.057 Z-10.478
X81.667 Y-32.102 Z-10.5
X81.484 Y-32.526
X81.431 Y-32.667
X81.421 Y-32.816
X81.441 Y-32.965
X81.487 Y-33.108
X81.554 Y-33.242
X81.639 Y-33.366
X81.739 Y-33.477
X81.852 Y-33.576
X81.975 Y-33.663
X82.106 Y-33.735
X82.244 Y-33.794
X82.387 Y-33.837
X82.535 Y-33.865
X82.684 Y-33.879
X82.834 Y-33.875
X82.983 Y-33.856
X83.129 Y-33.823
X83.271 Y-33.772
X83.455 Y-33.646
X83.59 Y-33.468
X83.662 Y-33.256
X83.664 Y-33.033
X83.595 Y-32.821
X83.557 Y-32.768 Z-10.472
X83.509 Y-32.724 Z-10.445
X83.453 Y-32.692 Z-10.417
X83.391 Y-32.672 Z-10.389
X83.184 Y-32.631 Z-10.3
X82.916 Y-32.579
X82.154 Y-32.428
X81.886 Y-32.375
X81.813 Y-32.361 Z-10.332
X81.747 Y-32.355 Z-10.36
X81.682 Y-32.364 Z-10.388
X81.62 Y-32.387 Z-10.416
X81.565 Y-32.423 Z-10.444
X81.518 Y-32.47 Z-10.472
X81.484 Y-32.526 Z-10.5
X81.262 Y-33.036
X81.209 Y-33.176
X81.182 Y-33.323
X81.183 Y-33.473
X81.208 Y-33.621
X81.254 Y-33.764
X81.317 Y-33.9
X81.396 Y-34.028
X81.488 Y-34.146
X81.591 Y-34.255
X81.704 Y-34.353
X81.826 Y-34.441
X81.955 Y-34.517
X82.09 Y-34.583
X82.23 Y-34.637
X82.374 Y-34.68
X82.52 Y-34.711
X82.669 Y-34.731
X82.819 Y-34.738
X82.969 Y-34.733
X83.118 Y-34.715
X83.265 Y-34.685
X83.408 Y-34.64
X83.547 Y-34.585
X83.681 Y-34.517
X83.807 Y-34.435
X83.823 Y-34.423
X83.965 Y-34.276
X84.058 Y-34.095
X84.095 Y-33.895
X84.073 Y-33.693
X83.993 Y-33.505
X83.743 Y-33.092
X83.673 Y-32.973
X83.595 Y-32.821
X83.562 Y-32.773 Z-10.475
X83.52 Y-32.732 Z-10.45
X83.47 Y-32.7 Z-10.425
X83.416 Y-32.678 Z-10.4
X83.358 Y-32.668 Z-10.375
X83.3 Z-10.351
X83.182 Y-32.681 Z-10.3
X82.91 Y-32.712
X81.938 Y-32.819
X81.666 Y-32.849
X81.5 Y-32.867 Z-10.371
X81.441 Y-32.88 Z-10.397
X81.385 Y-32.904 Z-10.423
X81.336 Y-32.94 Z-10.448
X81.294 Y-32.984 Z-10.474
X81.262 Y-33.036 Z-10.5
X81.113 Y-33.375
X81.046 Y-33.517
X81.009 Y-33.582
X80.941 Y-33.716
X80.907 Y-33.862
X80.899 Y-34.011
X80.914 Y-34.167
X80.894 Y-34.321
X80.788 Y-34.615
X80.595 Y-34.86
X80.121 Y-35.266
X79.551 Y-35.519
X79.193 Y-35.609
X79.111 Y-35.635
X79.033 Y-35.671
X78.96 Y-35.716
X78.912 Y-35.762 Z-10.471
X78.875 Y-35.818 Z-10.443
X78.851 Y-35.881 Z-10.414
X78.842 Y-35.947 Z-10.386
X78.848 Y-36.014 Z-10.357
X78.868 Y-36.078 Z-10.329
X78.903 Y-36.136 Z-10.3
G3 X79.323 Y-36.194 R0.3
X79.358 Y-36.162 R0.3
G1 X81.481 Y-33.946
G3 X81.472 Y-33.522 R0.3
X81.421 Y-33.483 R0.3
G1 X81.361 Y-33.455 Z-10.329
X81.295 Y-33.44 Z-10.357
X81.228 Y-33.441 Z-10.386
X81.163 Y-33.457 Z-10.414
X81.102 Y-33.486 Z-10.443
X81.05 Y-33.529 Z-10.471
X81.009 Y-33.582 Z-10.5
X80.965 Y-33.659
X80.865 Y-33.8
X80.837 Y-33.838
X80.757 Y-33.942
X80.066 Y-34.791
X79.986 Y-34.881
X79.807 Y-35.074
X79.703 Y-35.181
X79.66 Y-35.215
X79.561 Y-35.291
X78.994 Y-35.692
X78.71 Y-35.891
X78.427 Y-36.088
X78.285 Y-36.179
X78.143 Y-36.252
X78.002 Y-36.31
X77.903 Y-36.348
X77.009 Y-36.665
X76.584 Y-36.811
X76.442 Y-36.847
X76.3 Y-36.873
X76.158 Y-36.889
X76.017 Y-36.9
X74.882 Y-36.977
X74.741 Y-36.986
X74.599 Y-36.985
X74.457 Y-36.975
X74.315 Y-36.958
X73.748 Y-36.842
X73.039 Y-36.695
X72.897 Y-36.663
X72.756 Y-36.626
X72.614 Y-36.577
X72.472 Y-36.518
X72.416 Y-36.489
X72.128 Y-36.36
X71.83 Y-36.255
X71.416 Y-36.145
X70.802 Y-36.033
X70.181 Y-35.971
X69.558 Y-35.935
X68.935 Y-35.915
X68.311 Y-35.903
X67.687 Y-35.896
X67.063 Y-35.892
X65.815 Y-35.889
X63.932 Y-35.888
X63.793 Y-35.901
X63.66 Y-35.942
X63.538 Y-36.009
X63.31 Y-36.164
X63.292 Y-36.175
X62.894 Y-36.348
X62.831 Y-36.373
X61.98 Y-36.676
X61.839 Y-36.723
X61.484 Y-36.839
X61.413 Y-36.849
X61.13 Y-36.887
X60.988 Y-36.902
X60.137 Y-36.96
X59.712 Y-36.985
X59.57 Y-36.983
X59.428 Y-36.973
X59.287 Y-36.951
X59.145 Y-36.924
X58.152 Y-36.718
X57.869 Y-36.658
X57.727 Y-36.619
X57.443 Y-36.505
X57.411 Y-36.489
X57.146 Y-36.369
X56.855 Y-36.264
X56.454 Y-36.154
X55.853 Y-36.041
X55.232 Y-35.975
X54.61 Y-35.937
X53.986 Y-35.916
X53.362 Y-35.904
X52.738 Y-35.897
X52.114 Y-35.893
X50.866 Y-35.889
X48.934 Y-35.888
X48.796 Y-35.901
X48.664 Y-35.942
X48.542 Y-36.007
X48.37 Y-36.124
X48.236 Y-36.206
X48.228 Y-36.211
X47.802 Y-36.382
X47.661 Y-36.434
X46.952 Y-36.686
X46.81 Y-36.734
X46.402 Y-36.856
X45.959 Y-36.904
X45.109 Y-36.962
X44.967 Y-36.97
X44.595 Y-36.986
X44.258 Y-36.941
X44.116 Y-36.918
X43.265 Y-36.742
X42.765 Y-36.631
X42.698 Y-36.607
X42.415 Y-36.486
X42.273 Y-36.418
X42.137 Y-36.356
X41.834 Y-36.25
X41.415 Y-36.14
X40.8 Y-36.031
X40.179 Y-35.969
X39.556 Y-35.934
X38.933 Y-35.914
X38.309 Y-35.903
X37.685 Y-35.896
X37.061 Y-35.892
X35.813 Y-35.889
X33.936 Y-35.888
X33.798 Y-35.901
X33.664 Y-35.942
X33.542 Y-36.009
X33.46 Y-36.065
X33.341 Y-36.144
X33.233 Y-36.206
X33.199 Y-36.224
X33.057 Y-36.285
X32.774 Y-36.392
X32.632 Y-36.444
X31.781 Y-36.746
X31.639 Y-36.793
X31.498 Y-36.835
X31.356 Y-36.865
X31.214 Y-36.88
X30.931 Y-36.905
X30.789 Y-36.916
X30.08 Y-36.964
X29.938 Y-36.973
X29.531 Y-36.982
X29.513 Y-36.981
X29.087 Y-36.912
X28.237 Y-36.736
X28.095 Y-36.705
X27.712 Y-36.614
X27.386 Y-36.469
X27.244 Y-36.404
X27.108 Y-36.341
X26.792 Y-36.235
X26.35 Y-36.124
X25.734 Y-36.022
X25.113 Y-35.964
X24.49 Y-35.931
X23.866 Y-35.913
X23.242 Y-35.902
X22.618 Y-35.896
X21.994 Y-35.892
X20.747 Y-35.889
X18.939 Y-35.888
X18.798 Y-35.902
X18.662 Y-35.944
X18.538 Y-36.013
X18.454 Y-36.071
X18.312 Y-36.163
X18.229 Y-36.206
X18.17 Y-36.235
X18.029 Y-36.3
X17.603 Y-36.454
X16.708 Y-36.772
X16.611 Y-36.802
X16.469 Y-36.843
X16.327 Y-36.868
X16.185 Y-36.886
X15.76 Y-36.918
X14.909 Y-36.976
X14.768 Y-36.983
X14.626 Y-36.987
X14.484 Y-36.979
X14.342 Y-36.957
X14.059 Y-36.905
X13.917 Y-36.877
X13.066 Y-36.7
X12.711 Y-36.614
X12.641 Y-36.59
X12.429 Y-36.489
X12.038 Y-36.326
X11.708 Y-36.219
X11.241 Y-36.108
X10.624 Y-36.013
X10.003 Y-35.959
X9.379 Y-35.928
X8.756 Y-35.911
X8.132 Y-35.901
X7.835 Y-35.806
X7.565 Y-35.648
X7.096 Y-35.238
X6.769 Y-34.706
X6.554 Y-34.12
X6.416 Y-33.512
X6.329 Y-32.894
X6.276 Y-32.272
X6.243 Y-31.649
X6.222 Y-31.025
X6.21 Y-30.402
X6.203 Y-29.778
X6.198 Y-29.154
X6.195 Y-28.53
X6.193 Y-27.282
X6.191 Y-23.538
Y-7.94
X6.192 Y-7.316
X6.297 Y-7.022
X6.618 Y-6.487
X7.102 Y-6.092
X7.663 Y-5.82
X8.26 Y-5.638
X8.872 Y-5.519
X9.492 Y-5.443
X9.649 Y-5.406
X9.794 Y-5.334
X9.919 Y-5.233
X9.947 Y-5.205
X10.514 Y-4.676
X10.798 Y-4.414
X10.861 Y-4.36
X10.94 Y-4.3
X11.081 Y-4.212
X11.223 Y-4.128
X11.317 Y-4.077
X11.372 Y-4.049
X11.79 Y-3.832 Z-10.3
X12.033 Y-3.706
X12.137 Y-3.652
X12.216 Y-3.612
X12.641 Y-3.41
X12.676 Y-3.398
X12.711 Y-3.386
X13.066 Y-3.3
X13.917 Y-3.123
X14.059 Y-3.095
X14.342 Y-3.043
X14.484 Y-3.021
X14.626 Y-3.013
X14.768 Y-3.017
X14.909 Y-3.024
X15.813 Y-3.086
X16.185 Y-3.114
X16.327 Y-3.132
X16.469 Y-3.157
X16.611 Y-3.198
X16.708 Y-3.228
X17.186 Y-3.397
X17.444 Y-3.489
X17.603 Y-3.546 Z-10.372
X17.887 Y-3.648 Z-10.5
X18.029 Y-3.7
X18.17 Y-3.765
X18.229 Y-3.794
X18.312 Y-3.837
X18.464 Y-3.935
X18.666 Y-4.077
X19.268 Y-4.501
X19.457 Y-4.621
X19.656 Y-4.726
X19.913 Y-4.836
X20.253 Y-4.95
X20.726 Y-5.067
X21.342 Y-5.168
X21.963 Y-5.228
X22.586 Y-5.262
X23.21 Y-5.283
X23.833 Y-5.295
X24.561 Y-5.303
X24.736 Y-5.282
X24.9 Y-5.218
X25.043 Y-5.115
X25.685 Y-4.516
X25.916 Y-4.316
X25.968 Y-4.28
X26.32 Y-4.077
X26.4 Y-4.034
X26.454 Y-3.995 Z-10.471
X26.499 Y-3.944 Z-10.443
X26.531 Y-3.885 Z-10.414
X26.549 Y-3.821 Z-10.386
X26.552 Y-3.754 Z-10.357
X26.54 Y-3.687 Z-10.329
X26.514 Y-3.626 Z-10.3
G3 X26.231 Y-3.473 R0.3
G1 X19.446 Y-3.962
X19.428 Y-3.963
X19.365 Y-3.975
X19.306 Y-3.999
X19.254 Y-4.035
X19.21 Y-4.081
X19.176 Y-4.139 Z-10.329
X19.155 Y-4.203 Z-10.357
X19.15 Y-4.27 Z-10.386
X19.159 Y-4.336 Z-10.414
X19.182 Y-4.399 Z-10.443
X19.219 Y-4.455 Z-10.471
X19.268 Y-4.501 Z-10.5
X19.588 Y-4.729
X19.655 Y-4.784
X19.815 Y-4.926
X19.872 Y-4.981
X20.014 Y-5.146
X20.066 Y-5.209
X20.155 Y-5.319
X20.256 Y-5.43
X20.365 Y-5.532
X20.496 Y-5.635
X20.667 Y-5.748
X20.87 Y-5.86
X21.134 Y-5.979
X21.472 Y-6.099
X21.936 Y-6.224
X22.55 Y-6.337
X23.17 Y-6.406
X23.59 Y-6.434
X23.78 Y-6.42
X23.958 Y-6.357
X24.113 Y-6.247
X24.234 Y-6.1
X24.267 Y-6.046
X24.531 Y-5.634
X24.55 Y-5.608
X24.692 Y-5.45
X24.791 Y-5.351
X25.043 Y-5.115
X25.085 Y-5.062 Z-10.471
X25.114 Y-5.002 Z-10.443
X25.129 Y-4.936 Z-10.414
Y-4.869 Z-10.386
X25.114 Y-4.804 Z-10.357
X25.085 Y-4.743 Z-10.329
X25.043 Y-4.691 Z-10.3
X24.995 Y-4.651
X24.939 Y-4.623
X24.878 Y-4.606
X24.815 Y-4.603
X24.793 Y-4.604
X20.473 Y-4.833
X20.379 Y-4.838
X20.32 Y-4.847
X20.264 Y-4.867
X20.213 Y-4.898
X20.165 Y-4.945 Z-10.329
X20.127 Y-5.001 Z-10.357
X20.104 Y-5.064 Z-10.386
X20.095 Y-5.13 Z-10.414
X20.1 Y-5.197 Z-10.443
X20.121 Y-5.261 Z-10.471
X20.155 Y-5.319 Z-10.5
X20.757 Y-6.058
X20.865 Y-6.2
X20.965 Y-6.341
X21.052 Y-6.464
X21.155 Y-6.572
X21.289 Y-6.69
X21.439 Y-6.803
X21.628 Y-6.923
X21.872 Y-7.052
X22.166 Y-7.177
X22.463 Y-7.276
X22.733 Y-7.344
X22.943 Y-7.378
X23.004 Y-7.383
X23.201 Y-7.371
X23.388 Y-7.304
X23.548 Y-7.188
X23.67 Y-7.031
X23.7 Y-6.978
X24.234 Y-6.1
X24.26 Y-6.039 Z-10.471
X24.272 Y-5.973 Z-10.443
X24.269 Y-5.906 Z-10.414
X24.251 Y-5.841 Z-10.386
X24.219 Y-5.782 Z-10.357
X24.174 Y-5.731 Z-10.329
X24.12 Y-5.692 Z-10.3
X24.065 Y-5.668
X24.006 Y-5.655
X23.945 Y-5.654
X23.854 Y-5.663
X21.359 Y-5.89
X21.204 Y-5.904
X21.146 Y-5.915
X21.092 Y-5.937
X21.036 Y-5.974 Z-10.329
X20.99 Y-6.023 Z-10.357
X20.957 Y-6.081 Z-10.386
X20.937 Y-6.145 Z-10.414
X20.931 Y-6.212 Z-10.443
X20.941 Y-6.279 Z-10.471
X20.965 Y-6.341 Z-10.5
X21.046 Y-6.483
X21.113 Y-6.625
X21.238 Y-6.908
X21.361 Y-7.191
X21.427 Y-7.325
X21.512 Y-7.449
X21.609 Y-7.563
X21.715 Y-7.669
X21.84 Y-7.775
X21.966 Y-7.866
X22.098 Y-7.945
X22.241 Y-8.016
X22.38 Y-8.072
X22.524 Y-8.116
X22.67 Y-8.147
X22.678 Y-8.148
X22.876 Y-8.145
X23.066 Y-8.086
X23.231 Y-7.977
X23.359 Y-7.825
X23.439 Y-7.644
X23.487 Y-7.474
X23.539 Y-7.332
X23.597 Y-7.191
X23.66 Y-7.049
X23.67 Y-7.031
X23.694 Y-6.969 Z-10.471
X23.704 Y-6.902 Z-10.443
X23.698 Y-6.835 Z-10.414
X23.678 Y-6.771 Z-10.386
X23.645 Y-6.713 Z-10.357
X23.599 Y-6.664 Z-10.329
X23.543 Y-6.627 Z-10.3
X23.489 Y-6.605
X23.431 Y-6.594
X23.372
X23.276 Y-6.604
X21.8 Y-6.762
X21.608 Y-6.783
X21.568 Y-6.79
X21.53 Y-6.802
X21.471 Y-6.833 Z-10.329
X21.42 Y-6.877 Z-10.357
X21.38 Y-6.931 Z-10.386
X21.353 Y-6.993 Z-10.414
X21.341 Y-7.059 Z-10.443
X21.343 Y-7.126 Z-10.471
X21.361 Y-7.191 Z-10.5
X21.667 Y-7.898
X21.715 Y-8.037
X21.77 Y-8.177
X21.846 Y-8.306
X21.94 Y-8.423
X22.049 Y-8.525
X22.171 Y-8.614
X22.303 Y-8.685
X22.342 Y-8.701
X22.531 Y-8.746
X22.726 Y-8.738
X22.91 Y-8.676
X23.07 Y-8.566
X23.194 Y-8.416
X23.272 Y-8.238
X23.439 Y-7.644
X23.448 Y-7.577 Z-10.471
X23.442 Y-7.51 Z-10.443
X23.42 Y-7.447 Z-10.414
X23.386 Y-7.389 Z-10.386
X23.339 Y-7.341 Z-10.357
X23.283 Y-7.304 Z-10.329
X23.22 Y-7.281 Z-10.3
X23.164 Y-7.273
X23.108 Y-7.275
X23.054 Y-7.288
X22.954 Y-7.321
X22.177 Y-7.578
X21.917 Y-7.664
X21.908 Y-7.667 Z-10.304
X21.848 Y-7.695 Z-10.332
X21.796 Y-7.734 Z-10.36
X21.753 Y-7.785 Z-10.388
X21.723 Y-7.843 Z-10.416
X21.706 Y-7.907 Z-10.444
X21.703 Y-7.972 Z-10.472
X21.715 Y-8.037 Z-10.5
X21.756 Y-8.181
X21.787 Y-8.323
X21.827 Y-8.606
X21.855 Y-8.753
X21.92 Y-8.89
X22.079 Y-9.045
X22.278 Y-9.141
X22.498 Y-9.171
X22.716 Y-9.13
X22.911 Y-9.023
X23.062 Y-8.861
X23.155 Y-8.659
X23.272 Y-8.238
X23.281 Y-8.172 Z-10.471
X23.274 Y-8.105 Z-10.443
X23.253 Y-8.041 Z-10.414
X23.218 Y-7.984 Z-10.386
X23.171 Y-7.936 Z-10.357
X23.115 Y-7.899 Z-10.329
X23.052 Y-7.876 Z-10.3
X22.984 Y-7.867
X22.916 Y-7.874
X22.852 Y-7.897
X22.79 Y-7.926
X22.335 Y-8.143
X22.088 Y-8.26
X21.996 Y-8.304 Z-10.343
X21.944 Y-8.336 Z-10.369
X21.899 Y-8.378 Z-10.395
X21.863 Y-8.428 Z-10.422
X21.839 Y-8.484 Z-10.448
X21.827 Y-8.545 Z-10.474
Y-8.606 Z-10.5
X21.891 Y-9.074
X21.919 Y-9.221
X21.989 Y-9.354
X22.089 Y-9.466
X22.281 Y-9.562
X22.495 Y-9.586
X22.704 Y-9.535
X22.883 Y-9.415
X23.009 Y-9.241
X23.068 Y-9.034
X23.069 Y-8.984 Z-10.479
X23.065 Y-8.934 Z-10.457
X23.045 Y-8.844 Z-10.418
X23.012 Y-8.758 Z-10.379
X22.965 Y-8.677 Z-10.339
X22.907 Y-8.606 Z-10.3
G3 X22.46 Y-8.423 R0.591
X22.026 Y-8.635 R0.591
G1 X21.971 Y-8.712 Z-10.34
X21.93 Y-8.796 Z-10.38
X21.902 Y-8.886 Z-10.42
X21.889 Y-8.979 Z-10.46
X21.891 Y-9.074 Z-10.5
X21.954 Y-9.528
X21.982 Y-9.675
X22.06 Y-9.803
X22.221 Y-9.91
X22.409 Y-9.958
X22.602 Y-9.943
X22.779 Y-9.866
X22.922 Y-9.736
X23.015 Y-9.567
X23.048 Y-9.376
X23.049 Y-9.314
X23.054 Y-9.172
X23.068 Y-9.034
X23.065 Y-8.967 Z-10.471
X23.047 Y-8.903 Z-10.443
X23.016 Y-8.843 Z-10.414
X22.972 Y-8.793 Z-10.386
X22.917 Y-8.753 Z-10.357
X22.855 Y-8.727 Z-10.329
X22.789 Y-8.715 Z-10.3
X22.728 Y-8.717
X22.668 Y-8.732
X22.613 Y-8.758
X22.564 Y-8.795
X22.544 Y-8.814
X22.39 Y-8.958
X22.19 Y-9.145
X22.047 Y-9.278 Z-10.383
X22.003 Y-9.331 Z-10.412
X21.971 Y-9.392 Z-10.441
X21.955 Y-9.459 Z-10.471
X21.954 Y-9.528 Z-10.5
X21.981 Y-9.738
X21.994 Y-9.88
X22.008 Y-10.029
X22.082 Y-10.16
X22.188 Y-10.266
X22.373 Y-10.337
X22.572 Y-10.339
X22.759 Y-10.272
X22.912 Y-10.146
X23.012 Y-9.974
X23.047 Y-9.779
X23.048 Y-9.376
X23.041 Y-9.321 Z-10.476
X23.022 Y-9.268 Z-10.452
X22.992 Y-9.221 Z-10.429
X22.952 Y-9.181 Z-10.405
X22.906 Y-9.15 Z-10.381
X22.853 Y-9.131 Z-10.357
X22.798 Y-9.122 Z-10.333
X22.719 Y-9.123 Z-10.3
G3 X22.141 Y-9.44 R0.772
G1 X22.091 Y-9.52 Z-10.34
X22.05 Y-9.605 Z-10.38
X22.02 Y-9.694 Z-10.42
X22.002 Y-9.786 Z-10.46
X21.994 Y-9.88 Z-10.5
X21.997 Y-10.021
X21.991 Y-10.163
X21.985 Y-10.206
X21.974 Y-10.355
X22.03 Y-10.495
X22.124 Y-10.612
X22.284 Y-10.697
X22.463 Y-10.729
X22.643 Y-10.702
X22.805 Y-10.621
X22.935 Y-10.494
X23.018 Y-10.332
X23.047 Y-10.153
Y-9.779
X23.037 Y-9.719 Z-10.474
X23.013 Y-9.663 Z-10.448
X22.976 Y-9.615 Z-10.422
X22.929 Y-9.577 Z-10.397
X22.874 Y-9.551 Z-10.371
X22.814 Y-9.54 Z-10.345
X22.708 Y-9.541 Z-10.3
G3 X22.19 Y-9.789 R0.791
G1 X22.129 Y-9.861 Z-10.34
X22.078 Y-9.94 Z-10.38
X22.037 Y-10.025 Z-10.42
X22.006 Y-10.114 Z-10.46
X21.985 Y-10.206 Z-10.5
X21.942 Y-10.559
X21.93 Y-10.709
X21.98 Y-10.85
X22.067 Y-10.973
X22.231 Y-11.074
X22.418 Y-11.117
X22.609 Y-11.098
X22.784 Y-11.018
X22.925 Y-10.886
X23.015 Y-10.717
X23.047 Y-10.527
Y-10.153
X23.037 Y-10.093 Z-10.474
X23.015 Y-10.037 Z-10.449
X22.98 Y-9.988 Z-10.423
X22.934 Y-9.948 Z-10.397
X22.881 Y-9.92 Z-10.371
X22.822 Y-9.905 Z-10.346
X22.715 Y-9.898 Z-10.3
G3 X22.147 Y-10.143 R0.786
G1 X22.087 Y-10.215 Z-10.34
X22.035 Y-10.294 Z-10.38
X21.993 Y-10.378 Z-10.42
X21.962 Y-10.467 Z-10.46
X21.942 Y-10.559 Z-10.5
X21.893 Y-10.914
X21.88 Y-11.063
X21.921 Y-11.207
X22. Y-11.335
X22.177 Y-11.458
X22.386 Y-11.513
X22.601 Y-11.494
X22.797 Y-11.404
X22.95 Y-11.252
X23.043 Y-11.057
X23.065 Y-10.842
X23.047 Y-10.588
Y-10.527
X23.037 Y-10.46 Z-10.471
X23.012 Y-10.398 Z-10.443
X22.975 Y-10.342 Z-10.414
X22.926 Y-10.297 Z-10.386
X22.868 Y-10.263 Z-10.357
X22.803 Y-10.243 Z-10.329
X22.737 Y-10.238 Z-10.3
X22.675 Y-10.246
X22.617 Y-10.267
X22.564 Y-10.299
X22.495 Y-10.353
X22.42 Y-10.41
X22.203 Y-10.576
X22.006 Y-10.727 Z-10.405
X21.965 Y-10.764 Z-10.429
X21.932 Y-10.809 Z-10.452
X21.908 Y-10.86 Z-10.476
X21.893 Y-10.914 Z-10.5
X21.841 Y-11.295
X21.828 Y-11.445
X21.867 Y-11.59
X21.942 Y-11.719
X22.046 Y-11.828
X22.231 Y-11.919
X22.434 Y-11.951
X22.638 Y-11.92
X22.824 Y-11.83
X22.974 Y-11.689
X23.074 Y-11.509
X23.117 Y-11.307
X23.097 Y-11.102
G3 X22.739 Y-10.894 R0.3
G1 X22.491 Y-10.953
X22.067 Y-11.055
G3 X21.841 Y-11.295 R0.3
G1 X21.821 Y-11.437
X21.797 Y-11.578
X21.774 Y-11.691
X21.752 Y-11.84
X21.782 Y-11.987
X21.851 Y-12.12
X21.946 Y-12.236
X22.062 Y-12.331
X22.193 Y-12.404
X22.334 Y-12.455
X22.481 Y-12.484
X22.525 Y-12.486
X22.742 Y-12.46
X22.941 Y-12.369
X23.102 Y-12.22
X23.209 Y-12.029
X23.252 Y-11.815
X23.226 Y-11.597
X23.182 Y-11.437
X23.097 Y-11.102
X23.071 Y-11.04 Z-10.471
X23.032 Y-10.985 Z-10.443
X22.981 Y-10.941 Z-10.414
X22.923 Y-10.908 Z-10.386
X22.858 Y-10.89 Z-10.357
X22.791 Y-10.886 Z-10.329
X22.725 Y-10.898 Z-10.3
X22.673 Y-10.919
X22.625 Y-10.949
X22.498 Y-11.047
X22.31 Y-11.192
X22.094 Y-11.36
X21.883 Y-11.523 Z-10.413
X21.834 Y-11.57 Z-10.442
X21.797 Y-11.627 Z-10.471
X21.774 Y-11.691 Z-10.5
X21.74 Y-11.861
X21.715 Y-11.968
X21.703 Y-12.003
X21.686 Y-12.046
X21.64 Y-12.188
X21.643 Y-12.338
X21.682 Y-12.483
X21.749 Y-12.617
X21.838 Y-12.738
X21.946 Y-12.843
X22.068 Y-12.93
X22.2 Y-13.
X22.342 Y-13.049
X22.489 Y-13.081
X22.638 Y-13.093
X22.788 Y-13.086
X22.836 Y-13.078
X23.022 Y-13.019
X23.185 Y-12.911
X23.311 Y-12.763
X23.392 Y-12.585
X23.421 Y-12.392
X23.395 Y-12.198
X23.226 Y-11.597
X23.199 Y-11.536 Z-10.471
X23.159 Y-11.482 Z-10.443
X23.107 Y-11.439 Z-10.414
X23.048 Y-11.408 Z-10.386
X22.983 Y-11.391 Z-10.357
X22.916 Y-11.389 Z-10.329
X22.85 Y-11.402 Z-10.3
X22.81 Y-11.419
X22.602 Y-11.519
X22.308 Y-11.662
X22.061 Y-11.781
X21.832 Y-11.893 Z-10.409
X21.785 Y-11.921 Z-10.431
X21.745 Y-11.956 Z-10.454
X21.712 Y-11.998 Z-10.477
X21.686 Y-12.046 Z-10.5
X21.648 Y-12.145
X21.508 Y-12.47
X21.455 Y-12.611
X21.446 Y-12.761
X21.469 Y-12.909
X21.517 Y-13.051
X21.586 Y-13.184
X21.674 Y-13.306
X21.776 Y-13.415
X21.891 Y-13.512
X22.016 Y-13.595
X22.149 Y-13.664
X22.289 Y-13.717
X22.434 Y-13.757
X22.582 Y-13.779
X22.732 Y-13.786
X22.882 Y-13.777
X23.03 Y-13.751
X23.174 Y-13.711
X23.198 Y-13.701
X23.382 Y-13.592
X23.524 Y-13.433
X23.611 Y-13.239
X23.636 Y-13.027
X23.597 Y-12.818
X23.558 Y-12.709
X23.461 Y-12.428
X23.404 Y-12.233
X23.395 Y-12.198
X23.369 Y-12.14 Z-10.473
X23.332 Y-12.088 Z-10.446
X23.284 Y-12.046 Z-10.419
X23.229 Y-12.014 Z-10.391
X23.168 Y-11.995 Z-10.364
X23.104 Y-11.989 Z-10.337
X23.041 Y-11.997 Z-10.31
X23.018 Y-12.002 Z-10.3
X22.751 Y-12.065
X22.174 Y-12.199
X21.907 Y-12.261
X21.711 Y-12.307 Z-10.386
X21.647 Y-12.33 Z-10.414
X21.591 Y-12.366 Z-10.443
X21.543 Y-12.413 Z-10.471
X21.508 Y-12.47 Z-10.5
X21.29 Y-12.973
X21.237 Y-13.114
X21.222 Y-13.263
X21.235 Y-13.412
X21.271 Y-13.558
X21.326 Y-13.697
X21.399 Y-13.828
X21.487 Y-13.95
X21.587 Y-14.062
X21.698 Y-14.163
X21.818 Y-14.253
X21.945 Y-14.332
X22.079 Y-14.399
X22.219 Y-14.454
X22.363 Y-14.498
X22.51 Y-14.529
X22.658 Y-14.548
X22.808 Y-14.554
X22.958 Y-14.547
X23.107 Y-14.526
X23.252 Y-14.491
X23.395 Y-14.443
X23.532 Y-14.382
X23.662 Y-14.307
X23.7 Y-14.28
X23.851 Y-14.135
X23.953 Y-13.952
X23.996 Y-13.746
X23.976 Y-13.538
X23.895 Y-13.344
X23.842 Y-13.255
X23.687 Y-12.994
X23.609 Y-12.852
X23.597 Y-12.818
X23.567 Y-12.761 Z-10.473
X23.525 Y-12.711 Z-10.445
X23.474 Y-12.672 Z-10.418
X23.415 Y-12.644 Z-10.39
X23.352 Y-12.63 Z-10.363
X23.288 Y-12.629 Z-10.335
X23.205 Y-12.637 Z-10.3
X22.933 Y-12.665
X21.965 Y-12.761
X21.693 Y-12.788
X21.531 Y-12.804 Z-10.369
X21.47 Y-12.816 Z-10.395
X21.414 Y-12.841 Z-10.421
X21.364 Y-12.876 Z-10.448
X21.322 Y-12.921 Z-10.474
X21.29 Y-12.973 Z-10.5
X21.148 Y-13.3
X21.093 Y-13.418
X21.054 Y-13.496
X20.994 Y-13.634
X20.967 Y-13.781
Y-13.931
X20.989 Y-14.08
X21.03 Y-14.224
X21.088 Y-14.362
X21.16 Y-14.494
X21.245 Y-14.618
X21.34 Y-14.733
X21.446 Y-14.84
X21.563 Y-14.94
X21.691 Y-15.032
X21.829 Y-15.117
X21.978 Y-15.192
X22.138 Y-15.257
X22.305 Y-15.31
X22.478 Y-15.35
X22.654 Y-15.375
X22.835 Y-15.387
X23.02 Y-15.384
X23.191 Y-15.368
X23.35 Y-15.34
X23.519 Y-15.296
X23.661 Y-15.246
X23.798 Y-15.185
X23.936 Y-15.11
X24.061 Y-15.027
X24.179 Y-14.934
X24.205 Y-14.909
X24.322 Y-14.761
X24.396 Y-14.587
X24.42 Y-14.4
X24.394 Y-14.213
X24.319 Y-14.04
X23.895 Y-13.344
X23.856 Y-13.295 Z-10.473
X23.807 Y-13.256 Z-10.447
X23.751 Y-13.228 Z-10.42
X23.69 Y-13.212 Z-10.393
X23.628 Y-13.209 Z-10.367
X23.471 Y-13.218 Z-10.3
X23.197 Y-13.233
X21.74 Y-13.315
X21.467 Y-13.331
X21.301 Y-13.34 Z-10.37
X21.241 Y-13.35 Z-10.396
X21.184 Y-13.371 Z-10.422
X21.132 Y-13.404 Z-10.448
X21.089 Y-13.446 Z-10.474
X21.054 Y-13.496 Z-10.5
X21.023 Y-13.56
X20.938 Y-13.701
X20.864 Y-13.803
X20.8 Y-13.886
X20.713 Y-14.008
X20.654 Y-14.146
X20.622 Y-14.292
X20.612 Y-14.442
X20.623 Y-14.592
X20.651 Y-14.739
X20.694 Y-14.883
X20.752 Y-15.021
X20.821 Y-15.154
X20.901 Y-15.281
X20.998 Y-15.409
X21.111 Y-15.537
X21.24 Y-15.66
X21.381 Y-15.776
X21.539 Y-15.884
X21.713 Y-15.985
X21.902 Y-16.075
X22.103 Y-16.151
X22.312 Y-16.211
X22.528 Y-16.256
X22.749 Y-16.283
X22.972 Y-16.292
X23.194 Y-16.284
X23.416 Y-16.257
X23.632 Y-16.213
X23.833 Y-16.156
X24.007 Y-16.09
X24.182 Y-16.008
X24.323 Y-15.927
X24.46 Y-15.833
X24.585 Y-15.732
X24.693 Y-15.628
X24.795 Y-15.513
X24.801 Y-15.505
X24.896 Y-15.331
X24.939 Y-15.137
X24.925 Y-14.939
X24.857 Y-14.752
X24.738 Y-14.593
X24.692 Y-14.546
X24.55 Y-14.391
X24.463 Y-14.268
X24.409 Y-14.188
X24.319 Y-14.04
X24.283 Y-13.995 Z-10.476
X24.24 Y-13.959 Z-10.452
X24.19 Y-13.931 Z-10.428
X24.136 Y-13.913 Z-10.403
X24.08 Y-13.905 Z-10.379
X23.894 Y-13.897 Z-10.3
X23.62 Y-13.886
X21.513 Y-13.799
X21.239 Y-13.788
X21.041 Y-13.78 Z-10.384
X20.974 Y-13.785 Z-10.413
X20.908 Y-13.805 Z-10.442
X20.85 Y-13.839 Z-10.471
X20.8 Y-13.886 Z-10.5
X20.722 Y-13.985
X20.405 Y-14.375
X20.316 Y-14.496
X20.251 Y-14.631
X20.21 Y-14.775
X20.189 Y-14.924
X20.186 Y-15.074
X20.199 Y-15.223
X20.227 Y-15.37
X20.269 Y-15.515
X20.323 Y-15.658
X20.392 Y-15.804
X20.481 Y-15.958
X20.586 Y-16.111
X20.707 Y-16.26
X20.85 Y-16.409
X21.014 Y-16.555
X21.197 Y-16.693
X21.394 Y-16.818
X21.61 Y-16.933
X21.844 Y-17.033
X22.093 Y-17.117
X22.354 Y-17.182
X22.625 Y-17.227
X22.901 Y-17.25
X23.176 Y-17.252
X23.45 Y-17.231
X23.714 Y-17.189
X23.97 Y-17.127
X24.215 Y-17.046
X24.447 Y-16.949
X24.658 Y-16.84
X24.827 Y-16.734
X24.993 Y-16.611
X25.121 Y-16.498
X25.241 Y-16.375
X25.348 Y-16.246
X25.434 Y-16.123
X25.482 Y-16.04
X25.554 Y-15.867
X25.577 Y-15.68
X25.55 Y-15.494
X25.474 Y-15.322
X25.355 Y-15.176
X24.834 Y-14.69
X24.738 Y-14.593
X24.698 Y-14.561 Z-10.478
X24.652 Y-14.536 Z-10.456
X24.602 Y-14.52 Z-10.434
X24.551 Y-14.512 Z-10.411
X24.289 Y-14.496 Z-10.3
X24.016 Y-14.479
X21.119 Y-14.302
X20.845 Y-14.285
X20.649 Y-14.273 Z-10.384
X20.581 Y-14.276 Z-10.413
X20.515 Y-14.295 Z-10.442
X20.455 Y-14.329 Z-10.471
X20.405 Y-14.375 Z-10.5
X20.155 Y-14.68
X19.955 Y-14.919
X19.865 Y-15.038
X19.797 Y-15.172
X19.749 Y-15.314
X19.721 Y-15.461
X19.71 Y-15.611
X19.714 Y-15.761
X19.731 Y-15.91
X19.762 Y-16.061
X19.809 Y-16.223
X19.87 Y-16.386
X19.952 Y-16.558
X20.055 Y-16.736
X20.175 Y-16.91
X20.318 Y-17.085
X20.487 Y-17.262
X20.68 Y-17.433
X20.891 Y-17.592
X21.125 Y-17.741
X21.385 Y-17.877
X21.666 Y-17.998
X21.966 Y-18.099
X22.281 Y-18.177
X22.605 Y-18.231
X22.936 Y-18.258
X23.269 Y-18.259
X23.602 Y-18.233
X23.93 Y-18.181
X24.242 Y-18.106
X24.54 Y-18.007
X24.817 Y-17.891
X25.075 Y-17.757
X25.314 Y-17.607
X25.523 Y-17.452
X25.696 Y-17.3
X25.85 Y-17.141
X25.966 Y-17.001
X26.076 Y-16.844
X26.159 Y-16.701
X26.228 Y-16.559
X26.232 Y-16.547
X26.276 Y-16.357
X26.266 Y-16.162
X26.203 Y-15.977
X26.091 Y-15.817
X25.939 Y-15.694
X25.92 Y-15.683
X25.827 Y-15.61
X25.746 Y-15.542
X25.355 Y-15.176
X25.301 Y-15.139 Z-10.472
X25.24 Y-15.114 Z-10.444
X25.175 Y-15.103 Z-10.416
X24.903 Y-15.088 Z-10.3
X24.629 Y-15.072
X20.671 Y-14.847
X20.398 Y-14.831
X20.195 Y-14.82 Z-10.386
X20.129 Y-14.824 Z-10.414
X20.064 Y-14.842 Z-10.443
X20.006 Y-14.874 Z-10.471
X19.955 Y-14.919 Z-10.5
X19.872 Y-15.018
X19.82 Y-15.075
X19.73 Y-15.147
X19.545 Y-15.292
X19.432 Y-15.391
X19.34 Y-15.509
X19.268 Y-15.641
X19.215 Y-15.781
X19.178 Y-15.927
X19.157 Y-16.075
X19.149 Y-16.225
X19.154 Y-16.38
X19.174 Y-16.545
X19.207 Y-16.715
X19.26 Y-16.902
X19.332 Y-17.094
X19.423 Y-17.289
X19.539 Y-17.494
X19.682 Y-17.704
X19.845 Y-17.906
X20.036 Y-18.108
X20.26 Y-18.309
X20.514 Y-18.503
X20.791 Y-18.681
X21.091 Y-18.841
X21.417 Y-18.984
X21.768 Y-19.104
X22.139 Y-19.199
X22.524 Y-19.265
X22.92 Y-19.301
X23.319 Y-19.304
X23.717 Y-19.276
X24.108 Y-19.216
X24.488 Y-19.127
X24.854 Y-19.009
X25.199 Y-18.865
X25.519 Y-18.702
X25.808 Y-18.524
X26.064 Y-18.336
X26.291 Y-18.138
X26.489 Y-17.938
X26.634 Y-17.764
X26.764 Y-17.58
X26.856 Y-17.424
X26.94 Y-17.254
X27.002 Y-17.095
X27.046 Y-16.95
X27.059 Y-16.89
X27.071 Y-16.663
X27.009 Y-16.444
X26.88 Y-16.256
X26.697 Y-16.12
X26.394 Y-15.963
X26.252 Y-15.882
X25.939 Y-15.694
X25.879 Y-15.669 Z-10.472
X25.814 Y-15.658 Z-10.445
X25.475 Y-15.634 Z-10.3
X25.202 Y-15.615
X20.276 Y-15.272
X20.003 Y-15.253
X19.743 Y-15.235 Z-10.411
X19.691 Y-15.236 Z-10.433
X19.639 Y-15.246 Z-10.455
X19.59 Y-15.265 Z-10.478
X19.545 Y-15.292 Z-10.5
X19.408 Y-15.4
X19.021 Y-15.673
X18.903 Y-15.765
X18.8 Y-15.874
X18.714 Y-15.997
X18.646 Y-16.131
X18.593 Y-16.271
X18.554 Y-16.416
X18.529 Y-16.564
X18.516 Y-16.717
X18.515 Y-16.887
X18.529 Y-17.073
X18.558 Y-17.263
X18.608 Y-17.471
X18.679 Y-17.69
X18.771 Y-17.909
X18.891 Y-18.143
X19.043 Y-18.386
X19.218 Y-18.624
X19.424 Y-18.86
X19.666 Y-19.096
X19.943 Y-19.326
X20.254 Y-19.545
X20.592 Y-19.744
X20.955 Y-19.92
X21.35 Y-20.075
X21.772 Y-20.201
X22.216 Y-20.296
X22.675 Y-20.357
X23.143 Y-20.38
X23.613 Y-20.366
X24.081 Y-20.315
X24.541 Y-20.226
X24.985 Y-20.103
X25.409 Y-19.947
X25.806 Y-19.764
X26.175 Y-19.557
X26.504 Y-19.336
X26.791 Y-19.107
X27.041 Y-18.873
X27.26 Y-18.632
X27.446 Y-18.39
X27.59 Y-18.17
X27.7 Y-17.966
X27.791 Y-17.761
X27.85 Y-17.592
X27.896 Y-17.415
X27.928 Y-17.234
X27.914 Y-17.016
X27.834 Y-16.813
X27.695 Y-16.644
X27.511 Y-16.526
X27.386 Y-16.472
X27.244 Y-16.404
X26.697 Y-16.12
X26.644 Y-16.101 Z-10.476
X26.588 Y-16.092 Z-10.452
X26.231 Y-16.069 Z-10.3
X25.958 Y-16.052
X19.755 Y-15.659
X19.482 Y-15.642
X19.204 Y-15.624 Z-10.418
X19.14 Y-15.627 Z-10.445
X19.078 Y-15.644 Z-10.473
X19.021 Y-15.673 Z-10.5
X18.596 Y-15.973
X18.454 Y-16.071
X18.396 Y-16.108
X18.274 Y-16.195
X18.168 Y-16.3
X18.078 Y-16.42
X18.003 Y-16.55
X17.943 Y-16.688
X17.896 Y-16.83
X17.861 Y-16.976
X17.836 Y-17.143
X17.824 Y-17.318
X17.825 Y-17.511
X17.845 Y-17.724
X17.882 Y-17.941
X17.943 Y-18.178
X18.03 Y-18.432
X18.14 Y-18.685
X18.282 Y-18.95
X18.461 Y-19.228
X18.676 Y-19.509
X18.919 Y-19.779
X19.201 Y-20.046
X19.525 Y-20.307
X19.889 Y-20.554
X20.292 Y-20.783
X20.731 Y-20.988
X21.196 Y-21.161
X21.684 Y-21.299
X22.195 Y-21.4
X22.727 Y-21.462
X23.27 Y-21.48
X23.817 Y-21.455
X24.362 Y-21.386
X24.896 Y-21.275
X25.412 Y-21.122
X25.905 Y-20.933
X26.361 Y-20.714
X26.776 Y-20.472
X27.153 Y-20.21
X27.494 Y-19.929
X27.794 Y-19.639
X28.051 Y-19.347
X28.263 Y-19.063
X28.437 Y-18.786
X28.578 Y-18.516
X28.669 Y-18.301
X28.744 Y-18.075
X28.789 Y-17.891
X28.818 Y-17.712
X28.832 Y-17.528
Y-17.428
X28.806 Y-17.239
X28.73 Y-17.065
X28.61 Y-16.917
X28.454 Y-16.807
X28.275 Y-16.743
X28.095 Y-16.704
X27.705 Y-16.611
X27.511 Y-16.526
X27.464 Y-16.512 Z-10.479
X27.416 Y-16.506 Z-10.458
X27.044 Y-16.487 Z-10.3
X26.77 Y-16.474
X19.133 Y-16.095
X18.859 Y-16.081
X18.564 Y-16.066 Z-10.426
X18.506 Y-16.069 Z-10.451
X18.449 Y-16.083 Z-10.475
X18.396 Y-16.108 Z-10.5
X18.312 Y-16.161
X18.17 Y-16.236
X18.143 Y-16.249
X18.029 Y-16.3
X17.887 Y-16.352
X17.749 Y-16.41
X17.622 Y-16.491
X17.51 Y-16.591
X17.413 Y-16.704
X17.329 Y-16.829
X17.257 Y-16.961
X17.198 Y-17.099
X17.147 Y-17.254
X17.107 Y-17.417
X17.077 Y-17.605
X17.061 Y-17.808
Y-18.022
X17.081 Y-18.263
X17.121 Y-18.514
X17.187 Y-18.779
X17.283 Y-19.068
X17.411 Y-19.368
X17.567 Y-19.665
X17.763 Y-19.976
X18.003 Y-20.296
X18.289 Y-20.618
X18.611 Y-20.928
X18.97 Y-21.223
X19.38 Y-21.506
X19.836 Y-21.77
X20.331 Y-22.007
X20.862 Y-22.209
X21.425 Y-22.374
X22.014 Y-22.496
X22.623 Y-22.571
X23.244 Y-22.598
X23.867 Y-22.575
X24.487 Y-22.502
X25.098 Y-22.38
X25.689 Y-22.212
X26.252 Y-22.002
X26.78 Y-21.754
X27.272 Y-21.473
X27.724 Y-21.165
X28.132 Y-20.836
X28.493 Y-20.493
X28.805 Y-20.146
X29.059 Y-19.812
X29.27 Y-19.483
X29.44 Y-19.163
X29.573 Y-18.859
X29.667 Y-18.584
X29.731 Y-18.329
X29.768 Y-18.114
X29.786 Y-17.915
X29.787 Y-17.723
X29.775 Y-17.561
X29.768 Y-17.513
X29.701 Y-17.304
X29.573 Y-17.127
X29.397 Y-16.997
X29.189 Y-16.929
X29.087 Y-16.912
X28.275 Y-16.743
X28.236 Y-16.739 Z-10.483
X27.804 Y-16.722 Z-10.3
X27.531 Y-16.712
X18.629 Y-16.362
X18.356 Y-16.352
X17.991 Y-16.337 Z-10.455
X17.938 Y-16.34 Z-10.478
X17.887 Y-16.352 Z-10.5
X17.603 Y-16.454
X17.178 Y-16.605
X17.039 Y-16.663
X16.911 Y-16.741
X16.795 Y-16.836
X16.692 Y-16.945
X16.601 Y-17.064
X16.521 Y-17.191
X16.451 Y-17.327
X16.385 Y-17.486
X16.331 Y-17.654
X16.285 Y-17.849
X16.252 Y-18.059
X16.236 Y-18.288
X16.238 Y-18.548
X16.262 Y-18.814
X16.31 Y-19.1
X16.39 Y-19.413
X16.502 Y-19.741
X16.645 Y-20.069
X16.833 Y-20.421
X17.067 Y-20.786
X17.348 Y-21.154
X17.668 Y-21.511
X18.031 Y-21.856
X18.451 Y-22.194
X18.925 Y-22.517
X19.448 Y-22.816
X20.013 Y-23.08
X20.598 Y-23.299
X21.197 Y-23.473
X21.807 Y-23.602
X22.426 Y-23.686
X23.048 Y-23.724
X23.672 Y-23.717
X24.294 Y-23.667
X24.911 Y-23.573
X25.52 Y-23.436
X26.117 Y-23.257
X26.701 Y-23.035
X27.266 Y-22.771
X27.809 Y-22.464
X28.323 Y-22.119
X28.791 Y-21.747
X29.206 Y-21.358
X29.569 Y-20.959
X29.882 Y-20.555
X30.141 Y-20.157
X30.345 Y-19.781
X30.504 Y-19.421
X30.625 Y-19.076
X30.709 Y-18.753
X30.757 Y-18.486
X30.781 Y-18.235
X30.784 Y-18.019
X30.772 Y-17.838
X30.744 Y-17.644
X30.706 Y-17.479
X30.699 Y-17.458
X30.62 Y-17.29
X30.5 Y-17.149
X30.347 Y-17.044
X30.172 Y-16.983
X29.988 Y-16.97
X29.938 Y-16.973
X29.531 Y-16.982
X29.513 Y-16.981
X29.189 Y-16.929
X28.718 Y-16.915 Z-10.3
X28.444 Y-16.907
X17.921 Y-16.61
X17.647 Y-16.602
X17.277 Y-16.592 Z-10.457
X17.227 Y-16.594 Z-10.479
X17.178 Y-16.605 Z-10.5
X16.753 Y-16.757
X16.611 Y-16.802
X16.469 Y-16.843
X16.325 Y-16.885
X16.191 Y-16.952
X16.068 Y-17.038
X15.957 Y-17.139
X15.856 Y-17.25
X15.767 Y-17.37
X15.682 Y-17.507
X15.605 Y-17.657
X15.534 Y-17.828
X15.47 Y-18.025
X15.42 Y-18.232
X15.383 Y-18.473
X15.364 Y-18.732
X15.366 Y-19.009
X15.394 Y-19.318
X15.45 Y-19.65
X15.535 Y-19.986
X15.661 Y-20.354
X15.832 Y-20.748
X16.048 Y-21.153
X16.301 Y-21.548
X16.606 Y-21.95
X16.971 Y-22.356
X17.394 Y-22.759
X17.877 Y-23.149
X18.392 Y-23.501
X18.933 Y-23.813
X19.494 Y-24.084
X20.074 Y-24.314
X20.669 Y-24.503
X21.275 Y-24.652
X21.889 Y-24.761
X22.51 Y-24.83
X23.133 Y-24.859
X23.757 Y-24.85
X24.379 Y-24.801
X24.997 Y-24.714
X25.424 Y-24.625
X25.541 Y-24.59
X25.65 Y-24.533
X25.746 Y-24.458
X25.827 Y-24.39
X25.92 Y-24.317
X26.252 Y-24.118
X26.4 Y-24.034
X27.244 Y-23.596
X27.386 Y-23.528
X27.705 Y-23.389
X27.741 Y-23.38
X28.109 Y-23.273
X28.409 Y-23.158
X28.73 Y-23.005
X29.076 Y-22.805
X29.453 Y-22.543
X29.833 Y-22.232
X30.195 Y-21.884
X30.539 Y-21.495
X30.849 Y-21.082
X31.115 Y-20.66
X31.336 Y-20.241
X31.508 Y-19.836
X31.639 Y-19.443
X31.73 Y-19.076
X31.785 Y-18.74
X31.811 Y-18.425
Y-18.175
X31.792 Y-17.937
X31.762 Y-17.748
X31.714 Y-17.553
X31.661 Y-17.393
X31.635 Y-17.33
X31.52 Y-17.146
X31.355 Y-17.006
X31.155 Y-16.923
X30.939 Y-16.905
X29.988 Y-16.97
X29.924 Y-16.983 Z-10.472
X29.864 Y-17.01 Z-10.444
X29.812 Y-17.05 Z-10.417
X29.769 Y-17.099 Z-10.389
X29.738 Y-17.157 Z-10.361
X29.685 Y-17.29 Z-10.3
X29.583 Y-17.544
X27.44 Y-22.882
X27.403 Y-22.974
X27.386 Y-23.03
X27.381 Y-23.088
X27.387 Y-23.146
X27.408 Y-23.21 Z-10.329
X27.442 Y-23.267 Z-10.357
X27.488 Y-23.316 Z-10.386
X27.544 Y-23.353 Z-10.414
X27.607 Y-23.377 Z-10.443
X27.674 Y-23.386 Z-10.471
X27.741 Y-23.38 Z-10.5
X28.095 Y-23.296
X28.237 Y-23.264
X29.087 Y-23.088
X29.513 Y-23.019
X29.531 Y-23.018
X29.68 Y-23.014
X29.833 Y-22.983
X29.994 Y-22.937
X30.186 Y-22.865
X30.386 Y-22.771
X30.609 Y-22.643
X30.847 Y-22.48
X31.105 Y-22.271
X31.359 Y-22.028
X31.627 Y-21.728
X31.889 Y-21.383
X32.129 Y-21.006
X32.342 Y-20.607
X32.52 Y-20.194
X32.661 Y-19.78
X32.761 Y-19.382
X32.825 Y-18.999
X32.856 Y-18.64
X32.858 Y-18.31
X32.838 Y-18.036
X32.799 Y-17.784
X32.748 Y-17.572
X32.691 Y-17.399
X32.615 Y-17.216
X32.535 Y-17.061
X32.416 Y-16.918
X32.264 Y-16.811
X32.089 Y-16.747
X31.904 Y-16.732
X31.721 Y-16.766
X31.571 Y-16.815
X31.498 Y-16.835
X31.356 Y-16.865
X31.214 Y-16.885
X30.939 Y-16.905
X30.88 Y-16.918 Z-10.474
X30.825 Y-16.942 Z-10.449
X30.775 Y-16.977 Z-10.423
X30.734 Y-17.02 Z-10.397
X30.702 Y-17.072 Z-10.371
X30.681 Y-17.128 Z-10.346
X30.654 Y-17.233 Z-10.3
X30.586 Y-17.498
X29.31 Y-22.436
X29.257 Y-22.644
X29.248 Y-22.702
X29.252 Y-22.769 Z-10.329
X29.27 Y-22.834 Z-10.357
X29.303 Y-22.892 Z-10.386
X29.348 Y-22.942 Z-10.414
X29.402 Y-22.981 Z-10.443
X29.464 Y-23.007 Z-10.471
X29.531 Y-23.018 Z-10.5
X29.938 Y-23.027
X30.222 Y-23.045
X30.647 Y-23.075
X30.797 Y-23.077
X30.946 Y-23.061
X31.093 Y-23.031
X31.258 Y-22.982
X31.429 Y-22.917
X31.62 Y-22.826
X31.822 Y-22.708
X32.04 Y-22.556
X32.263 Y-22.373
X32.507 Y-22.139
X32.736 Y-21.878
X32.968 Y-21.568
X33.193 Y-21.211
X33.397 Y-20.82
X33.573 Y-20.407
X33.715 Y-19.981
X33.82 Y-19.553
X33.887 Y-19.139
X33.919 Y-18.741
X33.918 Y-18.37
X33.891 Y-18.035
X33.841 Y-17.726
X33.783 Y-17.488
X33.708 Y-17.263
X33.634 Y-17.089
X33.542 Y-16.913
X33.451 Y-16.769
X33.395 Y-16.695
X33.236 Y-16.541
X33.037 Y-16.445
X32.818 Y-16.415
X32.601 Y-16.455
X31.781 Y-16.746
X31.721 Y-16.766
X31.666 Y-16.793 Z-10.474
X31.618 Y-16.831 Z-10.448
X31.578 Y-16.877 Z-10.422
X31.549 Y-16.931 Z-10.396
X31.531 Y-16.989 Z-10.37
X31.498 Y-17.151 Z-10.3
X31.445 Y-17.419
X30.432 Y-22.477
X30.384 Y-22.717
X30.38 Y-22.746
Y-22.813 Z-10.329
X30.396 Y-22.878 Z-10.357
X30.425 Y-22.938 Z-10.386
X30.468 Y-22.99 Z-10.414
X30.521 Y-23.032 Z-10.443
X30.581 Y-23.06 Z-10.471
X30.647 Y-23.075 Z-10.5
X31.214 Y-23.115
X31.356 Y-23.135
X31.498 Y-23.165
X31.571 Y-23.185
X31.716 Y-23.223
X31.866 Y-23.227
X32.016 Y-23.214
X32.163 Y-23.188
X32.317 Y-23.147
X32.488 Y-23.086
X32.666 Y-23.006
X32.863 Y-22.898
X33.066 Y-22.764
X33.282 Y-22.596
X33.511 Y-22.385
X33.731 Y-22.147
X33.961 Y-21.854
X34.188 Y-21.513
X34.391 Y-21.146
X34.574 Y-20.742
X34.731 Y-20.307
X34.854 Y-19.854
X34.939 Y-19.396
X34.986 Y-18.946
X34.997 Y-18.521
X34.975 Y-18.134
X34.926 Y-17.777
X34.852 Y-17.444
X34.765 Y-17.158
X34.672 Y-16.925
X34.565 Y-16.709
X34.469 Y-16.548
X34.356 Y-16.389
X34.239 Y-16.25
X34.224 Y-16.235
X34.072 Y-16.119
X33.893 Y-16.048
X33.702 Y-16.029
X33.513 Y-16.063
X33.341 Y-16.147
X33.149 Y-16.249
X33.057 Y-16.285
X32.774 Y-16.392
X32.601 Y-16.455
X32.546 Y-16.484 Z-10.474
X32.498 Y-16.523 Z-10.448
X32.46 Y-16.57 Z-10.421
X32.432 Y-16.625 Z-10.395
X32.415 Y-16.684 Z-10.369
X32.388 Y-16.845 Z-10.3
X32.343 Y-17.115
X31.432 Y-22.529
X31.387 Y-22.799
X31.378 Y-22.853 Z-10.323
X31.374 Y-22.912 Z-10.348
X31.382 Y-22.971 Z-10.374
X31.401 Y-23.027 Z-10.399
X31.431 Y-23.079 Z-10.424
X31.47 Y-23.123 Z-10.449
X31.518 Y-23.159 Z-10.475
X31.571 Y-23.185 Z-10.5
X31.781 Y-23.254
X32.348 Y-23.455
X32.492 Y-23.498
X32.64 Y-23.52
X32.79 Y-23.524
X32.94 Y-23.513
X33.095 Y-23.488
X33.253 Y-23.448
X33.433 Y-23.387
X33.616 Y-23.309
X33.821 Y-23.201
X34.03 Y-23.068
X34.253 Y-22.9
X34.49 Y-22.69
X34.714 Y-22.455
X34.949 Y-22.167
X35.184 Y-21.827
X35.399 Y-21.453
X35.593 Y-21.045
X35.764 Y-20.592
X35.904 Y-20.11
X36.005 Y-19.616
X36.065 Y-19.124
X36.084 Y-18.644
X36.066 Y-18.182
X36.016 Y-17.763
X35.938 Y-17.379
X35.838 Y-17.031
X35.717 Y-16.712
X35.599 Y-16.461
X35.473 Y-16.242
X35.354 Y-16.069
X35.233 Y-15.919
X35.102 Y-15.783
X34.983 Y-15.676
X34.924 Y-15.632
X34.73 Y-15.528
X34.514 Y-15.49
X34.296 Y-15.521
X34.098 Y-15.618
X33.606 Y-15.966
X33.399 Y-16.108
X33.341 Y-16.147
X33.297 Y-16.186 Z-10.475
X33.261 Y-16.233 Z-10.45
X33.235 Y-16.286 Z-10.425
X33.22 Y-16.344 Z-10.399
X33.184 Y-16.575 Z-10.3
X33.142 Y-16.845
X32.215 Y-22.794
X32.172 Y-23.064
X32.162 Y-23.13 Z-10.328
X32.159 Y-23.197 Z-10.357
X32.172 Y-23.263 Z-10.385
X32.198 Y-23.325 Z-10.414
X32.238 Y-23.379 Z-10.443
X32.289 Y-23.423 Z-10.471
X32.348 Y-23.455 Z-10.5
X32.632 Y-23.556
X32.777 Y-23.609
X33.057 Y-23.715
X33.149 Y-23.751
X33.177 Y-23.765
X33.312 Y-23.83
X33.459 Y-23.861
X33.608 Y-23.874
X33.758 Y-23.872
X33.908 Y-23.857
X34.074 Y-23.826
X34.246 Y-23.779
X34.437 Y-23.71
X34.638 Y-23.619
X34.851 Y-23.501
X35.082 Y-23.347
X35.31 Y-23.168
X35.557 Y-22.938
X35.804 Y-22.669
X36.04 Y-22.367
X36.278 Y-22.005
X36.507 Y-21.588
X36.713 Y-21.128
X36.886 Y-20.641
X37.023 Y-20.127
X37.121 Y-19.59
X37.176 Y-19.045
X37.186 Y-18.515
X37.156 Y-18.013
X37.089 Y-17.539
X36.991 Y-17.103
X36.866 Y-16.704
X36.727 Y-16.356
X36.575 Y-16.052
X36.412 Y-15.781
X36.265 Y-15.577
X36.102 Y-15.384
X35.961 Y-15.243
X35.821 Y-15.123
X35.665 Y-15.011
X35.644 Y-14.998
X35.475 Y-14.924
X35.293 Y-14.896
X35.109 Y-14.918
X34.938 Y-14.986
X34.79 Y-15.097
X34.77 Y-15.117
X34.595 Y-15.258
X34.475 Y-15.352
X34.098 Y-15.618
X34.055 Y-15.659 Z-10.475
X34.02 Y-15.707 Z-10.449
X33.995 Y-15.762 Z-10.424
X33.982 Y-15.82 Z-10.398
X33.953 Y-16.05 Z-10.3
X33.92 Y-16.322
X33.078 Y-23.078
X33.044 Y-23.349
X33.03 Y-23.469 Z-10.351
X33.028 Y-23.527 Z-10.376
X33.038 Y-23.585 Z-10.401
X33.059 Y-23.639 Z-10.426
X33.089 Y-23.689 Z-10.45
X33.129 Y-23.731 Z-10.475
X33.177 Y-23.765 Z-10.5
X33.341 Y-23.853
X33.483 Y-23.949
X33.624 Y-24.047
X33.737 Y-24.127
X33.864 Y-24.207
X34.002 Y-24.266
X34.147 Y-24.305
X34.295 Y-24.328
X34.445 Y-24.336
X34.595 Y-24.331
X34.766 Y-24.312
X34.94 Y-24.278
X35.142 Y-24.221
X35.344 Y-24.146
X35.571 Y-24.041
X35.804 Y-23.909
X36.045 Y-23.745
X36.309 Y-23.534
X36.562 Y-23.295
X36.825 Y-23.003
X37.095 Y-22.651
X37.355 Y-22.248
X37.587 Y-21.817
X37.801 Y-21.329
X37.986 Y-20.793
X38.134 Y-20.22
X38.236 Y-19.627
X38.291 Y-19.032
X38.298 Y-18.444
X38.258 Y-17.876
X38.177 Y-17.334
X38.059 Y-16.833
X37.915 Y-16.383
X37.751 Y-15.985
X37.566 Y-15.622
X37.372 Y-15.306
X37.174 Y-15.036
X37. Y-14.834
X36.82 Y-14.656
X36.667 Y-14.528
X36.501 Y-14.41
X36.35 Y-14.32
X36.2 Y-14.246
X36.154 Y-14.228
X35.939 Y-14.18
X35.72 Y-14.202
X35.518 Y-14.29
X35.354 Y-14.437
X35.031 Y-14.834
X34.913 Y-14.975
X34.867 Y-15.021
X34.79 Y-15.097
X34.752 Y-15.147 Z-10.473
X34.725 Y-15.204 Z-10.446
X34.71 Y-15.266 Z-10.419
X34.675 Y-15.544 Z-10.3
X34.64 Y-15.816
X33.675 Y-23.423
X33.641 Y-23.695
X33.621 Y-23.85 Z-10.367
X33.62 Y-23.913 Z-10.393
X33.632 Y-23.975 Z-10.42
X33.656 Y-24.032 Z-10.447
X33.692 Y-24.084 Z-10.473
X33.737 Y-24.127 Z-10.5
X34.445 Y-24.626
X34.571 Y-24.706
X34.708 Y-24.768
X34.852 Y-24.811
X34.999 Y-24.84
X35.149 Y-24.854
X35.301 Y-24.856
X35.478 Y-24.843
X35.661 Y-24.816
X35.868 Y-24.768
X36.086 Y-24.698
X36.316 Y-24.603
X36.572 Y-24.473
X36.822 Y-24.319
X37.097 Y-24.118
X37.388 Y-23.867
X37.665 Y-23.587
X37.95 Y-23.247
X38.236 Y-22.845
X38.512 Y-22.383
X38.756 Y-21.887
X38.974 Y-21.339
X39.156 Y-20.742
X39.291 Y-20.133
X39.379 Y-19.515
X39.42 Y-18.892
X39.414 Y-18.268
X39.361 Y-17.647
X39.261 Y-17.05
X39.121 Y-16.493
X38.947 Y-15.975
X38.748 Y-15.514
X38.537 Y-15.115
X38.31 Y-14.759
X38.08 Y-14.455
X37.853 Y-14.199
X37.623 Y-13.98
X37.431 Y-13.823
X37.224 Y-13.681
X37.051 Y-13.582
X36.887 Y-13.504
X36.702 Y-13.435
X36.484 Y-13.408
X36.268 Y-13.45
X36.076 Y-13.557
X35.926 Y-13.718
X35.893 Y-13.768
X35.836 Y-13.843
X35.354 Y-14.437
X35.325 Y-14.484 Z-10.477
X35.305 Y-14.535 Z-10.453
X35.295 Y-14.589 Z-10.43
X35.264 Y-14.894 Z-10.3
X35.237 Y-15.166
X34.371 Y-23.921
X34.344 Y-24.194
X34.328 Y-24.358 Z-10.37
Y-24.419 Z-10.396
X34.34 Y-24.479 Z-10.422
X34.365 Y-24.535 Z-10.448
X34.4 Y-24.584 Z-10.474
X34.445 Y-24.626 Z-10.5
X34.475 Y-24.648
X34.617 Y-24.76
X34.77 Y-24.883
X34.9 Y-25.011
X34.913 Y-25.025
X34.933 Y-25.048
X35.034 Y-25.159
X35.155 Y-25.247
X35.288 Y-25.317
X35.428 Y-25.371
X35.573 Y-25.409
X35.721 Y-25.435
X35.884 Y-25.448
X36.057 Y-25.449
X36.249 Y-25.434
X36.459 Y-25.401
X36.681 Y-25.347
X36.933 Y-25.264
X37.183 Y-25.159
X37.459 Y-25.016
X37.754 Y-24.832
X38.041 Y-24.618
X38.353 Y-24.345
X38.68 Y-24.009
X38.987 Y-23.637
X39.287 Y-23.207
X39.579 Y-22.709
X39.85 Y-22.147
X40.076 Y-21.565
X40.257 Y-20.968
X40.396 Y-20.36
X40.492 Y-19.744
X40.544 Y-19.122
X40.554 Y-18.498
X40.521 Y-17.875
X40.445 Y-17.256
X40.325 Y-16.643
X40.159 Y-16.042
X39.955 Y-15.479
X39.72 Y-14.965
X39.469 Y-14.515
X39.205 Y-14.121
X38.935 Y-13.779
X38.657 Y-13.481
X38.392 Y-13.239
X38.131 Y-13.036
X37.924 Y-12.9
X37.704 Y-12.78
X37.523 Y-12.7
X37.35 Y-12.639
X37.166 Y-12.59
X37.009 Y-12.562
X36.998 Y-12.561
X36.779 Y-12.574
X36.575 Y-12.654
X36.405 Y-12.793
X36.287 Y-12.979
X36.158 Y-13.277
X36.093 Y-13.418
X36.035 Y-13.54
X35.938 Y-13.701
X35.926 Y-13.718
X35.905 Y-13.759 Z-10.48
X35.89 Y-13.803 Z-10.461
X35.883 Y-13.849 Z-10.441
X35.852 Y-14.179 Z-10.3
X35.827 Y-14.452
X34.919 Y-24.32
X34.894 Y-24.592
X34.871 Y-24.837 Z-10.404
Y-24.893 Z-10.428
X34.882 Y-24.948 Z-10.452
X34.902 Y-25.001 Z-10.476
X34.933 Y-25.048 Z-10.5
X35.042 Y-25.18
X35.427 Y-25.652
X35.527 Y-25.764
X35.644 Y-25.857
X35.773 Y-25.935
X35.909 Y-25.997
X36.051 Y-26.045
X36.197 Y-26.081
X36.365 Y-26.108
X36.539 Y-26.122
X36.743
X36.953 Y-26.105
X37.191 Y-26.066
X37.447 Y-26.003
X37.71 Y-25.915
X38.005 Y-25.789
X38.309 Y-25.63
X38.626 Y-25.43
X38.966 Y-25.175
X39.316 Y-24.865
X39.648 Y-24.52
X39.988 Y-24.105
X40.328 Y-23.614
X40.641 Y-23.075
X40.911 Y-22.512
X41.14 Y-21.932
X41.33 Y-21.337
X41.479 Y-20.732
X41.588 Y-20.117
X41.658 Y-19.497
X41.69 Y-18.874
X41.683 Y-18.25
X41.638 Y-17.628
X41.555 Y-17.009
X41.433 Y-16.398
X41.377 Y-16.193
X41.306 Y-16.022
X41.192 Y-15.876
X41.045 Y-15.765
X40.997 Y-15.738
X40.922 Y-15.683
X40.746 Y-15.542
X39.837 Y-14.692
X39.721 Y-14.58
X39.692 Y-14.551
X39.579 Y-14.42
X39.437 Y-14.229
X39.371 Y-14.126
X38.728 Y-13.07
X38.686 Y-12.994
X38.61 Y-12.852
X38.597 Y-12.819
X38.536 Y-12.682
X38.456 Y-12.556
X38.364 Y-12.437
X38.262 Y-12.325
X38.145 Y-12.216
X38.027 Y-12.124
X37.902 Y-12.041
X37.764 Y-11.965
X37.627 Y-11.904
X37.485 Y-11.855
X37.411 Y-11.837
X37.213 Y-11.818
X37.017 Y-11.856
X36.84 Y-11.948
X36.696 Y-12.085
X36.596 Y-12.258
X36.527 Y-12.428
X36.287 Y-12.979
X36.27 Y-13.043 Z-10.471
X36.267 Y-13.11 Z-10.443
X36.28 Y-13.176 Z-10.414
X36.306 Y-13.238 Z-10.386
X36.346 Y-13.292 Z-10.357
X36.397 Y-13.336 Z-10.329
X36.456 Y-13.367 Z-10.3
X36.502 Y-13.381
X36.548 Y-13.388
X36.595 Y-13.387
X36.727 Y-13.374
X38.143 Y-13.237
X38.343 Y-13.217
X38.379 Y-13.212
X38.414 Y-13.202
X38.475 Y-13.172 Z-10.329
X38.527 Y-13.13 Z-10.357
X38.569 Y-13.078 Z-10.386
X38.598 Y-13.017 Z-10.414
X38.613 Y-12.952 Z-10.443
X38.612 Y-12.885 Z-10.471
X38.597 Y-12.819 Z-10.5
X38.587 Y-12.792
X38.461 Y-12.428
X38.445 Y-12.377
X38.34 Y-12.003
X38.292 Y-11.861
X38.225 Y-11.727
X38.139 Y-11.604
X38.036 Y-11.495
X37.921 Y-11.398
X37.794 Y-11.319
X37.747 Y-11.296
X37.543 Y-11.235
X37.329 Y-11.238
X37.127 Y-11.306
X36.954 Y-11.43
X36.827 Y-11.602
X36.758 Y-11.803
X36.755 Y-11.867 Z-10.473
X36.766 Y-11.93 Z-10.446
X36.79 Y-11.989 Z-10.419
X36.826 Y-12.041 Z-10.391
X36.873 Y-12.085 Z-10.364
X36.927 Y-12.118 Z-10.337
X36.987 Y-12.139 Z-10.31
X37.01 Y-12.144 Z-10.3
X37.277 Y-12.205
X37.85 Y-12.336
X37.982 Y-12.366
X38.027 Y-12.373
X38.074
X38.12 Y-12.365
X38.183 Y-12.342 Z-10.329
X38.239 Y-12.306 Z-10.357
X38.286 Y-12.257 Z-10.386
X38.321 Y-12.2 Z-10.414
X38.342 Y-12.136 Z-10.443
X38.348 Y-12.07 Z-10.471
X38.34 Y-12.003 Z-10.5
X38.221 Y-11.578
X38.182 Y-11.437
X38.146 Y-11.295
X38.102 Y-11.152
X38.025 Y-11.023
X37.849 Y-10.886
X37.638 Y-10.811
X37.415 Y-10.807
X37.202 Y-10.874
X37.022 Y-11.005
X36.892 Y-11.187
X36.826 Y-11.4
X36.821 Y-11.437
X36.798 Y-11.578
X36.758 Y-11.803
X36.755 Y-11.87 Z-10.471
X36.768 Y-11.936 Z-10.443
X36.795 Y-11.998 Z-10.414
X36.835 Y-12.051 Z-10.386
X36.886 Y-12.095 Z-10.357
X36.946 Y-12.126 Z-10.329
X37.011 Y-12.143 Z-10.3
X37.063 Y-12.146
X37.114 Y-12.14
X37.164 Y-12.126
X37.211 Y-12.103
X37.267 Y-12.068
X37.691 Y-11.81
X37.924 Y-11.667
X38.009 Y-11.615 Z-10.342
X38.058 Y-11.578 Z-10.369
X38.099 Y-11.531 Z-10.395
X38.129 Y-11.477 Z-10.421
X38.147 Y-11.418 Z-10.447
X38.153 Y-11.357 Z-10.474
X38.146 Y-11.295 Z-10.5
X38.079 Y-11.03
X38.069 Y-10.899
X38.05 Y-10.751
X37.98 Y-10.618
X37.881 Y-10.506
X37.687 Y-10.413
X37.473 Y-10.391
X37.265 Y-10.441
X37.085 Y-10.559
X36.955 Y-10.73
X36.89 Y-10.935
X36.826 Y-11.4
X36.827 Y-11.468 Z-10.471
X36.843 Y-11.533 Z-10.443
X36.872 Y-11.593 Z-10.414
X36.915 Y-11.645 Z-10.386
X36.968 Y-11.687 Z-10.357
X37.028 Y-11.715 Z-10.329
X37.094 Y-11.729 Z-10.3
X37.153 Y-11.73
X37.21 Y-11.719
X37.264 Y-11.697
X37.313 Y-11.664
X37.344 Y-11.64
X37.595 Y-11.437
X37.808 Y-11.265
X37.957 Y-11.145 Z-10.381
X37.997 Y-11.106 Z-10.405
X38.03 Y-11.06 Z-10.429
X38.053 Y-11.009 Z-10.453
X38.066 Y-10.955 Z-10.476
X38.069 Y-10.899 Z-10.5
X38.047 Y-10.588
Y-10.51
X38.039 Y-10.36
X37.975 Y-10.225
X37.828 Y-10.099
X37.648 Y-10.028
X37.455 Y-10.02
X37.27 Y-10.075
X37.113 Y-10.187
X37.001 Y-10.344
X36.945 Y-10.528
X36.938 Y-10.588
X36.89 Y-10.935
X36.891 Y-11.002 Z-10.471
X36.907 Y-11.067 Z-10.443
X36.936 Y-11.127 Z-10.414
X36.979 Y-11.179 Z-10.386
X37.032 Y-11.221 Z-10.357
X37.092 Y-11.249 Z-10.329
X37.158 Y-11.264 Z-10.3
X37.218
X37.276 Y-11.252
X37.332 Y-11.229
X37.381 Y-11.196
X37.407 Y-11.174
X37.561 Y-11.045
X37.771 Y-10.87
X37.939 Y-10.73 Z-10.393
X37.983 Y-10.684 Z-10.42
X38.016 Y-10.631 Z-10.446
X38.038 Y-10.572 Z-10.473
X38.047 Y-10.51 Z-10.5
Y-10.12
X38.039 Y-9.97
X37.97 Y-9.837
X37.871 Y-9.725
X37.691 Y-9.642
X37.493 Y-9.627
X37.302 Y-9.682
X37.143 Y-9.8
X37.034 Y-9.967
X36.991 Y-10.16
X36.945 Y-10.528
X36.946 Y-10.585 Z-10.476
X36.959 Y-10.64 Z-10.452
X36.983 Y-10.692 Z-10.428
X37.017 Y-10.737 Z-10.404
X37.059 Y-10.775 Z-10.379
X37.109 Y-10.802 Z-10.355
X37.163 Y-10.819 Z-10.331
X37.235 Y-10.83 Z-10.3
G3 X37.886 Y-10.555 R0.739
G1 X37.94 Y-10.477 Z-10.34
X37.984 Y-10.394 Z-10.38
X38.016 Y-10.306 Z-10.42
X38.037 Y-10.214 Z-10.46
X38.047 Y-10.12 Z-10.5
Y-9.738
X38.04 Y-9.589
X37.974 Y-9.454
X37.875 Y-9.341
X37.711 Y-9.262
X37.53 Y-9.24
X37.352 Y-9.277
X37.195 Y-9.369
X37.075 Y-9.506
X37.005 Y-9.674
X36.992 Y-9.855
G3 X37.114 Y-10.061 R0.3
X37.348 Y-10.112 R0.3
G1 X37.428 Y-10.096
X37.805 Y-10.021
G3 X38.047 Y-9.738 R0.3
G1 X38.049 Y-9.342
X38.042 Y-9.193
X37.975 Y-9.059
X37.872 Y-8.949
X37.696 Y-8.867
X37.503 Y-8.847
X37.314 Y-8.89
X37.149 Y-8.992
X37.026 Y-9.142
X36.958 Y-9.324
X36.952 Y-9.518
X36.963 Y-9.597
X36.981 Y-9.738
X36.992 Y-9.855
X37.007 Y-9.914 Z-10.474
X37.034 Y-9.967 Z-10.449
X37.073 Y-10.013 Z-10.423
X37.122 Y-10.049 Z-10.397
X37.178 Y-10.072 Z-10.372
X37.237 Y-10.082 Z-10.346
X37.345 Y-10.08 Z-10.3
G3 X37.891 Y-9.779 R0.773
G1 X37.944 Y-9.7 Z-10.34
X37.986 Y-9.616 Z-10.38
X38.018 Y-9.528 Z-10.42
X38.039 Y-9.436 Z-10.46
X38.049 Y-9.342 Z-10.5
Y-9.314
X38.054 Y-9.172
X38.069 Y-9.031
X38.077 Y-8.988
X38.088 Y-8.914
X38.056 Y-8.767
X37.98 Y-8.638
X37.821 Y-8.523
X37.634 Y-8.462
X37.438 Y-8.461
X37.25 Y-8.52
X37.09 Y-8.634
X36.973 Y-8.791
X36.909 Y-8.977
X36.905 Y-9.174
X36.952 Y-9.518
X36.971 Y-9.582 Z-10.471
X37.004 Y-9.641 Z-10.443
X37.049 Y-9.691 Z-10.414
X37.104 Y-9.729 Z-10.386
X37.166 Y-9.755 Z-10.357
X37.232 Y-9.766 Z-10.329
X37.299 Y-9.762 Z-10.3
X37.359 Y-9.745
X37.414 Y-9.716
X37.462 Y-9.677
X37.523 Y-9.615
X37.592 Y-9.544
X37.784 Y-9.349
X37.999 Y-9.13 Z-10.43
X38.034 Y-9.088 Z-10.453
X38.06 Y-9.04 Z-10.477
X38.077 Y-8.988 Z-10.5
X38.096 Y-8.889
X38.13 Y-8.748
X38.139 Y-8.714
X38.173 Y-8.567
X38.145 Y-8.42
X38.079 Y-8.285
X37.983 Y-8.17
X37.804 Y-8.066
X37.602 Y-8.02
X37.395 Y-8.035
X37.202 Y-8.109
X37.039 Y-8.238
X36.921 Y-8.408
X36.858 Y-8.605
X36.856 Y-8.812
X36.905 Y-9.174
X36.924 Y-9.238 Z-10.471
X36.957 Y-9.297 Z-10.443
X37.002 Y-9.347 Z-10.414
X37.056 Y-9.385 Z-10.386
X37.119 Y-9.411 Z-10.357
X37.185 Y-9.422 Z-10.329
X37.252 Y-9.418 Z-10.3
X37.298 Y-9.406
X37.343 Y-9.387
X37.383 Y-9.361
X37.486 Y-9.282
X37.59 Y-9.202
X37.807 Y-9.036
X38.036 Y-8.861 Z-10.422
X38.08 Y-8.819 Z-10.448
X38.115 Y-8.769 Z-10.474
X38.139 Y-8.714 Z-10.5
X38.249 Y-8.323
X38.282 Y-8.177
X38.261 Y-8.028
X38.201 Y-7.891
X38.114 Y-7.768
X38.005 Y-7.665
X37.88 Y-7.583
X37.743 Y-7.522
X37.599 Y-7.481
X37.553 Y-7.476
X37.333 Y-7.484
X37.126 Y-7.561
X36.953 Y-7.699
X36.832 Y-7.884
X36.774 Y-8.097
X36.786 Y-8.317
X36.856 Y-8.812
X36.874 Y-8.877 Z-10.471
X36.907 Y-8.936 Z-10.443
X36.952 Y-8.985 Z-10.414
X37.007 Y-9.024 Z-10.386
X37.069 Y-9.05 Z-10.357
X37.135 Y-9.061 Z-10.329
X37.202 Y-9.057 Z-10.3
X37.261 Y-9.04
X37.315 Y-9.012
X37.442 Y-8.93
X37.675 Y-8.778
X37.904 Y-8.628
X38.127 Y-8.483 Z-10.413
X38.179 Y-8.44 Z-10.442
X38.221 Y-8.385 Z-10.471
X38.249 Y-8.323 Z-10.5
X38.368 Y-7.898
X38.401 Y-7.752
Y-7.602
X38.367 Y-7.456
X38.306 Y-7.319
X38.222 Y-7.195
X38.119 Y-7.086
X38.002 Y-6.992
X37.872 Y-6.917
X37.734 Y-6.859
X37.589 Y-6.819
X37.441 Y-6.799
X37.291 Y-6.796
X37.142 Y-6.81
X37.103 Y-6.819
X36.913 Y-6.893
X36.752 Y-7.018
X36.634 Y-7.185
X36.569 Y-7.378
X36.563 Y-7.582
X36.616 Y-7.779
X36.667 Y-7.898
X36.744 Y-8.128
X36.757 Y-8.181
X36.786 Y-8.317
X36.809 Y-8.38 Z-10.471
X36.846 Y-8.436 Z-10.443
X36.895 Y-8.483 Z-10.414
X36.952 Y-8.517 Z-10.386
X37.016 Y-8.538 Z-10.357
X37.083 Y-8.544 Z-10.329
X37.15 Y-8.535 Z-10.3
X37.197 Y-8.519
X37.402 Y-8.43
X37.753 Y-8.277
X38.004 Y-8.168
X38.202 Y-8.082 Z-10.392
X38.257 Y-8.051 Z-10.419
X38.304 Y-8.008 Z-10.446
X38.342 Y-7.957 Z-10.473
X38.368 Y-7.898 Z-10.5
X38.487 Y-7.474
X38.514 Y-7.396
X38.554 Y-7.252
X38.559 Y-7.102
X38.545 Y-6.946
X38.565 Y-6.792
X38.618 Y-6.645
X38.788 Y-6.383
X39.248 Y-5.962
X39.312 Y-5.924
X39.368 Y-5.876
X39.414 Y-5.817
X39.442 Y-5.756 Z-10.471
X39.455 Y-5.69 Z-10.443
X39.453 Y-5.623 Z-10.414
X39.436 Y-5.558 Z-10.386
X39.406 Y-5.498 Z-10.357
X39.363 Y-5.447 Z-10.329
X39.309 Y-5.406 Z-10.3
G3 X39.079 Y-5.374 R0.3
X38.895 Y-5.516 R0.3
G1 X37.972 Y-7.142
G3 X38.085 Y-7.551 R0.3
X38.128 Y-7.571 R0.3
G1 X38.193 Y-7.588 Z-10.329
X38.26 Y-7.589 Z-10.357
X38.326 Y-7.576 Z-10.386
X38.387 Y-7.548 Z-10.414
X38.44 Y-7.507 Z-10.443
X38.483 Y-7.456 Z-10.471
X38.514 Y-7.396 Z-10.5
X38.535 Y-7.332
X38.587 Y-7.198
X38.662 Y-7.049
X38.728 Y-6.93
X39.259 Y-6.058
X39.531 Y-5.634
X39.579 Y-5.573
X39.653 Y-5.492
X39.943 Y-5.209
X40.43 Y-4.754
X40.549 Y-4.643
X40.966 Y-4.28
X40.982 Y-4.27
X41.422 Y-4.023
G3 X41.522 Y-3.61 R0.3
X41.259 Y-3.467 R0.3
G1 X41.192 Y-3.468 Z-10.492
X41.129 Y-3.47 Z-10.47
X41.072 Y-3.471 Z-10.435
X41.024 Y-3.472 Z-10.387
X40.988 Y-3.473 Z-10.33
X40.966 Z-10.267
X40.959 Y-3.474 Z-10.2
G0 Z5.
X32.077 Y-2.945
Z-9.9
G1 Z-10.2 F1000.
X32.081 Y-2.95 Z-10.267
X32.095 Y-2.968 Z-10.33
X32.117 Y-2.996 Z-10.387
X32.147 Y-3.033 Z-10.435
X32.183 Y-3.077 Z-10.47
X32.222 Y-3.127 Z-10.492
X32.264 Y-3.179 Z-10.5
G3 X32.891 Y-3.652 R1.583
G1 X33.057 Y-3.715
X33.199 Y-3.776
X33.233 Y-3.794
X33.341 Y-3.856
X33.483 Y-3.951
X33.624 Y-4.047
X34.268 Y-4.501
X34.459 Y-4.623
X34.656 Y-4.726
X34.728 Y-4.757
X34.801 Y-4.786
X34.947 Y-4.841
X35.077 Y-4.927
X35.185 Y-5.04
X35.265 Y-5.173
X35.379 Y-5.52
X35.41 Y-5.599
X35.451 Y-5.674
X35.501 Y-5.743
X35.55 Y-5.789 Z-10.471
X35.609 Y-5.822 Z-10.443
X35.673 Y-5.841 Z-10.414
X35.74 Y-5.846 Z-10.386
X35.806 Y-5.835 Z-10.357
X35.869 Y-5.81 Z-10.329
X35.924 Y-5.772 Z-10.3
G3 X36.027 Y-5.557 R0.3
X35.939 Y-5.334 R0.3
G1 X34.662 Y-4.051
G3 X34.429 Y-3.963 R0.3
X34.21 Y-4.081 R0.3
G1 X34.176 Y-4.139 Z-10.329
X34.155 Y-4.203 Z-10.357
X34.15 Y-4.27 Z-10.386
X34.159 Y-4.336 Z-10.414
X34.182 Y-4.399 Z-10.443
X34.219 Y-4.455 Z-10.471
X34.268 Y-4.501 Z-10.5
X34.475 Y-4.648
X34.617 Y-4.75
X34.759 Y-4.868
X34.817 Y-4.926
X34.9 Y-5.012
X34.95 Y-5.068
X35.184 Y-5.354
X35.757 Y-6.058
X35.869 Y-6.2
X35.967 Y-6.341
X36.046 Y-6.483
X36.113 Y-6.625
X36.318 Y-7.093
X36.616 Y-7.779
G3 X37.015 Y-7.922 R0.3
X37.186 Y-7.675 R0.3
G1 X37.191 Y-7.608 Z-10.492
X37.196 Y-7.545 Z-10.47
X37.201 Y-7.489 Z-10.435
X37.205 Y-7.441 Z-10.387
X37.208 Y-7.406 Z-10.33
X37.209 Y-7.384 Z-10.267
X37.21 Y-7.376 Z-10.2
G0 Z5.
X47.089 Y-2.928
Z-9.9
G1 Z-10.2 F1000.
X47.093 Y-2.934 Z-10.267
X47.107 Y-2.952 Z-10.33
X47.129 Y-2.98 Z-10.387
X47.157 Y-3.018 Z-10.435
X47.192 Y-3.063 Z-10.47
X47.23 Y-3.113 Z-10.492
X47.271 Y-3.166 Z-10.5
G3 X47.888 Y-3.652 R1.583
G1 X48.228 Y-3.789
X48.236 Y-3.794
X48.37 Y-3.876
X48.666 Y-4.077
X49.22 Y-4.468
X49.464 Y-4.622
X49.663 Y-4.727
X49.919 Y-4.837
X50.257 Y-4.95
X50.727 Y-5.067
X51.343 Y-5.168
X51.964 Y-5.228
X52.587 Y-5.263
X53.211 Y-5.283
X53.834 Y-5.295
X54.561 Y-5.303
X54.736 Y-5.282
X54.9 Y-5.218
X55.043 Y-5.115
X55.6 Y-4.595
X55.742 Y-4.472
X55.884 Y-4.35
X56.026 Y-4.24
X56.06 Y-4.218
X56.413 Y-4.029
X56.466 Y-3.989 Z-10.471
X56.51 Y-3.938 Z-10.443
X56.541 Y-3.878 Z-10.414
X56.558 Y-3.814 Z-10.386
X56.561 Y-3.746 Z-10.357
X56.548 Y-3.68 Z-10.329
X56.521 Y-3.619 Z-10.3
G3 X56.241 Y-3.471 R0.3
G1 X49.399 Y-3.928
X49.382 Y-3.93
X49.319 Y-3.941
X49.259 Y-3.965
X49.207 Y-4.001
X49.163 Y-4.048
X49.128 Y-4.105 Z-10.329
X49.108 Y-4.169 Z-10.357
X49.102 Y-4.236 Z-10.386
X49.111 Y-4.303 Z-10.414
X49.135 Y-4.365 Z-10.443
X49.172 Y-4.421 Z-10.471
X49.22 Y-4.468 Z-10.5
X49.504 Y-4.668
X49.646 Y-4.774
X49.787 Y-4.896
X49.819 Y-4.926
X49.945 Y-5.068
X50.071 Y-5.215
X50.181 Y-5.351
X50.282 Y-5.462
X50.394 Y-5.561
X50.536 Y-5.667
X50.718 Y-5.781
X50.935 Y-5.894
X51.223 Y-6.016
X51.589 Y-6.136
X52.103 Y-6.261
X52.719 Y-6.36
X53.34 Y-6.419
X53.606 Y-6.432
X53.792 Y-6.415
X53.967 Y-6.35
X54.119 Y-6.241
X54.236 Y-6.096
X54.259 Y-6.058
X54.531 Y-5.634
X54.652 Y-5.492
X54.75 Y-5.392
X55.043 Y-5.115
X55.085 Y-5.062 Z-10.471
X55.114 Y-5.002 Z-10.443
X55.129 Y-4.936 Z-10.414
Y-4.869 Z-10.386
X55.114 Y-4.804 Z-10.357
X55.085 Y-4.743 Z-10.329
X55.043 Y-4.691 Z-10.3
X54.994 Y-4.651
X54.938 Y-4.622
X54.876 Y-4.606
X54.813 Y-4.603
X54.793 Y-4.605
X50.499 Y-4.864
X50.402 Y-4.87
X50.344 Y-4.879
X50.289 Y-4.9
X50.239 Y-4.931
X50.191 Y-4.977 Z-10.329
X50.154 Y-5.033 Z-10.357
X50.13 Y-5.096 Z-10.386
X50.121 Y-5.162 Z-10.414
X50.127 Y-5.229 Z-10.443
X50.147 Y-5.293 Z-10.471
X50.181 Y-5.351 Z-10.5
X50.78 Y-6.086
X50.922 Y-6.273
X50.944 Y-6.311
X51.028 Y-6.435
X51.128 Y-6.547
X51.245 Y-6.655
X51.398 Y-6.775
X51.576 Y-6.893
X51.799 Y-7.016
X52.08 Y-7.143
X52.387 Y-7.253
X52.665 Y-7.328
X52.887 Y-7.37
X52.992 Y-7.381
X53.193 Y-7.372
X53.384 Y-7.307
X53.548 Y-7.19
X53.672 Y-7.031
X53.743 Y-6.908
X54.236 Y-6.096
X54.262 Y-6.034 Z-10.471
X54.274 Y-5.968 Z-10.443
X54.27 Y-5.901 Z-10.414
X54.252 Y-5.836 Z-10.386
X54.22 Y-5.777 Z-10.357
X54.176 Y-5.727 Z-10.329
X54.121 Y-5.688 Z-10.3
X54.067 Y-5.664
X54.01 Y-5.651
X53.951 Y-5.65
X53.855 Y-5.658
X51.327 Y-5.855
X51.183 Y-5.866
X51.12 Y-5.878
X51.061 Y-5.903
X51.006 Y-5.942 Z-10.329
X50.961 Y-5.992 Z-10.357
X50.929 Y-6.051 Z-10.386
X50.911 Y-6.115 Z-10.414
X50.907 Y-6.182 Z-10.443
X50.918 Y-6.249 Z-10.471
X50.944 Y-6.311 Z-10.5
X51.063 Y-6.515
X51.175 Y-6.766
X51.347 Y-7.159
X51.413 Y-7.293
X51.495 Y-7.419
X51.589 Y-7.536
X51.693 Y-7.644
X51.811 Y-7.749
X51.937 Y-7.843
X52.068 Y-7.925
X52.211 Y-8.
X52.349 Y-8.059
X52.492 Y-8.105
X52.638 Y-8.139
X52.664 Y-8.143
X52.865 Y-8.144
X53.058 Y-8.087
X53.227 Y-7.978
X53.358 Y-7.825
X53.44 Y-7.641
X53.487 Y-7.474
X53.535 Y-7.332
X53.59 Y-7.191
X53.662 Y-7.049
X53.672 Y-7.031
X53.696 Y-6.969 Z-10.471
X53.706 Y-6.902 Z-10.443
X53.701 Y-6.835 Z-10.414
X53.681 Y-6.771 Z-10.386
X53.647 Y-6.713 Z-10.357
X53.602 Y-6.664 Z-10.329
X53.546 Y-6.626 Z-10.3
X53.493 Y-6.605
X53.437 Y-6.593
X53.38
X53.279 Y-6.602
X51.786 Y-6.734
X51.6 Y-6.75
X51.557 Y-6.757
X51.516 Y-6.77
X51.457 Y-6.801 Z-10.329
X51.406 Y-6.845 Z-10.357
X51.366 Y-6.899 Z-10.386
X51.339 Y-6.961 Z-10.414
X51.327 Y-7.027 Z-10.443
X51.329 Y-7.094 Z-10.471
X51.347 Y-7.159 Z-10.5
X51.667 Y-7.898
X51.716 Y-8.04
X51.764 Y-8.182
X51.842 Y-8.31
X51.937 Y-8.426
X52.047 Y-8.528
X52.169 Y-8.616
X52.301 Y-8.686
X52.343 Y-8.703
X52.532 Y-8.748
X52.726 Y-8.739
X52.91 Y-8.677
X53.071 Y-8.567
X53.194 Y-8.417
X53.272 Y-8.24
X53.44 Y-7.641
X53.449 Y-7.574 Z-10.471
X53.442 Y-7.508 Z-10.443
X53.421 Y-7.444 Z-10.414
X53.386 Y-7.386 Z-10.386
X53.34 Y-7.338 Z-10.357
X53.283 Y-7.301 Z-10.329
X53.22 Y-7.278 Z-10.3
X53.163 Y-7.27
X53.106 Y-7.273
X53.05 Y-7.286
X52.955 Y-7.32
X52.193 Y-7.586
X51.935 Y-7.676
X51.908 Y-7.685 Z-10.312
X51.851 Y-7.712 Z-10.339
X51.801 Y-7.751 Z-10.366
X51.76 Y-7.798 Z-10.393
X51.73 Y-7.854 Z-10.419
X51.712 Y-7.914 Z-10.446
X51.707 Y-7.977 Z-10.473
X51.716 Y-8.04 Z-10.5
X51.756 Y-8.181
X51.787 Y-8.323
X51.827 Y-8.606
X51.855 Y-8.753
X51.919 Y-8.889
X52.078 Y-9.044
X52.277 Y-9.141
X52.497 Y-9.171
X52.716 Y-9.131
X52.91 Y-9.024
X53.062 Y-8.862
X53.154 Y-8.66
X53.272 Y-8.24
X53.28 Y-8.173 Z-10.471
X53.274 Y-8.106 Z-10.443
X53.253 Y-8.042 Z-10.414
X53.218 Y-7.985 Z-10.386
X53.171 Y-7.937 Z-10.357
X53.115 Y-7.9 Z-10.329
X53.052 Y-7.877 Z-10.3
X52.984 Y-7.869
X52.916 Y-7.876
X52.852 Y-7.898
X52.79 Y-7.927
X52.336 Y-8.143
X52.089 Y-8.261
X51.997 Y-8.305 Z-10.344
X51.944 Y-8.337 Z-10.37
X51.9 Y-8.378 Z-10.396
X51.864 Y-8.429 Z-10.422
X51.84 Y-8.485 Z-10.448
X51.827 Y-8.545 Z-10.474
Y-8.606 Z-10.5
X51.891 Y-9.074
X51.919 Y-9.221
X51.989 Y-9.354
X52.088 Y-9.466
X52.281 Y-9.562
X52.495 Y-9.586
X52.704 Y-9.535
X52.883 Y-9.416
X53.009 Y-9.242
X53.068 Y-9.035
X53.069 Y-8.985 Z-10.479
X53.065 Y-8.935 Z-10.457
X53.045 Y-8.844 Z-10.418
X53.012 Y-8.758 Z-10.379
X52.966 Y-8.678 Z-10.339
X52.907 Y-8.606 Z-10.3
G3 X52.46 Y-8.423 R0.591
X52.026 Y-8.635 R0.591
G1 X51.971 Y-8.712 Z-10.34
X51.93 Y-8.796 Z-10.38
X51.902 Y-8.886 Z-10.42
X51.889 Y-8.979 Z-10.46
X51.891 Y-9.074 Z-10.5
X51.954 Y-9.528
X51.982 Y-9.675
X52.06 Y-9.803
X52.221 Y-9.91
X52.409 Y-9.958
X52.602 Y-9.943
X52.779 Y-9.867
X52.922 Y-9.736
X53.015 Y-9.567
X53.048 Y-9.376
X53.049 Y-9.314
X53.054 Y-9.172
X53.068 Y-9.035
X53.065 Y-8.968 Z-10.471
X53.047 Y-8.903 Z-10.443
X53.016 Y-8.844 Z-10.414
X52.971 Y-8.793 Z-10.386
X52.917 Y-8.754 Z-10.357
X52.855 Y-8.727 Z-10.329
X52.789 Y-8.715 Z-10.3
X52.728 Y-8.717
X52.668 Y-8.732
X52.613 Y-8.758
X52.564 Y-8.795
X52.544 Y-8.814
X52.39 Y-8.958
X52.19 Y-9.145
X52.047 Y-9.278 Z-10.383
X52.003 Y-9.331 Z-10.412
X51.971 Y-9.392 Z-10.441
X51.955 Y-9.459 Z-10.471
X51.954 Y-9.528 Z-10.5
X51.981 Y-9.738
X51.994 Y-9.88
X52.008 Y-10.029
X52.082 Y-10.16
X52.188 Y-10.266
X52.373 Y-10.337
X52.572 Y-10.339
X52.759 Y-10.273
X52.912 Y-10.146
X53.012 Y-9.974
X53.047 Y-9.779
X53.048 Y-9.376
X53.041 Y-9.321 Z-10.476
X53.022 Y-9.268 Z-10.452
X52.992 Y-9.221 Z-10.429
X52.953 Y-9.181 Z-10.405
X52.906 Y-9.151 Z-10.381
X52.853 Y-9.131 Z-10.357
X52.798 Y-9.122 Z-10.333
X52.719 Y-9.123 Z-10.3
G3 X52.141 Y-9.44 R0.771
G1 X52.091 Y-9.52 Z-10.34
X52.05 Y-9.605 Z-10.38
X52.021 Y-9.694 Z-10.42
X52.002 Y-9.786 Z-10.46
X51.994 Y-9.88 Z-10.5
X51.997 Y-10.021
X51.991 Y-10.163
X51.985 Y-10.206
X51.974 Y-10.355
X52.03 Y-10.495
X52.124 Y-10.612
X52.284 Y-10.698
X52.463 Y-10.729
X52.643 Y-10.702
X52.805 Y-10.621
X52.935 Y-10.494
X53.018 Y-10.332
X53.047 Y-10.153
Y-9.779
X53.037 Y-9.719 Z-10.474
X53.013 Y-9.663 Z-10.448
X52.976 Y-9.615 Z-10.422
X52.929 Y-9.577 Z-10.397
X52.874 Y-9.552 Z-10.371
X52.814 Y-9.541 Z-10.345
X52.708 Z-10.3
G3 X52.19 Y-9.789 R0.791
G1 X52.129 Y-9.861 Z-10.34
X52.078 Y-9.94 Z-10.38
X52.037 Y-10.025 Z-10.42
X52.006 Y-10.114 Z-10.46
X51.985 Y-10.206 Z-10.5
X51.942 Y-10.559
X51.93 Y-10.709
X51.98 Y-10.85
X52.067 Y-10.973
X52.23 Y-11.074
X52.418 Y-11.117
X52.609 Y-11.098
X52.784 Y-11.018
X52.925 Y-10.887
X53.015 Y-10.717
X53.047 Y-10.527
Y-10.153
X53.037 Y-10.093 Z-10.474
X53.015 Y-10.037 Z-10.449
X52.98 Y-9.988 Z-10.423
X52.934 Y-9.948 Z-10.397
X52.881 Y-9.92 Z-10.372
X52.822 Y-9.905 Z-10.346
X52.715 Y-9.898 Z-10.3
G3 X52.147 Y-10.143 R0.785
G1 X52.087 Y-10.215 Z-10.34
X52.035 Y-10.294 Z-10.38
X51.993 Y-10.378 Z-10.42
X51.962 Y-10.467 Z-10.46
X51.942 Y-10.559 Z-10.5
X51.893 Y-10.914
X51.88 Y-11.063
X51.921 Y-11.207
X52. Y-11.335
X52.177 Y-11.458
X52.386 Y-11.513
X52.601 Y-11.494
X52.797 Y-11.404
X52.95 Y-11.252
X53.043 Y-11.057
X53.065 Y-10.842
X53.048 Y-10.622
X53.047 Y-10.588
Y-10.527
X53.037 Y-10.461 Z-10.471
X53.012 Y-10.398 Z-10.443
X52.975 Y-10.342 Z-10.414
X52.926 Y-10.297 Z-10.386
X52.868 Y-10.263 Z-10.357
X52.803 Y-10.243 Z-10.329
X52.737 Y-10.238 Z-10.3
X52.675 Y-10.246
X52.617 Y-10.267
X52.564 Y-10.299
X52.495 Y-10.353
X52.42 Y-10.41
X52.203 Y-10.576
X52.006 Y-10.727 Z-10.405
X51.965 Y-10.764 Z-10.429
X51.932 Y-10.809 Z-10.452
X51.908 Y-10.86 Z-10.476
X51.893 Y-10.914 Z-10.5
X51.841 Y-11.295
X51.828 Y-11.445
X51.867 Y-11.59
X51.942 Y-11.72
X52.046 Y-11.828
X52.231 Y-11.919
X52.434 Y-11.951
X52.638 Y-11.921
X52.824 Y-11.83
X52.974 Y-11.689
X53.075 Y-11.509
X53.117 Y-11.307
X53.097 Y-11.101
G3 X52.739 Y-10.894 R0.3
G1 X52.491 Y-10.953
X52.067 Y-11.055
G3 X51.841 Y-11.295 R0.3
G1 X51.821 Y-11.437
X51.797 Y-11.578
X51.772 Y-11.702
X51.75 Y-11.85
X51.783 Y-11.997
X51.854 Y-12.129
X51.951 Y-12.243
X52.068 Y-12.337
X52.2 Y-12.409
X52.341 Y-12.458
X52.489 Y-12.486
X52.531 Y-12.487
X52.747 Y-12.46
X52.945 Y-12.368
X53.104 Y-12.219
X53.21 Y-12.029
X53.252 Y-11.815
X53.227 Y-11.599
X53.19 Y-11.467
X53.097 Y-11.101
X53.071 Y-11.039 Z-10.471
X53.032 Y-10.985 Z-10.443
X52.981 Y-10.94 Z-10.414
X52.922 Y-10.908 Z-10.386
X52.858 Y-10.89 Z-10.357
X52.791 Y-10.886 Z-10.329
X52.725 Y-10.898 Z-10.3
X52.671 Y-10.919
X52.623 Y-10.95
X52.498 Y-11.048
X52.306 Y-11.2
X52.09 Y-11.369
X51.879 Y-11.535 Z-10.414
X51.831 Y-11.582 Z-10.443
X51.795 Y-11.639 Z-10.471
X51.772 Y-11.702 Z-10.5
X51.726 Y-11.932
X51.681 Y-12.046
X51.632 Y-12.188
X51.636 Y-12.338
X51.675 Y-12.482
X51.742 Y-12.617
X51.831 Y-12.738
X51.938 Y-12.843
X52.059 Y-12.931
X52.192 Y-13.001
X52.333 Y-13.051
X52.48 Y-13.084
X52.629 Y-13.097
X52.779 Y-13.09
X52.832 Y-13.081
X53.02 Y-13.024
X53.183 Y-12.916
X53.311 Y-12.768
X53.393 Y-12.589
X53.422 Y-12.396
X53.396 Y-12.201
X53.227 Y-11.599
X53.199 Y-11.538 Z-10.471
X53.159 Y-11.484 Z-10.443
X53.108 Y-11.441 Z-10.414
X53.048 Y-11.41 Z-10.386
X52.983 Y-11.393 Z-10.357
X52.916 Y-11.391 Z-10.329
X52.85 Y-11.404 Z-10.3
X52.81 Y-11.42
X52.603 Y-11.52
X52.305 Y-11.664
X52.058 Y-11.784
X51.825 Y-11.897 Z-10.41
X51.78 Y-11.924 Z-10.433
X51.74 Y-11.958 Z-10.455
X51.707 Y-12. Z-10.478
X51.681 Y-12.046 Z-10.5
X51.585 Y-12.286
X51.527 Y-12.428
X51.506 Y-12.476
X51.453 Y-12.616
X51.444 Y-12.766
X51.467 Y-12.914
X51.515 Y-13.056
X51.585 Y-13.189
X51.673 Y-13.311
X51.775 Y-13.42
X51.89 Y-13.516
X52.015 Y-13.6
X52.149 Y-13.668
X52.289 Y-13.722
X52.434 Y-13.761
X52.582 Y-13.783
X52.732 Y-13.79
X52.881 Y-13.781
X53.029 Y-13.756
X53.174 Y-13.715
X53.198 Y-13.705
X53.381 Y-13.597
X53.523 Y-13.439
X53.611 Y-13.246
X53.637 Y-13.035
X53.599 Y-12.827
X53.461 Y-12.428
X53.406 Y-12.239
X53.396 Y-12.201
X53.37 Y-12.143 Z-10.473
X53.332 Y-12.091 Z-10.446
X53.285 Y-12.049 Z-10.418
X53.229 Y-12.017 Z-10.391
X53.168 Y-11.998 Z-10.364
X53.105 Y-11.992 Z-10.337
X53.041 Y-12. Z-10.31
X53.019 Y-12.005 Z-10.3
X52.752 Y-12.068
X52.171 Y-12.204
X51.905 Y-12.266
X51.708 Y-12.313 Z-10.386
X51.645 Y-12.335 Z-10.414
X51.588 Y-12.371 Z-10.443
X51.541 Y-12.419 Z-10.471
X51.506 Y-12.476 Z-10.5
X51.293 Y-12.965
X51.24 Y-13.106
X51.222 Y-13.254
X51.233 Y-13.404
X51.267 Y-13.55
X51.321 Y-13.69
X51.392 Y-13.822
X51.479 Y-13.944
X51.578 Y-14.057
X51.688 Y-14.159
X51.807 Y-14.25
X51.934 Y-14.33
X52.068 Y-14.398
X52.207 Y-14.454
X52.351 Y-14.499
X52.498 Y-14.531
X52.646 Y-14.551
X52.796 Y-14.558
X52.946 Y-14.552
X53.095 Y-14.532
X53.241 Y-14.498
X53.383 Y-14.452
X53.521 Y-14.392
X53.651 Y-14.318
X53.697 Y-14.286
X53.85 Y-14.142
X53.954 Y-13.958
X53.998 Y-13.751
X53.978 Y-13.541
X53.897 Y-13.347
X53.855 Y-13.277
X53.77 Y-13.135
X53.601 Y-12.835
X53.599 Y-12.827
X53.569 Y-12.769 Z-10.473
X53.528 Y-12.72 Z-10.445
X53.477 Y-12.68 Z-10.418
X53.419 Y-12.652 Z-10.39
X53.356 Y-12.637 Z-10.363
X53.292 Y-12.636 Z-10.335
X53.209 Y-12.643 Z-10.3
X52.936 Y-12.668
X51.969 Y-12.756
X51.696 Y-12.781
X51.537 Y-12.795 Z-10.368
X51.476 Y-12.807 Z-10.394
X51.419 Y-12.832 Z-10.421
X51.368 Y-12.867 Z-10.447
X51.325 Y-12.912 Z-10.474
X51.293 Y-12.965 Z-10.5
X51.158 Y-13.277
X51.063 Y-13.484
X51.041 Y-13.526
X50.977 Y-13.661
X50.956 Y-13.81
X50.96 Y-13.96
X50.986 Y-14.107
X51.031 Y-14.251
X51.092 Y-14.388
X51.166 Y-14.518
X51.253 Y-14.64
X51.351 Y-14.754
X51.457 Y-14.859
X51.576 Y-14.958
X51.707 Y-15.051
X51.849 Y-15.135
X51.999 Y-15.208
X52.159 Y-15.271
X52.329 Y-15.322
X52.505 Y-15.36
X52.683 Y-15.384
X52.862 Y-15.393
X53.046 Y-15.388
X53.215 Y-15.37
X53.379 Y-15.338
X53.544 Y-15.293
X53.685 Y-15.241
X53.821 Y-15.179
X53.956 Y-15.102
X54.081 Y-15.018
X54.197 Y-14.923
X54.213 Y-14.907
X54.328 Y-14.759
X54.4 Y-14.586
X54.423 Y-14.4
X54.396 Y-14.215
X54.321 Y-14.044
X53.897 Y-13.347
X53.857 Y-13.298 Z-10.473
X53.807 Y-13.258 Z-10.446
X53.75 Y-13.23 Z-10.419
X53.689 Y-13.215 Z-10.392
X53.625 Y-13.212 Z-10.365
X53.473 Y-13.223 Z-10.3
X53.2 Y-13.242
X51.731 Y-13.345
X51.458 Y-13.365
X51.279 Y-13.377 Z-10.376
X51.222 Y-13.387 Z-10.401
X51.167 Y-13.408 Z-10.426
X51.118 Y-13.438 Z-10.45
X51.075 Y-13.478 Z-10.475
X51.041 Y-13.526 Z-10.5
X51.022 Y-13.56
X50.938 Y-13.701
X50.922 Y-13.728
X50.78 Y-13.907
X50.693 Y-14.029
X50.638 Y-14.168
X50.61 Y-14.316
X50.603 Y-14.466
X50.617 Y-14.615
X50.647 Y-14.762
X50.693 Y-14.905
X50.752 Y-15.043
X50.823 Y-15.175
X50.905 Y-15.301
X51.004 Y-15.43
X51.12 Y-15.558
X51.251 Y-15.68
X51.395 Y-15.795
X51.556 Y-15.904
X51.733 Y-16.003
X51.924 Y-16.092
X52.126 Y-16.166
X52.337 Y-16.224
X52.554 Y-16.267
X52.777 Y-16.291
X53. Y-16.298
X53.223 Y-16.287
X53.444 Y-16.258
X53.66 Y-16.212
X53.86 Y-16.152
X54.033 Y-16.085
X54.205 Y-16.001
X54.344 Y-15.92
X54.48 Y-15.824
X54.602 Y-15.723
X54.71 Y-15.618
X54.77 Y-15.548
X54.881 Y-15.371
X54.936 Y-15.169
X54.928 Y-14.96
X54.858 Y-14.763
X54.734 Y-14.595
X54.69 Y-14.551
X54.566 Y-14.409
X54.463 Y-14.268
X54.371 Y-14.126
X54.321 Y-14.044
X54.285 Y-13.999 Z-10.476
X54.241 Y-13.962 Z-10.451
X54.192 Y-13.934 Z-10.427
X54.137 Y-13.916 Z-10.403
X54.081 Y-13.909 Z-10.378
X53.896 Y-13.902 Z-10.3
X53.623 Y-13.893
X51.493 Y-13.818
X51.219 Y-13.808
X51.019 Y-13.801 Z-10.385
X50.952 Y-13.806 Z-10.414
X50.887 Y-13.826 Z-10.443
X50.829 Y-13.86 Z-10.471
X50.78 Y-13.907 Z-10.5
X50.606 Y-14.126
X50.377 Y-14.409
X50.288 Y-14.53
X50.229 Y-14.668
X50.193 Y-14.814
X50.177 Y-14.963
X50.179 Y-15.113
X50.196 Y-15.262
X50.227 Y-15.409
X50.272 Y-15.552
X50.33 Y-15.697
X50.403 Y-15.844
X50.496 Y-15.998
X50.606 Y-16.152
X50.732 Y-16.301
X50.88 Y-16.449
X51.049 Y-16.594
X51.237 Y-16.73
X51.44 Y-16.854
X51.66 Y-16.965
X51.897 Y-17.061
X52.149 Y-17.141
X52.413 Y-17.201
X52.687 Y-17.241
X52.965 Y-17.259
X53.24 Y-17.255
X53.513 Y-17.229
X53.777 Y-17.182
X54.031 Y-17.115
X54.274 Y-17.03
X54.501 Y-16.929
X54.689 Y-16.827
X54.876 Y-16.706
X55.022 Y-16.592
X55.147 Y-16.479
X55.271 Y-16.346
X55.367 Y-16.225
X55.451 Y-16.101
X55.49 Y-16.03
X55.558 Y-15.858
X55.579 Y-15.674
X55.55 Y-15.49
X55.474 Y-15.321
X55.357 Y-15.178
X54.75 Y-14.61
X54.734 Y-14.595
X54.693 Y-14.563 Z-10.478
X54.647 Y-14.538 Z-10.456
X54.597 Y-14.522 Z-10.434
X54.546 Y-14.515 Z-10.411
X54.284 Y-14.501 Z-10.3
X54.01 Y-14.487
X51.091 Y-14.332
X50.818 Y-14.317
X50.619 Y-14.307 Z-10.385
X50.551 Y-14.311 Z-10.413
X50.486 Y-14.33 Z-10.442
X50.427 Y-14.363 Z-10.471
X50.377 Y-14.409 Z-10.5
X50.031 Y-14.834
X49.95 Y-14.927
X49.857 Y-15.045
X49.789 Y-15.178
X49.742 Y-15.321
X49.714 Y-15.468
X49.703 Y-15.618
X49.706 Y-15.768
X49.724 Y-15.917
X49.756 Y-16.071
X49.801 Y-16.228
X49.864 Y-16.393
X49.947 Y-16.568
X50.047 Y-16.741
X50.169 Y-16.916
X50.315 Y-17.095
X50.484 Y-17.272
X50.672 Y-17.438
X50.885 Y-17.598
X51.123 Y-17.749
X51.385 Y-17.887
X51.669 Y-18.008
X51.967 Y-18.108
X52.279 Y-18.185
X52.602 Y-18.238
X52.933 Y-18.266
X53.268
X53.603 Y-18.24
X53.933 Y-18.187
X54.247 Y-18.111
X54.545 Y-18.012
X54.819 Y-17.896
X55.076 Y-17.763
X55.312 Y-17.614
X55.525 Y-17.456
X55.696 Y-17.306
X55.853 Y-17.144
X55.969 Y-17.003
X56.078 Y-16.846
X56.162 Y-16.701
X56.23 Y-16.561
X56.233 Y-16.553
X56.276 Y-16.373
X56.27 Y-16.187
X56.215 Y-16.009
X56.116 Y-15.852
X55.978 Y-15.726
X55.915 Y-15.683
X55.884 Y-15.658
X55.742 Y-15.538
X55.357 Y-15.178
X55.302 Y-15.14 Z-10.472
X55.241 Y-15.115 Z-10.444
X55.176 Y-15.104 Z-10.416
X54.904 Y-15.09 Z-10.3
X54.631 Y-15.075
X50.667 Y-14.859
X50.394 Y-14.844
X50.185 Y-14.833 Z-10.389
X50.12 Y-14.836 Z-10.417
X50.057 Y-14.854 Z-10.445
X49.999 Y-14.885 Z-10.472
X49.95 Y-14.927 Z-10.5
X49.907 Y-14.975
X49.787 Y-15.104
X49.604 Y-15.258
X49.549 Y-15.299
X49.433 Y-15.394
X49.339 Y-15.511
X49.266 Y-15.642
X49.212 Y-15.782
X49.174 Y-15.927
X49.152 Y-16.076
X49.143 Y-16.225
X49.148 Y-16.38
X49.167 Y-16.543
X49.2 Y-16.714
X49.252 Y-16.901
X49.322 Y-17.091
X49.412 Y-17.286
X49.528 Y-17.491
X49.668 Y-17.699
X49.829 Y-17.901
X50.021 Y-18.105
X50.244 Y-18.308
X50.497 Y-18.502
X50.771 Y-18.68
X51.07 Y-18.841
X51.396 Y-18.985
X51.746 Y-19.106
X52.116 Y-19.202
X52.502 Y-19.27
X52.898 Y-19.307
X53.298 Y-19.312
X53.697 Y-19.285
X54.088 Y-19.227
X54.468 Y-19.139
X54.834 Y-19.023
X55.181 Y-18.881
X55.501 Y-18.718
X55.795 Y-18.539
X56.053 Y-18.35
X56.282 Y-18.153
X56.482 Y-17.952
X56.629 Y-17.777
X56.759 Y-17.594
X56.853 Y-17.438
X56.938 Y-17.266
X56.999 Y-17.112
X57.045 Y-16.961
X57.06 Y-16.894
X57.073 Y-16.666
X57.011 Y-16.446
X56.882 Y-16.258
X56.699 Y-16.121
X56.401 Y-15.966
X56.14 Y-15.825
X56.026 Y-15.759
X55.978 Y-15.726
X55.934 Y-15.703 Z-10.479
X55.887 Y-15.687 Z-10.458
X55.837 Y-15.68 Z-10.436
X55.517 Y-15.657 Z-10.3
X55.244 Y-15.638
X50.281 Y-15.286
X50.008 Y-15.266
X49.739 Y-15.247 Z-10.415
X49.672 Y-15.25 Z-10.443
X49.608 Y-15.267 Z-10.471
X49.549 Y-15.299 Z-10.5
X49.504 Y-15.332
X49.007 Y-15.683
X48.889 Y-15.776
X48.787 Y-15.886
X48.703 Y-16.01
X48.635 Y-16.144
X48.583 Y-16.284
X48.545 Y-16.43
X48.521 Y-16.578
X48.508 Y-16.734
Y-16.903
X48.523 Y-17.091
X48.554 Y-17.282
X48.605 Y-17.489
X48.678 Y-17.71
X48.772 Y-17.931
X48.893 Y-18.163
X49.046 Y-18.407
X49.227 Y-18.649
X49.434 Y-18.883
X49.676 Y-19.117
X49.954 Y-19.346
X50.267 Y-19.564
X50.612 Y-19.765
X50.98 Y-19.941
X51.375 Y-20.092
X51.797 Y-20.217
X52.242 Y-20.31
X52.702 Y-20.368
X53.17 Y-20.389
X53.641 Y-20.372
X54.109 Y-20.318
X54.568 Y-20.227
X55.012 Y-20.101
X55.436 Y-19.943
X55.833 Y-19.758
X56.199 Y-19.55
X56.522 Y-19.33
X56.808 Y-19.1
X57.057 Y-18.863
X57.275 Y-18.621
X57.458 Y-18.382
X57.598 Y-18.163
X57.709 Y-17.955
X57.798 Y-17.752
X57.855 Y-17.585
X57.901 Y-17.405
X57.92 Y-17.294
X57.927 Y-17.107
X57.884 Y-16.926
X57.795 Y-16.762
X57.666 Y-16.627
X57.505 Y-16.532
X57.443 Y-16.505
X57.22 Y-16.391
X56.699 Y-16.121
X56.645 Y-16.102 Z-10.476
X56.589 Y-16.093 Z-10.451
X56.233 Y-16.071 Z-10.3
X55.96 Y-16.054
X49.741 Y-15.669
X49.468 Y-15.652
X49.19 Y-15.635 Z-10.418
X49.126 Y-15.637 Z-10.446
X49.064 Y-15.654 Z-10.473
X49.007 Y-15.683 Z-10.5
X48.606 Y-15.966
X48.511 Y-16.029
X48.387 Y-16.108
X48.264 Y-16.194
X48.158 Y-16.3
X48.068 Y-16.42
X47.994 Y-16.55
X47.934 Y-16.688
X47.887 Y-16.831
X47.853 Y-16.977
X47.827 Y-17.144
X47.815 Y-17.319
X47.816 Y-17.513
X47.836 Y-17.726
X47.873 Y-17.943
X47.934 Y-18.183
X48.021 Y-18.436
X48.131 Y-18.688
X48.274 Y-18.955
X48.454 Y-19.234
X48.666 Y-19.513
X48.909 Y-19.782
X49.194 Y-20.052
X49.521 Y-20.315
X49.886 Y-20.563
X50.29 Y-20.793
X50.726 Y-20.996
X51.187 Y-21.168
X51.674 Y-21.305
X52.188 Y-21.407
X52.721 Y-21.469
X53.265 Y-21.488
X53.813 Y-21.463
X54.358 Y-21.394
X54.893 Y-21.282
X55.41 Y-21.129
X55.904 Y-20.94
X56.362 Y-20.72
X56.779 Y-20.477
X57.155 Y-20.215
X57.495 Y-19.936
X57.793 Y-19.647
X58.051 Y-19.354
X58.265 Y-19.067
X58.44 Y-18.79
X58.572 Y-18.537
X58.675 Y-18.292
X58.741 Y-18.095
X58.79 Y-17.893
X58.819 Y-17.713
X58.832 Y-17.547
Y-17.372
X58.778 Y-17.155
X58.659 Y-16.966
X58.487 Y-16.825
X58.279 Y-16.744
X57.869 Y-16.658
X57.727 Y-16.616
X57.585 Y-16.566
X57.505 Y-16.532
X57.459 Y-16.518 Z-10.48
X57.412 Y-16.512 Z-10.459
X57.037 Y-16.493 Z-10.3
X56.764 Y-16.479
X49.123 Y-16.096
X48.85 Y-16.082
X48.553 Y-16.067 Z-10.426
X48.495 Y-16.07 Z-10.451
X48.439 Y-16.083 Z-10.475
X48.387 Y-16.108 Z-10.5
X48.216 Y-16.216
X48.181 Y-16.23
X47.866 Y-16.357
X47.73 Y-16.419
X47.605 Y-16.502
X47.494 Y-16.603
X47.397 Y-16.717
X47.314 Y-16.842
X47.244 Y-16.975
X47.186 Y-17.113
X47.135 Y-17.27
X47.095 Y-17.435
X47.066 Y-17.623
X47.051 Y-17.829
X47.053 Y-18.044
X47.074 Y-18.285
X47.117 Y-18.541
X47.184 Y-18.805
X47.283 Y-19.093
X47.414 Y-19.397
X47.573 Y-19.695
X47.772 Y-20.005
X48.015 Y-20.325
X48.304 Y-20.647
X48.635 Y-20.962
X48.999 Y-21.256
X49.41 Y-21.537
X49.866 Y-21.797
X50.362 Y-22.03
X50.895 Y-22.23
X51.461 Y-22.391
X52.053 Y-22.51
X52.663 Y-22.582
X53.286 Y-22.605
X53.909 Y-22.578
X54.529 Y-22.501
X55.14 Y-22.375
X55.731 Y-22.203
X56.293 Y-21.99
X56.82 Y-21.739
X57.309 Y-21.456
X57.758 Y-21.146
X58.163 Y-20.815
X58.521 Y-20.471
X58.824 Y-20.13
X59.076 Y-19.795
X59.284 Y-19.467
X59.452 Y-19.147
X59.58 Y-18.846
X59.677 Y-18.558
X59.733 Y-18.331
X59.772 Y-18.095
X59.788 Y-17.899
X59.789 Y-17.726
X59.774 Y-17.538
X59.77 Y-17.514
X59.705 Y-17.311
X59.582 Y-17.137
X59.412 Y-17.009
X59.211 Y-16.937
X59.145 Y-16.924
X58.279 Y-16.744
X58.239 Y-16.74 Z-10.483
X57.808 Y-16.723 Z-10.3
X57.535 Y-16.712
X48.608 Y-16.364
X48.335 Y-16.353
X47.98 Y-16.339 Z-10.451
X47.922 Y-16.342 Z-10.475
X47.866 Y-16.357 Z-10.5
X47.781 Y-16.391
X47.157 Y-16.613
X47.019 Y-16.67
X46.892 Y-16.75
X46.777 Y-16.846
X46.675 Y-16.956
X46.585 Y-17.076
X46.506 Y-17.204
X46.436 Y-17.342
X46.371 Y-17.502
X46.317 Y-17.673
X46.272 Y-17.871
X46.241 Y-18.081
X46.226 Y-18.313
X46.23 Y-18.574
X46.256 Y-18.841
X46.307 Y-19.131
X46.39 Y-19.446
X46.505 Y-19.774
X46.651 Y-20.104
X46.843 Y-20.457
X47.082 Y-20.824
X47.368 Y-21.194
X47.693 Y-21.551
X48.061 Y-21.895
X48.485 Y-22.232
X48.962 Y-22.552
X49.489 Y-22.848
X50.056 Y-23.108
X50.641 Y-23.323
X51.242 Y-23.492
X51.853 Y-23.618
X52.472 Y-23.698
X53.095 Y-23.732
X53.719 Y-23.722
X54.34 Y-23.667
X54.957 Y-23.57
X55.565 Y-23.43
X56.161 Y-23.247
X56.743 Y-23.022
X57.307 Y-22.755
X57.849 Y-22.446
X58.36 Y-22.099
X58.822 Y-21.726
X59.234 Y-21.337
X59.593 Y-20.937
X59.902 Y-20.533
X60.158 Y-20.135
X60.358 Y-19.762
X60.515 Y-19.401
X60.634 Y-19.056
X60.716 Y-18.734
X60.761 Y-18.471
X60.784 Y-18.221
X60.786 Y-18.01
X60.773 Y-17.828
X60.743 Y-17.635
X60.706 Y-17.474
X60.699 Y-17.453
X60.593 Y-17.249
X60.428 Y-17.09
X60.22 Y-16.993
X59.992 Y-16.969
X59.712 Y-16.985
X59.57 Y-16.983
X59.428 Y-16.973
X59.287 Y-16.951
X59.211 Y-16.937
X59.173 Y-16.933 Z-10.484
X58.74 Y-16.921 Z-10.3
X58.467 Y-16.914
X47.9 Y-16.617
X47.627 Y-16.609
X47.256 Y-16.599 Z-10.457
X47.206 Y-16.602 Z-10.479
X47.157 Y-16.613 Z-10.5
X46.952 Y-16.686
X46.81 Y-16.734
X46.526 Y-16.82
X46.448 Y-16.842
X46.306 Y-16.89
X46.173 Y-16.959
X46.051 Y-17.047
X45.94 Y-17.148
X45.841 Y-17.26
X45.752 Y-17.38
X45.667 Y-17.519
X45.591 Y-17.669
X45.519 Y-17.843
X45.457 Y-18.04
X45.408 Y-18.249
X45.372 Y-18.493
X45.354 Y-18.751
X45.358 Y-19.032
X45.387 Y-19.344
X45.445 Y-19.673
X45.533 Y-20.013
X45.662 Y-20.384
X45.836 Y-20.781
X46.054 Y-21.184
X46.31 Y-21.579
X46.621 Y-21.984
X46.99 Y-22.391
X47.418 Y-22.793
X47.905 Y-23.182
X48.422 Y-23.531
X48.964 Y-23.84
X49.527 Y-24.109
X50.108 Y-24.336
X50.704 Y-24.522
X51.31 Y-24.668
X51.925 Y-24.774
X52.546 Y-24.84
X53.169 Y-24.867
X53.793 Y-24.855
X54.415 Y-24.804
X55.032 Y-24.714
X55.412 Y-24.634
X55.532 Y-24.596
X55.644 Y-24.538
X55.744 Y-24.46
X55.884 Y-24.342
X55.915 Y-24.317
X56.026 Y-24.241
X56.14 Y-24.175
X56.451 Y-24.007
X57.302 Y-23.567
X57.443 Y-23.495
X57.585 Y-23.434
X57.727 Y-23.384
X57.869 Y-23.342
X58.121 Y-23.269
X58.423 Y-23.153
X58.737 Y-23.004
X59.085 Y-22.802
X59.462 Y-22.541
X59.835 Y-22.235
X60.195 Y-21.889
X60.54 Y-21.5
X60.85 Y-21.086
X61.118 Y-20.662
X61.339 Y-20.241
X61.511 Y-19.838
X61.641 Y-19.447
X61.732 Y-19.079
X61.787 Y-18.742
X61.813 Y-18.427
Y-18.185
X61.794 Y-17.938
X61.762 Y-17.739
X61.72 Y-17.57
X61.66 Y-17.387
X61.636 Y-17.331
X61.522 Y-17.147
X61.357 Y-17.007
X61.158 Y-16.924
X60.943 Y-16.905
X60.137 Y-16.96
X59.992 Y-16.969
X59.927 Y-16.982 Z-10.472
X59.866 Y-17.01 Z-10.443
X59.813 Y-17.05 Z-10.415
X59.77 Y-17.101 Z-10.386
X59.74 Y-17.161 Z-10.358
X59.691 Y-17.289 Z-10.3
X59.593 Y-17.544
X57.577 Y-22.835
X57.537 Y-22.94
X57.522 Y-22.992
X57.517 Y-23.045
X57.522 Y-23.099
X57.541 Y-23.163 Z-10.329
X57.573 Y-23.222 Z-10.357
X57.618 Y-23.272 Z-10.386
X57.673 Y-23.31 Z-10.414
X57.736 Y-23.335 Z-10.443
X57.802 Y-23.346 Z-10.471
X57.869 Y-23.342 Z-10.5
X58.436 Y-23.223
X59.145 Y-23.076
X59.287 Y-23.049
X59.428 Y-23.027
X59.57 Y-23.017
X59.72 Y-23.006
X59.871 Y-22.973
X60.037 Y-22.922
X60.236 Y-22.844
X60.433 Y-22.747
X60.665 Y-22.609
X60.899 Y-22.443
X61.164 Y-22.221
X61.417 Y-21.972
X61.681 Y-21.667
X61.938 Y-21.316
X62.174 Y-20.932
X62.381 Y-20.527
X62.552 Y-20.113
X62.685 Y-19.698
X62.778 Y-19.302
X62.836 Y-18.92
X62.86 Y-18.574
X62.857 Y-18.25
X62.833 Y-17.988
X62.789 Y-17.736
X62.738 Y-17.536
X62.678 Y-17.361
X62.6 Y-17.183
X62.554 Y-17.097
X62.439 Y-16.94
X62.286 Y-16.821
X62.105 Y-16.748
X61.912 Y-16.728
X61.721 Y-16.762
X61.556 Y-16.815
X61.498 Y-16.844 Z-10.472
X61.447 Y-16.885 Z-10.445
X61.406 Y-16.935 Z-10.417
X61.377 Y-16.993 Z-10.39
X61.304 Y-17.191 Z-10.3
X61.209 Y-17.447
X59.356 Y-22.449
X59.296 Y-22.613
X59.282 Y-22.66
X59.277 Y-22.71
X59.283 Y-22.777 Z-10.329
X59.304 Y-22.841 Z-10.357
X59.338 Y-22.898 Z-10.386
X59.385 Y-22.947 Z-10.414
X59.441 Y-22.984 Z-10.443
X59.504 Y-23.008 Z-10.471
X59.57 Y-23.017 Z-10.5
X59.712 Y-23.015
X60.187 Y-23.043
X60.641 Y-23.074
X60.791 Y-23.077
X60.94 Y-23.061
X61.087 Y-23.032
X61.243 Y-22.988
X61.422 Y-22.921
X61.602 Y-22.836
X61.812 Y-22.716
X62.017 Y-22.576
X62.249 Y-22.389
X62.479 Y-22.17
X62.713 Y-21.909
X62.951 Y-21.595
X63.179 Y-21.239
X63.382 Y-20.858
X63.559 Y-20.45
X63.705 Y-20.022
X63.814 Y-19.591
X63.885 Y-19.176
X63.919 Y-18.782
X63.922 Y-18.412
X63.897 Y-18.067
X63.85 Y-17.763
X63.788 Y-17.505
X63.717 Y-17.285
X63.642 Y-17.104
X63.55 Y-16.925
X63.462 Y-16.784
X63.399 Y-16.699
X63.24 Y-16.543
X63.041 Y-16.445
X62.82 Y-16.415
X62.602 Y-16.455
X61.98 Y-16.676
X61.839 Y-16.723
X61.721 Y-16.762
X61.665 Y-16.789 Z-10.474
X61.617 Y-16.826 Z-10.448
X61.577 Y-16.872 Z-10.422
X61.547 Y-16.926 Z-10.396
X61.529 Y-16.985 Z-10.37
X61.497 Y-17.145 Z-10.3
X61.443 Y-17.414
X60.426 Y-22.477
X60.377 Y-22.717
X60.373 Y-22.745
X60.374 Y-22.812 Z-10.329
X60.389 Y-22.878 Z-10.357
X60.419 Y-22.938 Z-10.386
X60.461 Y-22.99 Z-10.414
X60.514 Y-23.031 Z-10.443
X60.575 Y-23.06 Z-10.471
X60.641 Y-23.074 Z-10.5
X61.13 Y-23.108
X61.272 Y-23.124
X61.413 Y-23.148
X61.555 Y-23.184
X61.7 Y-23.222
X61.85 Y-23.228
X62. Y-23.217
X62.148 Y-23.193
X62.302 Y-23.153
X62.469 Y-23.095
X62.647 Y-23.017
X62.842 Y-22.912
X63.046 Y-22.78
X63.261 Y-22.615
X63.49 Y-22.408
X63.709 Y-22.175
X63.939 Y-21.888
X64.167 Y-21.552
X64.372 Y-21.188
X64.558 Y-20.787
X64.718 Y-20.354
X64.845 Y-19.904
X64.934 Y-19.448
X64.985 Y-18.997
X64.999 Y-18.568
X64.98 Y-18.176
X64.934 Y-17.816
X64.863 Y-17.479
X64.776 Y-17.187
X64.685 Y-16.951
X64.577 Y-16.729
X64.481 Y-16.565
X64.369 Y-16.405
X64.252 Y-16.263
X64.227 Y-16.238
X64.08 Y-16.122
X63.907 Y-16.049
X63.721 Y-16.025
X63.535 Y-16.052
X63.363 Y-16.126
X63.256 Y-16.191
X62.973 Y-16.314
X62.831 Y-16.373
X62.602 Y-16.455
X62.547 Y-16.483 Z-10.474
X62.499 Y-16.522 Z-10.448
X62.461 Y-16.57 Z-10.422
X62.433 Y-16.624 Z-10.396
X62.416 Y-16.683 Z-10.369
X62.389 Y-16.845 Z-10.3
X62.342 Y-17.114
X61.417 Y-22.529
X61.371 Y-22.799
X61.362 Y-22.852 Z-10.323
X61.358 Y-22.911 Z-10.348
X61.365 Y-22.97 Z-10.373
X61.385 Y-23.027 Z-10.399
X61.414 Y-23.078 Z-10.424
X61.454 Y-23.123 Z-10.449
X61.501 Y-23.159 Z-10.475
X61.555 Y-23.184 Z-10.5
X61.839 Y-23.277
X61.986 Y-23.326
X62.33 Y-23.449
X62.474 Y-23.492
X62.622 Y-23.517
X62.771 Y-23.523
X62.921 Y-23.514
X63.073 Y-23.491
X63.23 Y-23.454
X63.407 Y-23.397
X63.589 Y-23.322
X63.791 Y-23.219
X63.999 Y-23.091
X64.219 Y-22.929
X64.455 Y-22.725
X64.679 Y-22.497
X64.914 Y-22.217
X65.15 Y-21.883
X65.366 Y-21.519
X65.564 Y-21.116
X65.74 Y-20.669
X65.885 Y-20.192
X65.993 Y-19.699
X66.059 Y-19.206
X66.085 Y-18.725
X66.073 Y-18.258
X66.027 Y-17.827
X65.954 Y-17.439
X65.857 Y-17.086
X65.74 Y-16.762
X65.619 Y-16.497
X65.494 Y-16.273
X65.374 Y-16.094
X65.252 Y-15.94
X65.123 Y-15.801
X65.003 Y-15.691
X64.933 Y-15.637
X64.738 Y-15.53
X64.52 Y-15.489
X64.299 Y-15.52
X64.1 Y-15.617
X63.606 Y-15.966
X63.54 Y-16.011
X63.394 Y-16.108
X63.363 Y-16.126
X63.315 Y-16.165 Z-10.473
X63.276 Y-16.214 Z-10.447
X63.247 Y-16.27 Z-10.42
X63.231 Y-16.33 Z-10.394
X63.196 Y-16.548 Z-10.3
X63.153 Y-16.818
X62.198 Y-22.788
X62.154 Y-23.058
X62.144 Y-23.122 Z-10.328
X62.141 Y-23.19 Z-10.356
X62.153 Y-23.256 Z-10.385
X62.18 Y-23.318 Z-10.414
X62.219 Y-23.373 Z-10.443
X62.27 Y-23.417 Z-10.471
X62.33 Y-23.449 Z-10.5
X62.831 Y-23.627
X62.973 Y-23.686
X63.196 Y-23.783
X63.336 Y-23.836
X63.483 Y-23.864
X63.633 Y-23.875
X63.783 Y-23.871
X63.938 Y-23.852
X64.099 Y-23.82
X64.282 Y-23.768
X64.466 Y-23.699
X64.678 Y-23.6
X64.885 Y-23.481
X65.119 Y-23.322
X65.353 Y-23.132
X65.592 Y-22.905
X65.843 Y-22.625
X66.086 Y-22.305
X66.315 Y-21.948
X66.537 Y-21.532
X66.738 Y-21.067
X66.909 Y-20.565
X67.042 Y-20.04
X67.134 Y-19.502
X67.181 Y-18.965
X67.184 Y-18.443
X67.148 Y-17.942
X67.074 Y-17.466
X66.97 Y-17.028
X66.845 Y-16.644
X66.705 Y-16.308
X66.549 Y-16.004
X66.388 Y-15.744
X66.24 Y-15.544
X66.078 Y-15.358
X65.942 Y-15.225
X65.795 Y-15.102
X65.641 Y-14.994
X65.429 Y-14.911
X65.201 Y-14.901
X64.983 Y-14.965
X64.796 Y-15.095
X64.774 Y-15.117
X64.674 Y-15.205
X64.602 Y-15.258
X64.207 Y-15.542
X64.1 Y-15.617
X64.056 Y-15.658 Z-10.475
X64.021 Y-15.706 Z-10.449
X63.997 Y-15.761 Z-10.424
X63.984 Y-15.819 Z-10.398
X63.955 Y-16.049 Z-10.3
X63.921 Y-16.321
X63.073 Y-23.108
X63.039 Y-23.38
X63.027 Y-23.475 Z-10.341
X63.026 Y-23.537 Z-10.367
X63.037 Y-23.599 Z-10.394
X63.061 Y-23.656 Z-10.42
X63.097 Y-23.708 Z-10.447
X63.142 Y-23.75 Z-10.473
X63.196 Y-23.783 Z-10.5
X63.256 Y-23.809
X63.398 Y-23.895
X63.54 Y-23.989
X63.682 Y-24.088
X63.75 Y-24.136
X63.877 Y-24.216
X64.016 Y-24.273
X64.161 Y-24.31
X64.31 Y-24.332
X64.459 Y-24.338
X64.612 Y-24.332
X64.782 Y-24.311
X64.962 Y-24.274
X65.163 Y-24.216
X65.366 Y-24.139
X65.598 Y-24.029
X65.827 Y-23.896
X66.076 Y-23.725
X66.339 Y-23.51
X66.59 Y-23.269
X66.854 Y-22.972
X67.123 Y-22.614
X67.377 Y-22.214
X67.608 Y-21.775
X67.822 Y-21.277
X68.004 Y-20.733
X68.147 Y-20.158
X68.245 Y-19.568
X68.294 Y-18.973
X68.296 Y-18.386
X68.251 Y-17.816
X68.166 Y-17.279
X68.045 Y-16.782
X67.898 Y-16.336
X67.732 Y-15.942
X67.546 Y-15.586
X67.352 Y-15.275
X67.153 Y-15.007
X66.985 Y-14.816
X66.805 Y-14.642
X66.645 Y-14.51
X66.5 Y-14.409
X66.332 Y-14.311
X66.181 Y-14.238
X66.149 Y-14.226
X65.935 Y-14.18
X65.718 Y-14.202
X65.517 Y-14.291
X65.354 Y-14.437
X65.1 Y-14.75
X64.816 Y-15.076
X64.796 Y-15.095
X64.757 Y-15.146 Z-10.473
X64.73 Y-15.203 Z-10.446
X64.715 Y-15.265 Z-10.419
X64.68 Y-15.543 Z-10.3
X64.646 Y-15.814
X63.688 Y-23.432
X63.654 Y-23.704
X63.634 Y-23.86 Z-10.367
X63.633 Y-23.922 Z-10.393
X63.644 Y-23.984 Z-10.42
X63.669 Y-24.042 Z-10.447
X63.704 Y-24.093 Z-10.473
X63.75 Y-24.136 Z-10.5
X64.249 Y-24.488
X64.443 Y-24.628
X64.57 Y-24.709
X64.707 Y-24.77
X64.85 Y-24.814
X64.997 Y-24.842
X65.147 Y-24.856
X65.299 Y-24.858
X65.477 Y-24.846
X65.658 Y-24.819
X65.869 Y-24.77
X66.082 Y-24.702
X66.316 Y-24.606
X66.568 Y-24.478
X66.82 Y-24.324
X67.099 Y-24.12
X67.381 Y-23.877
X67.66 Y-23.595
X67.949 Y-23.252
X68.237 Y-22.847
X68.507 Y-22.395
X68.75 Y-21.903
X68.971 Y-21.347
X69.154 Y-20.75
X69.289 Y-20.141
X69.378 Y-19.523
X69.42 Y-18.901
X69.415 Y-18.277
X69.362 Y-17.655
X69.264 Y-17.059
X69.125 Y-16.503
X68.951 Y-15.986
X68.749 Y-15.516
X68.538 Y-15.116
X68.315 Y-14.764
X68.084 Y-14.458
X67.856 Y-14.202
X67.626 Y-13.982
X67.433 Y-13.824
X67.228 Y-13.683
X67.053 Y-13.582
X66.89 Y-13.505
X66.778 Y-13.463
X66.55 Y-13.416
X66.319 Y-13.443
X66.108 Y-13.542
X65.939 Y-13.701
X65.808 Y-13.87
X65.606 Y-14.126
X65.492 Y-14.268
X65.354 Y-14.437
X65.325 Y-14.483 Z-10.477
X65.305 Y-14.534 Z-10.453
X65.295 Y-14.588 Z-10.43
X65.265 Y-14.893 Z-10.3
X65.238 Y-15.165
X64.372 Y-23.922
X64.345 Y-24.194
X64.328 Y-24.361 Z-10.371
Y-24.421 Z-10.397
X64.341 Y-24.481 Z-10.423
X64.365 Y-24.536 Z-10.448
X64.399 Y-24.586 Z-10.474
X64.443 Y-24.628 Z-10.5
X64.602 Y-24.742
X64.674 Y-24.795
X64.774 Y-24.883
X64.816 Y-24.924
X64.933 Y-25.059
X65.038 Y-25.167
X65.16 Y-25.254
X65.293 Y-25.323
X65.433 Y-25.376
X65.578 Y-25.414
X65.726 Y-25.439
X65.889 Y-25.452
X66.064
X66.256 Y-25.437
X66.468 Y-25.402
X66.69 Y-25.348
X66.943 Y-25.264
X67.193 Y-25.158
X67.468 Y-25.014
X67.765 Y-24.827
X68.053 Y-24.611
X68.366 Y-24.336
X68.69 Y-24.
X69.002 Y-23.621
X69.298 Y-23.194
X69.588 Y-22.694
X69.858 Y-22.132
X70.081 Y-21.549
X70.261 Y-20.952
X70.398 Y-20.343
X70.494 Y-19.726
X70.546 Y-19.105
X70.554 Y-18.481
X70.52 Y-17.858
X70.443 Y-17.239
X70.321 Y-16.627
X70.154 Y-16.026
X69.948 Y-15.462
X69.713 Y-14.952
X69.464 Y-14.506
X69.199 Y-14.112
X68.927 Y-13.77
X68.65 Y-13.473
X68.386 Y-13.233
X68.145 Y-13.047
X67.915 Y-12.897
X67.713 Y-12.787
X67.538 Y-12.71
X67.343 Y-12.641
X67.173 Y-12.597
X67.02 Y-12.569
X66.994 Y-12.567
X66.775 Y-12.58
X66.571 Y-12.661
X66.402 Y-12.8
X66.285 Y-12.985
X66.158 Y-13.277
X66.052 Y-13.496
X66.021 Y-13.56
X65.95 Y-13.683
X65.939 Y-13.701
X65.912 Y-13.761 Z-10.472
X65.899 Y-13.825 Z-10.445
X65.867 Y-14.164 Z-10.3
X65.842 Y-14.436
X64.915 Y-24.332
X64.89 Y-24.604
X64.868 Y-24.842 Z-10.401
Y-24.9 Z-10.426
X64.879 Y-24.957 Z-10.451
X64.901 Y-25.01 Z-10.475
X64.933 Y-25.059 Z-10.5
X65.1 Y-25.25
X65.443 Y-25.672
X65.543 Y-25.784
X65.663 Y-25.874
X65.793 Y-25.949
X65.93 Y-26.009
X66.073 Y-26.055
X66.219 Y-26.089
X66.39 Y-26.115
X66.567 Y-26.127
X66.772 Y-26.124
X66.987 Y-26.104
X67.226 Y-26.062
X67.488 Y-25.994
X67.751 Y-25.903
X68.048 Y-25.772
X68.359 Y-25.604
X68.675 Y-25.399
X69.014 Y-25.138
X69.366 Y-24.819
X69.704 Y-24.46
X70.039 Y-24.041
X70.374 Y-23.544
X70.68 Y-23.001
X70.944 Y-22.435
X71.167 Y-21.852
X71.351 Y-21.256
X71.496 Y-20.649
X71.601 Y-20.034
X71.666 Y-19.414
X71.692 Y-18.79
X71.68 Y-18.166
X71.63 Y-17.545
X71.541 Y-16.927
X71.412 Y-16.316
X71.378 Y-16.193
X71.312 Y-16.037
X71.212 Y-15.9
X71.081 Y-15.793
X71.054 Y-15.776
X70.918 Y-15.683
X70.771 Y-15.563
X70.746 Y-15.542
X69.778 Y-14.638
X69.695 Y-14.551
X69.564 Y-14.409
X69.464 Y-14.268
X69.371 Y-14.126
X68.855 Y-13.277
X68.602 Y-12.835
X68.595 Y-12.817
X68.539 Y-12.678
X68.458 Y-12.552
X68.366 Y-12.434
X68.263 Y-12.323
X68.145 Y-12.215
X68.026 Y-12.123
X67.901 Y-12.041
X67.761 Y-11.966
X67.624 Y-11.905
X67.482 Y-11.857
X67.407 Y-11.839
X67.209 Y-11.821
X67.014 Y-11.86
X66.838 Y-11.951
X66.694 Y-12.088
X66.595 Y-12.261
X66.517 Y-12.449
X66.285 Y-12.985
X66.267 Y-13.05 Z-10.471
X66.265 Y-13.117 Z-10.443
X66.277 Y-13.183 Z-10.414
X66.304 Y-13.244 Z-10.386
X66.344 Y-13.298 Z-10.357
X66.394 Y-13.342 Z-10.329
X66.454 Y-13.374 Z-10.3
X66.5 Y-13.388
X66.548 Y-13.394
X66.596 Y-13.393
X66.724 Y-13.379
X68.125 Y-13.227
X68.341 Y-13.203
X68.397 Y-13.192
X68.458 Y-13.165 Z-10.329
X68.512 Y-13.125 Z-10.357
X68.556 Y-13.074 Z-10.386
X68.588 Y-13.015 Z-10.414
X68.605 Y-12.95 Z-10.443
X68.608 Y-12.883 Z-10.471
X68.595 Y-12.817 Z-10.5
X68.461 Y-12.428
X68.419 Y-12.286
X68.34 Y-12.003
X68.292 Y-11.861
X68.224 Y-11.727
X68.138 Y-11.605
X68.035 Y-11.495
X67.92 Y-11.399
X67.792 Y-11.32
X67.74 Y-11.295
X67.538 Y-11.235
X67.327 Y-11.237
X67.127 Y-11.303
X66.954 Y-11.425
X66.827 Y-11.593
X66.754 Y-11.791
X66.751 Y-11.855 Z-10.473
X66.761 Y-11.919 Z-10.445
X66.785 Y-11.978 Z-10.418
X66.82 Y-12.032 Z-10.391
X66.867 Y-12.076 Z-10.363
X66.921 Y-12.11 Z-10.336
X66.982 Y-12.132 Z-10.309
X67.002 Y-12.136 Z-10.3
X67.268 Y-12.199
X67.851 Y-12.336
X67.98 Y-12.366
X68.026 Y-12.373
X68.073
X68.12 Y-12.365
X68.183 Y-12.342 Z-10.329
X68.239 Y-12.306 Z-10.357
X68.286 Y-12.257 Z-10.386
X68.321 Y-12.2 Z-10.414
X68.342 Y-12.136 Z-10.443
X68.348 Y-12.07 Z-10.471
X68.34 Y-12.003 Z-10.5
X68.219 Y-11.57
X68.182 Y-11.437
X68.146 Y-11.295
X68.102 Y-11.152
X68.025 Y-11.023
X67.849 Y-10.886
X67.639 Y-10.811
X67.416 Y-10.807
X67.203 Y-10.874
X67.022 Y-11.005
X66.892 Y-11.186
X66.826 Y-11.399
X66.821 Y-11.437
X66.801 Y-11.558
X66.754 Y-11.791
X66.751 Y-11.858 Z-10.471
X66.763 Y-11.924 Z-10.443
X66.789 Y-11.986 Z-10.414
X66.828 Y-12.041 Z-10.386
X66.878 Y-12.085 Z-10.357
X66.937 Y-12.117 Z-10.329
X67.002 Y-12.135 Z-10.3
X67.054 Y-12.139
X67.107 Y-12.134
X67.157 Y-12.12
X67.205 Y-12.097
X67.259 Y-12.065
X67.689 Y-11.807
X67.924 Y-11.667
X68.007 Y-11.617 Z-10.341
X68.057 Y-11.58 Z-10.368
X68.098 Y-11.533 Z-10.394
X68.128 Y-11.478 Z-10.421
X68.147 Y-11.419 Z-10.447
X68.153 Y-11.357 Z-10.474
X68.146 Y-11.295 Z-10.5
X68.079 Y-11.03
X68.069 Y-10.899
X68.05 Y-10.75
X67.98 Y-10.617
X67.881 Y-10.505
X67.687 Y-10.412
X67.473 Y-10.39
X67.265 Y-10.441
X67.085 Y-10.558
X66.955 Y-10.729
X66.89 Y-10.934
X66.826 Y-11.399
X66.827 Y-11.467 Z-10.471
X66.843 Y-11.532 Z-10.443
X66.873 Y-11.592 Z-10.414
X66.915 Y-11.644 Z-10.386
X66.968 Y-11.685 Z-10.357
X67.029 Y-11.714 Z-10.329
X67.094 Y-11.728 Z-10.3
X67.153 Y-11.729
X67.21 Y-11.718
X67.264 Y-11.696
X67.313 Y-11.663
X67.344 Y-11.639
X67.595 Y-11.436
X67.808 Y-11.264
X67.957 Y-11.144 Z-10.381
X67.997 Y-11.105 Z-10.405
X68.029 Y-11.059 Z-10.429
X68.053 Y-11.008 Z-10.453
X68.066 Y-10.954 Z-10.476
X68.069 Y-10.899 Z-10.5
X68.047 Y-10.588
Y-10.51
X68.039 Y-10.36
X67.975 Y-10.224
X67.878 Y-10.109
X67.697 Y-10.018
X67.496 Y-9.995
X67.299 Y-10.041
X67.129 Y-10.152
X67.007 Y-10.314
X66.948 Y-10.507
X66.938 Y-10.588
X66.89 Y-10.934
X66.891 Y-11.001 Z-10.471
X66.907 Y-11.066 Z-10.443
X66.936 Y-11.127 Z-10.414
X66.979 Y-11.179 Z-10.386
X67.032 Y-11.22 Z-10.357
X67.093 Y-11.249 Z-10.329
X67.158 Y-11.263 Z-10.3
X67.218
X67.276 Y-11.251
X67.332 Y-11.228
X67.381 Y-11.195
X67.407 Y-11.173
X67.561 Y-11.045
X67.771 Y-10.87
X67.939 Y-10.73 Z-10.393
X67.983 Y-10.685 Z-10.42
X68.016 Y-10.631 Z-10.446
X68.038 Y-10.572 Z-10.473
X68.047 Y-10.51 Z-10.5
Y-10.12
X68.039 Y-9.97
X67.977 Y-9.834
X67.881 Y-9.719
X67.702 Y-9.63
X67.502 Y-9.61
X67.309 Y-9.662
X67.147 Y-9.779
X67.036 Y-9.946
X66.992 Y-10.141
X66.991 Y-10.163
X66.948 Y-10.507
X66.95 Y-10.571 Z-10.473
X66.967 Y-10.633 Z-10.446
X66.998 Y-10.689 Z-10.418
X67.041 Y-10.736 Z-10.391
X67.093 Y-10.772 Z-10.364
X67.153 Y-10.794 Z-10.337
X67.239 Y-10.81 Z-10.3
G3 X67.883 Y-10.553 R0.721
G1 X67.938 Y-10.476 Z-10.34
X67.982 Y-10.394 Z-10.38
X68.016 Y-10.305 Z-10.42
X68.037 Y-10.214 Z-10.46
X68.047 Y-10.12 Z-10.5
Y-9.738
X68.04 Y-9.589
X67.979 Y-9.452
X67.883 Y-9.336
X67.719 Y-9.253
X67.537 Y-9.228
X67.357 Y-9.262
X67.197 Y-9.353
X67.075 Y-9.49
X67.004 Y-9.659
X66.991 Y-9.842
G3 X67.11 Y-10.045 R0.3
X67.338 Y-10.1 R0.3
G1 X67.426 Y-10.085
X67.797 Y-10.023
G3 X68.047 Y-9.738 R0.3
G1 X68.049 Y-9.342
X68.042 Y-9.193
X67.978 Y-9.057
X67.878 Y-8.945
X67.703 Y-8.86
X67.509 Y-8.836
X67.318 Y-8.878
X67.151 Y-8.979
X67.026 Y-9.129
X66.957 Y-9.312
X66.951 Y-9.507
X66.963 Y-9.597
X66.981 Y-9.738
X66.991 Y-9.842
X67.005 Y-9.899 Z-10.475
X67.032 Y-9.952 Z-10.45
X67.07 Y-9.998 Z-10.424
X67.117 Y-10.034 Z-10.399
X67.171 Y-10.058 Z-10.374
X67.229 Y-10.069 Z-10.349
X67.287 Y-10.071 Z-10.324
X67.344 Y-10.069 Z-10.3
G3 X67.889 Y-9.778 R0.76
G1 X67.942 Y-9.7 Z-10.34
X67.985 Y-9.616 Z-10.38
X68.018 Y-9.528 Z-10.42
X68.039 Y-9.436 Z-10.46
X68.049 Y-9.342 Z-10.5
Y-9.314
X68.054 Y-9.172
X68.069 Y-9.031
X68.077 Y-8.982
X68.089 Y-8.908
X68.058 Y-8.762
X67.983 Y-8.632
X67.824 Y-8.515
X67.637 Y-8.453
X67.44 Y-8.451
X67.251 Y-8.51
X67.09 Y-8.624
X66.972 Y-8.781
X66.908 Y-8.968
X66.904 Y-9.165
X66.951 Y-9.507
X66.97 Y-9.571 Z-10.471
X67.002 Y-9.63 Z-10.443
X67.047 Y-9.68 Z-10.414
X67.102 Y-9.719 Z-10.386
X67.164 Y-9.744 Z-10.357
X67.231 Y-9.755 Z-10.329
X67.298 Y-9.751 Z-10.3
X67.357 Y-9.735
X67.412 Y-9.706
X67.46 Y-9.667
X67.522 Y-9.604
X67.589 Y-9.536
X67.781 Y-9.342
X67.999 Y-9.122 Z-10.431
X68.033 Y-9.08 Z-10.454
X68.059 Y-9.033 Z-10.477
X68.077 Y-8.982 Z-10.5
X68.096 Y-8.889
X68.13 Y-8.748
X68.142 Y-8.705
X68.175 Y-8.558
X68.147 Y-8.411
X68.082 Y-8.276
X67.984 Y-8.159
X67.804 Y-8.055
X67.602 Y-8.008
X67.395 Y-8.023
X67.201 Y-8.098
X67.038 Y-8.226
X66.92 Y-8.397
X66.857 Y-8.594
X66.854 Y-8.802
X66.904 Y-9.165
X66.923 Y-9.229 Z-10.471
X66.955 Y-9.288 Z-10.443
X67. Y-9.338 Z-10.414
X67.055 Y-9.377 Z-10.386
X67.117 Y-9.402 Z-10.357
X67.184 Y-9.413 Z-10.329
X67.251 Y-9.409 Z-10.3
X67.297 Y-9.397
X67.341 Y-9.378
X67.381 Y-9.352
X67.485 Y-9.274
X67.591 Y-9.192
X67.809 Y-9.027
X68.038 Y-8.853 Z-10.422
X68.082 Y-8.811 Z-10.448
X68.118 Y-8.761 Z-10.474
X68.142 Y-8.705 Z-10.5
X68.249 Y-8.323
X68.282 Y-8.177
X68.264 Y-8.028
X68.207 Y-7.889
X68.122 Y-7.766
X68.014 Y-7.661
X67.89 Y-7.577
X67.754 Y-7.514
X67.61 Y-7.472
X67.559 Y-7.465
X67.336 Y-7.472
X67.126 Y-7.548
X66.952 Y-7.687
X66.829 Y-7.873
X66.771 Y-8.089
X66.784 Y-8.311
X66.787 Y-8.323
X66.854 Y-8.802
X66.873 Y-8.866 Z-10.471
X66.906 Y-8.925 Z-10.443
X66.951 Y-8.975 Z-10.414
X67.005 Y-9.014 Z-10.386
X67.068 Y-9.039 Z-10.357
X67.134 Y-9.05 Z-10.329
X67.201 Y-9.046 Z-10.3
X67.258 Y-9.03
X67.311 Y-9.004
X67.441 Y-8.92
X67.672 Y-8.773
X67.903 Y-8.626
X68.124 Y-8.485 Z-10.411
X68.165 Y-8.453 Z-10.434
X68.201 Y-8.415 Z-10.456
X68.229 Y-8.371 Z-10.478
X68.249 Y-8.323 Z-10.5
X68.368 Y-7.898
X68.401 Y-7.752
X68.404 Y-7.602
X68.372 Y-7.456
X68.313 Y-7.318
X68.23 Y-7.192
X68.128 Y-7.082
X68.012 Y-6.987
X67.884 Y-6.91
X67.746 Y-6.851
X67.602 Y-6.809
X67.454 Y-6.787
X67.304 Y-6.783
X67.154 Y-6.796
X67.106 Y-6.806
X66.914 Y-6.878
X66.751 Y-7.003
X66.631 Y-7.17
X66.565 Y-7.365
X66.558 Y-7.57
X66.611 Y-7.768
X66.667 Y-7.898
X66.716 Y-8.04
X66.756 Y-8.181
X66.784 Y-8.311
X66.808 Y-8.374 Z-10.471
X66.846 Y-8.43 Z-10.443
X66.895 Y-8.476 Z-10.414
X66.952 Y-8.51 Z-10.386
X67.016 Y-8.53 Z-10.357
X67.083 Y-8.536 Z-10.329
X67.15 Y-8.526 Z-10.3
X67.192 Y-8.512
X67.403 Y-8.422
X67.752 Y-8.274
X68.003 Y-8.167
X68.199 Y-8.083 Z-10.39
X68.255 Y-8.052 Z-10.418
X68.304 Y-8.009 Z-10.445
X68.342 Y-7.957 Z-10.473
X68.368 Y-7.898 Z-10.5
X68.502 Y-7.421
X68.52 Y-7.372
X68.565 Y-7.229
X68.567 Y-6.923
X68.602 Y-6.771
X68.738 Y-6.49
X69.16 Y-6.031
X69.168 Y-6.027
X69.267 Y-5.964
X69.354 Y-5.885
X69.427 Y-5.792
X69.455 Y-5.731 Z-10.471
X69.469 Y-5.666 Z-10.443
X69.468 Y-5.598 Z-10.414
X69.452 Y-5.533 Z-10.386
X69.422 Y-5.473 Z-10.357
X69.38 Y-5.421 Z-10.329
X69.327 Y-5.38 Z-10.3
G3 X69.096 Y-5.346 R0.3
X68.91 Y-5.487 R0.3
G1 X67.982 Y-7.11
G3 X67.959 Y-7.356 R0.3
X68.129 Y-7.536 R0.3
G1 X68.194 Y-7.555 Z-10.329
X68.261 Y-7.558 Z-10.357
X68.327 Y-7.546 Z-10.386
X68.389 Y-7.52 Z-10.414
X68.444 Y-7.481 Z-10.443
X68.488 Y-7.431 Z-10.471
X68.52 Y-7.372 Z-10.5
X68.535 Y-7.332
X68.59 Y-7.191
X68.662 Y-7.049
X68.743 Y-6.908
X69.345 Y-5.917
X69.531 Y-5.634
X69.778 Y-5.362
X70.7 Y-4.501
X70.913 Y-4.324
X71.063 Y-4.218
X71.196 Y-4.141
X71.404 Y-4.033
G3 X71.516 Y-3.624 R0.3
X71.258 Y-3.472 R0.3
G1 X71.191 Z-10.492
X71.128 Y-3.471 Z-10.47
X71.071 Z-10.435
X71.023 Y-3.47 Z-10.387
X70.987 Z-10.33
X70.965 Z-10.267
X70.958 Z-10.2
G0 Z5.
X62.115 Y-2.906
Z-9.9
G1 Z-10.2 F1000.
X62.119 Y-2.912 Z-10.267
X62.132 Y-2.93 Z-10.33
X62.153 Y-2.959 Z-10.387
X62.181 Y-2.998 Z-10.435
X62.214 Y-3.044 Z-10.47
X62.251 Y-3.095 Z-10.492
X62.29 Y-3.149 Z-10.5
G3 X62.894 Y-3.652 R1.583
G1 X63.292 Y-3.825
X63.327 Y-3.848
X63.682 Y-4.089
X63.867 Y-4.218
X64.249 Y-4.488
X64.455 Y-4.62
X64.655 Y-4.725
X64.727 Y-4.756
X64.872 Y-4.814
X65. Y-4.903
X65.105 Y-5.018
X65.183 Y-5.154
X65.239 Y-5.339
X65.271 Y-5.423
X65.313 Y-5.503
X65.366 Y-5.577
X65.415 Y-5.622 Z-10.471
X65.473 Y-5.655 Z-10.443
X65.538 Y-5.675 Z-10.414
X65.605 Y-5.679 Z-10.386
X65.671 Y-5.669 Z-10.357
X65.733 Y-5.644 Z-10.329
X65.789 Y-5.606 Z-10.3
G3 X65.891 Y-5.388 R0.3
X65.801 Y-5.165 R0.3
G1 X64.64 Y-4.035
G3 X64.409 Y-3.95 R0.3
X64.192 Y-4.068 R0.3
G1 X64.158 Y-4.125 Z-10.329
X64.137 Y-4.189 Z-10.357
X64.131 Y-4.256 Z-10.386
X64.14 Y-4.323 Z-10.414
X64.163 Y-4.386 Z-10.443
X64.2 Y-4.442 Z-10.471
X64.249 Y-4.488 Z-10.5
X64.532 Y-4.689
X64.661 Y-4.784
X64.816 Y-4.926
X64.947 Y-5.068
X65.066 Y-5.209
X65.757 Y-6.058
X65.808 Y-6.125
X65.961 Y-6.341
X66.047 Y-6.483
X66.092 Y-6.578
X66.299 Y-7.049
X66.611 Y-7.768
G3 X67.011 Y-7.911 R0.3
X67.181 Y-7.664 R0.3
G1 X67.186 Y-7.597 Z-10.492
X67.192 Y-7.534 Z-10.47
X67.196 Y-7.477 Z-10.435
X67.2 Y-7.43 Z-10.387
X67.203 Y-7.394 Z-10.33
X67.205 Y-7.372 Z-10.267
Y-7.365 Z-10.2
G0 Z5.
X77.091 Y-2.942
Z-9.9
G1 Z-10.2 F1000.
X77.096 Y-2.948 Z-10.267
X77.11 Y-2.965 Z-10.33
X77.132 Y-2.993 Z-10.387
X77.162 Y-3.03 Z-10.435
X77.197 Y-3.075 Z-10.47
X77.236 Y-3.125 Z-10.492
X77.278 Y-3.177 Z-10.5
G3 X77.903 Y-3.652 R1.583
G1 X78.002 Y-3.69
X78.143 Y-3.748
X78.285 Y-3.821
X78.427 Y-3.912
X78.867 Y-4.218
X79.268 Y-4.501
X79.459 Y-4.622
X79.656 Y-4.726
X79.915 Y-4.837
X80.252 Y-4.95
X80.725 Y-5.067
X81.341 Y-5.168
X81.962 Y-5.228
X82.585 Y-5.262
X83.208 Y-5.283
X83.832 Y-5.295
X84.561 Y-5.303
X84.736 Y-5.282
X84.9 Y-5.218
X85.043 Y-5.115
X85.701 Y-4.501
X85.799 Y-4.412
X85.941 Y-4.299
X86.083 Y-4.209
X86.225 Y-4.125
X86.4 Y-4.034
X86.454 Y-3.995 Z-10.471
X86.499 Y-3.944 Z-10.443
X86.531 Y-3.885 Z-10.414
X86.549 Y-3.821 Z-10.386
X86.552 Y-3.754 Z-10.357
X86.54 Y-3.687 Z-10.329
X86.514 Y-3.626 Z-10.3
G3 X86.231 Y-3.473 R0.3
G1 X79.446 Y-3.962
X79.428 Y-3.963
X79.365 Y-3.975
X79.306 Y-3.999
X79.254 Y-4.035
X79.21 Y-4.081
X79.176 Y-4.139 Z-10.329
X79.155 Y-4.203 Z-10.357
X79.15 Y-4.27 Z-10.386
X79.159 Y-4.336 Z-10.414
X79.182 Y-4.399 Z-10.443
X79.219 Y-4.455 Z-10.471
X79.268 Y-4.501 Z-10.5
X79.561 Y-4.709
X79.66 Y-4.784
X79.703 Y-4.819
X79.807 Y-4.926
X79.986 Y-5.119
X80.066 Y-5.209
X80.128 Y-5.285
X80.253 Y-5.423
X80.362 Y-5.527
X80.49 Y-5.629
X80.658 Y-5.74
X80.858 Y-5.852
X81.118 Y-5.971
X81.45 Y-6.092
X81.904 Y-6.216
X82.517 Y-6.332
X83.137 Y-6.403
X83.588 Y-6.434
X83.778 Y-6.421
X83.958 Y-6.357
X84.114 Y-6.247
X84.234 Y-6.099
X84.382 Y-5.857
X84.432 Y-5.775
X84.531 Y-5.634
X84.807 Y-5.342
X84.949 Y-5.203
X85.043 Y-5.115
X85.085 Y-5.062 Z-10.471
X85.114 Y-5.002 Z-10.443
X85.129 Y-4.936 Z-10.414
Y-4.869 Z-10.386
X85.114 Y-4.804 Z-10.357
X85.085 Y-4.743 Z-10.329
X85.043 Y-4.691 Z-10.3
X84.995 Y-4.651
X84.94 Y-4.623
X84.88 Y-4.607
X84.818 Y-4.603
X84.793 Y-4.604
X80.446 Y-4.8
X80.354 Y-4.805
X80.294 Y-4.813
X80.238 Y-4.834
X80.186 Y-4.865
X80.138 Y-4.911 Z-10.329
X80.1 Y-4.967 Z-10.357
X80.077 Y-5.03 Z-10.386
X80.068 Y-5.097 Z-10.414
X80.073 Y-5.164 Z-10.443
X80.094 Y-5.228 Z-10.471
X80.128 Y-5.285 Z-10.5
X80.757 Y-6.058
X80.837 Y-6.162
X80.865 Y-6.2
X80.965 Y-6.341
X81.052 Y-6.464
X81.156 Y-6.572
X81.289 Y-6.691
X81.437 Y-6.802
X81.628 Y-6.923
X81.87 Y-7.051
X82.166 Y-7.177
X82.462 Y-7.276
X82.732 Y-7.344
X82.942 Y-7.378
X82.99 Y-7.382
X83.192 Y-7.37
X83.382 Y-7.303
X83.547 Y-7.186
X83.673 Y-7.027
X83.743 Y-6.908
X84.234 Y-6.099
X84.26 Y-6.037 Z-10.471
X84.272 Y-5.971 Z-10.443
X84.268 Y-5.904 Z-10.414
X84.25 Y-5.84 Z-10.386
X84.218 Y-5.781 Z-10.357
X84.174 Y-5.73 Z-10.329
X84.119 Y-5.691 Z-10.3
X84.064 Y-5.667
X84.005 Y-5.654
X83.945
X83.853 Y-5.662
X81.359 Y-5.889
X81.204 Y-5.904
X81.146 Y-5.915
X81.092 Y-5.937
X81.036 Y-5.974 Z-10.329
X80.99 Y-6.023 Z-10.357
X80.957 Y-6.081 Z-10.386
X80.937 Y-6.145 Z-10.414
X80.931 Y-6.212 Z-10.443
X80.941 Y-6.279 Z-10.471
X80.965 Y-6.341 Z-10.5
X81.046 Y-6.483
X81.113 Y-6.625
X81.361 Y-7.191
X81.427 Y-7.325
X81.512 Y-7.449
X81.609 Y-7.563
X81.715 Y-7.669
X81.84 Y-7.775
X81.964 Y-7.864
X82.096 Y-7.944
X82.237 Y-8.014
X82.376 Y-8.07
X82.52 Y-8.114
X82.667 Y-8.145
X82.678 Y-8.146
X82.877 Y-8.143
X83.066 Y-8.084
X83.231 Y-7.975
X83.36 Y-7.823
X83.44 Y-7.642
X83.487 Y-7.474
X83.534 Y-7.332
X83.589 Y-7.191
X83.673 Y-7.027
X83.694 Y-6.964 Z-10.471
X83.701 Y-6.897 Z-10.443
X83.693 Y-6.83 Z-10.414
X83.67 Y-6.767 Z-10.386
X83.634 Y-6.711 Z-10.357
X83.586 Y-6.664 Z-10.329
X83.528 Y-6.628 Z-10.3
X83.478 Y-6.61
X83.424 Y-6.601
X83.37 Y-6.602
X83.26 Y-6.613
X81.8 Y-6.763
X81.609 Y-6.782
X81.569 Y-6.789
X81.53 Y-6.802
X81.471 Y-6.833 Z-10.329
X81.42 Y-6.877 Z-10.357
X81.38 Y-6.931 Z-10.386
X81.353 Y-6.993 Z-10.414
X81.341 Y-7.059 Z-10.443
X81.343 Y-7.126 Z-10.471
X81.361 Y-7.191 Z-10.5
X81.667 Y-7.898
X81.716 Y-8.04
X81.764 Y-8.182
X81.842 Y-8.31
X81.937 Y-8.426
X82.047 Y-8.528
X82.168 Y-8.616
X82.301 Y-8.687
X82.343 Y-8.704
X82.532 Y-8.749
X82.726 Y-8.74
X82.91 Y-8.678
X83.07 Y-8.568
X83.194 Y-8.418
X83.272 Y-8.24
X83.44 Y-7.642
X83.449 Y-7.575 Z-10.471
X83.442 Y-7.509 Z-10.443
X83.421 Y-7.445 Z-10.414
X83.386 Y-7.387 Z-10.386
X83.339 Y-7.339 Z-10.357
X83.283 Y-7.302 Z-10.329
X83.22 Y-7.279 Z-10.3
X83.163 Y-7.271
X83.106 Y-7.274
X83.05 Y-7.287
X82.955 Y-7.32
X82.194 Y-7.586
X81.935 Y-7.676
X81.908 Y-7.685 Z-10.312
X81.851 Y-7.712 Z-10.339
X81.801 Y-7.75 Z-10.366
X81.76 Y-7.798 Z-10.393
X81.73 Y-7.854 Z-10.419
X81.712 Y-7.914 Z-10.446
X81.707 Y-7.977 Z-10.473
X81.716 Y-8.04 Z-10.5
X81.756 Y-8.181
X81.787 Y-8.323
X81.827 Y-8.606
X81.855 Y-8.753
X81.918 Y-8.889
X82.077 Y-9.044
X82.277 Y-9.142
X82.497 Y-9.172
X82.715 Y-9.132
X82.91 Y-9.025
X83.061 Y-8.862
X83.154 Y-8.661
X83.272 Y-8.24
X83.28 Y-8.174 Z-10.471
X83.274 Y-8.107 Z-10.443
X83.252 Y-8.043 Z-10.414
X83.217 Y-7.986 Z-10.386
X83.171 Y-7.938 Z-10.357
X83.114 Y-7.901 Z-10.329
X83.051 Y-7.878 Z-10.3
X82.984 Y-7.87
X82.916 Y-7.877
X82.852 Y-7.899
X82.789 Y-7.928
X82.335 Y-8.143
X82.088 Y-8.26
X81.997 Y-8.304 Z-10.343
X81.944 Y-8.336 Z-10.369
X81.899 Y-8.378 Z-10.395
X81.864 Y-8.428 Z-10.421
X81.839 Y-8.484 Z-10.448
X81.827 Y-8.545 Z-10.474
Y-8.606 Z-10.5
X81.891 Y-9.074
X81.919 Y-9.221
X81.989 Y-9.354
X82.147 Y-9.483
X82.335 Y-9.553
X82.537 Y-9.56
X82.73 Y-9.502
X82.894 Y-9.386
X83.013 Y-9.223
X83.073 Y-9.031
X83.106 Y-8.853
X83.13 Y-8.748
X83.154 Y-8.661
X83.163 Y-8.594 Z-10.471
X83.156 Y-8.527 Z-10.443
X83.135 Y-8.464 Z-10.414
X83.1 Y-8.406 Z-10.386
X83.053 Y-8.358 Z-10.357
X82.997 Y-8.322 Z-10.329
X82.934 Y-8.299 Z-10.3
X82.872 Y-8.29
X82.81 Y-8.295
X82.75 Y-8.312
X82.695 Y-8.341
X82.675 Y-8.355
X82.371 Y-8.559
X82.144 Y-8.712
X82.022 Y-8.794 Z-10.362
X81.973 Y-8.836 Z-10.39
X81.934 Y-8.887 Z-10.417
X81.906 Y-8.946 Z-10.445
X81.892 Y-9.009 Z-10.472
X81.891 Y-9.074 Z-10.5
X81.95 Y-9.498
X81.978 Y-9.646
X82.055 Y-9.774
X82.215 Y-9.885
X82.402 Y-9.937
X82.596 Y-9.926
X82.775 Y-9.851
X82.92 Y-9.721
X83.015 Y-9.551
X83.049 Y-9.36
X83.039 Y-9.295 Z-10.472
X83.012 Y-9.218 Z-10.437
X82.974 Y-9.147 Z-10.403
X82.926 Y-9.082 Z-10.369
X82.869 Y-9.024 Z-10.334
X82.805 Y-8.975 Z-10.3
G3 X82.094 Y-9.065 R0.556
G1 X82.037 Y-9.139 Z-10.34
X81.992 Y-9.222 Z-10.38
X81.963 Y-9.311 Z-10.42
X81.948 Y-9.404 Z-10.46
X81.95 Y-9.498 Z-10.5
X81.982 Y-9.738
X81.989 Y-9.851
X82.004 Y-10.
X82.075 Y-10.133
X82.179 Y-10.241
X82.365 Y-10.314
X82.565 Y-10.319
X82.755 Y-10.254
X82.91 Y-10.127
X83.011 Y-9.955
X83.047 Y-9.758
X83.049 Y-9.36
X83.039 Y-9.297 Z-10.473
X83.015 Y-9.238 Z-10.446
X82.978 Y-9.187 Z-10.419
X82.93 Y-9.145 Z-10.392
X82.873 Y-9.117 Z-10.365
X82.811 Y-9.102 Z-10.338
X82.723 Y-9.097 Z-10.3
G3 X82.125 Y-9.409 R0.74
G1 X82.076 Y-9.489 Z-10.34
X82.037 Y-9.575 Z-10.38
X82.009 Y-9.664 Z-10.42
X81.993 Y-9.757 Z-10.46
X81.989 Y-9.851 Z-10.5
X81.99 Y-9.88
X81.993 Y-10.021
Y-10.163
X81.988 Y-10.206
X81.978 Y-10.355
X82.041 Y-10.491
X82.138 Y-10.606
X82.328 Y-10.693
X82.536 Y-10.708
X82.735 Y-10.647
X82.9 Y-10.519
X83.009 Y-10.341
X83.047 Y-10.135
Y-9.758
X83.037 Y-9.696 Z-10.474
X83.012 Y-9.639 Z-10.447
X82.973 Y-9.591 Z-10.421
X82.924 Y-9.553 Z-10.394
X82.867 Y-9.529 Z-10.368
X82.805 Y-9.52 Z-10.341
X82.708 Y-9.523 Z-10.3
G3 X82.187 Y-9.786 R0.81
G1 X82.128 Y-9.86 Z-10.34
X82.078 Y-9.94 Z-10.38
X82.038 Y-10.025 Z-10.42
X82.007 Y-10.114 Z-10.46
X81.988 Y-10.206 Z-10.5
X81.971 Y-10.339
X81.947 Y-10.524
X81.934 Y-10.673
X81.976 Y-10.817
X82.059 Y-10.942
X82.222 Y-11.047
X82.41 Y-11.093
X82.604 Y-11.076
X82.781 Y-10.997
X82.923 Y-10.865
X83.015 Y-10.694
X83.047 Y-10.503
Y-10.135
X83.038 Y-10.077 Z-10.475
X83.016 Y-10.022 Z-10.45
X82.982 Y-9.974 Z-10.425
X82.938 Y-9.934 Z-10.399
X82.886 Y-9.906 Z-10.374
X82.83 Y-9.89 Z-10.349
X82.772 Y-9.883 Z-10.325
X82.714 Y-9.881 Z-10.3
G3 X82.158 Y-10.111 R0.773
G1 X82.096 Y-10.182 Z-10.34
X82.043 Y-10.26 Z-10.38
X82. Y-10.344 Z-10.42
X81.968 Y-10.432 Z-10.46
X81.947 Y-10.524 Z-10.5
X81.893 Y-10.914
X81.88 Y-11.063
X81.928 Y-11.205
X82.012 Y-11.329
X82.187 Y-11.444
X82.389 Y-11.494
X82.597 Y-11.474
X82.786 Y-11.387
X82.936 Y-11.242
X83.03 Y-11.056
X83.056 Y-10.849
X83.047 Y-10.588
Y-10.503
X83.037 Y-10.437 Z-10.471
X83.012 Y-10.374 Z-10.443
X82.975 Y-10.319 Z-10.414
X82.926 Y-10.273 Z-10.386
X82.868 Y-10.239 Z-10.357
X82.803 Y-10.219 Z-10.329
X82.737 Y-10.214 Z-10.3
X82.673 Y-10.223
X82.612 Y-10.245
X82.558 Y-10.28
X82.496 Y-10.331
X82.412 Y-10.399
X82.199 Y-10.571
X82. Y-10.731 Z-10.408
X81.962 Y-10.769 Z-10.431
X81.93 Y-10.813 Z-10.454
X81.907 Y-10.861 Z-10.477
X81.893 Y-10.914 Z-10.5
X81.841 Y-11.295
X81.828 Y-11.445
X81.862 Y-11.591
X81.932 Y-11.723
X82.032 Y-11.835
X82.216 Y-11.934
X82.42 Y-11.973
X82.628 Y-11.948
X82.817 Y-11.861
X82.972 Y-11.721
X83.077 Y-11.541
X83.122 Y-11.337
X83.104 Y-11.13
X83.08 Y-11.07 Z-10.473
X83.044 Y-11.018 Z-10.446
X82.998 Y-10.974 Z-10.419
X82.944 Y-10.94 Z-10.391
X82.884 Y-10.919 Z-10.364
X82.82 Y-10.912 Z-10.337
X82.757 Y-10.917 Z-10.31
X82.733 Y-10.922 Z-10.3
X82.465 Y-10.975
X82.454 Y-10.977
X82.186 Y-11.031
X82.078 Y-11.052 Z-10.347
X82.02 Y-11.07 Z-10.372
X81.968 Y-11.098 Z-10.398
X81.922 Y-11.137 Z-10.423
X81.884 Y-11.184 Z-10.449
X81.857 Y-11.237 Z-10.474
X81.841 Y-11.295 Z-10.5
X81.821 Y-11.437
X81.797 Y-11.578
X81.769 Y-11.72
X81.747 Y-11.868
X81.812 Y-12.173
X81.778 Y-12.484
X81.595 Y-13.08
X81.273 Y-13.615
X80.896 Y-14.112
X80.505 Y-14.598
X80.121 Y-15.09
X79.759 Y-15.598
X79.427 Y-16.126
X79.128 Y-16.674
X78.866 Y-17.24
X78.642 Y-17.823
X78.457 Y-18.418
X78.308 Y-19.024
X78.196 Y-19.638
X78.121 Y-20.257
X78.081 Y-20.88
X78.079 Y-21.504
X78.114 Y-22.127
X78.187 Y-22.747
X78.3 Y-23.36
X78.377 Y-23.666
X78.436 Y-23.82
X78.53 Y-23.956
X78.652 Y-24.067
X79.278 Y-24.508
X79.703 Y-24.823
X79.776 Y-24.883
X79.845 Y-24.958
X80.145 Y-25.308
X80.27 Y-25.46
X80.485 Y-25.724
X80.534 Y-25.769 Z-10.471
X80.593 Y-25.802 Z-10.443
X80.657 Y-25.821 Z-10.414
X80.724 Y-25.826 Z-10.386
X80.79 Y-25.816 Z-10.357
X80.853 Y-25.791 Z-10.329
X80.908 Y-25.752 Z-10.3
X80.943 Y-25.717
X80.971 Y-25.675
X80.992 Y-25.63
X81.035 Y-25.514
X84.767 Y-15.386
X84.861 Y-15.13
X84.906 Y-15.008 Z-10.355
X84.922 Y-14.942 Z-10.384
X84.923 Y-14.874 Z-10.413
X84.908 Y-14.807 Z-10.442
X84.879 Y-14.746 Z-10.471
X84.837 Y-14.692 Z-10.5
X84.807 Y-14.664
X84.695 Y-14.551
X84.565 Y-14.409
X84.463 Y-14.268
X84.382 Y-14.144
X83.855 Y-13.277
X83.612 Y-12.852
X83.551 Y-12.711
X83.531 Y-12.659
X83.5 Y-12.569
X83.459 Y-12.428
X83.221 Y-11.578
X83.182 Y-11.437
X83.104 Y-11.13
X83.078 Y-11.068 Z-10.471
X83.04 Y-11.013 Z-10.443
X82.99 Y-10.968 Z-10.414
X82.931 Y-10.935 Z-10.386
X82.867 Y-10.916 Z-10.357
X82.8 Y-10.912 Z-10.329
X82.734 Y-10.923 Z-10.3
X82.681 Y-10.943
X82.633 Y-10.973
X82.505 Y-11.071
X82.306 Y-11.223
X82.089 Y-11.389
X81.878 Y-11.551 Z-10.413
X81.829 Y-11.598 Z-10.442
X81.792 Y-11.656 Z-10.471
X81.769 Y-11.72 Z-10.5
X81.726 Y-11.932
X81.546 Y-12.383
X81.158 Y-13.277
X81.095 Y-13.418
X81.018 Y-13.56
X80.937 Y-13.701
X80.831 Y-13.843
X80.695 Y-14.015
X80.607 Y-14.126
X80.262 Y-14.551
X80.128 Y-14.712
X79.845 Y-15.042
X79.776 Y-15.117
X79.703 Y-15.177
X79.278 Y-15.492
X79.007 Y-15.683
X78.774 Y-15.865
X78.61 Y-16.017
X78.42 Y-16.222
X78.223 Y-16.474
X78.007 Y-16.799
X77.795 Y-17.184
X77.574 Y-17.675
X77.363 Y-18.262
X77.2 Y-18.864
X77.078 Y-19.476
X76.993 Y-20.094
X76.945 Y-20.716
X76.932 Y-21.34
X76.955 Y-21.964
X77.013 Y-22.585
X77.07 Y-22.964
X77.123 Y-23.145
X77.222 Y-23.305
X77.361 Y-23.433
X77.528 Y-23.519
X77.86 Y-23.637
X78.002 Y-23.69
X78.15 Y-23.751
X78.285 Y-23.824
X78.4 Y-23.892
X78.569 Y-24.008
X78.652 Y-24.067
X78.712 Y-24.097 Z-10.471
X78.777 Y-24.113 Z-10.443
X78.845 Y-24.115 Z-10.414
X78.91 Y-24.101 Z-10.386
X78.971 Y-24.073 Z-10.357
X79.025 Y-24.032 Z-10.329
X79.068 Y-23.98 Z-10.3
X79.093 Y-23.933
X79.109 Y-23.882
X79.116 Y-23.829
X79.121 Y-23.716
X79.467 Y-16.033
X79.471 Y-15.947
X79.467 Y-15.885
X79.45 Y-15.825
X79.422 Y-15.769
X79.379 Y-15.718 Z-10.329
X79.326 Y-15.677 Z-10.357
X79.265 Y-15.649 Z-10.386
X79.199 Y-15.635 Z-10.414
X79.132 Y-15.637 Z-10.443
X79.067 Y-15.653 Z-10.471
X79.007 Y-15.683 Z-10.5
X78.569 Y-15.992
X78.4 Y-16.108
X78.285 Y-16.176
X78.15 Y-16.249
X78.002 Y-16.31
X77.86 Y-16.363
X77.721 Y-16.42
X77.59 Y-16.493
X77.466 Y-16.577
X77.33 Y-16.685
X77.175 Y-16.83
X77.02 Y-17.001
X76.856 Y-17.214
X76.68 Y-17.485
X76.505 Y-17.807
X76.328 Y-18.209
X76.153 Y-18.712
X75.995 Y-19.316
X75.887 Y-19.93
X75.821 Y-20.55
X75.793 Y-21.174
X75.801 Y-21.798
X75.834 Y-22.268
X75.877 Y-22.555
X75.896 Y-22.636
X75.969 Y-22.821
X76.092 Y-22.978
X76.254 Y-23.093
X76.442 Y-23.158
X76.571 Y-23.185
X77.009 Y-23.335
X77.528 Y-23.519
X77.594 Y-23.532 Z-10.471
X77.661 Y-23.53 Z-10.443
X77.726 Y-23.513 Z-10.414
X77.785 Y-23.482 Z-10.386
X77.837 Y-23.439 Z-10.357
X77.877 Y-23.385 Z-10.329
X77.904 Y-23.324 Z-10.3
X77.914 Y-23.286
X77.918 Y-23.248
X77.928 Y-23.052
X78.242 Y-16.83
X78.25 Y-16.664
X78.248 Y-16.611
X78.236 Y-16.558
X78.209 Y-16.497 Z-10.329
X78.169 Y-16.443 Z-10.357
X78.117 Y-16.4 Z-10.386
X78.058 Y-16.369 Z-10.414
X77.993 Y-16.352 Z-10.443
X77.926 Y-16.35 Z-10.471
X77.86 Y-16.363 Z-10.5
X76.985 Y-16.674
X76.726 Y-16.763
X76.582 Y-16.82
X76.448 Y-16.886
X76.316 Y-16.968
X76.184 Y-17.066
X76.042 Y-17.191
X75.881 Y-17.355
X75.73 Y-17.537
X75.558 Y-17.782
X75.395 Y-18.06
X75.22 Y-18.42
X75.064 Y-18.821
X74.913 Y-19.328
X74.783 Y-19.935
X74.702 Y-20.553
X74.663 Y-21.176
X74.667 Y-21.686
X74.698 Y-22.031
X74.739 Y-22.275
X74.798 Y-22.506
X74.826 Y-22.588
X74.919 Y-22.77
X75.062 Y-22.917
X75.24 Y-23.017
X75.44 Y-23.06
X76.158 Y-23.11
X76.3 Y-23.131
X76.442 Y-23.158
X76.509 Y-23.16 Z-10.471
X76.575 Y-23.148 Z-10.443
X76.637 Y-23.121 Z-10.414
X76.691 Y-23.082 Z-10.386
X76.735 Y-23.031 Z-10.357
X76.766 Y-22.971 Z-10.329
X76.784 Y-22.907 Z-10.3
X76.787 Y-22.878
X76.801 Y-22.634
X77.103 Y-17.234
X77.112 Y-17.066
X77.111 Y-17.014
X77.1 Y-16.962
X77.073 Y-16.901 Z-10.329
X77.033 Y-16.846 Z-10.357
X76.983 Y-16.802 Z-10.386
X76.923 Y-16.771 Z-10.414
X76.859 Y-16.753 Z-10.443
X76.792 Y-16.75 Z-10.471
X76.726 Y-16.763 Z-10.5
X76.571 Y-16.815
X76.442 Y-16.842
X76.3 Y-16.869
X76.158 Y-16.89
X75.939 Y-16.905
X75.79 Y-16.923
X75.642 Y-16.948
X75.498 Y-16.992
X75.36 Y-17.05
X75.228 Y-17.121
X75.102 Y-17.202
X74.982 Y-17.292
X74.868 Y-17.39
X74.76 Y-17.494
X74.658 Y-17.604
X74.562 Y-17.719
X74.471 Y-17.838
X74.385 Y-17.961
X74.305 Y-18.088
X74.229 Y-18.217
X74.158 Y-18.35
X74.091 Y-18.484
X74.028 Y-18.62
X73.97 Y-18.758
X73.916 Y-18.898
X73.865 Y-19.039
X73.817 Y-19.181
X73.773 Y-19.325
X73.733 Y-19.469
X73.696 Y-19.615
X73.662 Y-19.761
X73.631 Y-19.907
X73.603 Y-20.055
X73.578 Y-20.203
X73.555 Y-20.351
X73.536 Y-20.5
X73.52 Y-20.649
X73.507 Y-20.798
X73.497 Y-20.948
X73.491 Y-21.098
X73.488 Y-21.248
X73.489 Y-21.398
X73.494 Y-21.548
X73.504 Y-21.697
X73.518 Y-21.847
X73.538 Y-21.995
X73.564 Y-22.143
X73.596 Y-22.29
X73.636 Y-22.434
X73.684 Y-22.576
X73.69 Y-22.592
X73.809 Y-22.788
X73.983 Y-22.935
X74.196 Y-23.019
X74.425 Y-23.029
X74.457 Y-23.025
X74.599 Y-23.015
X74.741 Y-23.014
X75.44 Y-23.06
X75.505 Y-23.056 Z-10.472
X75.567 Y-23.037 Z-10.445
X75.624 Y-23.006 Z-10.417
X75.672 Y-22.963 Z-10.39
X75.71 Y-22.91 Z-10.362
X75.737 Y-22.851 Z-10.335
X75.749 Y-22.787 Z-10.307
X75.751 Y-22.771 Z-10.3
X75.775 Y-22.498
X76.226 Y-17.468
X76.247 Y-17.232
X76.248 Y-17.195
X76.239 Y-17.129 Z-10.329
X76.214 Y-17.066 Z-10.357
X76.177 Y-17.01 Z-10.386
X76.128 Y-16.965 Z-10.414
X76.07 Y-16.931 Z-10.443
X76.006 Y-16.911 Z-10.471
X75.939 Y-16.905 Z-10.5
X74.882 Y-16.977
X74.733 Y-16.994
X74.586 Y-17.024
X74.438 Y-17.072
X74.283 Y-17.086
X74.128 Y-17.066
X73.836 Y-16.957
X73.779 Y-16.915
X73.693 Y-16.86
X73.6 Y-16.819
X73.503 Y-16.791
X73.436 Y-16.787 Z-10.471
X73.37 Y-16.798 Z-10.443
X73.307 Y-16.824 Z-10.414
X73.253 Y-16.862 Z-10.386
X73.208 Y-16.912 Z-10.357
X73.175 Y-16.971 Z-10.329
X73.156 Y-17.036 Z-10.3
G3 X73.21 Y-17.264 R0.3
X73.413 Y-17.384 R0.3
G1 X74.852 Y-17.574
G3 X75.189 Y-17.316 R0.3
X75.192 Y-17.267 R0.3
G1 X75.182 Y-17.201 Z-10.329
X75.158 Y-17.138 Z-10.357
X75.12 Y-17.083 Z-10.386
X75.071 Y-17.037 Z-10.414
X75.013 Y-17.003 Z-10.443
X74.949 Y-16.982 Z-10.471
X74.882 Y-16.977 Z-10.5
X74.741 Y-16.986
X74.599 Y-16.985
X74.457 Y-16.975
X74.309 Y-16.957
X73.748 Y-16.842
X72.94 Y-16.674
X72.756 Y-16.626
X72.614 Y-16.577
X72.5 Y-16.532
X72.33 Y-16.448
X71.338 Y-15.933
X71.131 Y-15.825
X71.081 Y-15.793
X71.02 Y-15.765 Z-10.471
X70.954 Y-15.752 Z-10.443
X70.887 Y-15.754 Z-10.414
X70.822 Y-15.77 Z-10.386
X70.762 Y-15.801 Z-10.357
X70.71 Y-15.844 Z-10.329
X70.67 Y-15.898 Z-10.3
X70.666 Y-15.905
X70.537 Y-16.137
X65.613 Y-24.997
X65.48 Y-25.237
X65.42 Y-25.345 Z-10.353
X65.394 Y-25.409 Z-10.382
X65.382 Y-25.478 Z-10.412
X65.387 Y-25.547 Z-10.441
X65.408 Y-25.613 Z-10.471
X65.443 Y-25.672 Z-10.5
X65.606 Y-25.874
X65.83 Y-26.157
X65.939 Y-26.299
X66.03 Y-26.418
X66.142 Y-26.517
X66.267 Y-26.601
X66.399 Y-26.671
X66.538 Y-26.727
X66.683 Y-26.772
X66.852 Y-26.81
X67.029 Y-26.835
X67.237 Y-26.847
X67.452 Y-26.843
X67.699 Y-26.818
X67.961 Y-26.769
X68.239 Y-26.695
X68.553 Y-26.583
X68.87 Y-26.441
X68.941 Y-26.401
X69.042 Y-26.334
X69.13 Y-26.25
X69.202 Y-26.152
X69.371 Y-25.874
X69.464 Y-25.732
X69.564 Y-25.591
X69.695 Y-25.449
X69.778 Y-25.362
X70.746 Y-24.458
X70.96 Y-24.256
X71.064 Y-24.14
X71.165 Y-24.021
X71.289 Y-23.926
X71.431 Y-23.862
X71.68 Y-23.811
X71.771 Y-23.807
X71.859 Y-23.787
X71.943 Y-23.753
X71.997 Y-23.713 Z-10.471
X72.042 Y-23.663 Z-10.443
X72.074 Y-23.604 Z-10.414
X72.092 Y-23.539 Z-10.386
X72.095 Y-23.472 Z-10.357
X72.083 Y-23.406 Z-10.329
X72.057 Y-23.344 Z-10.3
G3 X71.873 Y-23.201 R0.3
X71.643 Y-23.233 R0.3
G1 X70.406 Y-23.966
G3 X70.264 Y-24.17 R0.3
X70.325 Y-24.411 R0.3
G1 X70.372 Y-24.459 Z-10.329
X70.429 Y-24.494 Z-10.357
X70.492 Y-24.516 Z-10.386
X70.559 Y-24.524 Z-10.414
X70.626 Y-24.516 Z-10.443
X70.689 Y-24.494 Z-10.471
X70.746 Y-24.458 Z-10.5
X70.771 Y-24.437
X70.918 Y-24.317
X71.054 Y-24.224
X71.131 Y-24.175
X71.48 Y-23.993
X72.33 Y-23.552
X72.5 Y-23.468
X72.614 Y-23.423
X72.756 Y-23.374
X72.94 Y-23.326
X74.032 Y-23.099
X74.315 Y-23.042
X74.425 Y-23.029
G3 X74.675 Y-22.686 R0.3
X74.487 Y-22.452 R0.3
G1 X74.424 Y-22.428 Z-10.492
X74.365 Y-22.405 Z-10.47
X74.312 Y-22.385 Z-10.435
X74.268 Y-22.368 Z-10.387
X74.234 Y-22.355 Z-10.33
X74.214 Y-22.347 Z-10.267
X74.207 Y-22.344 Z-10.2
G0 Z5.
X47.524 Y-16.925
Z-9.9
G1 Z-10.2 F1000.
X47.517 Y-16.923 Z-10.267
X47.495 Y-16.917 Z-10.33
X47.461 Y-16.908 Z-10.387
X47.415 Y-16.896 Z-10.435
X47.36 Y-16.881 Z-10.47
X47.298 Y-16.865 Z-10.492
X47.234 Y-16.848 Z-10.5
G3 X46.448 Y-16.842 R1.583
G1 X46.385 Y-16.86
X46.243 Y-16.882
X46.101 Y-16.894
X45.881 Y-16.909
X45.732 Y-16.927
X45.585 Y-16.956
X45.445 Y-17.008
X45.312 Y-17.079
X45.189 Y-17.164
X45.075 Y-17.262
X44.97 Y-17.369
X44.875 Y-17.485
X44.788 Y-17.607
X44.711 Y-17.736
X44.642 Y-17.869
X44.581 Y-18.006
X44.528 Y-18.147
X44.483 Y-18.29
X44.445 Y-18.435
X44.415 Y-18.582
X44.39 Y-18.73
X44.373 Y-18.879
X44.362 Y-19.028
X44.357 Y-19.178
Y-19.328
X44.363 Y-19.478
X44.375 Y-19.628
X44.391 Y-19.777
X44.413 Y-19.925
X44.439 Y-20.073
X44.47 Y-20.22
X44.505 Y-20.365
X44.544 Y-20.51
X44.588 Y-20.654
X44.635 Y-20.796
X44.687 Y-20.937
X44.741 Y-21.077
X44.8 Y-21.215
X44.862 Y-21.352
X44.927 Y-21.487
X44.995 Y-21.62
X45.067 Y-21.752
X45.142 Y-21.882
X45.219 Y-22.01
X45.299 Y-22.137
X45.382 Y-22.262
X45.468 Y-22.385
X45.557 Y-22.506
X45.648 Y-22.625
X45.741 Y-22.743
X45.836 Y-22.859
X45.864 Y-22.891
X45.986 Y-23.002
X46.13 Y-23.082
X46.289 Y-23.126
X46.385 Y-23.14
X46.541 Y-23.185
X46.81 Y-23.266
X46.986 Y-23.326
X47.781 Y-23.609
X48.204 Y-23.779
X48.216 Y-23.784
X48.511 Y-23.971
X48.606 Y-24.034
X49.504 Y-24.668
X49.604 Y-24.742
X49.787 Y-24.896
X49.95 Y-25.032
X50.14 Y-25.168
X50.388 Y-25.316
X50.686 Y-25.463
X51.066 Y-25.614
X51.496 Y-25.746
X52.033 Y-25.864
X52.651 Y-25.949
X53.274 Y-25.986
X53.898 Y-25.98
X53.98 Y-25.974
X54.177 Y-25.93
X54.353 Y-25.833
X54.494 Y-25.689
X54.566 Y-25.591
X54.69 Y-25.449
X54.75 Y-25.39
X55.744 Y-24.46
X55.786 Y-24.408 Z-10.471
X55.815 Y-24.347 Z-10.443
X55.83 Y-24.282 Z-10.414
Y-24.215 Z-10.386
X55.815 Y-24.149 Z-10.357
X55.786 Y-24.089 Z-10.329
X55.744 Y-24.036 Z-10.3
G3 X55.507 Y-23.949 R0.3
G1 X55.494 Y-23.951
X50.073 Y-24.394
X49.99 Y-24.401
X49.927 Y-24.412
X49.869 Y-24.437
X49.817 Y-24.473
X49.772 Y-24.522 Z-10.329
X49.739 Y-24.581 Z-10.357
X49.719 Y-24.645 Z-10.386
X49.714 Y-24.712 Z-10.414
X49.725 Y-24.778 Z-10.443
X49.749 Y-24.841 Z-10.471
X49.787 Y-24.896 Z-10.5
X49.907 Y-25.025
X50.031 Y-25.166
X50.496 Y-25.738
X50.638 Y-25.914
X50.775 Y-26.07
X50.892 Y-26.184
X51.025 Y-26.294
X51.2 Y-26.416
X51.413 Y-26.541
X51.655 Y-26.658
X51.971 Y-26.78
X52.323 Y-26.884
X52.757 Y-26.976
X53.081 Y-27.017
X53.243 Y-27.025
X53.43 Y-27.009
X53.605 Y-26.944
X53.757 Y-26.835
X53.875 Y-26.69
X54.371 Y-25.874
X54.466 Y-25.728
X54.494 Y-25.689
X54.526 Y-25.629 Z-10.471
X54.543 Y-25.565 Z-10.443
X54.545 Y-25.497 Z-10.414
X54.533 Y-25.432 Z-10.386
X54.506 Y-25.37 Z-10.357
X54.466 Y-25.316 Z-10.329
X54.415 Y-25.272 Z-10.3
X54.357 Y-25.241
X54.293 Y-25.224
X54.227 Y-25.221
X54.152 Y-25.226
X50.962 Y-25.43
X50.86 Y-25.437
X50.804 Y-25.446
X50.75 Y-25.466
X50.701 Y-25.495
X50.652 Y-25.541 Z-10.329
X50.614 Y-25.596 Z-10.357
X50.59 Y-25.659 Z-10.386
X50.58 Y-25.725 Z-10.414
X50.585 Y-25.792 Z-10.443
X50.604 Y-25.856 Z-10.471
X50.638 Y-25.914 Z-10.5
X50.922 Y-26.272
X50.938 Y-26.299
X51.022 Y-26.44
X51.063 Y-26.516
X51.158 Y-26.723
X51.184 Y-26.783
X51.25 Y-26.918
X51.335 Y-27.042
X51.431 Y-27.157
X51.548 Y-27.272
X51.677 Y-27.382
X51.84 Y-27.498
X52.015 Y-27.603
X52.19 Y-27.69
X52.379 Y-27.765
X52.545 Y-27.816
X52.707 Y-27.852
X52.763 Y-27.86
X52.956 Y-27.861
X53.141 Y-27.809
X53.304 Y-27.708
X53.435 Y-27.567
X53.522 Y-27.396
X53.601 Y-27.165
X53.77 Y-26.865
X53.875 Y-26.69
X53.901 Y-26.628 Z-10.471
X53.913 Y-26.562 Z-10.443
X53.909 Y-26.495 Z-10.414
X53.891 Y-26.43 Z-10.386
X53.859 Y-26.371 Z-10.357
X53.815 Y-26.321 Z-10.329
X53.76 Y-26.281 Z-10.3
X53.708 Y-26.258
X53.652 Y-26.245
X53.595 Y-26.243
X53.493 Y-26.25
X51.624 Y-26.363
X51.445 Y-26.374
X51.398 Y-26.38
X51.353 Y-26.394
X51.294 Y-26.426 Z-10.329
X51.243 Y-26.47 Z-10.357
X51.203 Y-26.524 Z-10.386
X51.176 Y-26.585 Z-10.414
X51.164 Y-26.651 Z-10.443
X51.166 Y-26.718 Z-10.471
X51.184 Y-26.783 Z-10.5
X51.527 Y-27.572
X51.585 Y-27.714
X51.648 Y-27.85
X51.725 Y-27.979
X51.818 Y-28.097
X51.923 Y-28.204
X52.04 Y-28.298
X52.165 Y-28.38
X52.299 Y-28.448
X52.439 Y-28.5
X52.481 Y-28.511
X52.697 Y-28.533
X52.909 Y-28.488
X53.097 Y-28.38
X53.243 Y-28.22
X53.333 Y-28.023
X53.419 Y-27.714
X53.461 Y-27.572
X53.522 Y-27.396
X53.534 Y-27.33 Z-10.471
X53.532 Y-27.263 Z-10.443
X53.514 Y-27.198 Z-10.414
X53.483 Y-27.138 Z-10.386
X53.439 Y-27.088 Z-10.357
X53.385 Y-27.048 Z-10.329
X53.323 Y-27.021 Z-10.3
X53.273 Y-27.01
X53.221 Y-27.008
X53.17 Y-27.015
X53.054 Y-27.041
X52.032 Y-27.268
X51.802 Y-27.32
X51.766 Y-27.33
X51.705 Y-27.36 Z-10.329
X51.653 Y-27.402 Z-10.357
X51.612 Y-27.455 Z-10.386
X51.583 Y-27.516 Z-10.414
X51.569 Y-27.581 Z-10.443
X51.57 Y-27.649 Z-10.471
X51.585 Y-27.714 Z-10.5
X51.726 Y-28.068
X51.786 Y-28.366
X51.823 Y-28.511
X51.884 Y-28.648
X51.971 Y-28.77
X52.076 Y-28.878
X52.108 Y-28.901
X52.308 Y-29.001
X52.529 Y-29.034
X52.749 Y-28.995
X52.946 Y-28.888
X53.099 Y-28.725
X53.193 Y-28.522
X53.333 Y-28.023
X53.341 Y-27.956 Z-10.471
X53.335 Y-27.89 Z-10.443
X53.313 Y-27.826 Z-10.414
X53.278 Y-27.769 Z-10.386
X53.232 Y-27.72 Z-10.357
X53.175 Y-27.684 Z-10.329
X53.112 Y-27.661 Z-10.3
X53.053 Y-27.652
X52.993 Y-27.656
X52.934 Y-27.672
X52.848 Y-27.705
X52.287 Y-27.918
X52.031 Y-28.016
X51.975 Y-28.037 Z-10.326
X51.914 Y-28.069 Z-10.355
X51.862 Y-28.113 Z-10.384
X51.822 Y-28.168 Z-10.413
X51.795 Y-28.231 Z-10.442
X51.783 Y-28.298 Z-10.471
X51.786 Y-28.366 Z-10.5
X51.797 Y-28.422
X51.821 Y-28.563
X51.871 Y-28.924
X51.899 Y-29.071
X52.031 Y-29.247
X52.215 Y-29.367
X52.428 Y-29.418
X52.646 Y-29.394
X52.844 Y-29.297
X52.996 Y-29.139
X53.086 Y-28.939
X53.193 Y-28.522
X53.201 Y-28.456 Z-10.471
X53.195 Y-28.389 Z-10.443
X53.173 Y-28.325 Z-10.414
X53.138 Y-28.268 Z-10.386
X53.092 Y-28.22 Z-10.357
X53.035 Y-28.183 Z-10.329
X52.972 Y-28.16 Z-10.3
X52.914 Y-28.152
X52.856 Y-28.155
X52.799 Y-28.17
X52.746 Y-28.195
X52.713 Y-28.215
X52.362 Y-28.427
X52.127 Y-28.568
X52.014 Y-28.637 Z-10.356
X51.961 Y-28.678 Z-10.385
X51.918 Y-28.73 Z-10.414
X51.888 Y-28.791 Z-10.442
X51.872 Y-28.856 Z-10.471
X51.871 Y-28.924 Z-10.5
X51.929 Y-29.344
X51.956 Y-29.491
X52.03 Y-29.622
X52.188 Y-29.737
X52.375 Y-29.796
X52.571 Y-29.791
X52.755 Y-29.724
X52.907 Y-29.601
X53.012 Y-29.435
X53.058 Y-29.245
X53.079 Y-28.97
X53.086 Y-28.939
X53.093 Y-28.872 Z-10.471
X53.085 Y-28.805 Z-10.443
X53.062 Y-28.742 Z-10.414
X53.026 Y-28.686 Z-10.386
X52.978 Y-28.638 Z-10.357
X52.921 Y-28.603 Z-10.329
X52.858 Y-28.582 Z-10.3
G3 X52.61 Y-28.637 R0.3
G1 X52.601 Y-28.644
X52.392 Y-28.806
X52.175 Y-28.974
X52.043 Y-29.076 Z-10.371
X51.999 Y-29.118 Z-10.397
X51.965 Y-29.168 Z-10.423
X51.941 Y-29.223 Z-10.448
X51.929 Y-29.283 Z-10.474
Y-29.344 Z-10.5
X51.938 Y-29.412
X51.978 Y-29.738
X52.004 Y-29.886
X52.084 Y-30.013
X52.24 Y-30.119
X52.423 Y-30.168
X52.611 Y-30.155
X52.785 Y-30.08
X52.925 Y-29.953
X53.015 Y-29.787
X53.047 Y-29.601
Y-29.412
X53.048 Y-29.378
X53.058 Y-29.245
X53.054 Y-29.188 Z-10.475
X53.039 Y-29.132 Z-10.451
X53.013 Y-29.08 Z-10.426
X52.976 Y-29.036 Z-10.402
X52.931 Y-28.999 Z-10.377
X52.88 Y-28.973 Z-10.353
X52.824 Y-28.957 Z-10.328
X52.759 Y-28.949 Z-10.3
G3 X52.087 Y-29.288 R0.727
G1 X52.042 Y-29.371 Z-10.34
X52.008 Y-29.459 Z-10.38
X51.986 Y-29.551 Z-10.42
X51.976 Y-29.644 Z-10.46
X51.978 Y-29.738 Z-10.5
X51.991 Y-29.837
X51.997 Y-29.979
X51.996 Y-30.056
X52. Y-30.206
X52.063 Y-30.342
X52.163 Y-30.455
X52.349 Y-30.537
X52.552 Y-30.549
X52.745 Y-30.488
X52.905 Y-30.362
X53.01 Y-30.188
X53.047 Y-29.988
Y-29.601
X53.037 Y-29.541 Z-10.474
X53.014 Y-29.484 Z-10.448
X52.978 Y-29.435 Z-10.422
X52.931 Y-29.395 Z-10.396
X52.876 Y-29.368 Z-10.37
X52.816 Y-29.354 Z-10.344
X52.714 Y-29.351 Z-10.3
G3 X52.162 Y-29.624 R0.745
G1 X52.108 Y-29.701 Z-10.34
X52.063 Y-29.784 Z-10.38
X52.029 Y-29.871 Z-10.42
X52.006 Y-29.963 Z-10.46
X51.996 Y-30.056 Z-10.5
X51.994 Y-30.12
X51.981 Y-30.262
X51.967 Y-30.374
X51.956 Y-30.524
X52. Y-30.667
X52.085 Y-30.791
X52.246 Y-30.89
X52.43 Y-30.932
X52.619 Y-30.913
X52.791 Y-30.834
X52.928 Y-30.704
X53.017 Y-30.537
X53.047 Y-30.35
Y-29.988
X53.038 Y-29.93 Z-10.475
X53.016 Y-29.876 Z-10.45
X52.983 Y-29.829 Z-10.426
X52.939 Y-29.79 Z-10.401
X52.888 Y-29.762 Z-10.376
X52.832 Y-29.747 Z-10.351
X52.772 Y-29.74 Z-10.326
X52.712 Y-29.738 Z-10.3
G3 X52.178 Y-29.962 R0.759
G1 X52.116 Y-30.032 Z-10.34
X52.063 Y-30.11 Z-10.38
X52.02 Y-30.194 Z-10.42
X51.988 Y-30.283 Z-10.46
X51.967 Y-30.374 Z-10.5
X51.914 Y-30.762
X51.901 Y-30.912
X51.951 Y-31.053
X52.038 Y-31.176
X52.208 Y-31.283
X52.405 Y-31.329
X52.606 Y-31.308
X52.789 Y-31.222
X52.933 Y-31.081
X53.023 Y-30.901
X53.049 Y-30.7
X53.047 Y-30.35
X53.037 Y-30.284 Z-10.471
X53.012 Y-30.221 Z-10.443
X52.974 Y-30.166 Z-10.414
X52.925 Y-30.12 Z-10.386
X52.867 Y-30.086 Z-10.357
X52.803 Y-30.067 Z-10.329
X52.736 Y-30.062 Z-10.3
X52.671 Y-30.071
X52.609 Y-30.095
X52.554 Y-30.132
X52.496 Y-30.18
X52.426 Y-30.24
X52.216 Y-30.416
X52.017 Y-30.584 Z-10.411
X51.979 Y-30.621 Z-10.433
X51.95 Y-30.664 Z-10.455
X51.927 Y-30.712 Z-10.478
X51.914 Y-30.762 Z-10.5
X51.86 Y-31.154
X51.847 Y-31.303
X51.898 Y-31.444
X51.982 Y-31.568
X52.092 Y-31.67
X52.291 Y-31.75
X52.506 Y-31.76
X52.712 Y-31.701
X52.888 Y-31.578
X53.014 Y-31.405
X53.078 Y-31.2
X53.072 Y-30.986
G3 X52.937 Y-30.798 R0.3
X52.709 Y-30.762 R0.3
G1 X52.51 Y-30.81
X52.085 Y-30.913
G3 X51.86 Y-31.154 R0.3
G1 X51.807 Y-31.535
X51.794 Y-31.685
X51.829 Y-31.831
X51.905 Y-31.96
X52.005 Y-32.072
X52.127 Y-32.159
X52.262 Y-32.225
X52.299 Y-32.235
X52.508 Y-32.262
X52.716 Y-32.224
X52.903 Y-32.127
X53.053 Y-31.978
X53.151 Y-31.791
X53.189 Y-31.583
X53.164 Y-31.373
X53.13 Y-31.252
X53.096 Y-31.111
X53.072 Y-30.986
X53.049 Y-30.922 Z-10.471
X53.014 Y-30.866 Z-10.443
X52.966 Y-30.818 Z-10.414
X52.909 Y-30.783 Z-10.386
X52.845 Y-30.761 Z-10.357
X52.779 Y-30.753 Z-10.329
X52.712 Y-30.761 Z-10.3
X52.65 Y-30.783
X52.594 Y-30.818
X52.483 Y-30.906
X52.33 Y-31.026
X52.115 Y-31.196
X51.917 Y-31.353 Z-10.407
X51.877 Y-31.39 Z-10.431
X51.845 Y-31.434 Z-10.454
X51.822 Y-31.483 Z-10.477
X51.807 Y-31.535 Z-10.5
X51.787 Y-31.677
X51.756 Y-31.819
X51.734 Y-31.896
X51.7 Y-32.043
X51.712 Y-32.192
X51.76 Y-32.334
X51.839 Y-32.462
X51.938 Y-32.574
X52.057 Y-32.666
X52.188 Y-32.74
X52.329 Y-32.791
X52.475 Y-32.823
X52.625 Y-32.834
X52.774 Y-32.825
X52.779 Y-32.824
X52.996 Y-32.744
X53.176 Y-32.598
X53.298 Y-32.402
X53.349 Y-32.177
X53.324 Y-31.947
X53.164 Y-31.373
X53.136 Y-31.312 Z-10.471
X53.096 Y-31.258 Z-10.443
X53.045 Y-31.215 Z-10.414
X52.985 Y-31.184 Z-10.386
X52.92 Y-31.167 Z-10.357
X52.853 Y-31.165 Z-10.329
X52.787 Y-31.178 Z-10.3
X52.754 Y-31.191
X52.722 Y-31.208
X52.55 Y-31.313
X52.316 Y-31.455
X52.083 Y-31.598
X51.863 Y-31.732 Z-10.409
X51.82 Y-31.764 Z-10.432
X51.784 Y-31.802 Z-10.455
X51.754 Y-31.847 Z-10.477
X51.734 Y-31.896 Z-10.5
X51.716 Y-31.96
X51.667 Y-32.102
X51.588 Y-32.286
X51.535 Y-32.426
X51.519 Y-32.576
X51.536 Y-32.725
X51.583 Y-32.867
X51.652 Y-33.
X51.74 Y-33.122
X51.843 Y-33.231
X51.959 Y-33.326
X52.085 Y-33.406
X52.221 Y-33.47
X52.363 Y-33.518
X52.51 Y-33.551
X52.659 Y-33.565
X52.809 Y-33.563
X52.958 Y-33.546
X53.019 Y-33.531
X53.199 Y-33.461
X53.354 Y-33.344
X53.47 Y-33.19
X53.539 Y-33.01
X53.557 Y-32.817
X53.521 Y-32.627
X53.487 Y-32.526
X53.324 Y-31.947
X53.297 Y-31.886 Z-10.471
X53.257 Y-31.832 Z-10.443
X53.205 Y-31.789 Z-10.414
X53.146 Y-31.758 Z-10.386
X53.081 Y-31.741 Z-10.357
X53.014 Y-31.739 Z-10.329
X52.948 Y-31.752 Z-10.3
X52.947
X52.687 Y-31.835
X52.243 Y-31.977
X51.982 Y-32.06
X51.767 Y-32.129 Z-10.396
X51.711 Y-32.153 Z-10.422
X51.661 Y-32.189 Z-10.448
X51.619 Y-32.234 Z-10.474
X51.588 Y-32.286 Z-10.5
X51.373 Y-32.781
X51.32 Y-32.921
X51.3 Y-33.076
X51.207 Y-33.373
X51.024 Y-33.626
X50.991 Y-33.656
X50.959 Y-33.687
X50.929 Y-33.719
X50.901 Y-33.754
X50.869 Y-33.813 Z-10.471
X50.851 Y-33.878 Z-10.443
X50.847 Y-33.945 Z-10.414
X50.859 Y-34.011 Z-10.386
X50.885 Y-34.073 Z-10.357
X50.924 Y-34.127 Z-10.329
X50.975 Y-34.172 Z-10.3
G3 X51.199 Y-34.222 R0.3
X51.393 Y-34.098 R0.3
X51.753 Y-32.857 R2.
G1 X51.749 Y-32.828
X51.742 Y-32.801
X51.718 Y-32.754 Z-10.322
X51.683 Y-32.715 Z-10.344
X51.64 Y-32.687 Z-10.367
X51.59 Y-32.67 Z-10.389
X51.538 Y-32.668 Z-10.411
X51.487 Y-32.678 Z-10.433
X51.44 Y-32.702 Z-10.456
X51.402 Y-32.737 Z-10.478
X51.373 Y-32.781 Z-10.5
X51.175 Y-33.234
X51.063 Y-33.485
X50.963 Y-33.659
X50.922 Y-33.727
X50.78 Y-33.914
X50.066 Y-34.791
X49.945 Y-34.932
X49.819 Y-35.074
X49.787 Y-35.104
X49.646 Y-35.226
X49.504 Y-35.332
X48.653 Y-35.933
X48.542 Y-36.007
G3 X48.476 Y-36.426 R0.3
X48.75 Y-36.548 R0.3
G1 X48.817 Y-36.541 Z-10.492
X48.88 Y-36.535 Z-10.47
X48.936 Y-36.529 Z-10.435
X48.984 Y-36.524 Z-10.387
X49.019 Y-36.52 Z-10.33
X49.041 Y-36.518 Z-10.267
X49.049 Y-36.517 Z-10.2
G0 Z5.
X58.137 Y-37.287
Z-9.9
G1 Z-10.2 F1000.
X58.133 Y-37.28 Z-10.267
X58.121 Y-37.262 Z-10.33
X58.102 Y-37.231 Z-10.387
X58.077 Y-37.191 Z-10.435
X58.047 Y-37.143 Z-10.47
X58.014 Y-37.089 Z-10.492
X57.978 Y-37.032 Z-10.5
G3 X57.411 Y-36.489 R1.583
G1 X56.59 Y-36.065
X56.451 Y-35.992
X56.06 Y-35.782
X56.026 Y-35.76
X55.884 Y-35.65
X55.801 Y-35.579
X55.769 Y-35.551
X55.742 Y-35.528
X55.623 Y-35.437
X55.489 Y-35.357
X55.375 Y-35.251
X55.319 Y-35.167
X55.288 Y-35.125
X55.254 Y-35.084
X55.216 Y-35.047
X55.161 Y-35.009 Z-10.471
X55.099 Y-34.984 Z-10.443
X55.032 Y-34.973 Z-10.414
X54.965 Y-34.978 Z-10.386
X54.901 Y-34.997 Z-10.357
X54.843 Y-35.03 Z-10.329
X54.793 Y-35.076 Z-10.3
G3 X54.817 Y-35.494 R0.3
G1 X55.337 Y-35.97
G3 X55.76 Y-35.952 R0.3
G1 X55.8 Y-35.898 Z-10.329
X55.826 Y-35.836 Z-10.357
X55.838 Y-35.77 Z-10.386
X55.836 Y-35.703 Z-10.414
X55.818 Y-35.638 Z-10.443
X55.786 Y-35.579 Z-10.471
X55.742 Y-35.528 Z-10.5
X55.6 Y-35.405
X54.891 Y-34.743
X54.75 Y-34.608
X54.652 Y-34.508
X54.531 Y-34.366
X54.259 Y-33.942
X53.743 Y-33.092
X53.662 Y-32.951
X53.59 Y-32.809
X53.535 Y-32.668
X53.521 Y-32.627
G3 X53.135 Y-32.452 R0.3
X52.945 Y-32.683 R0.3
G1 X52.934 Y-32.749 Z-10.492
X52.923 Y-32.812 Z-10.47
X52.914 Y-32.868 Z-10.435
X52.906 Y-32.915 Z-10.387
X52.9 Y-32.95 Z-10.33
X52.897 Y-32.972 Z-10.267
X52.896 Y-32.979 Z-10.2
G0 Z5.
X42.999 Y-37.216
Z-9.9
G1 Z-10.2 F1000.
X42.995 Y-37.21 Z-10.267
X42.983 Y-37.191 Z-10.33
X42.964 Y-37.161 Z-10.387
X42.939 Y-37.12 Z-10.435
X42.909 Y-37.072 Z-10.47
X42.876 Y-37.018 Z-10.492
X42.84 Y-36.962 Z-10.5
G3 X42.273 Y-36.418 R1.583
G1 X41.422 Y-35.978
X40.982 Y-35.73
X40.966 Y-35.72
X40.875 Y-35.64
X40.695 Y-35.499
X40.55 Y-35.403
X40.364 Y-35.3
X40.124 Y-35.191
X39.812 Y-35.079
X39.383 Y-34.963
X38.77 Y-34.849
X38.15 Y-34.782
X37.527 Y-34.743
X36.903 Y-34.72
X36.28 Y-34.707
X35.656 Y-34.699
X35.483 Y-34.697
X35.285 Y-34.724
X35.103 Y-34.804
X34.95 Y-34.932
X34.9 Y-34.988
X34.817 Y-35.074
X34.759 Y-35.132
X34.617 Y-35.25
X34.468 Y-35.357
X33.624 Y-35.953
X33.542 Y-36.009
X33.5 Y-36.046 Z-10.476
X33.466 Y-36.091 Z-10.452
X33.44 Y-36.141 Z-10.428
X33.425 Y-36.195 Z-10.404
X33.419 Y-36.251 Z-10.381
X33.426 Y-36.314 Z-10.354
X33.446 Y-36.374 Z-10.327
X33.477 Y-36.428 Z-10.3
G3 X33.736 Y-36.55 R0.3
G1 X40.643 Y-36.161
X40.687 Y-36.159
X40.743 Y-36.15
X40.797 Y-36.131
X40.847 Y-36.102
X40.889 Y-36.064
X40.929 Y-36.01 Z-10.329
X40.956 Y-35.949 Z-10.357
X40.969 Y-35.883 Z-10.386
X40.967 Y-35.815 Z-10.414
X40.95 Y-35.751 Z-10.443
X40.918 Y-35.691 Z-10.471
X40.875 Y-35.64 Z-10.5
X40.549 Y-35.357
X40.005 Y-34.849
X39.943 Y-34.791
X39.721 Y-34.574
X39.57 Y-34.441
X39.425 Y-34.332
X39.252 Y-34.223
X39.033 Y-34.109
X38.752 Y-33.989
X38.385 Y-33.867
X37.881 Y-33.742
X37.265 Y-33.642
X36.644 Y-33.582
X36.416 Y-33.573
X36.198 Y-33.598
X35.999 Y-33.69
X35.838 Y-33.839
X35.751 Y-33.949
X34.992 Y-34.882
X34.95 Y-34.932
X34.916 Y-34.99 Z-10.471
X34.895 Y-35.054 Z-10.443
X34.888 Y-35.121 Z-10.414
X34.897 Y-35.187 Z-10.386
X34.921 Y-35.25 Z-10.357
X34.957 Y-35.306 Z-10.329
X35.006 Y-35.353 Z-10.3
X35.052 Y-35.382
X35.103 Y-35.402
X35.157 Y-35.413
X35.211 Y-35.414
X35.266 Y-35.41
X39.459 Y-35.086
X39.527 Y-35.08
X39.594 Y-35.067
X39.657 Y-35.039
X39.711 Y-34.998
X39.754 Y-34.946 Z-10.329
X39.785 Y-34.887 Z-10.357
X39.801 Y-34.821 Z-10.386
X39.803 Y-34.754 Z-10.414
X39.789 Y-34.689 Z-10.443
X39.762 Y-34.627 Z-10.471
X39.721 Y-34.574 Z-10.5
X39.653 Y-34.508
X39.579 Y-34.427
X39.531 Y-34.366
X39.259 Y-33.942
X39.154 Y-33.769
X39.07 Y-33.645
X38.974 Y-33.529
X38.87 Y-33.422
X38.738 Y-33.308
X38.565 Y-33.182
X38.372 Y-33.063
X38.118 Y-32.934
X37.816 Y-32.809
X37.532 Y-32.718
X37.26 Y-32.655
X37.048 Y-32.623
X36.953 Y-32.616
X36.739 Y-32.634
X36.542 Y-32.716
X36.378 Y-32.853
X36.263 Y-33.034
X36.113 Y-33.375
X36.046 Y-33.517
X35.967 Y-33.659
X35.869 Y-33.8
X35.838 Y-33.839
X35.805 Y-33.897 Z-10.471
X35.785 Y-33.961 Z-10.443
X35.78 Y-34.028 Z-10.414
X35.791 Y-34.095 Z-10.386
X35.815 Y-34.157 Z-10.357
X35.853 Y-34.212 Z-10.329
X35.903 Y-34.258 Z-10.3
X35.961 Y-34.291
X36.024 Y-34.311
X36.091 Y-34.316
X36.164 Y-34.313
X38.772 Y-34.22
X38.903 Y-34.216
X38.95 Y-34.21
X38.996 Y-34.197
X39.039 Y-34.177
X39.094 Y-34.138 Z-10.329
X39.138 Y-34.088 Z-10.357
X39.17 Y-34.029 Z-10.386
X39.188 Y-33.964 Z-10.414
X39.192 Y-33.897 Z-10.443
X39.18 Y-33.831 Z-10.471
X39.154 Y-33.769 Z-10.5
X38.728 Y-33.07
X38.662 Y-32.951
X38.587 Y-32.802
X38.571 Y-32.762
X38.51 Y-32.624
X38.422 Y-32.503
X38.322 Y-32.392
X38.21 Y-32.287
X38.087 Y-32.188
X37.961 Y-32.104
X37.825 Y-32.027
X37.68 Y-31.96
X37.539 Y-31.909
X37.394 Y-31.869
X37.358 Y-31.863
X37.171 Y-31.855
X36.989 Y-31.897
X36.824 Y-31.985
X36.689 Y-32.114
X36.593 Y-32.274
X36.263 Y-33.034
X36.247 Y-33.088 Z-10.476
X36.242 Y-33.144 Z-10.452
Y-33.145
X36.248 Y-33.204 Z-10.427
X36.265 Y-33.261 Z-10.401
X36.294 Y-33.313 Z-10.376
X36.332 Y-33.359 Z-10.351
X36.378 Y-33.396 Z-10.325
X36.431 Y-33.423 Z-10.3
X36.483 Y-33.439
X36.536 Y-33.444
X36.59 Y-33.441
X36.7 Y-33.423
X38.116 Y-33.191
X38.336 Y-33.155
X38.385 Y-33.143
X38.446 Y-33.114 Z-10.329
X38.499 Y-33.072 Z-10.357
X38.541 Y-33.02 Z-10.386
X38.57 Y-32.96 Z-10.414
X38.585 Y-32.894 Z-10.443
X38.586 Y-32.827 Z-10.471
X38.571 Y-32.762 Z-10.5
X38.535 Y-32.668
X38.487 Y-32.526
X38.346 Y-32.024
X38.298 Y-31.882
X38.227 Y-31.749
X38.139 Y-31.628
X38.035 Y-31.52
X37.919 Y-31.425
X37.792 Y-31.346
X37.74 Y-31.321
X37.539 Y-31.262
X37.331 Y-31.265
X37.132 Y-31.329
X36.961 Y-31.449
X36.833 Y-31.614
X36.759 Y-31.809
X36.754 Y-31.874 Z-10.472
X36.764 Y-31.938 Z-10.445
X36.787 Y-31.999 Z-10.417
X36.823 Y-32.053 Z-10.39
X36.87 Y-32.098 Z-10.362
X36.925 Y-32.132 Z-10.334
X36.986 Y-32.154 Z-10.307
X37.001 Y-32.157 Z-10.3
X37.268 Y-32.219
X37.856 Y-32.357
X37.986 Y-32.387
X38.032 Y-32.394
X38.079
X38.125 Y-32.386
X38.188 Y-32.363 Z-10.329
X38.245 Y-32.326 Z-10.357
X38.292 Y-32.278 Z-10.386
X38.326 Y-32.221 Z-10.414
X38.348 Y-32.157 Z-10.443
X38.354 Y-32.09 Z-10.471
X38.346 Y-32.024 Z-10.5
X38.144 Y-31.303
X38.097 Y-31.161
X38.015 Y-31.035
X37.838 Y-30.902
X37.628 Y-30.831
X37.406 Y-30.83
X37.195 Y-30.899
X37.016 Y-31.03
X36.888 Y-31.211
X36.823 Y-31.423
X36.787 Y-31.677
X36.759 Y-31.809
X36.755 Y-31.876 Z-10.471
X36.765 Y-31.943 Z-10.443
X36.791 Y-32.005 Z-10.414
X36.829 Y-32.06 Z-10.386
X36.879 Y-32.105 Z-10.357
X36.937 Y-32.138 Z-10.329
X37.002 Y-32.157 Z-10.3
X37.056 Y-32.162
X37.11 Y-32.156
X37.162 Y-32.142
X37.211 Y-32.118
X37.259 Y-32.088
X37.696 Y-31.821
X37.93 Y-31.678
X38.009 Y-31.63 Z-10.34
X38.059 Y-31.591 Z-10.366
X38.1 Y-31.544 Z-10.393
X38.13 Y-31.488 Z-10.42
X38.148 Y-31.428 Z-10.446
X38.152 Y-31.365 Z-10.473
X38.144 Y-31.303 Z-10.5
X38.13 Y-31.252
X38.096 Y-31.111
X38.069 Y-30.969
X38.064 Y-30.926
X38.042 Y-30.778
X37.974 Y-30.644
X37.875 Y-30.531
X37.682 Y-30.438
X37.469 Y-30.415
X37.261 Y-30.465
X37.082 Y-30.582
X36.952 Y-30.753
X36.887 Y-30.957
X36.823 Y-31.423
Y-31.49 Z-10.471
X36.839 Y-31.555 Z-10.443
X36.868 Y-31.616 Z-10.414
X36.911 Y-31.668 Z-10.386
X36.963 Y-31.709 Z-10.357
X37.024 Y-31.738 Z-10.329
X37.09 Y-31.752 Z-10.3
X37.147 Y-31.753
X37.204 Y-31.742
X37.258 Y-31.721
X37.307 Y-31.69
X37.34 Y-31.664
X37.595 Y-31.463
X37.809 Y-31.294
X37.951 Y-31.182 Z-10.376
X37.993 Y-31.142 Z-10.401
X38.026 Y-31.094 Z-10.426
X38.05 Y-31.041 Z-10.451
X38.063 Y-30.985 Z-10.475
X38.064 Y-30.926 Z-10.5
X38.054 Y-30.828
X38.049 Y-30.686
X38.048 Y-30.545
X38.039 Y-30.395
X37.978 Y-30.258
X37.883 Y-30.142
X37.703 Y-30.048
X37.502 Y-30.021
X37.304 Y-30.065
X37.133 Y-30.173
X37.008 Y-30.334
X36.946 Y-30.527
X36.887 Y-30.957
X36.888 Y-31.024 Z-10.471
X36.904 Y-31.089 Z-10.443
X36.933 Y-31.149 Z-10.414
X36.976 Y-31.202 Z-10.386
X37.029 Y-31.243 Z-10.357
X37.089 Y-31.271 Z-10.329
X37.155 Y-31.286 Z-10.3
X37.213
X37.271 Y-31.275
X37.325 Y-31.253
X37.373 Y-31.221
X37.405 Y-31.196
X37.558 Y-31.074
X37.771 Y-30.902
X37.936 Y-30.77 Z-10.39
X37.982 Y-30.724 Z-10.417
X38.017 Y-30.67 Z-10.445
X38.039 Y-30.609 Z-10.472
X38.048 Y-30.545 Z-10.5
X38.047 Y-30.149
X38.039 Y-29.999
X37.977 Y-29.862
X37.835 Y-29.74
X37.661 Y-29.672
X37.473 Y-29.665
X37.294 Y-29.72
X37.144 Y-29.832
X37.038 Y-29.987
X36.99 Y-30.168
X36.981 Y-30.262
X36.954 Y-30.471
X36.946 Y-30.527
X36.947 Y-30.591 Z-10.473
X36.963 Y-30.653 Z-10.445
X36.993 Y-30.71 Z-10.418
X37.036 Y-30.758 Z-10.391
X37.088 Y-30.794 Z-10.364
X37.148 Y-30.818 Z-10.336
X37.232 Y-30.834 Z-10.3
G3 X37.882 Y-30.581 R0.717
G1 X37.937 Y-30.505 Z-10.34
X37.982 Y-30.422 Z-10.38
X38.015 Y-30.334 Z-10.42
X38.037 Y-30.242 Z-10.46
X38.047 Y-30.149 Z-10.5
Y-29.794
X38.039 Y-29.644
X37.981 Y-29.506
X37.886 Y-29.39
X37.726 Y-29.308
X37.548 Y-29.281
X37.371 Y-29.311
X37.213 Y-29.396
X37.089 Y-29.526
X37.013 Y-29.689
X36.992 Y-29.868
X36.997 Y-29.979
X36.994 Y-30.12
X36.99 Y-30.168
X36.993 Y-30.227 Z-10.475
X37.01 Y-30.284 Z-10.449
X37.039 Y-30.336 Z-10.424
X37.079 Y-30.38 Z-10.399
X37.128 Y-30.413 Z-10.374
X37.184 Y-30.435 Z-10.348
X37.239 Y-30.447 Z-10.324
X37.296 Y-30.455 Z-10.3
G3 X37.876 Y-30.224 R0.688
G1 X37.933 Y-30.149 Z-10.34
X37.98 Y-30.067 Z-10.38
X38.014 Y-29.979 Z-10.42
X38.037 Y-29.888 Z-10.46
X38.047 Y-29.794 Z-10.5
Y-29.412
X38.049 Y-29.37
X38.052 Y-29.22
X37.991 Y-29.083
X37.848 Y-28.96
X37.673 Y-28.889
X37.485 Y-28.876
X37.303 Y-28.923
X37.144 Y-29.025
X37.026 Y-29.172
X36.96 Y-29.349
X36.954 Y-29.538
X36.991 Y-29.837
X36.992 Y-29.868
X37.005 Y-29.929 Z-10.473
X37.032 Y-29.986 Z-10.446
X37.073 Y-30.034 Z-10.42
X37.124 Y-30.07 Z-10.393
X37.183 Y-30.093 Z-10.366
X37.245 Y-30.1 Z-10.339
X37.338 Y-30.094 Z-10.3
G3 X37.872 Y-29.799 R0.814
G1 X37.927 Y-29.722 Z-10.34
X37.973 Y-29.64 Z-10.38
X38.009 Y-29.553 Z-10.42
X38.034 Y-29.462 Z-10.46
X38.049 Y-29.37 Z-10.5
X38.075 Y-29.016
X38.079 Y-28.866
X38.05 Y-28.713
X38.059 Y-28.401
X38.24 Y-27.804
X38.468 Y-27.473
X38.502 Y-27.419
X38.53 Y-27.363
X38.554 Y-27.304
G3 X38.528 Y-27.069 R0.3
X38.341 Y-26.925 R0.3
G1 X38.304 Y-26.921 Z-10.498
X38.267 Y-26.916 Z-10.491
Z-10.49
X38.212 Y-26.93 Z-10.469
X38.162 Y-26.943 Z-10.436
X38.12 Y-26.955 Z-10.394
X38.095 Y-26.972 Z-10.351
X38.077 Y-26.986 Z-10.303
X38.066 Y-26.994 Z-10.253
X38.062 Y-26.996 Z-10.2
G0 Z5.
X37.627 Y-29.997
Z-9.9
G1 Z-10.2 F1000.
X37.631 Y-29.991 Z-10.267
X37.644 Y-29.973 Z-10.33
X37.664 Y-29.944 Z-10.387
X37.691 Y-29.905 Z-10.435
X37.724 Y-29.858 Z-10.47
X37.76 Y-29.806 Z-10.492
X37.799 Y-29.752 Z-10.5
G3 X38.075 Y-29.016 R1.583
G1 X38.079 Y-28.97
X38.182 Y-28.563
X38.261 Y-28.28
X38.445 Y-27.623
X38.461 Y-27.572
X38.587 Y-27.208
X38.61 Y-27.148
X38.686 Y-27.006
X38.728 Y-26.93
X39.371 Y-25.874
X39.437 Y-25.771
X39.579 Y-25.58
X39.692 Y-25.449
X39.721 Y-25.42
X39.837 Y-25.308
X40.746 Y-24.458
X40.94 Y-24.278
X41.18 Y-24.014
X41.419 Y-23.706
X41.673 Y-23.316
X41.937 Y-22.832
X42.063 Y-22.548
X42.205 Y-22.185
X42.257 Y-22.038
X42.305 Y-21.889
X42.316 Y-21.823 Z-10.471
X42.312 Y-21.756 Z-10.443
X42.293 Y-21.692 Z-10.414
X42.26 Y-21.633 Z-10.386
X42.215 Y-21.583 Z-10.357
X42.16 Y-21.544 Z-10.329
X42.098 Y-21.519 Z-10.3
G3 X41.759 Y-21.653 R0.3
G1 X40.309 Y-24.064
G3 X40.326 Y-24.399 R0.3
G1 X40.372 Y-24.448 Z-10.329
X40.428 Y-24.485 Z-10.357
X40.491 Y-24.509 Z-10.386
X40.557 Y-24.519 Z-10.414
X40.624 Y-24.513 Z-10.443
X40.688 Y-24.493 Z-10.471
X40.746 Y-24.458 Z-10.5
X40.922 Y-24.317
X40.997 Y-24.262
X41.422 Y-24.022
X41.946 Y-23.751
X42.091 Y-23.666
X42.221 Y-23.576
X42.367 Y-23.456
X42.479 Y-23.347
X42.585 Y-23.232
X42.713 Y-23.144
X42.858 Y-23.086
X43.012 Y-23.061
X43.323 Y-23.081
X43.488 Y-23.129
X43.599 Y-23.152
X43.712 Y-23.156
X43.825 Y-23.142
X43.888 Y-23.119 Z-10.471
X43.944 Y-23.082 Z-10.443
X43.991 Y-23.034 Z-10.414
X44.026 Y-22.977 Z-10.386
X44.047 Y-22.913 Z-10.357
X44.054 Y-22.846 Z-10.329
X44.045 Y-22.78 Z-10.3
G3 X43.9 Y-22.589 R0.3
X43.661 Y-22.565 R0.3
G1 X41.725 Y-23.194
G3 X41.542 Y-23.361 R0.3
X41.547 Y-23.609 R0.3
G1 X41.582 Y-23.666 Z-10.329
X41.63 Y-23.713 Z-10.357
X41.686 Y-23.749 Z-10.386
X41.749 Y-23.772 Z-10.414
X41.816 Y-23.78 Z-10.443
X41.883 Y-23.773 Z-10.471
X41.946 Y-23.751 Z-10.5
X42.273 Y-23.582
X42.415 Y-23.511
X42.557 Y-23.444
X42.698 Y-23.393
X42.84 Y-23.352
X43.265 Y-23.258
X44.116 Y-23.082
X44.258 Y-23.059
X44.595 Y-23.014
X44.967 Y-23.03
X45.109 Y-23.038
X45.959 Y-23.096
X46.101 Y-23.106
X46.243 Y-23.118
X46.289 Y-23.126
X46.357 Z-10.471
X46.422 Y-23.111 Z-10.443
X46.483 Y-23.082 Z-10.414
X46.535 Y-23.04 Z-10.386
X46.577 Y-22.988 Z-10.357
X46.607 Y-22.927 Z-10.329
X46.622 Y-22.862 Z-10.3
X46.623 Y-22.804
X46.606 Y-22.589
X46.212 Y-17.472
X46.191 Y-17.199
X46.19 Y-17.186 Z-10.305
X46.178 Y-17.122 Z-10.333
X46.153 Y-17.062 Z-10.361
X46.115 Y-17.009 Z-10.389
X46.066 Y-16.965 Z-10.417
X46.009 Y-16.933 Z-10.444
X45.946 Y-16.914 Z-10.472
X45.881 Y-16.909 Z-10.5
X45.109 Y-16.962
X45.031 Y-16.967
X44.881 Y-16.983
X44.736 Y-17.018
X44.596 Y-17.074
X44.46 Y-17.149
X44.31 Y-17.191
X44.154 Y-17.2
X44. Y-17.173
X43.856 Y-17.114
X43.476 Y-16.844
X43.396 Y-16.795
X43.31 Y-16.758
X43.22 Y-16.732
X43.153 Y-16.727 Z-10.471
X43.087 Y-16.738 Z-10.443
X43.025 Y-16.763 Z-10.414
X42.969 Y-16.801 Z-10.386
X42.924 Y-16.85 Z-10.357
X42.891 Y-16.909 Z-10.329
X42.871 Y-16.973 Z-10.3
G3 X42.924 Y-17.204 R0.3
X43.128 Y-17.324 R0.3
G1 X44.999 Y-17.564
G3 X45.238 Y-17.49 R0.3
X45.337 Y-17.26 R0.3
G1 X45.328 Y-17.193 Z-10.329
X45.304 Y-17.131 Z-10.357
X45.267 Y-17.074 Z-10.386
X45.219 Y-17.028 Z-10.414
X45.161 Y-16.994 Z-10.443
X45.097 Y-16.973 Z-10.471
X45.031 Y-16.967 Z-10.5
X44.967 Y-16.97
X44.595 Y-16.986
X44.258 Y-16.941
X44.116 Y-16.918
X43.265 Y-16.742
X42.84 Y-16.648
X42.698 Y-16.607
X42.557 Y-16.556
X42.415 Y-16.489
X42.273 Y-16.418
X41.422 Y-15.978
X41.045 Y-15.765
X40.983 Y-15.742 Z-10.472
X40.918 Y-15.732 Z-10.444
X40.852 Y-15.737 Z-10.416
X40.789 Y-15.756 Z-10.388
X40.732 Y-15.788 Z-10.36
X40.683 Y-15.832 Z-10.332
X40.644 Y-15.886 Z-10.304
X40.64 Y-15.894 Z-10.3
X40.507 Y-16.133
X35.597 Y-24.977
X35.464 Y-25.217
X35.404 Y-25.325 Z-10.353
X35.377 Y-25.389 Z-10.382
X35.366 Y-25.458 Z-10.412
X35.371 Y-25.527 Z-10.441
X35.392 Y-25.593 Z-10.471
X35.427 Y-25.652 Z-10.5
X35.836 Y-26.157
X35.893 Y-26.232
X35.938 Y-26.299
X36.035 Y-26.46
X36.093 Y-26.582
X36.158 Y-26.723
X36.527 Y-27.572
X36.602 Y-27.756
X36.698 Y-27.997
X36.744 Y-28.124
X36.747 Y-28.139
X36.798 Y-28.422
X36.821 Y-28.563
X36.938 Y-29.412
X36.954 Y-29.538
G3 X37.297 Y-29.786 R0.3
X37.53 Y-29.597 R0.3
G1 X37.554 Y-29.534 Z-10.492
X37.577 Y-29.475 Z-10.47
X37.597 Y-29.422 Z-10.435
X37.614 Y-29.378 Z-10.387
X37.626 Y-29.344 Z-10.33
X37.634 Y-29.324 Z-10.267
X37.637 Y-29.316 Z-10.2
G0 Z5.
X27.97 Y-37.202
Z-9.9
G1 Z-10.2 F1000.
X27.966 Y-37.195 Z-10.267
X27.954 Y-37.176 Z-10.33
X27.935 Y-37.146 Z-10.387
X27.91 Y-37.106 Z-10.435
X27.88 Y-37.057 Z-10.47
X27.847 Y-37.003 Z-10.492
X27.812 Y-36.947 Z-10.5
G3 X27.244 Y-36.404 R1.583
G1 X26.394 Y-35.963
X26.32 Y-35.923
X25.968 Y-35.72
X25.916 Y-35.684
X25.827 Y-35.607
X25.683 Y-35.495
X25.536 Y-35.398
X25.349 Y-35.296
X25.107 Y-35.187
X24.792 Y-35.075
X24.358 Y-34.959
X23.744 Y-34.846
X23.124 Y-34.781
X22.501 Y-34.742
X21.877 Y-34.72
X21.254 Y-34.706
X20.63 Y-34.699
X20.475 Y-34.697
X20.275 Y-34.725
X20.091 Y-34.809
X19.939 Y-34.941
X19.872 Y-35.019
X19.815 Y-35.074
X19.655 Y-35.215
X19.588 Y-35.271
X19.163 Y-35.573
X18.538 Y-36.013
X18.49 Y-36.059 Z-10.471
X18.452 Y-36.115 Z-10.443
X18.428 Y-36.177 Z-10.414
X18.418 Y-36.244 Z-10.386
X18.424 Y-36.311 Z-10.357
X18.444 Y-36.375 Z-10.329
X18.478 Y-36.433 Z-10.3
G3 X18.737 Y-36.553 R0.3
G1 X25.596 Y-36.129
X25.641 Y-36.127
X25.697 Y-36.118
X25.751 Y-36.098
X25.8 Y-36.069
X25.843 Y-36.031
X25.882 Y-35.977 Z-10.329
X25.909 Y-35.915 Z-10.357
X25.922 Y-35.849 Z-10.386
X25.919 Y-35.782 Z-10.414
X25.902 Y-35.717 Z-10.443
X25.87 Y-35.658 Z-10.471
X25.827 Y-35.607 Z-10.5
X25.685 Y-35.484
X24.791 Y-34.649
X24.692 Y-34.55
X24.586 Y-34.444
X24.443 Y-34.336
X24.267 Y-34.225
X24.049 Y-34.111
X23.767 Y-33.991
X23.402 Y-33.869
X22.898 Y-33.744
X22.282 Y-33.644
X21.661 Y-33.583
X21.416 Y-33.572
X21.194 Y-33.598
X20.991 Y-33.693
X20.829 Y-33.847
X20.757 Y-33.942
X20.066 Y-34.791
X20.014 Y-34.854
X19.939 Y-34.941
X19.903 Y-34.998 Z-10.471
X19.881 Y-35.061 Z-10.443
X19.873 Y-35.128 Z-10.414
X19.881 Y-35.195 Z-10.386
X19.903 Y-35.258 Z-10.357
X19.938 Y-35.315 Z-10.329
X19.985 Y-35.363 Z-10.3
X20.033 Y-35.394
X20.087 Y-35.416
X20.143 Y-35.427
X20.2
X20.244 Y-35.423
X24.397 Y-35.049
X24.489 Y-35.041
X24.548 Y-35.03
X24.604 Y-35.006
X24.654 Y-34.972
X24.701 Y-34.924 Z-10.329
X24.735 Y-34.866 Z-10.357
X24.756 Y-34.802 Z-10.386
X24.762 Y-34.736 Z-10.414
X24.753 Y-34.669 Z-10.443
X24.729 Y-34.606 Z-10.471
X24.692 Y-34.55 Z-10.5
X24.55 Y-34.392
X24.531 Y-34.366
X24.259 Y-33.942
X24.125 Y-33.722
X24.041 Y-33.598
X23.942 Y-33.485
X23.83 Y-33.378
X23.683 Y-33.26
X23.502 Y-33.136
X23.288 Y-33.014
X23.007 Y-32.882
X22.698 Y-32.766
X22.43 Y-32.689
X22.172 Y-32.637
X21.975 Y-32.614
X21.932 Y-32.612
X21.724 Y-32.636
X21.533 Y-32.719
X21.375 Y-32.856
X21.264 Y-33.033
X21.113 Y-33.375
X21.046 Y-33.517
X20.965 Y-33.659
X20.864 Y-33.801
X20.829 Y-33.847
X20.797 Y-33.906 Z-10.471
X20.778 Y-33.971 Z-10.443
X20.774 Y-34.038 Z-10.414
X20.786 Y-34.104 Z-10.386
X20.811 Y-34.166 Z-10.357
X20.85 Y-34.221 Z-10.329
X20.9 Y-34.265 Z-10.3
X20.959 Y-34.298
X21.023 Y-34.316
X21.09 Y-34.32
X21.162 Y-34.316
X23.744 Y-34.176
X23.88 Y-34.168
X23.947 Y-34.157
X24.011 Y-34.13
X24.065 Y-34.091 Z-10.329
X24.109 Y-34.041 Z-10.357
X24.142 Y-33.982 Z-10.386
X24.16 Y-33.917 Z-10.414
X24.163 Y-33.85 Z-10.443
X24.151 Y-33.784 Z-10.471
X24.125 Y-33.722 Z-10.5
X23.7 Y-33.022
X23.66 Y-32.951
X23.597 Y-32.809
X23.533 Y-32.674
X23.45 Y-32.549
X23.355 Y-32.433
X23.249 Y-32.326
X23.129 Y-32.224
X23. Y-32.131
X22.872 Y-32.053
X22.728 Y-31.982
X22.589 Y-31.926
X22.446 Y-31.882
X22.379 Y-31.868
X22.189 Y-31.854
X22.001 Y-31.893
X21.831 Y-31.981
X21.692 Y-32.111
X21.592 Y-32.275
X21.264 Y-33.033
X21.246 Y-33.098 Z-10.471
X21.244 Y-33.165 Z-10.443
X21.256 Y-33.231 Z-10.414
X21.283 Y-33.292 Z-10.386
X21.323 Y-33.346 Z-10.357
X21.374 Y-33.39 Z-10.329
X21.433 Y-33.422 Z-10.3
X21.481 Y-33.436
X21.531 Y-33.442
X21.581 Y-33.44
X21.703 Y-33.424
X23.15 Y-33.237
X23.354 Y-33.211
X23.419 Y-33.195
X23.479 Y-33.164 Z-10.329
X23.531 Y-33.122 Z-10.357
X23.572 Y-33.068 Z-10.386
X23.6 Y-33.007 Z-10.414
X23.614 Y-32.942 Z-10.443
X23.613 Y-32.875 Z-10.471
X23.597 Y-32.809 Z-10.5
X23.539 Y-32.668
X23.487 Y-32.526
X23.346 Y-32.024
X23.298 Y-31.882
X23.228 Y-31.749
X23.139 Y-31.628
X23.035 Y-31.52
X22.919 Y-31.425
X22.792 Y-31.346
X22.74 Y-31.322
X22.54 Y-31.262
X22.332 Y-31.264
X22.133 Y-31.328
X21.962 Y-31.447
X21.833 Y-31.611
X21.759 Y-31.805
X21.754 Y-31.87 Z-10.472
X21.764 Y-31.934 Z-10.445
X21.787 Y-31.995 Z-10.417
X21.822 Y-32.05 Z-10.389
X21.869 Y-32.095 Z-10.362
X21.924 Y-32.13 Z-10.334
X21.985 Y-32.151 Z-10.306
X21.999 Y-32.155 Z-10.3
X22.266 Y-32.217
X22.856 Y-32.356
X22.986 Y-32.387
X23.032 Y-32.394
X23.079
X23.125 Y-32.386
X23.188 Y-32.363 Z-10.329
X23.245 Y-32.326 Z-10.357
X23.292 Y-32.278 Z-10.386
X23.326 Y-32.221 Z-10.414
X23.348 Y-32.157 Z-10.443
X23.354 Y-32.09 Z-10.471
X23.346 Y-32.024 Z-10.5
X23.149 Y-31.322
X23.102 Y-31.179
X23.025 Y-31.051
X22.849 Y-30.912
X22.638 Y-30.837
X22.414 Y-30.833
X22.2 Y-30.9
X22.019 Y-31.031
X21.888 Y-31.212
X21.822 Y-31.426
X21.787 Y-31.677
X21.759 Y-31.805
X21.754 Y-31.872 Z-10.471
X21.765 Y-31.938 Z-10.443
X21.789 Y-32.001 Z-10.414
X21.828 Y-32.056 Z-10.386
X21.877 Y-32.101 Z-10.357
X21.935 Y-32.135 Z-10.329
X22. Y-32.154 Z-10.3
X22.052 Y-32.159
X22.105 Y-32.155
X22.157 Y-32.141
X22.205 Y-32.119
X22.257 Y-32.088
X22.697 Y-31.833
X22.934 Y-31.695
X23.008 Y-31.651 Z-10.337
X23.06 Y-31.614 Z-10.364
X23.102 Y-31.566 Z-10.391
X23.134 Y-31.51 Z-10.418
X23.152 Y-31.449 Z-10.446
X23.158 Y-31.385 Z-10.473
X23.149 Y-31.322 Z-10.5
X23.13 Y-31.252
X23.096 Y-31.111
X23.069 Y-30.969
X23.064 Y-30.926
X23.042 Y-30.778
X22.972 Y-30.645
X22.873 Y-30.533
X22.68 Y-30.441
X22.467 Y-30.419
X22.26 Y-30.469
X22.081 Y-30.586
X21.952 Y-30.757
X21.887 Y-30.96
X21.822 Y-31.426
X21.823 Y-31.493 Z-10.471
X21.838 Y-31.559 Z-10.443
X21.868 Y-31.619 Z-10.414
X21.91 Y-31.671 Z-10.386
X21.963 Y-31.713 Z-10.357
X22.024 Y-31.741 Z-10.329
X22.089 Y-31.756 Z-10.3
X22.147
X22.204 Y-31.746
X22.258 Y-31.724
X22.307 Y-31.693
X22.339 Y-31.667
X22.595 Y-31.464
X22.81 Y-31.294
X22.951 Y-31.182 Z-10.377
X22.993 Y-31.142 Z-10.401
X23.026 Y-31.094 Z-10.426
X23.05 Y-31.041 Z-10.451
X23.063 Y-30.984 Z-10.475
X23.064 Y-30.926 Z-10.5
X23.054 Y-30.828
X23.049 Y-30.686
X23.048 Y-30.545
X23.039 Y-30.395
X22.977 Y-30.259
X22.882 Y-30.142
X22.702 Y-30.05
X22.501 Y-30.024
X22.303 Y-30.068
X22.132 Y-30.176
X22.008 Y-30.337
X21.946 Y-30.53
X21.887 Y-30.96
X21.888 Y-31.027 Z-10.471
X21.903 Y-31.093 Z-10.443
X21.933 Y-31.153 Z-10.414
X21.975 Y-31.205 Z-10.386
X22.028 Y-31.246 Z-10.357
X22.089 Y-31.275 Z-10.329
X22.155 Y-31.289 Z-10.3
X22.213
X22.271 Y-31.278
X22.325 Y-31.256
X22.374 Y-31.224
X22.404 Y-31.2
X22.559 Y-31.075
X22.772 Y-30.903
X22.937 Y-30.77 Z-10.39
X22.982 Y-30.724 Z-10.418
X23.017 Y-30.669 Z-10.445
X23.039 Y-30.609 Z-10.473
X23.048 Y-30.545 Z-10.5
X23.047 Y-30.149
X23.039 Y-29.999
X22.977 Y-29.862
X22.834 Y-29.741
X22.66 Y-29.673
X22.472 Y-29.667
X22.294 Y-29.722
X22.143 Y-29.834
X22.038 Y-29.989
X21.99 Y-30.17
X21.981 Y-30.262
X21.954 Y-30.473
X21.946 Y-30.53
X21.947 Y-30.594 Z-10.473
X21.963 Y-30.656 Z-10.445
X21.994 Y-30.713 Z-10.418
X22.036 Y-30.761 Z-10.39
X22.089 Y-30.798 Z-10.363
X22.149 Y-30.821 Z-10.336
X22.232 Y-30.837 Z-10.3
G3 X22.883 Y-30.581 R0.72
G1 X22.938 Y-30.505 Z-10.34
X22.982 Y-30.422 Z-10.38
X23.016 Y-30.334 Z-10.42
X23.037 Y-30.242 Z-10.46
X23.047 Y-30.149 Z-10.5
Y-29.794
X23.039 Y-29.644
X22.98 Y-29.506
X22.885 Y-29.39
X22.725 Y-29.309
X22.548 Y-29.282
X22.371 Y-29.313
X22.212 Y-29.398
X22.089 Y-29.528
X22.013 Y-29.691
X21.992 Y-29.869
X21.997 Y-29.979
X21.994 Y-30.12
X21.99 Y-30.17
X21.993 Y-30.23 Z-10.475
X22.01 Y-30.287 Z-10.449
X22.039 Y-30.339 Z-10.424
X22.08 Y-30.382 Z-10.399
X22.129 Y-30.416 Z-10.373
X22.185 Y-30.437 Z-10.348
X22.24 Y-30.449 Z-10.324
X22.296 Y-30.457 Z-10.3
G3 X22.877 Y-30.224 R0.689
G1 X22.934 Y-30.149 Z-10.34
X22.98 Y-30.067 Z-10.38
X23.015 Y-29.979 Z-10.42
X23.037 Y-29.888 Z-10.46
X23.047 Y-29.794 Z-10.5
Y-29.412
Y-29.262
X22.987 Y-29.125
X22.89 Y-29.01
X22.716 Y-28.921
X22.523 Y-28.894
X22.331 Y-28.931
X22.163 Y-29.03
X22.036 Y-29.178
X21.964 Y-29.359
X21.956 Y-29.554
X21.991 Y-29.837
X21.992 Y-29.869
X22.004 Y-29.928 Z-10.475
X22.029 Y-29.982 Z-10.449
X22.066 Y-30.029 Z-10.424
X22.113 Y-30.065 Z-10.398
X22.167 Y-30.09 Z-10.373
X22.226 Y-30.101 Z-10.348
X22.282 Y-30.103 Z-10.324
X22.338 Y-30.101 Z-10.3
G3 X22.862 Y-29.838 R0.77
G1 X22.919 Y-29.763 Z-10.34
X22.967 Y-29.682 Z-10.38
X23.005 Y-29.596 Z-10.42
X23.031 Y-29.505 Z-10.46
X23.047 Y-29.412 Z-10.5
X23.067 Y-29.129
X23.073 Y-29.051
X23.076 Y-28.901
X23.022 Y-28.761
X22.934 Y-28.641
X22.748 Y-28.533
X22.537 Y-28.495
X22.326 Y-28.53
X22.138 Y-28.634
X21.997 Y-28.795
X21.917 Y-28.994
X21.91 Y-29.208
X21.938 Y-29.412
X21.956 Y-29.554
X21.974 Y-29.619 Z-10.471
X22.006 Y-29.678 Z-10.443
X22.05 Y-29.728 Z-10.414
X22.104 Y-29.768 Z-10.386
X22.166 Y-29.794 Z-10.357
X22.232 Y-29.806 Z-10.329
X22.299 Y-29.803 Z-10.3
X22.356 Y-29.788
X22.41 Y-29.762
X22.457 Y-29.726
X22.527 Y-29.66
X22.59 Y-29.601
X22.791 Y-29.414
X22.979 Y-29.238 Z-10.409
X23.015 Y-29.198 Z-10.432
X23.043 Y-29.153 Z-10.455
X23.062 Y-29.104 Z-10.477
X23.073 Y-29.051 Z-10.5
X23.079 Y-28.97
X23.133 Y-28.756
X23.162 Y-28.609
X23.138 Y-28.461
X23.072 Y-28.327
X22.976 Y-28.212
X22.798 Y-28.109
X22.598 Y-28.064
X22.394 Y-28.079
X22.203 Y-28.153
X22.042 Y-28.279
X21.925 Y-28.448
X21.863 Y-28.643
X21.86 Y-28.848
X21.91 Y-29.208
X21.929 Y-29.273 Z-10.471
X21.961 Y-29.331 Z-10.443
X22.006 Y-29.381 Z-10.414
X22.061 Y-29.42 Z-10.386
X22.123 Y-29.445 Z-10.357
X22.189 Y-29.456 Z-10.329
X22.257 Y-29.453 Z-10.3
X22.303 Y-29.441
X22.347 Y-29.422
X22.387 Y-29.396
X22.491 Y-29.317
X22.585 Y-29.246
X22.803 Y-29.08
X23.026 Y-28.911 Z-10.419
X23.072 Y-28.868 Z-10.446
X23.108 Y-28.815 Z-10.473
X23.133 Y-28.756 Z-10.5
X23.182 Y-28.563
X23.233 Y-28.379
X23.266 Y-28.233
X23.261 Y-28.083
X23.214 Y-27.94
X23.137 Y-27.811
X23.036 Y-27.701
X22.917 Y-27.609
X22.785 Y-27.538
X22.644 Y-27.488
X22.592 Y-27.478
X22.364 Y-27.472
X22.147 Y-27.539
X21.963 Y-27.672
X21.831 Y-27.857
X21.765 Y-28.075
X21.773 Y-28.302
X21.797 Y-28.422
X21.821 Y-28.563
X21.86 Y-28.848
X21.879 Y-28.912 Z-10.471
X21.912 Y-28.971 Z-10.443
X21.957 Y-29.021 Z-10.414
X22.012 Y-29.06 Z-10.386
X22.074 Y-29.085 Z-10.357
X22.14 Y-29.096 Z-10.329
X22.207 Y-29.092 Z-10.3
X22.265 Y-29.076
X22.318 Y-29.049
X22.447 Y-28.966
X22.658 Y-28.831
X22.888 Y-28.683
X23.109 Y-28.54 Z-10.412
X23.163 Y-28.496 Z-10.441
X23.205 Y-28.442 Z-10.471
X23.233 Y-28.379 Z-10.5
X23.362 Y-27.919
X23.419 Y-27.714
X23.461 Y-27.572
X23.559 Y-27.289
X23.609 Y-27.148
X23.687 Y-27.006
X23.855 Y-26.723
X24.409 Y-25.812
X24.463 Y-25.732
X24.55 Y-25.609
X24.697 Y-25.449
X24.837 Y-25.308
X25.746 Y-24.458
X25.788 Y-24.406 Z-10.471
X25.817 Y-24.345 Z-10.443
X25.832 Y-24.28 Z-10.414
Y-24.213 Z-10.386
X25.817 Y-24.147 Z-10.357
X25.788 Y-24.087 Z-10.329
X25.746 Y-24.034 Z-10.3
X25.72 Y-24.011
X25.532 Y-23.863
X17.091 Y-17.215
X16.876 Y-17.046
X16.697 Y-16.904 Z-10.397
X16.646 Y-16.872 Z-10.423
X16.589 Y-16.85 Z-10.448
X16.53 Y-16.841 Z-10.474
X16.469 Y-16.843 Z-10.5
X16.327 Y-16.868
X16.185 Y-16.887
X15.859 Y-16.911
X15.71 Y-16.929
X15.567 Y-16.974
X15.432 Y-17.039
X15.306 Y-17.121
X15.19 Y-17.216
X15.083 Y-17.321
X14.985 Y-17.436
X14.885 Y-17.574
X14.793 Y-17.725
X14.704 Y-17.904
X14.623 Y-18.101
X14.554 Y-18.321
X14.496 Y-18.575
X14.458 Y-18.841
X14.439 Y-19.135
X14.444 Y-19.467
X14.478 Y-19.814
X14.544 Y-20.182
X14.65 Y-20.586
X14.801 Y-21.013
X14.997 Y-21.454
X15.233 Y-21.888
X15.529 Y-22.34
X15.888 Y-22.804
X16. Y-22.926
X16.114 Y-23.027
X16.248 Y-23.1
X16.394 Y-23.143
X16.469 Y-23.157
X16.611 Y-23.198
X16.753 Y-23.243
X17.603 Y-23.546
X18.029 Y-23.7
X18.143 Y-23.751
X18.17 Y-23.764
X18.312 Y-23.839
X18.454 Y-23.929
X18.606 Y-24.034
X19.408 Y-24.6
X19.446 Y-24.63
X19.768 Y-24.883
X19.82 Y-24.925
X19.975 Y-25.051
X20.175 Y-25.188
X20.31 Y-25.266
X20.425 Y-25.372
X20.514 Y-25.5
X20.615 Y-25.755
X20.634 Y-25.848
X20.67 Y-25.936
X20.722 Y-26.016
X20.771 Y-26.062 Z-10.471
X20.829 Y-26.096 Z-10.443
X20.893 Y-26.116 Z-10.414
X20.96 Y-26.122 Z-10.386
X21.026 Y-26.112 Z-10.357
X21.089 Y-26.088 Z-10.329
X21.145 Y-26.051 Z-10.3
G3 X21.252 Y-25.823 R0.3
G1 Y-25.822
X21.244 Y-25.753
X21.22 Y-25.689
X21.183 Y-25.631
X20.279 Y-24.539
G3 X20.074 Y-24.431 R0.3
X19.853 Y-24.502 R0.3
G1 X19.807 Y-24.551 Z-10.329
X19.774 Y-24.609 Z-10.357
X19.754 Y-24.674 Z-10.386
X19.748 Y-24.74 Z-10.414
X19.758 Y-24.807 Z-10.443
X19.782 Y-24.869 Z-10.471
X19.82 Y-24.925 Z-10.5
X19.872 Y-24.982
X20.155 Y-25.32
X20.492 Y-25.732
X20.741 Y-26.039
X20.834 Y-26.157
X20.864 Y-26.197
X20.938 Y-26.299
X21.023 Y-26.44
X21.093 Y-26.582
X21.158 Y-26.723
X21.588 Y-27.714
X21.648 Y-27.855
X21.703 Y-27.997
X21.715 Y-28.032
X21.74 Y-28.139
X21.773 Y-28.302
G3 X22.134 Y-28.525 R0.3
X22.352 Y-28.32 R0.3
G1 X22.372 Y-28.256 Z-10.492
X22.39 Y-28.195 Z-10.47
X22.406 Y-28.14 Z-10.435
X22.42 Y-28.095 Z-10.387
X22.43 Y-28.061 Z-10.33
X22.436 Y-28.039 Z-10.267
X22.439 Y-28.032 Z-10.2
G0 Z5.
X13.181 Y-37.262
Z-9.9
G1 Z-10.2 F1000.
X13.177 Y-37.256 Z-10.267
X13.165 Y-37.238 Z-10.33
X13.145 Y-37.208 Z-10.387
X13.119 Y-37.169 Z-10.435
X13.087 Y-37.121 Z-10.47
X13.052 Y-37.069 Z-10.492
X13.015 Y-37.013 Z-10.5
G3 X12.429 Y-36.489 R1.583
G1 X12.216 Y-36.388
X12.074 Y-36.315
X11.317 Y-35.923
X11.223 Y-35.872
X11.071 Y-35.782
X10.94 Y-35.7
X10.861 Y-35.64
X10.798 Y-35.586
X10.683 Y-35.49
X10.529 Y-35.39
X10.339 Y-35.287
X10.089 Y-35.177
X9.5 Y-34.972
X9.206 Y-34.868
X8.661 Y-34.564
X8.243 Y-34.101
X7.949 Y-33.55
X7.751 Y-32.959
X7.62 Y-32.348
X7.536 Y-31.73
X7.482 Y-31.109
X7.448 Y-30.486
X7.427 Y-29.862
X7.413 Y-29.238
X7.405 Y-28.614
X7.4 Y-27.99
X7.396 Y-27.366
X7.393 Y-26.119
X7.392 Y-23.623
X7.391 Y-8.648
X7.469 Y-8.346
X7.609 Y-8.067
X7.984 Y-7.569
X8.491 Y-7.214
X8.569 Y-7.15
X8.638 Y-7.074
X8.695 Y-6.99
X8.743 Y-6.908
X9.259 Y-6.058
X9.434 Y-5.775
X9.522 Y-5.645
X9.531 Y-5.634
X9.805 Y-5.348
X9.919 Y-5.233
G3 X9.901 Y-4.809 R0.3
X9.608 Y-4.744 R0.3
G1 X9.545 Y-4.764 Z-10.492
X9.484 Y-4.783 Z-10.47
X9.43 Y-4.8 Z-10.435
X9.385 Y-4.814 Z-10.387
X9.35 Y-4.825 Z-10.33
X9.329 Y-4.831 Z-10.267
X9.322 Y-4.834 Z-10.2
G0 Z5.
X16.894 Y-17.213
Z-9.9
G1 Z-10.2 F1000.
X16.888 Y-17.21 Z-10.267
X16.868 Y-17.2 Z-10.33
X16.836 Y-17.184 Z-10.387
X16.793 Y-17.162 Z-10.435
X16.743 Y-17.137 Z-10.47
X16.686 Y-17.108 Z-10.492
X16.626 Y-17.078 Z-10.5
G3 X15.859 Y-16.911 R1.583
G1 X15.051 Y-16.966
X14.902 Y-16.984
X14.759 Y-17.029
X14.623 Y-17.092
X14.495 Y-17.17
X14.375 Y-17.26
X14.263 Y-17.361
X14.153 Y-17.478
X14.039 Y-17.62
X13.935 Y-17.775
X13.829 Y-17.961
X13.734 Y-18.167
X13.649 Y-18.399
X13.573 Y-18.667
X13.518 Y-18.95
X13.483 Y-19.264
X13.471 Y-19.621
X13.49 Y-20.
X13.541 Y-20.397
X13.634 Y-20.835
X13.772 Y-21.299
X13.961 Y-21.788
X14.197 Y-22.275
X14.452 Y-22.712
X14.467 Y-22.733
X14.61 Y-22.883
X14.79 Y-22.985
X14.993 Y-23.03
X15.902 Y-23.092
X16.185 Y-23.113
X16.327 Y-23.132
X16.394 Y-23.143
X16.461 Y-23.145 Z-10.471
X16.527 Y-23.132 Z-10.443
X16.588 Y-23.105 Z-10.414
X16.642 Y-23.065 Z-10.386
X16.685 Y-23.014 Z-10.357
X16.716 Y-22.954 Z-10.329
X16.733 Y-22.889 Z-10.3
X16.736 Y-22.832
X16.727 Y-22.775
X16.69 Y-22.621
X15.433 Y-17.52
X15.367 Y-17.255
X15.353 Y-17.194 Z-10.326
X15.329 Y-17.13 Z-10.355
X15.292 Y-17.074 Z-10.384
X15.242 Y-17.027 Z-10.413
X15.184 Y-16.992 Z-10.442
X15.119 Y-16.972 Z-10.471
X15.051 Y-16.966 Z-10.5
X14.909 Y-16.976
X14.768 Y-16.983
X14.626 Y-16.987
X14.484 Y-16.979
X14.441 Y-16.972
X14.292 Y-16.957
X14.142 Y-16.968
X13.996 Y-17.003
X13.856 Y-17.055
X13.722 Y-17.124
X13.596 Y-17.204
X13.477 Y-17.296
X13.351 Y-17.409
X13.23 Y-17.538
X13.103 Y-17.697
X12.986 Y-17.87
X12.871 Y-18.075
X12.761 Y-18.311
X12.668 Y-18.565
X12.585 Y-18.862
X12.52 Y-19.193
X12.481 Y-19.538
X12.469 Y-19.93
X12.49 Y-20.367
X12.55 Y-20.828
X12.651 Y-21.304
X12.803 Y-21.816
X12.986 Y-22.286
X13.132 Y-22.588
X13.259 Y-22.804
X13.273 Y-22.825
X13.411 Y-22.972
X13.585 Y-23.073
X13.781 Y-23.12
X13.982 Y-23.11
X14.059 Y-23.095
X14.342 Y-23.043
X14.484 Y-23.021
X14.626 Y-23.013
X14.768 Y-23.017
X14.909 Y-23.024
X14.993 Y-23.03
X15.06 Y-23.025 Z-10.471
X15.124 Y-23.005 Z-10.443
X15.182 Y-22.971 Z-10.414
X15.231 Y-22.925 Z-10.386
X15.269 Y-22.869 Z-10.357
X15.293 Y-22.807 Z-10.329
X15.303 Y-22.74 Z-10.3
X15.301 Y-22.696
X15.275 Y-22.468
X14.725 Y-17.594
X14.694 Y-17.322
X14.684 Y-17.233 Z-10.338
X14.67 Y-17.171 Z-10.365
X14.644 Y-17.114 Z-10.392
X14.606 Y-17.063 Z-10.419
X14.558 Y-17.021 Z-10.446
X14.502 Y-16.99 Z-10.473
X14.441 Y-16.972 Z-10.5
X14.341 Y-16.957
X14.059 Y-16.905
X13.917 Y-16.877
X13.732 Y-16.839
X13.584 Y-16.815
X13.434 Y-16.818
X13.286 Y-16.842
X13.142 Y-16.883
X13.003 Y-16.94
X12.87 Y-17.008
X12.732 Y-17.095
X12.599 Y-17.195
X12.457 Y-17.32
X12.317 Y-17.465
X12.178 Y-17.635
X12.036 Y-17.839
X11.908 Y-18.059
X11.785 Y-18.317
X11.67 Y-18.616
X11.578 Y-18.93
X11.503 Y-19.293
X11.451 Y-19.704
X11.432 Y-20.143
X11.448 Y-20.599
X11.508 Y-21.105
X11.612 Y-21.63
X11.749 Y-22.109
X11.872 Y-22.44
X11.999 Y-22.711
X12.108 Y-22.903
X12.237 Y-23.091
X12.384 Y-23.227
X12.563 Y-23.316
X12.761 Y-23.351
X12.96 Y-23.328
X13.066 Y-23.3
X13.953 Y-23.116
X13.982 Y-23.11
X14.047 Y-23.087 Z-10.471
X14.105 Y-23.049 Z-10.441
X14.153 Y-22.999 Z-10.412
X14.188 Y-22.94 Z-10.382
X14.209 Y-22.874 Z-10.353
X14.214 Y-22.805 Z-10.324
X14.211 Y-22.749 Z-10.3
X14.199 Y-22.476
X13.977 Y-17.475
X13.965 Y-17.202
X13.961 Y-17.117 Z-10.336
X13.951 Y-17.053 Z-10.363
X13.928 Y-16.993 Z-10.391
X13.893 Y-16.94 Z-10.418
X13.847 Y-16.895 Z-10.445
X13.793 Y-16.86 Z-10.473
X13.732 Y-16.839 Z-10.5
X13.066 Y-16.7
X12.967 Y-16.674
X12.82 Y-16.643
X12.67 Y-16.638
X12.521 Y-16.653
X12.374 Y-16.686
X12.232 Y-16.734
X12.094 Y-16.793
X11.95 Y-16.871
X11.804 Y-16.966
X11.651 Y-17.082
X11.492 Y-17.226
X11.339 Y-17.388
X11.18 Y-17.587
X11.029 Y-17.811
X10.885 Y-18.065
X10.744 Y-18.369
X10.622 Y-18.699
X10.519 Y-19.064
X10.438 Y-19.478
X10.412 Y-19.71
X10.394 Y-19.942
X10.385 Y-20.179
Y-20.679
X10.428 Y-21.203
X10.509 Y-21.698
X10.621 Y-22.151
X10.75 Y-22.539
X10.866 Y-22.812
X10.994 Y-23.054
X11.105 Y-23.23
X11.231 Y-23.399
X11.308 Y-23.485
X11.448 Y-23.606
X11.614 Y-23.687
X11.796 Y-23.721
X11.98 Y-23.706
X12.154 Y-23.643
X12.22 Y-23.609
X12.357 Y-23.54
X12.515 Y-23.468
X12.641 Y-23.412
X12.96 Y-23.328
X13.019 Y-23.303 Z-10.473
X13.071 Y-23.267 Z-10.446
X13.114 Y-23.22 Z-10.419
X13.146 Y-23.165 Z-10.392
X13.167 Y-23.104 Z-10.364
X13.173 Y-23.041 Z-10.337
Y-22.953 Z-10.3
X13.174 Y-22.68
X13.18 Y-17.322
Y-17.049
Y-16.961 Z-10.337
X13.173 Y-16.898 Z-10.364
X13.153 Y-16.837 Z-10.391
X13.121 Y-16.782 Z-10.419
X13.078 Y-16.735 Z-10.446
X13.025 Y-16.699 Z-10.473
X12.967 Y-16.674 Z-10.5
X12.641 Y-16.588
X12.499 Y-16.525
X12.357 Y-16.46
X12.22 Y-16.399
X12.076 Y-16.359
X11.927 Y-16.341
X11.777 Y-16.342
X11.628 Y-16.36
X11.481 Y-16.393
X11.338 Y-16.437
X11.199 Y-16.494
X11.065 Y-16.56
X10.935 Y-16.636
X10.811 Y-16.719
X10.691 Y-16.81
X10.577 Y-16.907
X10.468 Y-17.01
X10.364 Y-17.118
X10.265 Y-17.231
X10.171 Y-17.348
X10.082 Y-17.469
X9.999 Y-17.593
X9.92 Y-17.721
X9.846 Y-17.851
X9.776 Y-17.984
X9.711 Y-18.12
X9.651 Y-18.257
X9.595 Y-18.396
X9.544 Y-18.537
X9.497 Y-18.679
X9.485 Y-18.746 Z-10.471
X9.489 Y-18.813 Z-10.443
X9.507 Y-18.877 Z-10.414
X9.539 Y-18.936 Z-10.386
X9.584 Y-18.986 Z-10.357
X9.638 Y-19.025 Z-10.329
X9.7 Y-19.051 Z-10.3
G3 X9.978 Y-18.993 R0.3
G1 X12.282 Y-17.057
X12.406 Y-16.953
X12.445 Y-16.913
X12.477 Y-16.867
X12.502 Y-16.805 Z-10.329
X12.513 Y-16.739 Z-10.357
X12.509 Y-16.672 Z-10.386
X12.49 Y-16.607 Z-10.414
X12.457 Y-16.549 Z-10.443
X12.412 Y-16.499 Z-10.471
X12.357 Y-16.46 Z-10.5
X12.216 Y-16.389
X11.649 Y-16.095
X11.512 Y-16.033
X11.368 Y-15.991
X11.219 Y-15.97
X11.069 Y-15.967
X10.92 Y-15.979
X10.772 Y-16.004
X10.619 Y-16.045
X10.456 Y-16.102
X10.313 Y-16.165
X10.16 Y-16.195
X10.004 Y-16.19
X9.853 Y-16.151
X9.714 Y-16.08
X9.476 Y-15.879
X9.123 Y-15.365
X8.905 Y-14.78
X8.775 Y-14.17
X8.698 Y-13.55
X8.663 Y-13.073
X8.651 Y-12.984
X8.628 Y-12.898
X8.593 Y-12.815
G3 X8.187 Y-12.692 R0.3
X8.029 Y-12.947 R0.3
G1 X8.027 Y-13.014 Z-10.492
X8.025 Y-13.077 Z-10.47
X8.023 Y-13.134 Z-10.435
X8.022 Y-13.181 Z-10.387
X8.02 Y-13.217 Z-10.33
Y-13.239 Z-10.267
Y-13.247 Z-10.2
G0 Z5.
X12.374 Y-16.893
Z-9.9
G1 Z-10.2 F1000.
X12.37 Y-16.886 Z-10.267
X12.359 Y-16.868 Z-10.33
X12.34 Y-16.837 Z-10.387
X12.315 Y-16.797 Z-10.435
X12.285 Y-16.749 Z-10.47
X12.251 Y-16.695 Z-10.492
X12.216 Y-16.638 Z-10.5
G3 X11.649 Y-16.095 R1.583
G1 X11.365 Y-15.948
X11.223 Y-15.873
X11.081 Y-15.793
X10.94 Y-15.696
X10.798 Y-15.588
X10.746 Y-15.542
X9.805 Y-14.663
X9.693 Y-14.551
X9.664 Y-14.519
X9.566 Y-14.409
X9.522 Y-14.351
X9.46 Y-14.268
X9.371 Y-14.126
X8.855 Y-13.277
X8.612 Y-12.852
X8.577 Y-12.781
X8.551 Y-12.711
X8.46 Y-12.428
X8.388 Y-12.173
X8.142 Y-11.295
X8.104 Y-11.154
X8.077 Y-11.012
X8.056 Y-10.729
X8.047 Y-10.588
Y-9.597
X8.049 Y-9.314
X8.054 Y-9.172
X8.068 Y-9.031
X8.104 Y-8.846
X8.13 Y-8.748
X8.447 Y-7.615
X8.487 Y-7.474
X8.534 Y-7.332
X8.593 Y-7.191
X8.671 Y-7.032
X8.695 Y-6.99
G3 X8.571 Y-6.585 R0.3
X8.271 Y-6.595 R0.3
G1 X8.214 Y-6.631 Z-10.492
X8.161 Y-6.664 Z-10.47
X8.113 Y-6.694 Z-10.435
X8.072 Y-6.72 Z-10.387
X8.042 Y-6.739 Z-10.33
X8.023 Y-6.75 Z-10.267
X8.017 Y-6.754 Z-10.2
G0 Z5.
X11.288 Y-36.546
Z-9.9
G1 Z-10.2 F1000.
X11.286 Y-36.539 Z-10.267
X11.279 Y-36.518 Z-10.33
X11.269 Y-36.484 Z-10.387
X11.255 Y-36.438 Z-10.435
X11.239 Y-36.384 Z-10.47
X11.221 Y-36.323 Z-10.492
X11.202 Y-36.259 Z-10.5
G3 X10.798 Y-35.586 R1.583
G1 X10.397 Y-35.215
X9.942 Y-34.791
X9.803 Y-34.649
X9.531 Y-34.366
X9.522 Y-34.355
X9.434 Y-34.225
X9.238 Y-33.908
X8.743 Y-33.092
X8.671 Y-32.968
X8.593 Y-32.809
X8.534 Y-32.668
X8.487 Y-32.526
X8.209 Y-31.535
X8.13 Y-31.252
X8.104 Y-31.154
X8.068 Y-30.969
X8.054 Y-30.828
X8.049 Y-30.686
X8.047 Y-30.262
Y-29.412
X8.067 Y-29.129
X8.077 Y-28.988
X8.104 Y-28.845
X8.221 Y-28.422
X8.359 Y-27.813
X8.46 Y-27.197
X8.517 Y-26.576
X8.549 Y-25.953
X8.567 Y-25.329
X8.575 Y-24.861
X8.582 Y-24.16
X8.586 Y-23.536
X8.59 Y-22.288
Y-22.21
X8.58 Y-22.143 Z-10.471
X8.556 Y-22.081 Z-10.443
X8.518 Y-22.025 Z-10.414
X8.469 Y-21.979 Z-10.386
X8.411 Y-21.945 Z-10.357
X8.347 Y-21.925 Z-10.329
X8.28 Y-21.92 Z-10.3
G3 X7.99 Y-22.202 R0.3
G1 X7.636 Y-28.313
G3 X7.844 Y-28.617 R0.3
G1 X7.91 Y-28.63 Z-10.329
X7.977 Y-28.628 Z-10.357
X8.042 Y-28.611 Z-10.386
X8.102 Y-28.58 Z-10.414
X8.153 Y-28.537 Z-10.443
X8.194 Y-28.483 Z-10.471
X8.221 Y-28.422 Z-10.5
X8.419 Y-27.714
X8.46 Y-27.572
X8.551 Y-27.289
X8.577 Y-27.219
X8.612 Y-27.148
X8.855 Y-26.723
X9.096 Y-26.325
X9.206 Y-26.123
X9.31 Y-25.887
X9.336 Y-25.813
X9.384 Y-25.665
X9.465 Y-25.531
X9.572 Y-25.419
X9.822 Y-25.254
X9.887 Y-25.23
X9.948 Y-25.196
X10.002 Y-25.153
X10.044 Y-25.101 Z-10.471
X10.073 Y-25.04 Z-10.443
X10.088 Y-24.975 Z-10.414
Y-24.908 Z-10.386
X10.073 Y-24.842 Z-10.357
X10.044 Y-24.782 Z-10.329
X10.002 Y-24.729 Z-10.3
G3 X9.771 Y-24.642 R0.3
X9.553 Y-24.758 R0.3
G1 X8.609 Y-25.977
G3 X8.55 Y-26.21 R0.3
X8.681 Y-26.411 R0.3
G1 X8.741 Y-26.442 Z-10.329
X8.806 Y-26.458 Z-10.357
X8.873 Y-26.459 Z-10.386
X8.939 Y-26.446 Z-10.414
X9. Y-26.418 Z-10.443
X9.054 Y-26.377 Z-10.471
X9.096 Y-26.325 Z-10.5
X9.38 Y-25.859
X9.46 Y-25.732
X9.522 Y-25.649
X9.566 Y-25.591
X9.664 Y-25.481
X9.693 Y-25.449
X9.805 Y-25.337
X10.746 Y-24.458
X10.798 Y-24.412
X10.94 Y-24.304
X11.081 Y-24.207
X11.223 Y-24.127
X11.4 Y-24.034
X12.154 Y-23.643
G3 X12.269 Y-23.234 R0.3
X12.01 Y-23.082 R0.3
G1 X11.944 Y-23.081 Z-10.492
X11.88 Y-23.08 Z-10.47
X11.823 Z-10.435
X11.776 Y-23.079 Z-10.387
X11.74 Z-10.33
X11.718 Z-10.267
X11.71 Y-23.078 Z-10.2
G0 Z5.
X65.716 Y-25.243
Z-9.9
G1 Z-10.2 F1000.
Y-25.251 Z-10.267
X65.717 Y-25.273 Z-10.33
X65.718 Y-25.309 Z-10.387
X65.719 Y-25.356 Z-10.435
X65.72 Y-25.413 Z-10.47
X65.722 Y-25.476 Z-10.492
X65.724 Y-25.543 Z-10.5
G3 X65.939 Y-26.299 R1.583
G1 X65.95 Y-26.317
X66.021 Y-26.44
X66.092 Y-26.585
X66.158 Y-26.723
X66.207 Y-26.836
X66.273 Y-26.97
X66.363 Y-27.091
X66.468 Y-27.198
X66.586 Y-27.29
X66.713 Y-27.37
X66.846 Y-27.439
X66.998 Y-27.5
X67.158 Y-27.551
X67.346 Y-27.594
X67.549 Y-27.623
X67.775 Y-27.638
X67.951 Y-27.635
X68.159 Y-27.6
X68.348 Y-27.505
X68.499 Y-27.358
X68.599 Y-27.172
X68.602 Y-27.165
X68.855 Y-26.723
X69.202 Y-26.152
X69.228 Y-26.09 Z-10.471
X69.24 Y-26.024 Z-10.443
X69.236 Y-25.957 Z-10.414
X69.218 Y-25.892 Z-10.386
X69.186 Y-25.833 Z-10.357
X69.142 Y-25.783 Z-10.329
X69.087 Y-25.743 Z-10.3
X69.033 Y-25.72
X68.974 Y-25.707
X68.914 Y-25.706
X68.856 Y-25.717
X68.823 Y-25.727
X66.638 Y-26.369
X66.401 Y-26.438
X66.376 Y-26.447
X66.317 Y-26.479 Z-10.329
X66.266 Y-26.522 Z-10.357
X66.226 Y-26.577 Z-10.386
X66.199 Y-26.638 Z-10.414
X66.187 Y-26.704 Z-10.443
X66.189 Y-26.771 Z-10.471
X66.207 Y-26.836 Z-10.5
X66.517 Y-27.551
X66.584 Y-27.686
X66.666 Y-27.811
X66.765 Y-27.924
X66.876 Y-28.025
X66.997 Y-28.114
X67.125 Y-28.191
X67.261 Y-28.255
X67.401 Y-28.308
X67.546 Y-28.348
X67.592 Y-28.355
X67.796 Y-28.359
X67.992 Y-28.303
X68.164 Y-28.194
X68.297 Y-28.04
X68.38 Y-27.853
X68.419 Y-27.714
X68.461 Y-27.572
X68.599 Y-27.172
X68.612 Y-27.107 Z-10.471
X68.611 Y-27.039 Z-10.443
X68.594 Y-26.974 Z-10.414
X68.563 Y-26.915 Z-10.386
X68.52 Y-26.863 Z-10.357
X68.467 Y-26.823 Z-10.329
X68.405 Y-26.795 Z-10.3
X68.352 Y-26.783
X68.298 Y-26.781
X68.244 Y-26.789
X68.137 Y-26.814
X66.952 Y-27.096
X66.727 Y-27.149
X66.686 Y-27.162
X66.627 Y-27.194 Z-10.329
X66.576 Y-27.238 Z-10.357
X66.537 Y-27.292 Z-10.386
X66.51 Y-27.353 Z-10.414
X66.497 Y-27.419 Z-10.443
X66.5 Y-27.486 Z-10.471
X66.517 Y-27.551 Z-10.5
X66.585 Y-27.714
X66.726 Y-28.068
X66.749 Y-28.181
X66.786 Y-28.327
X66.848 Y-28.463
X66.933 Y-28.587
X67.036 Y-28.696
X67.154 Y-28.789
X67.204 Y-28.818
X67.401 Y-28.894
X67.612 Y-28.909
X67.818 Y-28.859
X67.999 Y-28.75
X68.14 Y-28.593
X68.227 Y-28.4
X68.38 Y-27.853
X68.389 Y-27.787 Z-10.471
X68.382 Y-27.72 Z-10.443
X68.361 Y-27.656 Z-10.414
X68.326 Y-27.599 Z-10.386
X68.279 Y-27.551 Z-10.357
X68.223 Y-27.514 Z-10.329
X68.16 Y-27.491 Z-10.3
X68.104 Y-27.483
X68.048 Y-27.485
X67.993 Y-27.498
X67.894 Y-27.532
X67.255 Y-27.746
X66.995 Y-27.833
X66.95 Y-27.848 Z-10.32
X66.895 Y-27.873 Z-10.346
X66.846 Y-27.909 Z-10.372
X66.805 Y-27.953 Z-10.397
X66.774 Y-28.005 Z-10.423
X66.754 Y-28.061 Z-10.449
X66.745 Y-28.121 Z-10.474
X66.749 Y-28.181 Z-10.5
X66.801 Y-28.442
X66.821 Y-28.563
X66.851 Y-28.783
X66.879 Y-28.93
X66.944 Y-29.065
X67.099 Y-29.209
X67.291 Y-29.298
X67.501 Y-29.321
X67.709 Y-29.278
X67.892 Y-29.172
X68.032 Y-29.014
X68.117 Y-28.82
X68.182 Y-28.563
X68.227 Y-28.4
X68.236 Y-28.333 Z-10.471
X68.229 Y-28.267 Z-10.443
X68.208 Y-28.203 Z-10.414
X68.173 Y-28.145 Z-10.386
X68.126 Y-28.097 Z-10.357
X68.07 Y-28.061 Z-10.329
X68.007 Y-28.038 Z-10.3
X67.952 Y-28.03
X67.897 Y-28.032
X67.844 Y-28.043
X67.793 Y-28.065
X67.746 Y-28.09
X67.352 Y-28.303
X67.111 Y-28.432
X67.008 Y-28.488 Z-10.35
X66.959 Y-28.521 Z-10.375
X66.917 Y-28.562 Z-10.4
X66.885 Y-28.612 Z-10.425
X66.863 Y-28.666 Z-10.45
X66.851 Y-28.724 Z-10.475
Y-28.783 Z-10.5
X66.915 Y-29.242
X66.942 Y-29.39
X67.016 Y-29.52
X67.176 Y-29.64
X67.367 Y-29.701
X67.567 Y-29.698
X67.755 Y-29.63
X67.911 Y-29.505
X68.019 Y-29.336
X68.066 Y-29.142
X68.065 Y-29.101 Z-10.483
X68.059 Y-29.061 Z-10.465
X68.037 Y-28.986 Z-10.432
X68.006 Y-28.915 Z-10.399
X67.965 Y-28.848 Z-10.366
X67.916 Y-28.788 Z-10.333
X67.86 Y-28.735 Z-10.3
G3 X67.052 Y-28.805 R0.58
G1 X66.997 Y-28.881 Z-10.34
X66.954 Y-28.965 Z-10.38
X66.926 Y-29.055 Z-10.42
X66.913 Y-29.148 Z-10.46
X66.915 Y-29.242 Z-10.5
X66.943 Y-29.448
X66.965 Y-29.632
X66.991 Y-29.78
X67.067 Y-29.909
X67.173 Y-30.015
X67.361 Y-30.089
X67.562 Y-30.093
X67.753 Y-30.027
X67.909 Y-29.899
X68.011 Y-29.725
X68.047 Y-29.526
Y-29.412
X68.066 Y-29.142
X68.061 Y-29.075 Z-10.471
X68.041 Y-29.011 Z-10.443
X68.008 Y-28.953 Z-10.414
X67.962 Y-28.903 Z-10.386
X67.907 Y-28.865 Z-10.357
X67.844 Y-28.841 Z-10.329
X67.778 Y-28.83 Z-10.3
X67.718 Y-28.834
X67.661 Y-28.849
X67.607 Y-28.876
X67.56 Y-28.912
X67.535 Y-28.936
X67.402 Y-29.061
X67.204 Y-29.25
X67.058 Y-29.388 Z-10.385
X67.014 Y-29.439 Z-10.414
X66.984 Y-29.499 Z-10.443
X66.967 Y-29.564 Z-10.471
X66.965 Y-29.632 Z-10.5
X66.991 Y-29.837
X66.997 Y-29.979
X66.996 Y-30.021
X67.001 Y-30.171
X67.077 Y-30.301
X67.232 Y-30.411
X67.414 Y-30.464
X67.604 Y-30.454
X67.78 Y-30.381
X67.922 Y-30.255
X68.015 Y-30.088
X68.047 Y-29.9
Y-29.526
X68.039 Y-29.471 Z-10.476
X68.019 Y-29.419 Z-10.453
X67.989 Y-29.373 Z-10.429
X67.95 Y-29.334 Z-10.406
X67.903 Y-29.305 Z-10.382
X67.851 Y-29.286 Z-10.359
X67.796 Y-29.279 Z-10.335
X67.713 Y-29.281 Z-10.3
G3 X67.156 Y-29.586 R0.784
G1 X67.104 Y-29.664 Z-10.34
X67.061 Y-29.748 Z-10.38
X67.028 Y-29.836 Z-10.42
X67.007 Y-29.928 Z-10.46
X66.996 Y-30.021 Z-10.5
X66.994 Y-30.12
X66.981 Y-30.262
X66.976 Y-30.304
X66.964 Y-30.454
X67.013 Y-30.596
X67.103 Y-30.716
X67.262 Y-30.811
X67.444 Y-30.85
X67.628 Y-30.829
X67.797 Y-30.75
X67.931 Y-30.622
X68.017 Y-30.457
X68.047 Y-30.274
Y-29.9
X68.037 Y-29.842 Z-10.475
X68.015 Y-29.787 Z-10.449
X67.98 Y-29.739 Z-10.424
X67.935 Y-29.701 Z-10.399
X67.882 Y-29.674 Z-10.374
X67.824 Y-29.66 Z-10.348
X67.767 Y-29.656 Z-10.324
X67.71 Z-10.3
G3 X67.184 Y-29.89 R0.773
G1 X67.123 Y-29.962 Z-10.34
X67.071 Y-30.04 Z-10.38
X67.028 Y-30.124 Z-10.42
X66.997 Y-30.213 Z-10.46
X66.976 Y-30.304 Z-10.5
X66.963 Y-30.403
X66.928 Y-30.659
X66.915 Y-30.809
X66.959 Y-30.952
X67.041 Y-31.078
X67.206 Y-31.188
X67.398 Y-31.238
X67.595 Y-31.222
X67.777 Y-31.143
X67.923 Y-31.009
X68.017 Y-30.834
X68.049 Y-30.638
X68.047 Y-30.274
X68.038 Y-30.216 Z-10.475
X68.016 Y-30.161 Z-10.45
X67.982 Y-30.112 Z-10.425
X67.939 Y-30.072 Z-10.399
X67.887 Y-30.043 Z-10.374
X67.831 Y-30.026 Z-10.349
X67.773 Y-30.018 Z-10.325
X67.716 Y-30.014 Z-10.3
G3 X67.14 Y-30.247 R0.778
G1 X67.078 Y-30.318 Z-10.34
X67.025 Y-30.396 Z-10.38
X66.982 Y-30.479 Z-10.42
X66.95 Y-30.568 Z-10.46
X66.928 Y-30.659 Z-10.5
X66.875 Y-31.047
X66.862 Y-31.197
X66.907 Y-31.34
X66.988 Y-31.466
X67.096 Y-31.57
X67.283 Y-31.648
X67.484 Y-31.664
X67.681 Y-31.616
X67.853 Y-31.509
X67.982 Y-31.354
X68.057 Y-31.165
X68.068 Y-30.963
X68.054 Y-30.828
X68.049 Y-30.686
Y-30.638
X68.038 Y-30.572 Z-10.471
X68.014 Y-30.509 Z-10.443
X67.976 Y-30.454 Z-10.414
X67.926 Y-30.409 Z-10.386
X67.868 Y-30.375 Z-10.357
X67.804 Y-30.356 Z-10.329
X67.737 Y-30.351 Z-10.3
X67.676 Y-30.36
X67.618 Y-30.381
X67.565 Y-30.413
X67.495 Y-30.467
X67.4 Y-30.541
X67.184 Y-30.709
X66.987 Y-30.861 Z-10.406
X66.946 Y-30.899 Z-10.429
X66.913 Y-30.944 Z-10.453
X66.889 Y-30.994 Z-10.476
X66.875 Y-31.047 Z-10.5
X66.817 Y-31.467
X66.803 Y-31.616
X66.847 Y-31.76
X66.927 Y-31.886
X67.033 Y-31.993
X67.157 Y-32.076
X67.175 Y-32.084
X67.392 Y-32.14
X67.616 Y-32.124
X67.824 Y-32.039
X67.994 Y-31.891
X68.108 Y-31.698
X68.155 Y-31.478
X68.131 Y-31.254
X68.105 Y-31.196 Z-10.473
X68.067 Y-31.144 Z-10.446
X68.019 Y-31.102 Z-10.418
X67.964 Y-31.07 Z-10.391
X67.903 Y-31.051 Z-10.364
X67.839 Y-31.045 Z-10.337
X67.776 Y-31.053 Z-10.309
X67.754 Y-31.058 Z-10.3
X67.487 Y-31.121
X67.428 Y-31.136
X67.161 Y-31.199
X67.043 Y-31.227 Z-10.352
X66.988 Y-31.245 Z-10.376
X66.938 Y-31.274 Z-10.401
X66.894 Y-31.313 Z-10.426
X66.858 Y-31.359 Z-10.451
X66.832 Y-31.411 Z-10.475
X66.817 Y-31.467 Z-10.5
X66.787 Y-31.677
X66.756 Y-31.819
X66.744 Y-31.861
X66.71 Y-32.008
X66.739 Y-32.155
X66.804 Y-32.29
X66.895 Y-32.409
X67.007 Y-32.509
X67.133 Y-32.59
X67.272 Y-32.648
X67.417 Y-32.686
X67.566 Y-32.701
X67.716 Y-32.698
X67.723 Y-32.696
X67.911 Y-32.639
X68.075 Y-32.531
X68.203 Y-32.383
X68.285 Y-32.204
X68.314 Y-32.011
X68.288 Y-31.816
X68.131 Y-31.254
X68.103 Y-31.193 Z-10.471
X68.063 Y-31.139 Z-10.443
X68.012 Y-31.096 Z-10.414
X67.952 Y-31.065 Z-10.386
X67.887 Y-31.048 Z-10.357
X67.82 Y-31.046 Z-10.329
X67.754 Y-31.059 Z-10.3
X67.708 Y-31.078
X67.665 Y-31.105
X67.526 Y-31.208
X67.298 Y-31.379
X67.078 Y-31.542
X66.85 Y-31.712 Z-10.421
X66.804 Y-31.754 Z-10.447
X66.768 Y-31.805 Z-10.474
X66.744 Y-31.861 Z-10.5
X66.716 Y-31.96
X66.667 Y-32.102
X66.63 Y-32.188
X66.577 Y-32.328
X66.56 Y-32.477
X66.58 Y-32.626
X66.628 Y-32.768
X66.7 Y-32.9
X66.792 Y-33.019
X66.899 Y-33.124
X67.018 Y-33.215
X67.149 Y-33.288
X67.287 Y-33.346
X67.431 Y-33.387
X67.58 Y-33.41
X67.73 Y-33.416
X67.879 Y-33.404
X67.94 Y-33.393
X68.123 Y-33.331
X68.283 Y-33.222
X68.406 Y-33.073
X68.484 Y-32.896
X68.51 Y-32.705
X68.484 Y-32.514
X68.288 Y-31.816
X68.26 Y-31.755 Z-10.471
X68.22 Y-31.701 Z-10.443
X68.169 Y-31.658 Z-10.414
X68.109 Y-31.627 Z-10.386
X68.044 Y-31.61 Z-10.357
X67.977 Y-31.608 Z-10.329
X67.911 Y-31.621 Z-10.3
X67.897 Y-31.626
X67.654 Y-31.716
X67.277 Y-31.856
X67.021 Y-31.952
X66.796 Y-32.035 Z-10.402
X66.744 Y-32.061 Z-10.426
X66.698 Y-32.095 Z-10.451
X66.66 Y-32.138 Z-10.475
X66.63 Y-32.188 Z-10.5
X66.422 Y-32.668
X66.369 Y-32.808
X66.35 Y-32.957
X66.334 Y-33.112
X66.235 Y-33.408
X66.045 Y-33.655
X65.9 Y-33.78
X65.865 Y-33.812
X65.832 Y-33.847
X65.801 Y-33.884
X65.769 Y-33.943 Z-10.471
X65.75 Y-34.007 Z-10.443
X65.746 Y-34.074 Z-10.414
X65.757 Y-34.14 Z-10.386
X65.783 Y-34.202 Z-10.357
X65.821 Y-34.257 Z-10.329
X65.871 Y-34.302 Z-10.3
G3 X66.117 Y-34.35 R0.3
X66.313 Y-34.195 R0.3
G1 X66.96 Y-32.934
G3 X66.977 Y-32.701 R0.3
X66.822 Y-32.526 R0.3
G1 X66.758 Y-32.504 Z-10.329
X66.692 Y-32.497 Z-10.357
X66.625 Y-32.505 Z-10.386
X66.562 Y-32.527 Z-10.414
X66.505 Y-32.563 Z-10.443
X66.458 Y-32.611 Z-10.471
X66.422 Y-32.668 Z-10.5
X66.234 Y-33.101
X66.092 Y-33.422
X66.047 Y-33.517
X65.961 Y-33.659
X65.808 Y-33.875
X65.757 Y-33.942
X65.066 Y-34.791
X64.947 Y-34.932
X64.816 Y-35.074
X64.661 Y-35.215
X64.532 Y-35.311
X63.824 Y-35.812
X63.664 Y-35.923
X63.538 Y-36.009
G3 X63.473 Y-36.428 R0.3
X63.748 Y-36.549 R0.3
G1 X63.814 Y-36.542 Z-10.492
X63.877 Y-36.535 Z-10.47
X63.934 Y-36.529 Z-10.435
X63.981 Y-36.524 Z-10.387
X64.017 Y-36.52 Z-10.33
X64.039 Y-36.517 Z-10.267
X64.046 Y-36.516 Z-10.2
G0 Z5.
X73.148 Y-37.282
Z-9.9
G1 Z-10.2 F1000.
X73.144 Y-37.275 Z-10.267
X73.132 Y-37.257 Z-10.33
X73.113 Y-37.227 Z-10.387
X73.088 Y-37.186 Z-10.435
X73.057 Y-37.138 Z-10.47
X73.023 Y-37.085 Z-10.492
X72.988 Y-37.028 Z-10.5
G3 X72.416 Y-36.489 R1.583
G1 X72.047 Y-36.301
X71.48 Y-36.007
X71.196 Y-35.859
X71.054 Y-35.776
X70.913 Y-35.676
X70.771 Y-35.558
X70.651 Y-35.467
X70.493 Y-35.369
X70.355 Y-35.297
X70.236 Y-35.197
X70.068 Y-34.974
X70.04 Y-34.912
X70.003 Y-34.855
X69.957 Y-34.805
X69.902 Y-34.766 Z-10.471
X69.839 Y-34.741 Z-10.443
X69.773 Y-34.731 Z-10.414
X69.706 Y-34.736 Z-10.386
X69.642 Y-34.755 Z-10.357
X69.583 Y-34.788 Z-10.329
X69.534 Y-34.834 Z-10.3
G3 X69.556 Y-35.251 R0.3
G1 X70.367 Y-36.001
G3 X70.585 Y-36.081 R0.3
X70.794 Y-35.981 R0.3
G1 X70.833 Y-35.926 Z-10.329
X70.859 Y-35.864 Z-10.357
X70.87 Y-35.798 Z-10.386
X70.866 Y-35.731 Z-10.414
X70.848 Y-35.667 Z-10.443
X70.815 Y-35.608 Z-10.471
X70.771 Y-35.558 Z-10.5
X70.7 Y-35.499
X69.778 Y-34.638
X69.531 Y-34.366
X69.345 Y-34.083
X68.743 Y-33.092
X68.662 Y-32.951
X68.59 Y-32.809
X68.525 Y-32.641
X68.502 Y-32.579
X68.484 Y-32.514
G3 X68.106 Y-32.32 R0.3
X67.905 Y-32.542 R0.3
G1 X67.891 Y-32.608 Z-10.492
X67.878 Y-32.67 Z-10.47
X67.866 Y-32.725 Z-10.435
X67.856 Y-32.772 Z-10.387
X67.848 Y-32.807 Z-10.33
X67.843 Y-32.828 Z-10.267
X67.842 Y-32.836 Z-10.2
G0 Z5.
X97.41 Y-31.319
Z-9.9
G1 Z-10.2 F1000.
X97.404 Y-31.324 Z-10.267
X97.386 Y-31.337 Z-10.33
X97.357 Y-31.358 Z-10.387
X97.319 Y-31.386 Z-10.435
X97.273 Y-31.419 Z-10.47
X97.221 Y-31.457 Z-10.492
X97.167 Y-31.496 Z-10.5
G3 X96.667 Y-32.102 R1.583
G1 X96.545 Y-32.385
X96.149 Y-33.296
X96.114 Y-33.375
X96.046 Y-33.517
X95.965 Y-33.659
X95.865 Y-33.8
X95.757 Y-33.942
X95.066 Y-34.791
X95.015 Y-34.852
X94.818 Y-35.074
X94.732 Y-35.152
X94.657 Y-35.215
X94.59 Y-35.27
X94.023 Y-35.672
X93.456 Y-36.072
X93.314 Y-36.163
X93.172 Y-36.232
X93.03 Y-36.3
X92.888 Y-36.352
X92.038 Y-36.655
X91.705 Y-36.772
X91.612 Y-36.804
X91.471 Y-36.841
X91.329 Y-36.868
X91.187 Y-36.888
X90.336 Y-36.947
X89.911 Y-36.976
X89.769 Y-36.983
X89.628 Y-36.987
X89.486 Y-36.978
X89.344 Y-36.96
X88.919 Y-36.877
X88.068 Y-36.7
X87.926 Y-36.668
X87.779 Y-36.631
X87.643 Y-36.59
X87.501 Y-36.527
X87.425 Y-36.489
X87.084 Y-36.343
X86.77 Y-36.236
X86.331 Y-36.126
X86.177 Y-36.1
X86.033 Y-36.041
X85.905 Y-35.951
X85.8 Y-35.835
X85.657 Y-35.579
X85.62 Y-35.479
X85.566 Y-35.387
X85.495 Y-35.307
X85.44 Y-35.269 Z-10.471
X85.377 Y-35.244 Z-10.443
X85.311 Y-35.233 Z-10.414
X85.244 Y-35.238 Z-10.386
X85.18 Y-35.258 Z-10.357
X85.121 Y-35.291 Z-10.329
X85.072 Y-35.336 Z-10.3
G3 X85.101 Y-35.759 R0.3
X85.141 Y-35.789 R0.3
G1 X87.126 Y-37.009
G3 X87.361 Y-37.043 R0.3
X87.547 Y-36.895 R0.3
G1 X87.572 Y-36.833 Z-10.329
X87.583 Y-36.767 Z-10.357
X87.578 Y-36.7 Z-10.386
X87.558 Y-36.635 Z-10.414
X87.525 Y-36.577 Z-10.443
X87.48 Y-36.527 Z-10.471
X87.425 Y-36.489 Z-10.5
X87.137 Y-36.348
X86.225 Y-35.875
X86.068 Y-35.782
X85.941 Y-35.701
X85.799 Y-35.588
X85.701 Y-35.499
X84.942 Y-34.791
X84.798 Y-34.649
X84.531 Y-34.366
X84.432 Y-34.225
X84.345 Y-34.083
X83.993 Y-33.505
G3 X83.797 Y-33.375 R0.3
X83.566 Y-33.427 R0.3
G1 X83.533 Y-33.468 Z-10.495
X83.5 Y-33.508 Z-10.481
X83.47 Y-33.545 Z-10.458
X83.458 Y-33.598 Z-10.416
X83.449 Y-33.64 Z-10.362
X83.443 Y-33.67 Z-10.3
Y-33.683 Z-10.251
Y-33.687 Z-10.2
G0 Z5.
X-0.292 Y-43.507
Z-14.9
G1 Z-15.2 F1000.
X-0.29 Y-43.499 Z-15.267
X-0.285 Y-43.478 Z-15.33
X-0.276 Y-43.443 Z-15.387
X-0.264 Y-43.397 Z-15.435
X-0.25 Y-43.342 Z-15.47
X-0.234 Y-43.281 Z-15.492
X-0.218 Y-43.216 Z-15.5
G3 X0.017 Y-41.583 R7.659
G1 Y-41.433
X-0.107 Y-40.821
X-0.18 Y-40.202
X-0.223 Y-39.579
X-0.248 Y-38.956
X-0.262 Y-38.332
X-0.27 Y-37.708
X-0.275 Y-37.084
X-0.278 Y-36.46
X-0.28 Y-35.212
X-0.282 Y-30.845
X-0.283 Y-1.363
X-0.248 Y-1.211
X-0.114 Y-0.929
X0.089 Y-0.693
X0.577 Y-0.304
X1.153 Y-0.063
X1.759 Y0.083
X2.377 Y0.169
X2.999 Y0.219
X3.623 Y0.248
X4.246 Y0.265
X4.87 Y0.275
X5.494 Y0.28
X6.118 Y0.284
X7.366 Y0.287
X9.238 Y0.288
X59.777
X98.618
X98.77 Y0.254
X99.052 Y0.12
X99.289 Y-0.083
X99.678 Y-0.571
X99.92 Y-1.146
X100.065 Y-1.753
X100.152 Y-2.37
X100.202 Y-2.992
X100.232 Y-3.616
X100.249 Y-4.239
X100.259 Y-4.863
X100.265 Y-5.487
X100.268 Y-6.111
X100.271 Y-7.359
X100.274 Y-10.479
X100.282 Y-38.556
X100.267 Y-38.711
X100.167 Y-39.007
X99.977 Y-39.254
X99.505 Y-39.662
X98.935 Y-39.917
X98.33 Y-40.071
X97.713 Y-40.162
X97.091 Y-40.215
X96.468 Y-40.246
X95.844 Y-40.264
X95.221 Y-40.274
X94.597 Y-40.28
X93.973 Y-40.283
X92.725 Y-40.287
X89.605 Y-40.288
X78.998
X28.458
X2.565
X2.27 Y-40.185
X2.018 Y-40.002
X1.597 Y-39.541
X1.328 Y-38.978
X1.163 Y-38.376
X1.063 Y-37.76
X1.004 Y-37.139
X0.968 Y-36.516
X0.948 Y-35.893
X0.936 Y-35.269
X0.928 Y-34.645
X0.924 Y-34.021
X0.922 Y-33.397
X0.919 Y-32.149
X0.918 Y-27.782
Y-16.551
X0.917 Y-2.824
X1.004 Y-2.524
X1.16 Y-2.254
X1.416 Y-1.963
X1.46 Y-1.908
X1.499 Y-1.848
X1.531 Y-1.784
X1.582 Y-1.668
X1.654 Y-1.529
X1.739 Y-1.388
X1.866 Y-1.226
X1.978 Y-1.104
X2.007 Y-1.076
X2.131 Y-0.963
X2.291 Y-0.846
X2.326 Y-0.821
X2.433 Y-0.762
X2.575 Y-0.69
X2.716 Y-0.631
X2.858 Y-0.587
X3. Y-0.556
X3.091 Y-0.538
X3.142 Y-0.53
X3.567 Y-0.513
X96.433
X96.858 Y-0.53
X96.909 Y-0.538
X97. Y-0.556
X97.142 Y-0.587
X97.284 Y-0.631
X97.425 Y-0.69
X97.567 Y-0.762
X97.674 Y-0.821
X97.709 Y-0.846
X97.869 Y-0.963
X97.993 Y-1.076
X98.022 Y-1.104
X98.134 Y-1.226
X98.261 Y-1.388
X98.346 Y-1.529
X98.419 Y-1.671
X98.482 Y-1.812
X98.527 Y-1.954
X98.715 Y-2.548
X98.851 Y-3.157
X98.937 Y-3.775
X98.99 Y-4.397
X99.022 Y-5.02
X99.042 Y-5.644
X99.054 Y-6.268
X99.062 Y-6.892
X99.066 Y-7.516
X99.069 Y-8.139
X99.072 Y-9.387
X99.074 Y-13.131
X99.082 Y-36.841
X99.08 Y-37.153
X99.002 Y-37.455
X98.852 Y-37.728
X98.572 Y-38.057
X98.53 Y-38.11
X98.494 Y-38.167
X98.464 Y-38.228
X98.418 Y-38.332
X98.346 Y-38.471
X98.261 Y-38.612
X98.134 Y-38.774
X98.022 Y-38.896
X97.993 Y-38.924
X97.869 Y-39.037
X97.709 Y-39.154
X97.674 Y-39.179
X97.567 Y-39.238
X97.425 Y-39.31
X97.284 Y-39.369
X97.142 Y-39.413
X97. Y-39.444
X96.909 Y-39.462
X96.858 Y-39.47
X96.433 Y-39.487
X3.567
X3.142 Y-39.47
X3.091 Y-39.462
X3. Y-39.444
X2.858 Y-39.413
X2.716 Y-39.369
X2.575 Y-39.31
X2.433 Y-39.238
X2.326 Y-39.179
X2.291 Y-39.154
X2.131 Y-39.037
X2.007 Y-38.924
X1.978 Y-38.896
X1.866 Y-38.774
X1.739 Y-38.612
X1.654 Y-38.471
X1.581 Y-38.329
X1.518 Y-38.188
X1.473 Y-38.046
X1.44 Y-37.92
X1.437 Y-37.905
X1.415 Y-37.763
X1.398 Y-37.48
X1.391 Y-37.339
Y-2.661
X1.398 Y-2.52
X1.415 Y-2.237
X1.437 Y-2.095
X1.44 Y-2.08
X1.473 Y-1.954
X1.518 Y-1.812
X1.531 Y-1.784
G3 X1.364 Y-1.394 R0.3
X1.067 Y-1.437 R0.3
G1 X1.015 Y-1.478 Z-15.492
X0.965 Y-1.517 Z-15.47
X0.92 Y-1.552 Z-15.435
X0.883 Y-1.581 Z-15.387
X0.854 Y-1.603 Z-15.33
X0.837 Y-1.617 Z-15.267
X0.831 Y-1.622 Z-15.2
G0 Z5.
X98.634 Y-0.881
Z-14.9
G1 Z-15.2 F1000.
X98.632 Y-0.888 Z-15.267
X98.626 Y-0.909 Z-15.33
X98.616 Y-0.943 Z-15.387
X98.603 Y-0.989 Z-15.435
X98.587 Y-1.044 Z-15.47
X98.569 Y-1.105 Z-15.492
X98.551 Y-1.169 Z-15.5
G3 X98.527 Y-1.954 R1.583
G1 X98.56 Y-2.08
X98.563 Y-2.095
X98.585 Y-2.237
X98.602 Y-2.52
X98.609 Y-2.661
Y-37.339
X98.602 Y-37.48
X98.585 Y-37.763
X98.563 Y-37.905
X98.56 Y-37.92
X98.527 Y-38.046
X98.482 Y-38.188
X98.464 Y-38.228
G3 X98.631 Y-38.618 R0.3
X98.928 Y-38.575 R0.3
G1 X98.98 Y-38.534 Z-15.492
X99.03 Y-38.495 Z-15.47
X99.075 Y-38.46 Z-15.435
X99.112 Y-38.431 Z-15.387
X99.14 Y-38.409 Z-15.33
X99.158 Y-38.395 Z-15.267
X99.164 Y-38.39 Z-15.2
G0 Z15.

(2D CONTOUR1)
G55
G0 X55.8 Y-16.1
Z15.
Z5.
G1 Z0.6 F333.
Z-10.7
X55.805 Y-16.094 Z-10.767 F1000.
X55.818 Y-16.076 Z-10.83
X55.839 Y-16.048 Z-10.887
X55.868 Y-16.01 Z-10.935
X55.902 Y-15.964 Z-10.97
X55.94 Y-15.913 Z-10.992
X55.98 Y-15.86 Z-11.
X56.16 Y-15.62
G3 X56.1 Y-15.2 R0.3
G2 X54.8 Y-6.1 R6.5
X63.9 Y-4.8 R6.5
X65.2 Y-13.9 R6.5
X56.1 Y-15.2 R6.5
G3 X55.68 Y-15.26 R0.3
G1 X55.5 Y-15.5
X55.46 Y-15.553 Z-10.992
X55.422 Y-15.604 Z-10.97
X55.388 Y-15.65 Z-10.935
X55.359 Y-15.688 Z-10.887
X55.338 Y-15.716 Z-10.83
X55.325 Y-15.734 Z-10.767
X55.32 Y-15.74 Z-10.7
G0 Z5.
X49.68
G1 Z0.6 F333.
Z-10.7
X49.675 Y-15.734 Z-10.767 F1000.
X49.662 Y-15.716 Z-10.83
X49.641 Y-15.688 Z-10.887
X49.612 Y-15.65 Z-10.935
X49.578 Y-15.604 Z-10.97
X49.54 Y-15.553 Z-10.992
X49.5 Y-15.5 Z-11.
X49.32 Y-15.26
G3 X48.9 Y-15.2 R0.3
G2 X39.8 Y-13.9 R6.5
X41.1 Y-4.8 R6.5
X50.2 Y-6.1 R6.5
X48.9 Y-15.2 R6.5
G3 X48.84 Y-15.62 R0.3
G1 X49.02 Y-15.86
X49.06 Y-15.913 Z-10.992
X49.098 Y-15.964 Z-10.97
X49.132 Y-16.01 Z-10.935
X49.161 Y-16.048 Z-10.887
X49.182 Y-16.076 Z-10.83
X49.195 Y-16.094 Z-10.767
X49.2 Y-16.1 Z-10.7
G0 Z5.
Y-23.9
G1 Z0.6 F333.
Z-10.7
X49.195 Y-23.906 Z-10.767 F1000.
X49.182 Y-23.924 Z-10.83
X49.161 Y-23.952 Z-10.887
X49.132 Y-23.99 Z-10.935
X49.098 Y-24.036 Z-10.97
X49.06 Y-24.087 Z-10.992
X49.02 Y-24.14 Z-11.
X48.84 Y-24.38
G3 X48.9 Y-24.8 R0.3
G2 X50.2 Y-33.9 R6.5
X41.1 Y-35.2 R6.5
X39.8 Y-26.1 R6.5
X48.9 Y-24.8 R6.5
G3 X49.32 Y-24.74 R0.3
G1 X49.5 Y-24.5
X49.54 Y-24.447 Z-10.992
X49.578 Y-24.396 Z-10.97
X49.612 Y-24.35 Z-10.935
X49.641 Y-24.312 Z-10.887
X49.662 Y-24.284 Z-10.83
X49.675 Y-24.266 Z-10.767
X49.68 Y-24.26 Z-10.7
G0 Z5.
X55.32
G1 Z0.6 F333.
Z-10.7
X55.325 Y-24.266 Z-10.767 F1000.
X55.338 Y-24.284 Z-10.83
X55.359 Y-24.312 Z-10.887
X55.388 Y-24.35 Z-10.935
X55.422 Y-24.396 Z-10.97
X55.46 Y-24.447 Z-10.992
X55.5 Y-24.5 Z-11.
X55.68 Y-24.74
G3 X56.1 Y-24.8 R0.3
G2 X65.2 Y-26.1 R6.5
X63.9 Y-35.2 R6.5
X54.8 Y-33.9 R6.5
X56.1 Y-24.8 R6.5
G3 X56.217 Y-24.602 R0.3
X56.16 Y-24.38 R0.3
G1 X55.98 Y-24.14
X55.94 Y-24.087 Z-10.992
X55.902 Y-24.036 Z-10.97
X55.868 Y-23.99 Z-10.935
X55.839 Y-23.952 Z-10.887
X55.818 Y-23.924 Z-10.83
X55.805 Y-23.906 Z-10.767
X55.8 Y-23.9 Z-10.7
G0 Z5.
X70.32 Y-24.26
G1 Z0.6 F333.
Z-10.7
X70.325 Y-24.266 Z-10.767 F1000.
X70.338 Y-24.284 Z-10.83
X70.359 Y-24.312 Z-10.887
X70.388 Y-24.35 Z-10.935
X70.422 Y-24.396 Z-10.97
X70.46 Y-24.447 Z-10.992
X70.5 Y-24.5 Z-11.
X70.68 Y-24.74
G3 X71.1 Y-24.8 R0.3
G2 X80.2 Y-26.1 R6.5
X78.9 Y-35.2 R6.5
X69.8 Y-33.9 R6.5
X71.1 Y-24.8 R6.5
G3 X71.16 Y-24.38 R0.3
G1 X70.98 Y-24.14
X70.94 Y-24.087 Z-10.992
X70.902 Y-24.036 Z-10.97
X70.868 Y-23.99 Z-10.935
X70.839 Y-23.952 Z-10.887
X70.818 Y-23.924 Z-10.83
X70.805 Y-23.906 Z-10.767
X70.8 Y-23.9 Z-10.7
G0 Z5.
Y-16.1
G1 Z0.6 F333.
Z-10.7
X70.805 Y-16.094 Z-10.767 F1000.
X70.818 Y-16.076 Z-10.83
X70.839 Y-16.048 Z-10.887
X70.868 Y-16.01 Z-10.935
X70.902 Y-15.964 Z-10.97
X70.94 Y-15.913 Z-10.992
X70.98 Y-15.86 Z-11.
X71.16 Y-15.62
G3 X71.1 Y-15.2 R0.3
G2 X69.8 Y-6.1 R6.5
X78.9 Y-4.8 R6.5
X80.2 Y-13.9 R6.5
X71.1 Y-15.2 R6.5
G3 X70.68 Y-15.26 R0.3
G1 X70.5 Y-15.5
X70.46 Y-15.553 Z-10.992
X70.422 Y-15.604 Z-10.97
X70.388 Y-15.65 Z-10.935
X70.359 Y-15.688 Z-10.887
X70.338 Y-15.716 Z-10.83
X70.325 Y-15.734 Z-10.767
X70.32 Y-15.74 Z-10.7
G0 Z5.
X85.8 Y-16.1
G1 Z0.6 F333.
Z-10.7
X85.805 Y-16.094 Z-10.767 F1000.
X85.818 Y-16.076 Z-10.83
X85.839 Y-16.048 Z-10.887
X85.868 Y-16.01 Z-10.935
X85.902 Y-15.964 Z-10.97
X85.94 Y-15.913 Z-10.992
X85.98 Y-15.86 Z-11.
X86.16 Y-15.62
G3 X86.1 Y-15.2 R0.3
G2 X84.8 Y-6.1 R6.5
X93.9 Y-4.8 R6.5
X95.2 Y-13.9 R6.5
X86.1 Y-15.2 R6.5
G3 X85.68 Y-15.26 R0.3
G1 X85.5 Y-15.5
X85.46 Y-15.553 Z-10.992
X85.422 Y-15.604 Z-10.97
X85.388 Y-15.65 Z-10.935
X85.359 Y-15.688 Z-10.887
X85.338 Y-15.716 Z-10.83
X85.325 Y-15.734 Z-10.767
X85.32 Y-15.74 Z-10.7
G0 Z5.
X97.274 Y-28.61
G1 Z0.6 F333.
Z-10.7
X97.267 Y-28.611 Z-10.767 F1000.
X97.245 Y-28.614 Z-10.83
X97.21 Y-28.619 Z-10.887
X97.163 Y-28.626 Z-10.935
X97.106 Y-28.635 Z-10.97
X97.044 Y-28.644 Z-10.992
X96.978 Y-28.654 Z-11.
X96.681 Y-28.698
G3 X96.429 Y-29.039 R0.3
G2 X90.961 Y-36.429 R6.5
X83.571 Y-30.961 R6.5
X89.039 Y-23.571 R6.5
X96.429 Y-29.039 R6.5
G3 X96.547 Y-29.236 R0.3
X96.77 Y-29.292 R0.3
G1 X97.066 Y-29.248
X97.132 Y-29.238 Z-10.992
X97.195 Y-29.228 Z-10.97
X97.251 Y-29.22 Z-10.935
X97.298 Y-29.213 Z-10.887
X97.334 Y-29.208 Z-10.83
X97.356 Y-29.204 Z-10.767
X97.363 Y-29.203 Z-10.7
G0 Z5.
X34.2 Y-23.9
G1 Z0.6 F333.
Z-10.7
X34.195 Y-23.906 Z-10.767 F1000.
X34.182 Y-23.924 Z-10.83
X34.161 Y-23.952 Z-10.887
X34.132 Y-23.99 Z-10.935
X34.098 Y-24.036 Z-10.97
X34.06 Y-24.087 Z-10.992
X34.02 Y-24.14 Z-11.
X33.84 Y-24.38
G3 X33.9 Y-24.8 R0.3
G2 X35.2 Y-33.9 R6.5
X26.1 Y-35.2 R6.5
X24.8 Y-26.1 R6.5
X33.9 Y-24.8 R6.5
G3 X34.32 Y-24.74 R0.3
G1 X34.5 Y-24.5
X34.54 Y-24.447 Z-10.992
X34.578 Y-24.396 Z-10.97
X34.612 Y-24.35 Z-10.935
X34.641 Y-24.312 Z-10.887
X34.662 Y-24.284 Z-10.83
X34.675 Y-24.266 Z-10.767
X34.68 Y-24.26 Z-10.7
G0 Z5.
Y-15.74
G1 Z0.6 F333.
Z-10.7
X34.675 Y-15.734 Z-10.767 F1000.
X34.662 Y-15.716 Z-10.83
X34.641 Y-15.688 Z-10.887
X34.612 Y-15.65 Z-10.935
X34.578 Y-15.604 Z-10.97
X34.54 Y-15.553 Z-10.992
X34.5 Y-15.5 Z-11.
X34.32 Y-15.26
G3 X33.9 Y-15.2 R0.3
G2 X24.8 Y-13.9 R6.5
X26.1 Y-4.8 R6.5
X35.2 Y-6.1 R6.5
X33.9 Y-15.2 R6.5
G3 X33.84 Y-15.62 R0.3
G1 X34.02 Y-15.86
X34.06 Y-15.913 Z-10.992
X34.098 Y-15.964 Z-10.97
X34.132 Y-16.01 Z-10.935
X34.161 Y-16.048 Z-10.887
X34.182 Y-16.076 Z-10.83
X34.195 Y-16.094 Z-10.767
X34.2 Y-16.1 Z-10.7
G0 Z5.
X19.68 Y-15.74
G1 Z0.6 F333.
Z-10.7
X19.675 Y-15.734 Z-10.767 F1000.
X19.662 Y-15.716 Z-10.83
X19.641 Y-15.688 Z-10.887
X19.612 Y-15.65 Z-10.935
X19.578 Y-15.604 Z-10.97
X19.54 Y-15.553 Z-10.992
X19.5 Y-15.5 Z-11.
X19.32 Y-15.26
G3 X18.9 Y-15.2 R0.3
G2 X9.8 Y-13.9 R6.5
X11.1 Y-4.8 R6.5
X20.2 Y-6.1 R6.5
X18.9 Y-15.2 R6.5
G3 X18.84 Y-15.62 R0.3
G1 X19.02 Y-15.86
X19.06 Y-15.913 Z-10.992
X19.098 Y-15.964 Z-10.97
X19.132 Y-16.01 Z-10.935
X19.161 Y-16.048 Z-10.887
X19.182 Y-16.076 Z-10.83
X19.195 Y-16.094 Z-10.767
X19.2 Y-16.1 Z-10.7
G0 Z5.
Y-23.9
G1 Z0.6 F333.
Z-10.7
X19.195 Y-23.906 Z-10.767 F1000.
X19.182 Y-23.924 Z-10.83
X19.161 Y-23.952 Z-10.887
X19.132 Y-23.99 Z-10.935
X19.098 Y-24.036 Z-10.97
X19.06 Y-24.087 Z-10.992
X19.02 Y-24.14 Z-11.
X18.84 Y-24.38
G3 X18.9 Y-24.8 R0.3
G2 X20.2 Y-33.9 R6.5
X11.1 Y-35.2 R6.5
X9.8 Y-26.1 R6.5
X18.9 Y-24.8 R6.5
G3 X19.32 Y-24.74 R0.3
G1 X19.5 Y-24.5
X19.54 Y-24.447 Z-10.992
X19.578 Y-24.396 Z-10.97
X19.612 Y-24.35 Z-10.935
X19.641 Y-24.312 Z-10.887
X19.662 Y-24.284 Z-10.83
X19.675 Y-24.266 Z-10.767
X19.68 Y-24.26 Z-10.7
G0 Z15.

(FLAT1)
G55
G0 X78.789 Y-0.687
Z15.
Z-9.675
G1 Z-10.675 F333.
X78.788 Y-0.688 Z-10.701 F1000.
X78.792 Y-0.697 Z-10.768
X78.808 Y-0.713 Z-10.831
X78.837 Y-0.735 Z-10.887
X78.876 Y-0.762 Z-10.935
X78.924 Y-0.793 Z-10.97
X78.978 Y-0.826 Z-10.993
X79.036 Y-0.859 Z-11.
X79.297 Y-1.008
X79.923 Y-1.365
G2 X82.279 Y-3.23 R9.929
G1 X82.39 Y-3.348
X82.422 Y-3.374
X82.459 Y-3.391
X82.5 Y-3.397
X82.541 Y-3.391
X82.579 Y-3.374
X82.611 Y-3.348
X82.722 Y-3.23
G2 X85.076 Y-1.365 R9.928
G1 X85.702 Y-1.008
X85.963 Y-0.859
X86.02 Y-0.826 Z-10.993
X86.075 Y-0.793 Z-10.97
X86.122 Y-0.762 Z-10.935
X86.162 Y-0.735 Z-10.887
X86.19 Y-0.713 Z-10.831
X86.207 Y-0.697 Z-10.768
X86.21 Y-0.688 Z-10.701
Y-0.687 Z-10.675
G0 Z5.
X83.274 Y-19.645
Z-9.675
G1 Z-10.675 F333.
Y-19.644 Z-10.701 F1000.
X83.267 Y-19.638 Z-10.768
X83.245 Y-19.632 Z-10.831
X83.209 Y-19.626 Z-10.887
X83.162 Y-19.621 Z-10.935
X83.105 Y-19.617 Z-10.97
X83.041 Y-19.614 Z-10.993
X82.975 Y-19.612 Z-11.
X82.675 Y-19.606
X82.391 Y-19.6
G3 X81.99 Y-19.998 R0.399
X82.106 Y-20.281 R0.399
X82.389 Y-20.399 R0.399
G1 X82.61
G3 X83.01 Y-20.001 R0.399
X82.675 Y-19.606 R0.399
G1 X82.379 Y-19.557
X82.313 Y-19.547 Z-10.993
X82.25 Y-19.539 Z-10.97
X82.193 Y-19.533 Z-10.935
X82.146 Y-19.529 Z-10.887
X82.11 Z-10.831
X82.087 Y-19.53 Z-10.768
X82.078 Y-19.535 Z-10.701
Y-19.536 Z-10.675
G0 Z5.
X98.617 Y-18.568
Z-9.675
G1 Z-10.675 F333.
Y-18.567 Z-10.701 F1000.
X98.607 Z-10.768
X98.586 Y-18.575 Z-10.831
X98.554 Y-18.592 Z-10.887
X98.513 Y-18.616 Z-10.935
X98.465 Y-18.647 Z-10.97
X98.412 Y-18.682 Z-10.993
X98.358 Y-18.72 Z-11.
X98.114 Y-18.895
X97.253 Y-19.511
G3 X97.114 Y-20.348 R0.6
X97.253 Y-20.487 R0.6
G1 X98.114 Y-21.102
X98.358 Y-21.276
X98.412 Y-21.314 Z-10.993
X98.465 Y-21.35 Z-10.97
X98.513 Y-21.38 Z-10.935
X98.554 Y-21.405 Z-10.887
X98.586 Y-21.421 Z-10.831
X98.607 Y-21.43 Z-10.768
X98.617 Y-21.429 Z-10.701
X98.618 Y-21.428 Z-10.675
G0 Z5.
X67.962 Y-20.613
Z-9.675
G1 Z-10.675 F333.
X67.963 Z-10.701 F1000.
X67.969 Y-20.606 Z-10.768
X67.976 Y-20.584 Z-10.831
X67.982 Y-20.549 Z-10.887
X67.988 Y-20.501 Z-10.935
X67.993 Y-20.445 Z-10.97
X67.997 Y-20.381 Z-10.993
X68. Y-20.315 Z-11.
X68.011 Y-20.015
G3 X67.9 Y-19.724 R0.399
X67.614 Y-19.601 R0.399
G1 X67.392 Y-19.599
G3 X66.99 Y-19.996 R0.399
X67.387 Y-20.398 R0.399
G1 X67.609 Y-20.4
G3 X68.011 Y-20.015 R0.399
G1 X68.022 Y-19.715
X68.024 Y-19.648 Z-10.993
Y-19.585 Z-10.97
X68.023 Y-19.528 Z-10.935
X68.02 Y-19.48 Z-10.887
X68.017 Y-19.444 Z-10.831
X68.012 Y-19.422 Z-10.768
X68.006 Y-19.414 Z-10.701
X68.005 Z-10.675
G0 Z5.
X1.61 Y-6.658
Z-9.675
G1 Z-10.675 F333.
X1.611 Y-6.659 Z-10.701 F1000.
X1.62 Y-6.654 Z-10.768
X1.634 Y-6.637 Z-10.831
X1.654 Y-6.606 Z-10.887
X1.677 Y-6.565 Z-10.935
X1.704 Y-6.514 Z-10.97
X1.732 Y-6.458 Z-10.993
X1.761 Y-6.397 Z-11.
X1.886 Y-6.125
X2.712 Y-4.334
G2 X3.583 Y-2.74 R13.432
G1 X4.687 Y-1.008
X4.848 Y-0.755
X4.883 Y-0.698 Z-10.993
X4.916 Y-0.644 Z-10.97
X4.944 Y-0.594 Z-10.935
X4.966 Y-0.552 Z-10.887
X4.981 Y-0.519 Z-10.831
X4.988 Y-0.497 Z-10.768
X4.987 Y-0.488 Z-10.701
X4.986 Y-0.487 Z-10.675
G0 Z5.
X1.53 Y-21.977
Z-9.675
G1 Z-10.675 F333.
X1.531 Y-21.978 Z-10.701 F1000.
X1.54 Y-21.975 Z-10.768
X1.557 Y-21.959 Z-10.831
X1.581 Y-21.932 Z-10.887
X1.611 Y-21.895 Z-10.935
X1.645 Y-21.85 Z-10.97
X1.682 Y-21.798 Z-10.993
X1.72 Y-21.743 Z-11.
X1.886 Y-21.494
X2.659 Y-20.339
G3 X2.66 Y-19.674 R0.6
G1 X1.886 Y-18.507
X1.721 Y-18.257
X1.683 Y-18.202 Z-10.993
X1.647 Y-18.15 Z-10.97
X1.613 Y-18.104 Z-10.935
X1.583 Y-18.067 Z-10.887
X1.559 Y-18.04 Z-10.831
X1.542 Y-18.025 Z-10.768
X1.533 Y-18.022 Z-10.701
X1.532 Z-10.675
G0 Z5.
X1.611 Y-26.662
Z-9.675
G1 Z-10.675 F333.
X1.612 Y-26.663 Z-10.701 F1000.
X1.62 Y-26.658 Z-10.768
X1.634 Y-26.64 Z-10.831
X1.654 Y-26.61 Z-10.887
X1.678 Y-26.569 Z-10.935
X1.704 Y-26.518 Z-10.97
X1.732 Y-26.461 Z-10.993
X1.761 Y-26.401 Z-11.
X1.886 Y-26.129
X2.713 Y-24.334
G2 X4.28 Y-21.743 R13.475
G1 X5.341 Y-20.367
G3 Y-19.635 R0.6
G1 X4.275 Y-18.25
G2 X2.712 Y-15.666 R13.468
G1 X1.886 Y-13.873
X1.761 Y-13.6
X1.732 Y-13.54 Z-10.993
X1.704 Y-13.483 Z-10.97
X1.678 Y-13.433 Z-10.935
X1.654 Y-13.391 Z-10.887
X1.634 Y-13.361 Z-10.831
X1.62 Y-13.343 Z-10.768
X1.612 Y-13.339 Z-10.701
X1.611 Z-10.675
G0 Z5.
X4.984 Y-39.513
Z-9.675
G1 Z-10.675 F333.
X4.985 Y-39.512 Z-10.701 F1000.
X4.986 Y-39.503 Z-10.768
X4.979 Y-39.481 Z-10.831
X4.964 Y-39.448 Z-10.887
X4.942 Y-39.406 Z-10.935
X4.914 Y-39.356 Z-10.97
X4.881 Y-39.302 Z-10.993
X4.846 Y-39.245 Z-11.
X4.685 Y-38.992
X3.582 Y-37.259
G2 X2.712 Y-35.663 R13.449
G1 X1.886 Y-33.871
X1.761 Y-33.598
X1.732 Y-33.538 Z-10.993
X1.704 Y-33.481 Z-10.97
X1.677 Y-33.431 Z-10.935
X1.654 Y-33.389 Z-10.887
X1.634 Y-33.359 Z-10.831
X1.62 Y-33.341 Z-10.768
X1.612 Y-33.337 Z-10.701
X1.611 Z-10.675
G0 Z5.
X7.347 Y-39.477
Z-9.675
G1 Z-10.675 F333.
X7.348 Y-39.476 Z-10.701 F1000.
Y-39.467 Z-10.768
X7.339 Y-39.446 Z-10.831
X7.32 Y-39.415 Z-10.887
X7.294 Y-39.375 Z-10.935
X7.26 Y-39.329 Z-10.97
X7.222 Y-39.278 Z-10.993
X7.181 Y-39.226 Z-11.
X6.993 Y-38.992
X5.739 Y-37.43
G2 X3.165 Y-29.069 R11.862
G1 X3.166 Y-29.056
G2 X6.742 Y-21.469 R11.856
G1 X7.819 Y-20.427
G3 X8.002 Y-19.994 R0.6
X7.817 Y-19.563 R0.6
G1 X6.776 Y-18.564
G2 X3.243 Y-11.649 R11.849
G1 X3.24 Y-11.63
G2 X5.64 Y-2.696 R11.849
G1 X6.994 Y-1.008
X7.181 Y-0.774
X7.222 Y-0.721 Z-10.993
X7.261 Y-0.671 Z-10.97
X7.294 Y-0.624 Z-10.935
X7.32 Y-0.585 Z-10.887
X7.339 Y-0.554 Z-10.831
X7.348 Y-0.533 Z-10.768
Y-0.523 Z-10.701
Z-10.675
G0 Z5.
X22.62 Y-19.332
Z-9.675
G1 Z-10.675 F333.
X22.619 Y-19.331 Z-10.701 F1000.
X22.61 Z-10.768
X22.589 Y-19.341 Z-10.831
X22.558 Y-19.359 Z-10.887
X22.519 Y-19.386 Z-10.935
X22.473 Y-19.42 Z-10.97
X22.422 Y-19.458 Z-10.993
X22.37 Y-19.499 Z-11.
X22.137 Y-19.688
G3 X22.078 Y-20.25 R0.399
X22.386 Y-20.398 R0.399
G1 X22.608 Y-20.4
G3 X23.011 Y-20.003 R0.399
X22.614 Y-19.601 R0.399
G1 X22.391 Y-19.599
G3 X22.137 Y-19.688 R0.399
G1 X21.904 Y-19.877
X21.852 Y-19.92 Z-10.993
X21.804 Y-19.961 Z-10.97
X21.762 Y-20. Z-10.935
X21.728 Y-20.033 Z-10.887
X21.703 Y-20.059 Z-10.831
X21.689 Y-20.077 Z-10.768
X21.687 Y-20.087 Z-10.701
X21.688 Z-10.675
G0 Z5.
X37.028 Y-19.393
Z-9.675
G1 Z-10.675 F333.
X37.027 Z-10.701 F1000.
X37.021 Y-19.4 Z-10.768
X37.015 Y-19.422 Z-10.831
X37.009 Y-19.458 Z-10.887
X37.004 Y-19.506 Z-10.935
X37. Y-19.562 Z-10.97
X36.997 Y-19.626 Z-10.993
X36.995 Y-19.692 Z-11.
X36.989 Y-19.992
G3 X37.103 Y-20.28 R0.399
X37.389 Y-20.4 R0.399
G1 X37.612
G3 X38.011 Y-20. R0.399
X37.893 Y-19.717 R0.399
X37.611 Y-19.601 R0.399
G1 X37.387
G3 X36.989 Y-19.992 R0.399
G1 X36.982 Y-20.292
Y-20.359 Z-10.993
Y-20.422 Z-10.97
X36.984 Y-20.479 Z-10.935
X36.988 Y-20.527 Z-10.887
X36.992 Y-20.563 Z-10.831
X36.997 Y-20.585 Z-10.768
X37.002 Y-20.593 Z-10.701
X37.004 Z-10.675
G0 Z5.
X52.017 Y-19.4
Z-9.675
G1 Z-10.675 F333.
X52.016 Z-10.701 F1000.
X52.01 Y-19.408 Z-10.768
X52.005 Y-19.43 Z-10.831
X52. Y-19.466 Z-10.887
X51.996 Y-19.513 Z-10.935
X51.992 Y-19.57 Z-10.97
X51.99 Y-19.633 Z-10.993
Y-19.7 Z-11.
Y-20.
G3 X52.108 Y-20.284 R0.399
X52.394 Y-20.4 R0.399
G1 X52.613 Y-20.397
G3 X53.008 Y-19.993 R0.399
X52.887 Y-19.712 R0.399
X52.603 Y-19.598 R0.399
G1 X52.384 Y-19.601
G3 X51.99 Y-20. R0.399
G1 X51.989 Y-20.3
X51.99 Y-20.367 Z-10.993
X51.992 Y-20.43 Z-10.97
X51.995 Y-20.487 Z-10.935
X51.999 Y-20.535 Z-10.887
X52.004 Y-20.57 Z-10.831
X52.01 Y-20.593 Z-10.768
X52.015 Y-20.6 Z-10.701
X52.017 Z-10.675
G0 Z5.
X98.517 Y-15.342
Z-9.675
G1 Z-10.675 F333.
Y-15.341 Z-10.701 F1000.
X98.507 Y-15.343 Z-10.768
X98.489 Y-15.357 Z-10.831
X98.462 Y-15.381 Z-10.887
X98.429 Y-15.415 Z-10.935
X98.39 Y-15.457 Z-10.97
X98.348 Y-15.504 Z-10.993
X98.305 Y-15.555 Z-11.
X98.114 Y-15.786
X97.653 Y-16.342
G2 X92.174 Y-19.7 R9.946
G1 X92.02 Y-19.733
G2 X90.075 Y-19.94 R9.747
G1 X90.06
G2 X85.434 Y-18.829 R9.965
G1 X85.426 Y-18.825
G2 X83.672 Y-17.666 R9.839
G1 X83.664 Y-17.66
G2 X82.711 Y-16.76 R9.928
G1 X82.611 Y-16.652
X82.579 Y-16.626
X82.541 Y-16.609
X82.5 Y-16.603
X82.459 Y-16.609
X82.421 Y-16.625
X82.389 Y-16.652
X81.96 Y-17.097
X81.629 Y-17.407
G2 X75.603 Y-19.922 R9.938
G1 X75.591 Y-19.923
G2 X73.741 Y-19.861 R9.813
G1 X73.728 Y-19.859
G2 X67.71 Y-16.758 R9.939
G1 X67.611 Y-16.651
X67.578 Y-16.624
X67.54 Y-16.608
X67.499 Y-16.602
X67.458 Y-16.608
X67.42 Y-16.625
X67.388 Y-16.651
X67.319 Y-16.727
G2 X60.02 Y-19.94 R9.94
X52.708 Y-16.756 R9.94
G1 X52.611 Y-16.651
X52.579 Y-16.625
X52.541 Y-16.609
X52.5 Y-16.603
X52.459 Y-16.609
X52.421 Y-16.625
X52.389 Y-16.651
X52.289 Y-16.759
G2 X49.894 Y-18.653 R9.927
G1 X49.884 Y-18.659
G2 X48.464 Y-19.318 R9.79
G1 X48.447 Y-19.324
G2 X44.698 Y-19.936 R9.928
G1 X44.691
G2 X42.956 Y-19.728 R9.884
G1 X42.951 Y-19.727
G2 X37.711 Y-16.759 R9.939
G1 X37.611 Y-16.651
X37.578 Y-16.625
X37.54 Y-16.608
X37.499 Y-16.602
X37.458 Y-16.608
X37.42 Y-16.625
X37.388 Y-16.651
X37.319 Y-16.727
G2 X30.018 Y-19.941 R9.94
X22.705 Y-16.753 R9.94
G1 X22.609 Y-16.649
X22.577 Y-16.623
X22.539 Y-16.606
X22.498 Y-16.6
X22.457 Y-16.606
X22.419 Y-16.623
X22.387 Y-16.649
X22.287 Y-16.757
G2 X17.862 Y-19.52 R9.919
G1 X17.853 Y-19.522
G2 X15.466 Y-19.93 R9.87
G1 X15.106 Y-19.94
G2 X13.67 Y-19.851 R9.868
G1 X13.654 Y-19.849
G2 X12.455 Y-19.609 R9.872
G1 X12.44 Y-19.605
G2 X10.666 Y-18.946 R9.81
G1 X10.655 Y-18.941
G2 X9.048 Y-17.961 R9.895
G1 X9.04 Y-17.956
G2 X5.155 Y-11.374 R9.937
G1 Y-11.371
G2 X7.173 Y-3.872 R9.937
G1 X7.174 Y-3.871
G2 X10.077 Y-1.365 R9.938
G1 X10.703 Y-1.008
X10.964 Y-0.859
X11.022 Y-0.826 Z-10.993
X11.076 Y-0.793 Z-10.97
X11.124 Y-0.762 Z-10.935
X11.163 Y-0.735 Z-10.887
X11.191 Y-0.713 Z-10.831
X11.208 Y-0.697 Z-10.768
X11.212 Y-0.688 Z-10.701
X11.211 Y-0.687 Z-10.675
G0 Z5.
X93.791
Z-9.675
G1 Z-10.675 F333.
Y-0.688 Z-10.701 F1000.
X93.795 Y-0.697 Z-10.768
X93.811 Y-0.713 Z-10.831
X93.84 Y-0.735 Z-10.887
X93.879 Y-0.762 Z-10.935
X93.927 Y-0.793 Z-10.97
X93.981 Y-0.826 Z-10.993
X94.039 Y-0.859 Z-11.
X94.299 Y-1.008
X94.925 Y-1.364
G2 X97.654 Y-3.654 R9.923
G1 X98.114 Y-4.209
X98.305 Y-4.44
X98.348 Y-4.491 Z-10.993
X98.39 Y-4.538 Z-10.97
X98.429 Y-4.58 Z-10.935
X98.462 Y-4.614 Z-10.887
X98.489 Y-4.638 Z-10.831
X98.507 Y-4.652 Z-10.768
X98.517 Y-4.654 Z-10.701
X98.518 Y-4.653 Z-10.675
G0 Z5.
X63.789 Y-0.687
Z-9.675
G1 Z-10.675 F333.
Y-0.688 Z-10.701 F1000.
X63.792 Y-0.697 Z-10.768
X63.809 Y-0.713 Z-10.831
X63.838 Y-0.735 Z-10.887
X63.877 Y-0.762 Z-10.935
X63.925 Y-0.793 Z-10.97
X63.979 Y-0.826 Z-10.993
X64.037 Y-0.859 Z-11.
X64.297 Y-1.008
X64.923 Y-1.364
G2 X67.279 Y-3.229 R9.927
G1 X67.39 Y-3.348
X67.422 Y-3.374
X67.46 Y-3.39
X67.501 Y-3.396
X67.541 Y-3.39
X67.579 Y-3.374
X67.611 Y-3.348
X67.721 Y-3.229
G2 X70.09 Y-1.356 R9.913
G1 X70.704 Y-1.008
X70.965 Y-0.86
X71.023 Y-0.826 Z-10.993
X71.077 Y-0.793 Z-10.97
X71.125 Y-0.763 Z-10.935
X71.164 Y-0.736 Z-10.887
X71.193 Y-0.714 Z-10.831
X71.21 Y-0.698 Z-10.768
X71.213 Y-0.689 Z-10.701
Y-0.688 Z-10.675
G0 Z5.
X48.79 Y-0.687
Z-9.675
G1 Z-10.675 F333.
X48.789 Y-0.688 Z-10.701 F1000.
X48.793 Y-0.697 Z-10.768
X48.809 Y-0.713 Z-10.831
X48.838 Y-0.735 Z-10.887
X48.877 Y-0.762 Z-10.935
X48.925 Y-0.793 Z-10.97
X48.979 Y-0.826 Z-10.993
X49.037 Y-0.859 Z-11.
X49.297 Y-1.008
X49.924 Y-1.364
G2 X52.28 Y-3.23 R9.926
G1 X52.39 Y-3.348
X52.422 Y-3.375
X52.46 Y-3.391
X52.501 Y-3.397
X52.542 Y-3.391
X52.58 Y-3.375
X52.612 Y-3.348
X52.722 Y-3.23
G2 X55.076 Y-1.365 R9.936
G1 X55.702 Y-1.008
X55.962 Y-0.859
X56.02 Y-0.826 Z-10.993
X56.074 Y-0.793 Z-10.97
X56.122 Y-0.762 Z-10.935
X56.161 Y-0.735 Z-10.887
X56.19 Y-0.713 Z-10.831
X56.206 Y-0.697 Z-10.768
X56.21 Y-0.688 Z-10.701
Y-0.687 Z-10.675
G0 Z5.
X33.795
Z-9.675
G1 Z-10.675 F333.
Y-0.688 Z-10.701 F1000.
X33.798 Y-0.697 Z-10.768
X33.815 Y-0.713 Z-10.831
X33.844 Y-0.735 Z-10.887
X33.883 Y-0.762 Z-10.935
X33.931 Y-0.793 Z-10.97
X33.985 Y-0.826 Z-10.993
X34.042 Y-0.859 Z-11.
X34.303 Y-1.008
X34.928 Y-1.364
G2 X37.28 Y-3.23 R9.899
G1 X37.39 Y-3.349
X37.422 Y-3.375
X37.46 Y-3.391
X37.501 Y-3.397
X37.542 Y-3.391
X37.58 Y-3.375
X37.612 Y-3.349
X37.722 Y-3.23
G2 X40.076 Y-1.365 R9.935
G1 X40.702 Y-1.008
X40.962 Y-0.859
X41.02 Y-0.826 Z-10.993
X41.074 Y-0.793 Z-10.97
X41.122 Y-0.762 Z-10.935
X41.161 Y-0.735 Z-10.887
X41.19 Y-0.712 Z-10.831
X41.206 Y-0.697 Z-10.768
X41.21 Y-0.688 Z-10.701
X41.209 Y-0.687 Z-10.675
G0 Z5.
X18.788
Z-9.675
G1 Z-10.675 F333.
X18.787 Y-0.688 Z-10.701 F1000.
X18.791 Y-0.697 Z-10.768
X18.807 Y-0.713 Z-10.831
X18.836 Y-0.735 Z-10.887
X18.875 Y-0.762 Z-10.935
X18.923 Y-0.793 Z-10.97
X18.977 Y-0.826 Z-10.993
X19.035 Y-0.859 Z-11.
X19.296 Y-1.008
X19.922 Y-1.365
G2 X21.233 Y-2.257 R9.92
G1 X21.242 Y-2.265
G2 X22.29 Y-3.242 R9.904
G1 X22.39 Y-3.35
X22.422 Y-3.376
X22.46 Y-3.393
X22.501 Y-3.398
X22.542 Y-3.393
X22.58 Y-3.376
X22.612 Y-3.35
X22.722 Y-3.231
G2 X25.092 Y-1.356 R9.939
G1 X25.705 Y-1.008
X25.965 Y-0.86
X26.023 Y-0.826 Z-10.993
X26.077 Y-0.793 Z-10.97
X26.125 Y-0.762 Z-10.935
X26.165 Y-0.735 Z-10.887
X26.193 Y-0.713 Z-10.831
X26.21 Y-0.698 Z-10.768
X26.213 Y-0.689 Z-10.701
Y-0.688 Z-10.675
G0 Z5.
X98.302 Y-10.183
Z-9.675
G1 Z-10.675 F333.
X98.301 Y-10.182 Z-10.701 F1000.
X98.293 Y-10.188 Z-10.768
X98.282 Y-10.208 Z-10.831
X98.267 Y-10.241 Z-10.887
X98.25 Y-10.285 Z-10.935
X98.232 Y-10.339 Z-10.97
X98.213 Y-10.4 Z-10.993
X98.194 Y-10.464 Z-11.
X98.114 Y-10.753
X97.72 Y-12.16
G2 X91.686 Y-17.837 R8.02
G1 X91.392 Y-17.895
G2 X90.411 Y-18.007 R7.823
G1 X90.11 Y-18.016
G2 X86.068 Y-16.986 R8.048
G1 X85.807 Y-16.833
G2 X85.008 Y-16.272 R7.914
G1 X84.776 Y-16.08
G2 X83.122 Y-14.118 R8.005
G1 X82.888 Y-13.727
G3 X82.268 Y-13.571 R0.452
X82.112 Y-13.727 R0.452
G1 X81.734 Y-14.351
G2 X80.616 Y-15.72 R8.003
G1 X80.397 Y-15.928
G2 X75.404 Y-18.007 R8.018
G1 X75.103 Y-18.016
G2 X74.126 Y-17.969 R7.889
G1 X73.828 Y-17.93
G2 X68.125 Y-14.122 R8.015
G1 X67.887 Y-13.726
G3 X67.267 Y-13.57 R0.452
X67.112 Y-13.725 R0.452
G1 X66.872 Y-14.126
G2 X55.875 Y-16.873 R8.015
X53.127 Y-14.126 R8.015
G1 X52.887 Y-13.725
G3 X52.267 Y-13.571 R0.452
X52.112 Y-13.726 R0.452
G1 X51.877 Y-14.119
G2 X49.076 Y-16.903 R8.003
G1 X48.814 Y-17.051
G2 X47.926 Y-17.464 R7.867
G1 X47.644 Y-17.568
G2 X44.908 Y-18.016 R8.004
G1 X44.606 Y-18.007
G2 X43.491 Y-17.873 R7.96
G1 X43.196 Y-17.811
G2 X38.125 Y-14.122 R8.015
G1 X37.887 Y-13.726
G3 X37.267 Y-13.571 R0.452
X37.112 Y-13.726 R0.452
G1 X36.872 Y-14.126
G2 X25.875 Y-16.874 R8.015
X23.122 Y-14.118 R8.015
G1 X22.883 Y-13.718
G3 X22.265 Y-13.563 R0.451
X22.109 Y-13.719 R0.451
G1 X21.873 Y-14.114
G2 X17.452 Y-17.632 R7.995
G1 X17.163 Y-17.719
G2 X16.08 Y-17.944 R7.946
G1 X15.898 Y-17.967
X15.224 Y-18.015
X15.079 Y-18.016
G2 X14.276 Y-17.984 R7.944
G1 X13.962 Y-17.949
G2 X12.867 Y-17.728 R8.055
G1 X12.577 Y-17.642
G2 X11.637 Y-17.277 R7.886
G1 X11.366 Y-17.146
G2 X10.528 Y-16.653 R7.97
G1 X10.281 Y-16.48
G2 X8.52 Y-5.281 R8.016
X14.032 Y-2.043 R8.016
X20.159 Y-3.865 R8.016
G1 X20.167 Y-3.872
G2 X21.88 Y-5.884 R7.98
G1 X22.113 Y-6.274
G3 X22.733 Y-6.43 R0.452
X22.889 Y-6.275 R0.452
G1 X23.125 Y-5.88
G2 X26.36 Y-2.858 R8.029
G1 X26.633 Y-2.725
G2 X27.674 Y-2.328 R8.004
G1 X27.835 Y-2.28
X28.321 Y-2.163
G2 X30.284 Y-1.991 R7.455
G1 X30.379 Y-1.995
G2 X36.437 Y-5.222 R7.979
G1 X36.669 Y-5.552
X36.877 Y-5.881
X37.113 Y-6.274
G3 X37.732 Y-6.43 R0.452
X37.888 Y-6.274 R0.452
G1 X38.126 Y-5.878
G2 X43.738 Y-2.083 R8.016
G1 X43.782 Y-2.076
G2 X45.346 Y-1.993 R7.413
G1 X45.436 Y-1.998
G2 X51.885 Y-5.891 R8.006
G1 X52.113 Y-6.274
G3 X52.732 Y-6.43 R0.452
X52.888 Y-6.274 R0.452
G1 X53.126 Y-5.878
G2 X58.737 Y-2.083 R8.017
G1 X58.781 Y-2.076
G2 X60.324 Y-1.992 R7.401
G1 X60.414 Y-1.997
G2 X66.898 Y-5.913 R8.008
G1 X67.111 Y-6.272
G3 X67.73 Y-6.431 R0.452
X67.888 Y-6.274 R0.452
G1 X68.124 Y-5.88
G2 X71.359 Y-2.858 R8.004
G1 X71.631 Y-2.726
G2 X72.68 Y-2.326 R7.963
G1 X72.969 Y-2.245
X73.357 Y-2.153
X73.793 Y-2.074
G2 X75.296 Y-1.991 R7.376
G1 X75.385 Y-1.996
G2 X81.884 Y-5.89 R8.01
G1 X82.112 Y-6.272
G3 X82.732 Y-6.429 R0.452
X82.888 Y-6.273 R0.452
G1 X83.124 Y-5.878
G2 X87.08 Y-2.534 R8.017
G1 X87.363 Y-2.43
G2 X88.287 Y-2.168 R7.889
G1 X88.675 Y-2.094
G2 X90.396 Y-1.997 R7.367
G1 X90.504 Y-2.003
G2 X97.729 Y-7.873 R7.995
G1 X98.114 Y-9.28
X98.193 Y-9.569
X98.211 Y-9.634 Z-10.993
X98.23 Y-9.694 Z-10.97
X98.248 Y-9.748 Z-10.935
X98.264 Y-9.793 Z-10.887
X98.278 Y-9.826 Z-10.831
X98.29 Y-9.846 Z-10.768
X98.297 Y-9.852 Z-10.701
X98.298 Y-9.851 Z-10.675
G0 Z5.
X81.943 Y-14.01
Z-10.
G1 Z-11. F333.
G2 X80.659 Y-14.228 R5.633 F1000.
G1 X80.654
G3 X79.449 Y-14.737 R1.919
G1 X79.068 Y-15.068
X78.646 Y-15.38
X78.202 Y-15.655
X77.737 Y-15.894
X77.255 Y-16.094
X76.874 Y-16.222
X76.563 Y-16.306
X76.25 Y-16.378
X75.731 Y-16.458
X75.21 Y-16.495
G2 X74.168 Y-16.445 R6.796
G1 X73.653 Y-16.357
X73.262 Y-16.262
X72.954 Y-16.167
X72.649 Y-16.059
X72.17 Y-15.85
X71.689 Y-15.591
X71.369 Y-15.389
X71.108 Y-15.202
X70.855 Y-15.005
X70.466 Y-14.656
X70.105 Y-14.275
X69.85 Y-13.964
X69.661 Y-13.703
X69.484 Y-13.435
X69.226 Y-12.981
X69.005 Y-12.508
X68.822 Y-12.018
X68.68 Y-11.513
X68.577 Y-10.994
X68.518 Y-10.468
X68.501 Y-9.939
X68.527 Y-9.416
X68.596 Y-8.899
X68.705 Y-8.388
X68.854 Y-7.888
X68.996 Y-7.512
X69.129 Y-7.217
X69.273 Y-6.928
X69.539 Y-6.478
X69.839 Y-6.051
X70.173 Y-5.65
X70.538 Y-5.276
X70.932 Y-4.932
X71.354 Y-4.62
X71.798 Y-4.344
X72.155 Y-4.158
G2 X73.241 Y-3.744 R6.79
G1 X73.75 Y-3.622
X74.254 Y-3.544
G2 X75.264 Y-3.511 R5.856
G1 X75.519 Y-3.523
X75.876 Y-3.563
X76.231 Y-3.619
X76.803 Y-3.757
X77.229 Y-3.896
X77.533 Y-4.016
X77.83 Y-4.15
X78.291 Y-4.396
X78.631 Y-4.611
X78.892 Y-4.797
X79.145 Y-4.995
X79.507 Y-5.318
X79.768 Y-5.585
X79.895 Y-5.725
X80.223 Y-6.133
X80.452 Y-6.464
X80.658 Y-6.808
X80.754 Y-6.98
X80.995 Y-7.492
X81.178 Y-7.982
X81.32 Y-8.487
X81.423 Y-9.006
X81.472 Y-9.41
X81.493 Y-9.735
X81.499 Y-10.061
X81.473 Y-10.584
X81.424 Y-10.983
G2 X80.956 Y-12.6 R6.646
G1 X80.727 Y-13.072
X80.526 Y-13.42
G2 X79.462 Y-14.724 R6.645
G1 X79.449 Y-14.737
X79.404 Y-14.787 Z-10.996
X79.371 Y-14.844 Z-10.985
X79.35 Y-14.906 Z-10.967
X79.343 Y-14.968 Z-10.944
X79.351 Y-15.029 Z-10.915
X79.372 Y-15.084 Z-10.883
X79.406 Y-15.132 Z-10.85
X79.44 Y-15.169 Z-10.813
X79.469 Y-15.199 Z-10.767
X79.49 Y-15.222 Z-10.712
X79.503 Y-15.237 Z-10.653
X79.508 Y-15.241 Z-10.59
G0 Z5.
X83.965 Y-15.276
Z-10.
G1 Z-11. F333.
G2 X84.167 Y-13.973 R5.704 F1000.
G1 X84.169 Y-13.968
G3 X84.067 Y-12.648 R1.943
G1 X83.91 Y-12.264
X83.822 Y-12.018
X83.68 Y-11.513
X83.597 Y-11.114
G2 X83.501 Y-9.939 R6.768
G1 X83.518 Y-9.537
X83.55 Y-9.217
X83.596 Y-8.899
X83.676 Y-8.504
G2 X84.044 Y-7.4 R6.849
G1 X84.273 Y-6.928
X84.541 Y-6.474
X84.794 Y-6.111
X84.979 Y-5.876
X85.173 Y-5.65
X85.451 Y-5.359
X85.687 Y-5.141
X85.932 Y-4.932
X86.354 Y-4.62
X86.798 Y-4.344
X87.155 Y-4.157
X87.447 Y-4.026
X87.745 Y-3.906
G2 X88.75 Y-3.622 R6.797
G1 X89.254 Y-3.544
G2 X90.268 Y-3.511 R5.848
G1 X90.659 Y-3.536
X91.099 Y-3.595
X91.452 Y-3.668
X91.801 Y-3.756
X92.351 Y-3.941
X92.721 Y-4.098
X93.009 Y-4.241
X93.291 Y-4.396
X93.73 Y-4.678
X94.145 Y-4.995
X94.447 Y-5.261
X94.676 Y-5.488
X94.895 Y-5.725
X95.223 Y-6.133
X95.516 Y-6.565
X95.774 Y-7.019
X95.995 Y-7.492
X96.178 Y-7.982
X96.32 Y-8.487
X96.403 Y-8.886
X96.471 Y-9.403
X96.499 Y-9.939
X96.473 Y-10.584
X96.404 Y-11.101
X96.33 Y-11.467
X96.245 Y-11.792
X96.146 Y-12.112
X95.956 Y-12.6
X95.727 Y-13.072
X95.528 Y-13.416
X95.35 Y-13.687
X95.161 Y-13.949
X94.906 Y-14.261
X94.689 Y-14.497
X94.462 Y-14.724
X94.068 Y-15.068
X93.646 Y-15.38
X93.306 Y-15.595
X93.025 Y-15.75
X92.737 Y-15.894
X92.255 Y-16.094
X91.759 Y-16.256
X91.25 Y-16.378
G2 X90.21 Y-16.495 R6.718
G1 X89.876 Y-16.496
X89.521 Y-16.48
X89.168 Y-16.445
X88.653 Y-16.357
X88.146 Y-16.229
X87.649 Y-16.059
X87.17 Y-15.85
X86.709 Y-15.604
G2 X85.855 Y-15.005 R6.825
G1 X85.466 Y-14.656
X85.105 Y-14.275
X84.777 Y-13.867
X84.484 Y-13.435
X84.282 Y-13.087
X84.067 Y-12.648
X84.031 Y-12.591 Z-10.996
X83.986 Y-12.542 Z-10.985
X83.933 Y-12.505 Z-10.967
X83.875 Y-12.48 Z-10.944
X83.816 Y-12.47 Z-10.915
X83.756 Y-12.474 Z-10.883
X83.701 Y-12.492 Z-10.85
X83.656 Y-12.515 Z-10.813
X83.618 Y-12.533 Z-10.767
X83.59 Y-12.547 Z-10.712
X83.572 Y-12.556 Z-10.653
X83.567 Y-12.558 Z-10.59
G0 Z5.
X68.502 Y-9.902
Z-10.
G1 Z-11. F333.
G2 X67.194 Y-10.878 R7.054 F1000.
G1 X67.19 Y-10.88
G3 X66.138 Y-12.134 R2.401
G1 X65.956 Y-12.6
X65.727 Y-13.072
X65.526 Y-13.42
X65.349 Y-13.688
X65.161 Y-13.949
X64.827 Y-14.35
X64.462 Y-14.724
X64.068 Y-15.068
X63.646 Y-15.38
X63.202 Y-15.656
X62.737 Y-15.894
X62.255 Y-16.094
X61.759 Y-16.256
X61.25 Y-16.378
X60.731 Y-16.458
X60.21 Y-16.495
X59.687 Y-16.491
X59.168 Y-16.445
X58.653 Y-16.357
X58.146 Y-16.229
X57.649 Y-16.059
X57.17 Y-15.85
X56.709 Y-15.604
X56.369 Y-15.389
X56.108 Y-15.202
X55.855 Y-15.005
X55.643 Y-14.821
X55.439 Y-14.628
X55.186 Y-14.366
X54.976 Y-14.121
X54.777 Y-13.867
X54.484 Y-13.435
X54.226 Y-12.981
X54.005 Y-12.508
X53.822 Y-12.018
X53.709 Y-11.632
X53.636 Y-11.314
X53.577 Y-10.993
X53.518 Y-10.468
X53.501 Y-10.061
X53.507 Y-9.738
X53.527 Y-9.416
X53.596 Y-8.899
X53.705 Y-8.388
X53.84 Y-7.93
X53.937 Y-7.663
X54.044 Y-7.4
X54.273 Y-6.928
X54.539 Y-6.478
X54.814 Y-6.084
X54.99 Y-5.863
X55.173 Y-5.65
X55.538 Y-5.276
X55.838 Y-5.009
X56.092 Y-4.809
X56.354 Y-4.62
X56.798 Y-4.345
X57.263 Y-4.106
X57.633 Y-3.948
X57.935 Y-3.84
X58.241 Y-3.744
X58.75 Y-3.622
X59.254 Y-3.544
G2 X60.282 Y-3.512 R5.881
G1 X60.652 Y-3.535
X61.21 Y-3.615
X61.67 Y-3.72
X62.013 Y-3.823
X62.351 Y-3.941
X62.83 Y-4.15
X63.273 Y-4.385
X63.631 Y-4.611
X63.962 Y-4.852
X64.112 Y-4.968
X64.397 Y-5.215
X64.534 Y-5.344
X64.814 Y-5.634
X65.024 Y-5.879
X65.223 Y-6.133
X65.452 Y-6.464
G2 X65.995 Y-7.492 R6.79
X66.32 Y-8.487 R6.729
G1 X66.403 Y-8.886
X66.449 Y-9.208
X66.482 Y-9.532
X66.499 Y-10.061
X66.473 Y-10.584
X66.404 Y-11.101
X66.324 Y-11.496
X66.183 Y-11.999
X66.138 Y-12.134
X66.122 Y-12.199 Z-10.996
X66.12 Y-12.265 Z-10.985
X66.131 Y-12.329 Z-10.967
X66.155 Y-12.387 Z-10.944
X66.19 Y-12.437 Z-10.915
X66.235 Y-12.476 Z-10.883
X66.287 Y-12.501 Z-10.85
X66.335 Y-12.518 Z-10.813
X66.375 Y-12.531 Z-10.767
X66.405 Y-12.541 Z-10.712
X66.423 Y-12.548 Z-10.653
X66.429 Y-12.55 Z-10.59
G0 Z5.
X22.147 Y-13.665
Z-10.
G1 Z-11. F333.
G2 X20.881 Y-13.931 R5.59 F1000.
G1 X20.876 Y-13.932
G3 X19.701 Y-14.483 R1.904
G1 X19.504 Y-14.684
X19.114 Y-15.031
X18.692 Y-15.349
X18.248 Y-15.629
X17.787 Y-15.871
X17.255 Y-16.094
X16.874 Y-16.222
G2 X15.731 Y-16.458 R6.77
G1 X15.21 Y-16.495
G2 X14.286 Y-16.459 R6.995
X13.146 Y-16.229 R6.891
G1 X12.649 Y-16.059
X12.17 Y-15.85
G2 X11.27 Y-15.322 R6.889
G1 X10.855 Y-15.005
X10.553 Y-14.739
X10.324 Y-14.512
X10.105 Y-14.275
X9.777 Y-13.867
X9.476 Y-13.421
X9.226 Y-12.981
X9.052 Y-12.618
X8.931 Y-12.321
X8.822 Y-12.018
X8.678 Y-11.503
X8.577 Y-10.994
X8.518 Y-10.468
X8.501 Y-9.939
X8.518 Y-9.537
X8.55 Y-9.217
X8.596 Y-8.899
X8.705 Y-8.388
X8.854 Y-7.888
X8.996 Y-7.512
X9.129 Y-7.217
X9.273 Y-6.928
X9.474 Y-6.58
X9.651 Y-6.312
X9.839 Y-6.051
X10.173 Y-5.65
X10.538 Y-5.276
X10.932 Y-4.932
X11.354 Y-4.62
X11.798 Y-4.345
X12.263 Y-4.106
X12.745 Y-3.906
X13.241 Y-3.744
X13.632 Y-3.647
X13.948 Y-3.588
X14.266 Y-3.542
G2 X15.068 Y-3.502 R6.253
G1 X15.652 Y-3.535
X16.231 Y-3.619
X16.801 Y-3.756
X17.351 Y-3.941
X17.83 Y-4.15
X18.291 Y-4.396
X18.73 Y-4.678
X19.145 Y-4.995
X19.534 Y-5.344
X19.895 Y-5.725
X20.223 Y-6.133
X20.516 Y-6.565
X20.774 Y-7.019
X20.995 Y-7.492
X21.178 Y-7.982
X21.32 Y-8.487
X21.423 Y-9.006
X21.482 Y-9.532
X21.499 Y-9.939
X21.478 Y-10.524
X21.415 Y-11.042
X21.31 Y-11.553
X21.165 Y-12.056
X20.98 Y-12.546
X20.756 Y-13.019
X20.493 Y-13.473
X20.193 Y-13.907
X19.87 Y-14.303
X19.701 Y-14.483
X19.66 Y-14.536 Z-10.996
X19.631 Y-14.595 Z-10.985
X19.615 Y-14.658 Z-10.967
X19.612 Y-14.721 Z-10.944
X19.624 Y-14.78 Z-10.915
X19.648 Y-14.834 Z-10.883
X19.685 Y-14.879 Z-10.85
X19.722 Y-14.914 Z-10.813
X19.753 Y-14.943 Z-10.767
X19.776 Y-14.964 Z-10.712
X19.79 Y-14.977 Z-10.653
X19.795 Y-14.982 Z-10.59
G0 Z5.
X23.901 Y-15.202
Z-10.
G1 Z-11. F333.
G2 X24.125 Y-13.921 R5.623 F1000.
G1 X24.126 Y-13.916
G3 X24.05 Y-12.613 R1.916
G1 X23.822 Y-12.018
X23.68 Y-11.513
X23.577 Y-10.994
X23.518 Y-10.468
X23.501 Y-9.939
X23.518 Y-9.537
X23.55 Y-9.217
X23.596 Y-8.899
X23.705 Y-8.388
X23.816 Y-8.002
X23.924 Y-7.699
X24.044 Y-7.4
X24.216 Y-7.037
X24.372 Y-6.754
X24.539 Y-6.478
X24.839 Y-6.051
X25.173 Y-5.65
X25.451 Y-5.359
X25.687 Y-5.141
X25.932 Y-4.932
X26.354 Y-4.62
X26.798 Y-4.345
X27.155 Y-4.158
G2 X28.241 Y-3.744 R6.836
G1 X28.522 Y-3.673
X28.805 Y-3.613
X29.147 Y-3.557
G2 X30.257 Y-3.511 R5.936
G1 X30.519 Y-3.523
X30.876 Y-3.563
X31.231 Y-3.619
X31.801 Y-3.756
X32.351 Y-3.941
G2 X33.291 Y-4.396 R6.822
G1 X33.73 Y-4.678
X34.145 Y-4.995
X34.534 Y-5.344
X34.895 Y-5.725
X35.223 Y-6.133
X35.516 Y-6.565
X35.774 Y-7.019
X35.995 Y-7.492
X36.178 Y-7.982
X36.32 Y-8.487
X36.423 Y-9.006
X36.482 Y-9.532
X36.499 Y-10.061
X36.473 Y-10.584
X36.404 Y-11.101
X36.295 Y-11.612
X36.146 Y-12.112
X35.956 Y-12.6
X35.727 Y-13.072
X35.461 Y-13.522
X35.161 Y-13.949
X34.827 Y-14.35
X34.462 Y-14.724
X34.068 Y-15.068
X33.646 Y-15.38
X33.202 Y-15.656
X32.845 Y-15.842
G2 X32.129 Y-16.137 R6.152
G1 X31.759 Y-16.256
X31.25 Y-16.378
X30.853 Y-16.443
X30.532 Y-16.475
X30.21 Y-16.495
X29.807 Y-16.496
X29.487 Y-16.476
X29.168 Y-16.445
X28.653 Y-16.357
X28.146 Y-16.229
X27.649 Y-16.059
X27.23 Y-15.879
X26.709 Y-15.604
X26.27 Y-15.322
X25.855 Y-15.005
X25.466 Y-14.656
X25.105 Y-14.275
X24.777 Y-13.867
X24.484 Y-13.435
X24.226 Y-12.981
X24.05 Y-12.613
X24.015 Y-12.555 Z-10.996
X23.971 Y-12.506 Z-10.985
X23.918 Y-12.468 Z-10.967
X23.861 Y-12.443 Z-10.944
X23.801 Y-12.432 Z-10.915
X23.742 Y-12.436 Z-10.883
X23.686 Y-12.454 Z-10.85
X23.64 Y-12.476 Z-10.813
X23.603 Y-12.494 Z-10.767
X23.574 Y-12.507 Z-10.712
X23.557 Y-12.516 Z-10.653
X23.551 Y-12.518 Z-10.59
G0 Z5.
X37.599 Y-13.517
Z-10.
G1 Z-11. F333.
G2 X38.231 Y-12.231 R6.198 F1000.
G1 X38.234 Y-12.226
G3 X38.555 Y-10.824 R2.111
G1 X38.518 Y-10.468
X38.501 Y-9.939
X38.527 Y-9.416
X38.596 Y-8.899
X38.705 Y-8.388
X38.854 Y-7.888
X39.044 Y-7.4
X39.273 Y-6.928
X39.539 Y-6.478
X39.839 Y-6.051
X40.173 Y-5.65
X40.538 Y-5.276
X40.932 Y-4.932
X41.354 Y-4.62
X41.798 Y-4.344
X42.263 Y-4.106
X42.745 Y-3.906
X43.241 Y-3.744
X43.75 Y-3.622
X44.254 Y-3.544
G2 X45.3 Y-3.513 R5.894
G1 X45.652 Y-3.535
X46.099 Y-3.595
X46.452 Y-3.668
X46.801 Y-3.756
X47.351 Y-3.941
X47.83 Y-4.15
X48.291 Y-4.396
X48.73 Y-4.678
X49.145 Y-4.995
X49.534 Y-5.344
X49.895 Y-5.725
X50.223 Y-6.133
X50.516 Y-6.565
X50.774 Y-7.019
X50.995 Y-7.492
X51.178 Y-7.982
X51.32 Y-8.487
X51.422 Y-9.005
X51.482 Y-9.532
X51.499 Y-10.061
X51.473 Y-10.584
X51.404 Y-11.101
X51.295 Y-11.612
X51.146 Y-12.112
X50.956 Y-12.6
X50.727 Y-13.072
X50.461 Y-13.522
X50.161 Y-13.949
X49.827 Y-14.35
X49.462 Y-14.724
X49.068 Y-15.068
X48.747 Y-15.31
X48.478 Y-15.489
X48.202 Y-15.655
G2 X47.255 Y-16.094 R6.77
G1 X46.759 Y-16.256
X46.25 Y-16.378
X45.731 Y-16.458
X45.21 Y-16.495
X44.807 Y-16.496
G2 X43.653 Y-16.357 R6.787
G1 X43.146 Y-16.229
X42.649 Y-16.059
X42.17 Y-15.85
X41.709 Y-15.604
X41.369 Y-15.389
X41.108 Y-15.202
X40.855 Y-15.005
X40.466 Y-14.656
X40.105 Y-14.275
X39.85 Y-13.964
X39.661 Y-13.703
X39.484 Y-13.435
X39.226 Y-12.981
X39.052 Y-12.618
G2 X38.68 Y-11.513 R6.808
G1 X38.577 Y-10.994
X38.555 Y-10.824
X38.54 Y-10.759 Z-10.996
X38.512 Y-10.699 Z-10.985
X38.474 Y-10.646 Z-10.967
X38.427 Y-10.605 Z-10.944
X38.374 Y-10.576 Z-10.915
X38.316 Y-10.561 Z-10.883
X38.258 Z-10.85
X38.208 Y-10.568 Z-10.813
X38.166 Y-10.573 Z-10.767
X38.135 Y-10.577 Z-10.712
X38.116 Y-10.58 Z-10.653
X38.109 Y-10.581 Z-10.59
G0 Z5.
X11.207 Y-39.317
Z-9.675
G1 Z-10.675 F333.
Y-39.316 Z-10.701 F1000.
X11.204 Y-39.307 Z-10.768
X11.187 Y-39.291 Z-10.831
X11.159 Y-39.269 Z-10.887
X11.12 Y-39.241 Z-10.935
X11.072 Y-39.21 Z-10.97
X11.018 Y-39.177 Z-10.993
X10.961 Y-39.143 Z-11.
X10.701 Y-38.992
X9.739 Y-38.434
G2 X5.091 Y-29.216 R9.939
G1 Y-29.215
G2 X10.052 Y-21.379 R9.939
G1 X10.074 Y-21.366
G2 X16.3 Y-20.147 R9.859
G1 X16.335 Y-20.151
G2 X22.32 Y-23.272 R9.939
G1 X22.39 Y-23.348
X22.422 Y-23.374
X22.46 Y-23.391
X22.501 Y-23.397
X22.542 Y-23.391
X22.58 Y-23.374
X22.612 Y-23.348
X22.712 Y-23.24
G2 X27.405 Y-20.404 R9.94
G1 X27.422 Y-20.399
G2 X31.036 Y-20.114 R9.828
G1 X31.059 Y-20.116
G2 X37.259 Y-23.21 R9.94
G1 X37.391 Y-23.351
X37.423 Y-23.377
X37.46 Y-23.393
X37.501 Y-23.399
X37.541 Y-23.393
X37.579 Y-23.377
X37.61 Y-23.351
X37.712 Y-23.242
G2 X43.186 Y-20.226 R9.929
G1 X43.352 Y-20.197
G2 X52.278 Y-23.23 R9.939
G1 X52.389 Y-23.349
X52.421 Y-23.376
X52.46 Y-23.392
X52.501 Y-23.398
X52.542 Y-23.392
X52.58 Y-23.375
X52.612 Y-23.348
X52.681 Y-23.273
G2 X61.222 Y-20.136 R9.896
G1 X61.254 Y-20.14
G2 X67.321 Y-23.272 R9.933
G1 X67.39 Y-23.347
X67.422 Y-23.374
X67.46 Y-23.391
X67.501 Y-23.396
X67.542 Y-23.391
X67.58 Y-23.374
X67.612 Y-23.348
X67.723 Y-23.23
G2 X69.7 Y-21.59 R9.939
G1 X69.703 Y-21.589
G2 X82.319 Y-23.273 R9.935
G1 X82.388 Y-23.348
X82.42 Y-23.375
X82.458 Y-23.391
X82.499 Y-23.397
X82.54 Y-23.392
X82.578 Y-23.375
X82.611 Y-23.349
X82.711 Y-23.241
G2 X85.599 Y-21.087 R9.926
G1 X85.626 Y-21.073
G2 X91.367 Y-20.157 R9.835
G1 X91.417 Y-20.164
G2 X97.654 Y-23.654 R9.922
G1 X98.114 Y-24.209
X98.305 Y-24.44
X98.348 Y-24.491 Z-10.993
X98.39 Y-24.539 Z-10.97
X98.429 Y-24.58 Z-10.935
X98.462 Y-24.614 Z-10.887
X98.489 Y-24.639 Z-10.831
X98.507 Y-24.652 Z-10.768
X98.517 Y-24.654 Z-10.701
X98.518 Z-10.675
G0 Z5.
Y-35.343
Z-9.675
G1 Z-10.675 F333.
X98.517 Z-10.701 F1000.
X98.507 Y-35.345 Z-10.768
X98.489 Y-35.358 Z-10.831
X98.462 Y-35.383 Z-10.887
X98.429 Y-35.417 Z-10.935
X98.39 Y-35.458 Z-10.97
X98.348 Y-35.506 Z-10.993
X98.305 Y-35.557 Z-11.
X98.114 Y-35.788
X97.625 Y-36.377
G2 X95.764 Y-38.099 R9.87
G1 X95.759 Y-38.102
G2 X94.923 Y-38.636 R9.914
G1 X94.297 Y-38.992
X94.037 Y-39.141
X93.979 Y-39.174 Z-10.993
X93.925 Y-39.207 Z-10.97
X93.877 Y-39.238 Z-10.935
X93.838 Y-39.265 Z-10.887
X93.809 Y-39.287 Z-10.831
X93.793 Y-39.303 Z-10.768
X93.789 Y-39.312 Z-10.701
X93.79 Y-39.313 Z-10.675
G0 Z5.
X86.208
Z-9.675
G1 Z-10.675 F333.
Y-39.312 Z-10.701 F1000.
X86.205 Y-39.304 Z-10.768
X86.188 Y-39.288 Z-10.831
X86.16 Y-39.266 Z-10.887
X86.12 Y-39.239 Z-10.935
X86.072 Y-39.208 Z-10.97
X86.018 Y-39.175 Z-10.993
X85.961 Y-39.141 Z-11.
X85.7 Y-38.992
X85.071 Y-38.633
G2 X82.711 Y-36.758 R9.946
G1 X82.611 Y-36.65
X82.579 Y-36.624
X82.541 Y-36.608
X82.5 Y-36.602
X82.459 Y-36.608
X82.421 Y-36.624
X82.389 Y-36.65
X82.279 Y-36.769
G2 X79.923 Y-38.635 R9.934
G1 X79.297 Y-38.992
X79.036 Y-39.141
X78.979 Y-39.174 Z-10.993
X78.924 Y-39.207 Z-10.97
X78.877 Y-39.238 Z-10.935
X78.837 Y-39.265 Z-10.887
X78.809 Y-39.287 Z-10.831
X78.792 Y-39.303 Z-10.768
X78.789 Y-39.312 Z-10.701
Y-39.313 Z-10.675
G0 Z5.
X71.21
Z-9.675
G1 Z-10.675 F333.
X71.211 Y-39.312 Z-10.701 F1000.
X71.207 Y-39.303 Z-10.768
X71.19 Y-39.287 Z-10.831
X71.162 Y-39.265 Z-10.887
X71.123 Y-39.238 Z-10.935
X71.075 Y-39.207 Z-10.97
X71.021 Y-39.174 Z-10.993
X70.963 Y-39.141 Z-11.
X70.702 Y-38.992
X70.076 Y-38.635
G2 X67.72 Y-36.769 R9.934
G1 X67.61 Y-36.65
X67.578 Y-36.624
X67.54 Y-36.607
X67.499 Y-36.602
X67.458 Y-36.607
X67.42 Y-36.624
X67.388 Y-36.65
X67.278 Y-36.769
G2 X64.923 Y-38.635 R9.93
G1 X64.297 Y-38.992
X64.037 Y-39.141
X63.979 Y-39.174 Z-10.993
X63.925 Y-39.207 Z-10.97
X63.877 Y-39.238 Z-10.935
X63.838 Y-39.265 Z-10.887
X63.809 Y-39.287 Z-10.831
X63.793 Y-39.303 Z-10.768
X63.789 Y-39.312 Z-10.701
X63.79 Y-39.313 Z-10.675
G0 Z5.
X26.21
Z-9.675
G1 Z-10.675 F333.
X26.211 Y-39.312 Z-10.701 F1000.
X26.207 Y-39.303 Z-10.768
X26.191 Y-39.287 Z-10.831
X26.162 Y-39.265 Z-10.887
X26.123 Y-39.238 Z-10.935
X26.075 Y-39.207 Z-10.97
X26.021 Y-39.174 Z-10.993
X25.963 Y-39.141 Z-11.
X25.703 Y-38.992
X25.076 Y-38.635
G2 X22.72 Y-36.768 R9.934
G1 X22.61 Y-36.649
X22.578 Y-36.623
X22.54 Y-36.607
X22.499 Y-36.601
X22.458 Y-36.607
X22.42 Y-36.623
X22.388 Y-36.649
X22.278 Y-36.768
G2 X19.92 Y-38.635 R9.943
G1 X19.293 Y-38.992
X19.033 Y-39.141
X18.975 Y-39.174 Z-10.993
X18.921 Y-39.207 Z-10.97
X18.873 Y-39.238 Z-10.935
X18.834 Y-39.265 Z-10.887
X18.805 Y-39.287 Z-10.831
X18.788 Y-39.303 Z-10.768
X18.785 Y-39.312 Z-10.701
Y-39.313 Z-10.675
G0 Z5.
X41.21
Z-9.675
G1 Z-10.675 F333.
Y-39.312 Z-10.701 F1000.
X41.207 Y-39.303 Z-10.768
X41.19 Y-39.287 Z-10.831
X41.162 Y-39.265 Z-10.887
X41.122 Y-39.238 Z-10.935
X41.074 Y-39.207 Z-10.97
X41.02 Y-39.174 Z-10.993
X40.963 Y-39.141 Z-11.
X40.702 Y-38.992
X40.076 Y-38.635
G2 X37.721 Y-36.769 R9.934
G1 X37.61 Y-36.65
X37.578 Y-36.624
X37.54 Y-36.608
X37.499 Y-36.602
X37.458 Y-36.608
X37.421 Y-36.624
X37.389 Y-36.65
X37.278 Y-36.769
G2 X34.923 Y-38.635 R9.934
G1 X34.296 Y-38.992
X34.036 Y-39.141
X33.978 Y-39.174 Z-10.993
X33.924 Y-39.207 Z-10.97
X33.876 Y-39.238 Z-10.935
X33.837 Y-39.265 Z-10.887
X33.808 Y-39.287 Z-10.831
X33.792 Y-39.303 Z-10.768
X33.788 Y-39.312 Z-10.701
X33.789 Y-39.313 Z-10.675
G0 Z5.
X56.208
Z-9.675
G1 Z-10.675 F333.
X56.209 Y-39.312 Z-10.701 F1000.
X56.205 Y-39.304 Z-10.768
X56.189 Y-39.288 Z-10.831
X56.16 Y-39.266 Z-10.887
X56.121 Y-39.239 Z-10.935
X56.073 Y-39.208 Z-10.97
X56.019 Y-39.175 Z-10.993
X55.961 Y-39.141 Z-11.
X55.701 Y-38.992
X55.061 Y-38.626
G2 X53.211 Y-37.26 R9.848
G1 X52.957 Y-37.014
X52.611 Y-36.65
X52.579 Y-36.624
X52.541 Y-36.607
X52.5 Y-36.602
X52.459 Y-36.607
X52.421 Y-36.624
X52.389 Y-36.65
X52.279 Y-36.768
G2 X49.923 Y-38.635 R9.934
G1 X49.297 Y-38.992
X49.036 Y-39.141
X48.979 Y-39.174 Z-10.993
X48.925 Y-39.207 Z-10.97
X48.877 Y-39.238 Z-10.935
X48.838 Y-39.265 Z-10.887
X48.809 Y-39.287 Z-10.831
X48.792 Y-39.303 Z-10.768
X48.789 Y-39.312 Z-10.701
Y-39.313 Z-10.675
G0 Z5.
X98.299 Y-30.155
Z-9.675
G1 Z-10.675 F333.
X98.298 Z-10.701 F1000.
X98.29 Y-30.161 Z-10.768
X98.279 Y-30.181 Z-10.831
X98.265 Y-30.214 Z-10.887
X98.248 Y-30.259 Z-10.935
X98.23 Y-30.313 Z-10.97
X98.212 Y-30.373 Z-10.993
X98.193 Y-30.437 Z-11.
X98.114 Y-30.727
X97.726 Y-32.133
G2 X96.148 Y-35.145 R7.997
G1 X95.95 Y-35.372
G2 X95.139 Y-36.153 R7.946
G1 X94.904 Y-36.342
G2 X87.38 Y-37.577 R8.022
G1 X87.097 Y-37.473
G2 X86.073 Y-36.989 R7.902
G1 X85.814 Y-36.837
G2 X83.123 Y-34.119 R8.022
G1 X82.888 Y-33.726
G3 X82.268 Y-33.57 R0.452
X82.112 Y-33.725 R0.452
G1 X81.872 Y-34.126
G2 X70.875 Y-36.874 R8.015
X68.126 Y-34.124 R8.015
G1 X67.886 Y-33.724
G3 X67.267 Y-33.569 R0.451
X67.112 Y-33.724 R0.451
G1 X66.873 Y-34.122
G2 X59.119 Y-37.968 R8.011
G1 X58.821 Y-37.929
G2 X57.862 Y-37.727 R7.891
G1 X57.575 Y-37.641
G2 X56.135 Y-37.023 R7.919
G1 X55.876 Y-36.874
G2 X55.008 Y-36.273 R7.924
G1 X54.775 Y-36.08
G2 X53.122 Y-34.116 R8.052
G1 X52.888 Y-33.725
G3 X52.268 Y-33.57 R0.452
X52.113 Y-33.725 R0.452
G1 X51.872 Y-34.125
G2 X40.875 Y-36.874 R8.015
X38.127 Y-34.126 R8.015
G1 X37.887 Y-33.725
G3 X37.267 Y-33.571 R0.452
X37.112 Y-33.725 R0.452
G1 X36.872 Y-34.126
G2 X25.875 Y-36.874 R8.015
X23.127 Y-34.126 R8.015
G1 X22.887 Y-33.725
G3 X22.267 Y-33.57 R0.452
X22.112 Y-33.725 R0.452
G1 X21.873 Y-34.123
G2 X14.908 Y-38.016 R8.023
G1 X14.605 Y-38.007
G2 X13.493 Y-37.874 R8.009
G1 X13.201 Y-37.812
G2 X12.374 Y-37.575 R7.749
G1 X12.092 Y-37.471
G2 X11.077 Y-36.991 R8.017
G1 X10.816 Y-36.838
G2 X8.163 Y-25.815 R8.017
X11.944 Y-22.589 R8.017
G1 X12.225 Y-22.479
G2 X13.285 Y-22.169 R7.955
G1 X13.656 Y-22.097
G2 X15.321 Y-21.992 R7.424
G1 X15.409 Y-21.997
G2 X21.885 Y-25.891 R8.007
G1 X22.113 Y-26.274
G3 X22.732 Y-26.43 R0.452
X22.888 Y-26.274 R0.452
G1 X23.126 Y-25.878
G2 X27.908 Y-22.261 R8.015
G1 X27.925 Y-22.256
G2 X30.748 Y-22.019 R7.904
G1 X30.769 Y-22.021
G2 X36.874 Y-25.877 R8.019
G1 X37.113 Y-26.275
G3 X37.733 Y-26.43 R0.452
X37.889 Y-26.274 R0.452
G1 X38.124 Y-25.881
G2 X40.795 Y-23.175 R8.043
G1 X41.056 Y-23.02
G2 X43.306 Y-22.164 R8.028
G1 X43.603 Y-22.106
G2 X51.874 Y-25.876 R8.017
G1 X52.113 Y-26.274
G3 X52.733 Y-26.429 R0.452
X52.888 Y-26.274 R0.452
G1 X53.126 Y-25.877
G2 X58.704 Y-22.088 R8.018
G1 X58.745 Y-22.081
G2 X60.314 Y-21.992 R7.449
G1 X60.401 Y-21.996
G2 X66.883 Y-25.889 R8.002
G1 X67.114 Y-26.275
G3 X67.731 Y-26.431 R0.45
X67.887 Y-26.276 R0.45
G1 X68.124 Y-25.88
G2 X72.971 Y-22.244 R8.021
G1 X72.973
G2 X81.884 Y-25.895 R8.007
G1 X82.111 Y-26.278
G3 X82.729 Y-26.435 R0.451
X82.886 Y-26.278 R0.451
G1 X83.121 Y-25.884
G2 X86.36 Y-22.858 R8.002
G1 X86.631 Y-22.726
G2 X87.679 Y-22.327 R7.964
G1 X87.971 Y-22.245
X88.273 Y-22.172
X88.619 Y-22.103
G2 X90.46 Y-22. R7.486
G1 X90.556 Y-22.007
G2 X97.727 Y-27.868 R7.997
G1 X98.114 Y-29.275
X98.193 Y-29.564
X98.211 Y-29.628 Z-10.993
X98.23 Y-29.689 Z-10.97
X98.248 Y-29.743 Z-10.935
X98.265 Y-29.788 Z-10.887
X98.279 Y-29.821 Z-10.831
X98.29 Y-29.841 Z-10.768
X98.298 Y-29.847 Z-10.701
X98.299 Y-29.846 Z-10.675
G0 Z5.
X97.427 Y-26.98
Z-10.
G1 Z-11. F333.
G2 X96.81 Y-28.144 R5.693 F1000.
G1 X96.807 Y-28.148
G3 X96.473 Y-29.426 R1.939
G1 X96.499 Y-30.061
X96.482 Y-30.463
X96.414 Y-31.042
X96.295 Y-31.612
X96.184 Y-31.998
X96.076 Y-32.301
X95.956 Y-32.6
X95.727 Y-33.072
X95.461 Y-33.522
X95.161 Y-33.949
X94.906 Y-34.261
G2 X94.068 Y-35.068 R6.77
G1 X93.646 Y-35.38
X93.202 Y-35.655
X92.737 Y-35.894
X92.255 Y-36.094
X91.759 Y-36.256
X91.25 Y-36.378
X90.731 Y-36.458
X90.21 Y-36.495
X89.687 Y-36.491
X89.168 Y-36.445
X88.653 Y-36.357
X88.146 Y-36.229
X87.764 Y-36.102
G2 X86.709 Y-35.604 R6.722
G1 X86.27 Y-35.322
X85.948 Y-35.081
X85.703 Y-34.873
X85.466 Y-34.656
X85.105 Y-34.275
X84.777 Y-33.867
X84.548 Y-33.536
X84.381 Y-33.262
X84.226 Y-32.981
X84.005 Y-32.508
X83.822 Y-32.018
X83.68 Y-31.513
X83.577 Y-30.994
X83.518 Y-30.468
X83.501 Y-29.939
X83.527 Y-29.416
X83.596 Y-28.899
X83.705 Y-28.388
X83.854 Y-27.888
X84.044 Y-27.4
X84.216 Y-27.037
X84.371 Y-26.754
X84.539 Y-26.478
X84.839 Y-26.051
X85.173 Y-25.65
X85.451 Y-25.359
X85.687 Y-25.141
X85.932 Y-24.932
X86.354 Y-24.62
X86.798 Y-24.345
X87.155 Y-24.158
G2 X88.241 Y-23.744 R6.79
G1 X88.75 Y-23.622
X89.147 Y-23.557
G2 X90.307 Y-23.513 R5.966
G1 X90.583 Y-23.528
X91.099 Y-23.595
X91.452 Y-23.668
X91.801 Y-23.756
X92.351 Y-23.941
X92.83 Y-24.15
X93.291 Y-24.396
X93.73 Y-24.678
X94.145 Y-24.995
X94.534 Y-25.344
X94.895 Y-25.725
X95.15 Y-26.036
X95.339 Y-26.297
X95.516 Y-26.565
X95.774 Y-27.019
X95.948 Y-27.382
X96.069 Y-27.679
X96.178 Y-27.982
X96.291 Y-28.368
X96.364 Y-28.686
X96.423 Y-29.006
X96.473 Y-29.426
X96.488 Y-29.492 Z-10.996
X96.514 Y-29.553 Z-10.985
X96.552 Y-29.605 Z-10.967
X96.598 Y-29.648 Z-10.944
X96.651 Y-29.677 Z-10.915
X96.709 Y-29.693 Z-10.883
X96.767 Z-10.85
X96.817 Y-29.687 Z-10.813
X96.859 Y-29.682 Z-10.767
X96.89 Y-29.678 Z-10.712
X96.909 Y-29.676 Z-10.653
X96.916 Y-29.675 Z-10.59
G0 Z5.
X83.501 Y-29.966
Z-10.
G1 Z-11. F333.
G2 X82.192 Y-30.921 R7.01 F1000.
G1 X82.187 Y-30.924
G3 X81.128 Y-32.158 R2.386
G1 X80.956 Y-32.6
X80.727 Y-33.072
X80.461 Y-33.522
X80.233 Y-33.853
X80.035 Y-34.106
X79.827 Y-34.35
X79.462 Y-34.724
X79.068 Y-35.068
X78.747 Y-35.31
X78.478 Y-35.489
X78.202 Y-35.655
X77.737 Y-35.894
X77.255 Y-36.094
X76.759 Y-36.256
X76.25 Y-36.378
X75.731 Y-36.458
X75.21 Y-36.495
X74.687 Y-36.491
X74.168 Y-36.445
X73.653 Y-36.357
X73.146 Y-36.229
X72.649 Y-36.059
X72.17 Y-35.85
X71.709 Y-35.604
X71.369 Y-35.389
X71.108 Y-35.202
X70.855 Y-35.005
X70.466 Y-34.656
X70.105 Y-34.275
X69.85 Y-33.964
X69.661 Y-33.703
X69.484 Y-33.435
X69.226 Y-32.981
X69.005 Y-32.508
X68.822 Y-32.018
X68.709 Y-31.632
X68.637 Y-31.314
X68.577 Y-30.994
X68.528 Y-30.59
X68.508 Y-30.265
X68.501 Y-29.939
X68.518 Y-29.537
X68.55 Y-29.217
X68.596 Y-28.899
X68.676 Y-28.504
X68.759 Y-28.194
X68.854 Y-27.888
G2 X69.273 Y-26.928 R6.754
G1 X69.539 Y-26.478
X69.839 Y-26.051
X70.173 Y-25.65
X70.538 Y-25.276
X70.932 Y-24.932
X71.303 Y-24.655
X71.548 Y-24.495
X71.798 Y-24.345
X72.263 Y-24.106
X72.745 Y-23.906
X73.241 Y-23.744
X73.75 Y-23.622
X74.147 Y-23.557
G2 X75.068 Y-23.502 R6.381
G1 X75.652 Y-23.535
X76.231 Y-23.619
X76.728 Y-23.736
X77.01 Y-23.822
X77.351 Y-23.941
X77.83 Y-24.15
X78.291 Y-24.396
X78.73 Y-24.678
X79.052 Y-24.919
X79.298 Y-25.127
X79.534 Y-25.344
X79.895 Y-25.725
X80.15 Y-26.036
X80.339 Y-26.297
X80.516 Y-26.565
X80.718 Y-26.913
X80.863 Y-27.199
X80.995 Y-27.492
X81.178 Y-27.982
X81.32 Y-28.487
X81.403 Y-28.886
X81.449 Y-29.208
X81.482 Y-29.532
X81.499 Y-30.061
X81.473 Y-30.584
X81.404 Y-31.101
X81.295 Y-31.612
X81.146 Y-32.112
X81.128 Y-32.158
X81.111 Y-32.223 Z-10.996
X81.106 Y-32.289 Z-10.985
X81.115 Y-32.353 Z-10.967
X81.137 Y-32.412 Z-10.944
X81.17 Y-32.463 Z-10.915
X81.214 Y-32.503 Z-10.883
X81.265 Y-32.531 Z-10.85
X81.313 Y-32.549 Z-10.813
X81.352 Y-32.563 Z-10.767
X81.381 Y-32.575 Z-10.712
X81.399 Y-32.581 Z-10.653
X81.406 Y-32.584 Z-10.59
G0 Z5.
X68.512 Y-29.672
Z-10.
G1 Z-11. F333.
G2 X67.215 Y-30.7 R7.154 F1000.
G1 X67.211 Y-30.702
G3 X66.182 Y-32.004 R2.435
G1 X65.956 Y-32.6
X65.784 Y-32.963
X65.525 Y-33.422
X65.161 Y-33.949
X64.827 Y-34.35
X64.462 Y-34.724
X64.162 Y-34.991
X63.863 Y-35.222
X63.681 Y-35.356
X63.202 Y-35.655
X62.755 Y-35.886
X62.33 Y-36.066
X61.789 Y-36.247
X61.25 Y-36.378
X60.853 Y-36.443
X60.532 Y-36.476
X60.21 Y-36.495
X59.687 Y-36.491
X59.168 Y-36.445
G2 X58.146 Y-36.229 R6.799
G1 X57.649 Y-36.059
X57.279 Y-35.902
X57.019 Y-35.774
X56.765 Y-35.636
G2 X55.855 Y-35.005 R6.784
G1 X55.553 Y-34.739
X55.324 Y-34.512
X55.105 Y-34.275
X54.787 Y-33.881
X54.484 Y-33.435
X54.226 Y-32.981
X54.005 Y-32.508
X53.829 Y-32.04
X53.68 Y-31.513
X53.577 Y-30.994
X53.518 Y-30.468
X53.501 Y-29.939
X53.518 Y-29.537
X53.55 Y-29.217
X53.596 Y-28.899
X53.705 Y-28.388
X53.854 Y-27.888
X53.996 Y-27.512
X54.128 Y-27.217
X54.273 Y-26.928
X54.474 Y-26.58
X54.651 Y-26.312
X54.839 Y-26.051
X55.173 Y-25.65
X55.538 Y-25.276
X55.838 Y-25.009
X56.092 Y-24.809
X56.354 Y-24.62
X56.798 Y-24.344
X57.263 Y-24.106
X57.745 Y-23.906
X58.241 Y-23.744
X58.75 Y-23.622
X59.254 Y-23.544
G2 X60.299 Y-23.512 R5.93
X60.874 Y-23.565 R3.985
X61.454 Y-23.67 R4.042
X62.013 Y-23.825 R3.962
G1 X62.351 Y-23.941
X62.721 Y-24.098
X63.009 Y-24.241
X63.291 Y-24.396
X63.73 Y-24.678
X64.145 Y-24.995
X64.447 Y-25.261
G2 X65.516 Y-26.565 R6.596
G1 X65.774 Y-27.019
X65.948 Y-27.382
X66.069 Y-27.679
X66.178 Y-27.982
X66.32 Y-28.487
X66.423 Y-29.006
X66.482 Y-29.532
X66.499 Y-30.061
X66.473 Y-30.584
X66.424 Y-30.983
X66.366 Y-31.299
X66.295 Y-31.612
X66.182 Y-32.004
X66.169 Y-32.07 Z-10.996
X66.17 Y-32.136 Z-10.985
X66.184 Y-32.2 Z-10.967
X66.21 Y-32.257 Z-10.944
X66.248 Y-32.305 Z-10.915
X66.294 Y-32.341 Z-10.883
X66.348 Y-32.365 Z-10.85
X66.397 Y-32.379 Z-10.813
X66.437 Y-32.39 Z-10.767
X66.467 Y-32.399 Z-10.712
X66.486 Y-32.404 Z-10.653
X66.492 Y-32.406 Z-10.59
G0 Z5.
X22.266 Y-33.571
Z-10.
G1 Z-11. F333.
G2 X20.953 Y-33.863 R5.813 F1000.
G1 X20.948
G3 X19.733 Y-34.45 R1.98
G1 X19.504 Y-34.684
X19.112 Y-35.033
X18.732 Y-35.321
X18.306 Y-35.595
X17.788 Y-35.87
X17.308 Y-36.075
X16.796 Y-36.246
X16.283 Y-36.371
X15.781 Y-36.452
X15.21 Y-36.495
X14.807 Y-36.496
G2 X13.653 Y-36.357 R6.84
G1 X13.146 Y-36.229
X12.764 Y-36.102
G2 X11.709 Y-35.604 R6.846
G1 X11.27 Y-35.322
X10.855 Y-35.005
X10.466 Y-34.656
X10.105 Y-34.275
X9.777 Y-33.867
X9.484 Y-33.435
X9.226 Y-32.981
X9.005 Y-32.508
X8.822 Y-32.018
X8.68 Y-31.513
X8.577 Y-30.994
X8.518 Y-30.468
X8.501 Y-29.939
X8.527 Y-29.416
X8.596 Y-28.899
X8.705 Y-28.388
X8.854 Y-27.888
X9.044 Y-27.4
X9.273 Y-26.928
X9.539 Y-26.478
X9.839 Y-26.051
X10.055 Y-25.786
X10.29 Y-25.525
X10.538 Y-25.276
X10.838 Y-25.009
X11.092 Y-24.809
X11.354 Y-24.62
X11.798 Y-24.345
X12.263 Y-24.106
X12.633 Y-23.948
G2 X13.75 Y-23.622 R6.782
G1 X14.254 Y-23.544
G2 X15.279 Y-23.512 R5.905
G1 X15.652 Y-23.535
X16.089 Y-23.594
X16.447 Y-23.667
X16.801 Y-23.756
X17.351 Y-23.941
X17.83 Y-24.15
X18.178 Y-24.332
X18.457 Y-24.499
X18.73 Y-24.678
X19.145 Y-24.995
X19.534 Y-25.344
X19.895 Y-25.725
X20.223 Y-26.133
X20.516 Y-26.565
X20.774 Y-27.019
X20.995 Y-27.492
X21.178 Y-27.982
X21.32 Y-28.487
X21.423 Y-29.006
X21.482 Y-29.532
X21.499 Y-30.061
X21.473 Y-30.584
X21.404 Y-31.101
X21.324 Y-31.496
X21.171 Y-32.039
X21.034 Y-32.413
X20.956 Y-32.6
X20.727 Y-33.072
X20.461 Y-33.522
X20.161 Y-33.949
X19.887 Y-34.283
X19.733 Y-34.45
X19.693 Y-34.504 Z-10.996
X19.664 Y-34.563 Z-10.985
X19.648 Y-34.626 Z-10.967
X19.646 Y-34.689 Z-10.944
X19.658 Y-34.749 Z-10.915
X19.684 Y-34.802 Z-10.883
X19.721 Y-34.847 Z-10.85
X19.758 Y-34.881 Z-10.813
X19.789 Y-34.91 Z-10.767
X19.812 Y-34.931 Z-10.712
X19.826 Y-34.944 Z-10.653
X19.831 Y-34.949 Z-10.59
G0 Z5.
X23.894 Y-35.193
Z-10.
G1 Z-11. F333.
G2 X24.118 Y-33.909 R5.638 F1000.
G1 X24.12 Y-33.904
G3 X24.043 Y-32.597 R1.921
G1 X23.822 Y-32.018
X23.68 Y-31.513
X23.577 Y-30.994
X23.518 Y-30.468
X23.501 Y-29.939
X23.527 Y-29.416
X23.596 Y-28.899
X23.705 Y-28.388
X23.854 Y-27.888
X24.044 Y-27.4
X24.273 Y-26.928
X24.539 Y-26.478
X24.839 Y-26.051
X25.173 Y-25.65
X25.538 Y-25.276
X25.932 Y-24.932
X26.354 Y-24.62
X26.798 Y-24.344
X27.263 Y-24.106
X27.745 Y-23.906
X28.241 Y-23.744
X28.75 Y-23.622
X29.147 Y-23.557
G2 X30.068 Y-23.502 R6.384
G1 X30.519 Y-23.523
X31.099 Y-23.595
X31.452 Y-23.668
X31.801 Y-23.756
X32.351 Y-23.941
X32.721 Y-24.098
X33.009 Y-24.241
X33.291 Y-24.396
X33.73 Y-24.678
X34.145 Y-24.995
X34.447 Y-25.261
X34.676 Y-25.488
X34.895 Y-25.725
X35.223 Y-26.133
X35.516 Y-26.565
X35.718 Y-26.913
X35.947 Y-27.381
X36.178 Y-27.982
X36.32 Y-28.487
X36.423 Y-29.006
X36.482 Y-29.532
X36.499 Y-30.061
X36.473 Y-30.584
X36.404 Y-31.101
X36.324 Y-31.496
X36.241 Y-31.806
X36.146 Y-32.112
X35.956 Y-32.6
X35.727 Y-33.072
X35.526 Y-33.42
X35.349 Y-33.689
X35.161 Y-33.949
X34.906 Y-34.261
X34.689 Y-34.497
X34.462 Y-34.724
X34.105 Y-35.038
X33.646 Y-35.38
X33.306 Y-35.595
X33.025 Y-35.751
X32.737 Y-35.894
X32.304 Y-36.076
X31.803 Y-36.243
X31.306 Y-36.366
X30.812 Y-36.448
X30.372 Y-36.488
X30.21 Y-36.495
X29.687 Y-36.491
X29.168 Y-36.445
X28.653 Y-36.357
X28.146 Y-36.229
X27.649 Y-36.059
X27.17 Y-35.85
X26.709 Y-35.604
X26.27 Y-35.322
X25.855 Y-35.005
X25.466 Y-34.656
X25.105 Y-34.275
X24.777 Y-33.867
X24.484 Y-33.435
X24.226 Y-32.981
X24.043 Y-32.597
X24.009 Y-32.54 Z-10.996
X23.964 Y-32.491 Z-10.985
X23.912 Y-32.453 Z-10.967
X23.854 Y-32.427 Z-10.944
X23.794 Y-32.416 Z-10.915
X23.735 Y-32.42 Z-10.883
X23.68 Y-32.438 Z-10.85
X23.634 Y-32.46 Z-10.813
X23.596 Y-32.478 Z-10.767
X23.568 Y-32.491 Z-10.712
X23.55 Y-32.499 Z-10.653
X23.544 Y-32.502 Z-10.59
G0 Z5.
X37.595 Y-33.517
Z-10.
G1 Z-11. F333.
G2 X38.23 Y-32.226 R6.219 F1000.
G1 X38.233 Y-32.221
G3 X38.555 Y-30.815 R2.118
G1 X38.518 Y-30.468
X38.501 Y-30.061
X38.507 Y-29.738
X38.527 Y-29.416
X38.596 Y-28.899
X38.705 Y-28.388
X38.854 Y-27.888
X38.996 Y-27.512
X39.129 Y-27.217
X39.273 Y-26.928
X39.539 Y-26.478
X39.839 Y-26.051
X40.094 Y-25.739
X40.311 Y-25.503
X40.538 Y-25.276
X40.932 Y-24.932
X41.354 Y-24.62
X41.694 Y-24.405
G2 X43.75 Y-23.622 R6.602
G1 X44.254 Y-23.544
G2 X45.069 Y-23.502 R6.429
G1 X45.652 Y-23.535
X46.231 Y-23.619
X46.801 Y-23.756
X47.351 Y-23.941
X47.83 Y-24.15
X48.291 Y-24.396
X48.73 Y-24.678
X49.145 Y-24.995
X49.534 Y-25.344
X49.895 Y-25.725
X50.223 Y-26.133
X50.516 Y-26.565
X50.774 Y-27.019
X50.995 Y-27.492
X51.178 Y-27.982
X51.32 Y-28.487
X51.423 Y-29.006
X51.482 Y-29.532
X51.499 Y-30.061
X51.473 Y-30.584
X51.404 Y-31.101
X51.295 Y-31.612
X51.146 Y-32.112
X50.956 Y-32.6
X50.727 Y-33.072
X50.461 Y-33.522
X50.161 Y-33.949
X49.827 Y-34.35
X49.462 Y-34.724
X49.068 Y-35.068
X48.646 Y-35.38
X48.306 Y-35.595
X48.025 Y-35.75
X47.737 Y-35.894
X47.255 Y-36.094
X46.759 Y-36.256
X46.368 Y-36.353
X46.051 Y-36.412
X45.731 Y-36.458
X45.358 Y-36.488
G2 X44.628 Y-36.486 R6.127
G1 X44.168 Y-36.445
X43.653 Y-36.357
X43.262 Y-36.262
X42.888 Y-36.143
X42.699 Y-36.078
X42.34 Y-35.929
X42.17 Y-35.85
X41.709 Y-35.604
X41.27 Y-35.322
X40.855 Y-35.005
X40.466 Y-34.656
X40.105 Y-34.275
X39.85 Y-33.964
X39.661 Y-33.703
X39.484 Y-33.435
X39.226 Y-32.981
X39.005 Y-32.508
X38.822 Y-32.018
X38.68 Y-31.513
X38.577 Y-30.994
X38.555 Y-30.815
X38.541 Y-30.749 Z-10.996
X38.514 Y-30.688 Z-10.985
X38.476 Y-30.636 Z-10.967
X38.43 Y-30.594 Z-10.944
X38.376 Y-30.564 Z-10.915
X38.319 Y-30.549 Z-10.883
X38.261 Y-30.548 Z-10.85
X38.211 Y-30.555 Z-10.813
X38.169 Y-30.56 Z-10.767
X38.138 Y-30.564 Z-10.712
X38.119 Y-30.566 Z-10.653
X38.112 Y-30.567 Z-10.59
G0 Z5.
X50.488 Y-14.376
Z0.325
G1 Z-0.675 F333.
X50.489 Y-14.375 Z-0.701 F1000.
X50.482 Y-14.369 Z-0.768
X50.46 Y-14.361 Z-0.831
X50.425 Y-14.353 Z-0.887
X50.378 Y-14.344 Z-0.935
X50.322 Y-14.335 Z-0.97
X50.259 Y-14.327 Z-0.993
X50.193 Y-14.32 Z-1.
X49.894 Y-14.29
G2 X48.234 Y-13.928 R7.347
G3 X46.534 Y-13.957 R2.494
G2 X40.896 Y-11.434 R4.368
X43.418 Y-5.796 R4.368
X49.057 Y-8.318 R4.368
X48.963 Y-11.66 R4.368
X46.534 Y-13.957 R4.368
X45.335 Y-13.42 R0.929
X45.274 Y-13.103 R0.929
G3 X44.36 Y-11.885 R1.293
G2 X42.968 Y-9.26 R2.101
X45.593 Y-7.867 R2.101
X46.985 Y-10.492 R2.101
X45.961 Y-11.732 R2.101
X44.36 Y-11.885 R2.101
X44.012 Y-11.23 R0.525
X44.556 Y-10.86 R0.525
G1 X44.976 Y-9.878
X44.974 Y-9.877
X44.976 Y-9.876
X44.977 Y-9.877
X44.976 Y-9.878
X44.798 Y-10.119
X44.759 Y-10.174 Z-0.993
X44.723 Y-10.226 Z-0.97
X44.692 Y-10.273 Z-0.935
X44.667 Y-10.314 Z-0.887
X44.65 Y-10.346 Z-0.831
X44.641 Y-10.367 Z-0.768
Y-10.376 Z-0.701
X44.642 Y-10.377 Z-0.675
G0 Z5.
X32.644 Y-3.505
Z0.325
G1 Z-0.675 F333.
X32.643 Z-0.701 F1000.
X32.639 Y-3.514 Z-0.768
X32.638 Y-3.537 Z-0.831
X32.64 Y-3.573 Z-0.887
X32.646 Y-3.62 Z-0.935
X32.655 Y-3.676 Z-0.97
X32.666 Y-3.739 Z-0.993
X32.68 Y-3.804 Z-1.
X32.742 Y-4.097
G2 X32.895 Y-5.717 R7.035
G3 X33.416 Y-7.259 R2.387
G2 X34.358 Y-9.948 R4.311
X30.047 Y-14.26 R4.311
X25.735 Y-9.948 R4.311
X30.047 Y-5.637 R4.311
X33.416 Y-7.259 R4.311
X33.271 Y-8.554 R0.922
X32.98 Y-8.71 R0.922
G3 X32.092 Y-9.939 R1.285
G1 Y-9.948
G2 X30.047 Y-11.994 R2.045
X28.002 Y-9.948 R2.045
X30.047 Y-7.903 R2.045
X32.092 Y-9.939 R2.045
X31.756 Y-10.278 R0.337
X31.517 Y-10.18 R0.337
X31.417 Y-9.942 R0.337
G3 X31.078 Y-9.606 R0.338
X30.742 Y-9.945 R0.338
G1 Y-9.948
G2 X30.047 Y-10.644 R0.695
X29.555 Y-10.44 R0.695
X29.352 Y-9.948 R0.695
X29.555 Y-9.457 R0.695
X30.538 R0.695
X30.742 Y-9.945 R0.695
G1 X30.743 Y-10.245
X30.744 Y-10.312 Z-0.993
X30.747 Y-10.375 Z-0.97
X30.75 Y-10.432 Z-0.935
X30.754 Y-10.48 Z-0.887
X30.759 Y-10.515 Z-0.831
X30.765 Y-10.538 Z-0.768
X30.771 Y-10.545 Z-0.701
X30.772 Z-0.675
G0 Z5.
X17.541 Y-3.461
Z0.325
G1 Z-0.675 F333.
X17.54 Z-0.701 F1000.
X17.536 Y-3.47 Z-0.768
X17.535 Y-3.493 Z-0.831
X17.537 Y-3.529 Z-0.887
X17.543 Y-3.576 Z-0.935
X17.552 Y-3.632 Z-0.97
X17.563 Y-3.695 Z-0.993
X17.577 Y-3.76 Z-1.
X17.639 Y-4.054
G2 X17.795 Y-5.712 R7.201
G3 X18.328 Y-7.29 R2.444
G2 X17.651 Y-13.31 R4.284
X11.631 Y-12.633 R4.284
X12.308 Y-6.613 R4.284
X18.328 Y-7.29 R4.284
X18.183 Y-8.581 R0.918
X17.889 Y-8.738 R0.918
G3 X16.997 Y-9.96 R1.281
G1 Y-9.962
G2 X14.98 Y-11.979 R2.017
X12.962 Y-9.962 R2.017
X14.98 Y-7.944 R2.017
X16.997 Y-9.96 R2.017
X16.66 Y-10.297 R0.337
X16.421 Y-10.199 R0.337
X16.322 Y-9.96 R0.337
G3 X15.984 Y-9.623 R0.338
X15.647 Y-9.961 R0.338
G1 Y-9.962
G2 X14.98 Y-10.629 R0.667
X14.312 Y-9.962 R0.667
X14.98 Y-9.294 R0.667
X15.647 Y-9.961 R0.667
G1 Y-10.261
X15.648 Y-10.328 Z-0.993
X15.65 Y-10.391 Z-0.97
X15.653 Y-10.448 Z-0.935
X15.657 Y-10.495 Z-0.887
X15.662 Y-10.531 Z-0.831
X15.668 Y-10.553 Z-0.768
X15.674 Y-10.561 Z-0.701
X15.675 Z-0.675
G0 Z5.
X8.528 Y-27.283
Z0.325
G1 Z-0.675 F333.
Y-27.284 Z-0.701 F1000.
X8.537 Y-27.289 Z-0.768
X8.559 Y-27.29 Z-0.831
X8.595 Y-27.289 Z-0.887
X8.643 Y-27.284 Z-0.935
X8.699 Y-27.277 Z-0.97
X8.762 Y-27.268 Z-0.993
X8.828 Y-27.257 Z-1.
X9.123 Y-27.204
G2 X10.816 Y-27.098 R7.332
G3 X12.439 Y-26.606 R2.488
G2 X18.411 Y-27.47 R4.267
X17.548 Y-33.442 R4.267
X11.576 Y-32.578 R4.267
X12.439 Y-26.606 R4.267
X13.721 Y-26.792 R0.916
X13.869 Y-27.093 R0.916
G3 X15.059 Y-28.025 R1.278
G2 X16.993 Y-30.089 R2.
X14.928 Y-32.023 R2.
X12.994 Y-29.959 R2.
X15.059 Y-28.025 R2.
X15.385 Y-28.373 R0.338
X15.037 Y-28.699 R0.338
G3 X14.688 Y-29.026 R0.337
X14.779 Y-29.267 R0.337
X15.015 Y-29.374 R0.337
G2 X15.453 Y-29.564 R0.65
Y-30.484 R0.65
X14.534 R0.65
X14.343 Y-30.024 R0.65
X14.534 Y-29.564 R0.65
X14.993 Y-29.374 R0.65
G1 X15.015
X15.315 Y-29.379
X15.381 Z-0.993
X15.445 Y-29.378 Z-0.97
X15.502 Y-29.376 Z-0.935
X15.549 Y-29.373 Z-0.887
X15.585 Y-29.368 Z-0.831
X15.607 Y-29.363 Z-0.768
X15.615 Y-29.358 Z-0.701
Y-29.356 Z-0.675
G0 Z5.
X27.126 Y-36.403
Z0.325
G1 Z-0.675 F333.
X27.127 Z-0.701 F1000.
X27.131 Y-36.395 Z-0.768
X27.133 Y-36.372 Z-0.831
Y-36.336 Z-0.887
X27.13 Y-36.288 Z-0.935
X27.124 Y-36.232 Z-0.97
X27.116 Y-36.169 Z-0.993
X27.107 Y-36.103 Z-1.
X27.061 Y-35.806
G2 X26.999 Y-34.161 R7.12
G3 X26.56 Y-32.573 R2.416
G2 X27.595 Y-26.473 R4.375
X33.696 Y-27.508 R4.375
X32.661 Y-33.608 R4.375
X26.56 Y-32.573 R4.375
X26.78 Y-31.277 R0.93
X27.071 Y-31.138 R0.93
G3 X28.021 Y-29.947 R1.294
G2 X30.221 Y-27.933 R2.109
X32.235 Y-30.133 R2.109
X30.035 Y-32.147 R2.109
X28.019 Y-30.04 R2.109
G1 X28.021 Y-29.947
G2 X28.568 Y-29.446 R0.525
X28.949 Y-29.636 R0.525
X29.065 Y-30.045 R0.525
G3 X29.514 Y-30.645 R0.53
X30.114 Y-30.195 R0.53
X30.113 Y-30.04 R0.53
G1 X30.121 Y-30.03
X30.13 Y-30.038
X30.122 Y-30.047
X30.113 Y-30.04
X29.878 Y-29.853
X29.826 Y-29.812 Z-0.993
X29.775 Y-29.774 Z-0.97
X29.728 Y-29.741 Z-0.935
X29.688 Y-29.715 Z-0.887
X29.657 Y-29.697 Z-0.831
X29.637 Y-29.687 Z-0.768
X29.627 Z-0.701
X29.626 Y-29.688 Z-0.675
G0 Z5.
X42.477 Y-36.549
Z0.325
G1 Z-0.675 F333.
X42.478 Y-36.548 Z-0.701 F1000.
X42.482 Y-36.54 Z-0.768
X42.483 Y-36.517 Z-0.831
X42.481 Y-36.481 Z-0.887
X42.475 Y-36.434 Z-0.935
X42.467 Y-36.377 Z-0.97
X42.455 Y-36.315 Z-0.993
X42.442 Y-36.249 Z-1.
X42.381 Y-35.956
G2 X42.228 Y-34.277 R7.288
G3 X41.693 Y-32.678 R2.474
G2 X42.396 Y-26.598 R4.328
X48.476 Y-27.3 R4.328
X47.774 Y-33.38 R4.328
X44.588 Y-34.289 R4.328
X41.693 Y-32.678 R4.328
X41.843 Y-31.38 R0.924
X42.132 Y-31.225 R0.924
G3 X43.023 Y-29.996 R1.287
G1 Y-29.989
G2 X45.085 Y-27.927 R2.062
X47.146 Y-29.989 R2.062
X45.085 Y-32.051 R2.062
X43.023 Y-29.996 R2.062
X43.359 Y-29.657 R0.337
X43.698 Y-29.994 R0.337
G3 X44.037 Y-30.33 R0.337
X44.275 Y-30.23 R0.337
X44.373 Y-29.992 R0.337
G1 Y-29.989
G2 X44.581 Y-29.486 R0.712
X45.588 R0.712
Y-30.492 R0.712
X45.085 Y-30.701 R0.712
X44.581 Y-30.492 R0.712
X44.373 Y-29.992 R0.712
G1 X44.372 Y-29.692
X44.371 Y-29.625 Z-0.993
X44.369 Y-29.561 Z-0.97
X44.366 Y-29.504 Z-0.935
X44.361 Y-29.457 Z-0.887
X44.356 Y-29.421 Z-0.831
X44.351 Y-29.399 Z-0.768
X44.345 Y-29.392 Z-0.701
X44.344 Z-0.675
G0 Z5.
X57.37 Y-36.507
Z0.325
G1 Z-0.675 F333.
X57.371 Z-0.701 F1000.
X57.375 Y-36.499 Z-0.768
X57.376 Y-36.476 Z-0.831
X57.374 Y-36.44 Z-0.887
X57.369 Y-36.392 Z-0.935
X57.362 Y-36.336 Z-0.97
X57.351 Y-36.273 Z-0.993
X57.339 Y-36.208 Z-1.
X57.282 Y-35.913
G2 X57.158 Y-34.283 R7.069
G3 X56.663 Y-32.724 R2.399
G2 X57.47 Y-26.555 R4.399
X63.639 Y-27.362 R4.399
X62.832 Y-33.531 R4.399
X56.663 Y-32.724 R4.399
X56.834 Y-31.416 R0.933
X57.117 Y-31.267 R0.933
G3 X58.018 Y-30.036 R1.298
G2 X60.158 Y-27.91 R2.133
X62.284 Y-30.05 R2.133
X60.144 Y-32.176 R2.133
X58.018 Y-30.043 R2.133
G1 Y-30.036
G2 X58.572 Y-29.486 R0.552
X59.071 Y-29.808 R0.552
G3 X59.969 Y-30.14 R0.677
X60.123 Y-30.043 R0.677
G1 X60.143 Y-30.035
X60.163 Y-30.042
X60.175 Y-30.06
X60.173 Y-30.081
X60.158 Y-30.097
X60.137 Y-30.099
X60.119 Y-30.088
X60.112 Y-30.068
X60.123 Y-30.043
X60.25 Y-29.771
X60.277 Y-29.71 Z-0.993
X60.302 Y-29.652 Z-0.97
X60.323 Y-29.599 Z-0.935
X60.34 Y-29.554 Z-0.887
X60.35 Y-29.52 Z-0.831
X60.355 Y-29.497 Z-0.768
X60.352 Y-29.488 Z-0.701
X60.351 Y-29.487 Z-0.675
G0 Z5.
X72.041 Y-36.344
Z0.325
G1 Z-0.675 F333.
X72.042 Z-0.701 F1000.
X72.046 Y-36.335 Z-0.768
X72.048 Y-36.312 Z-0.831
X72.045 Y-36.276 Z-0.887
X72.04 Y-36.229 Z-0.935
X72.032 Y-36.173 Z-0.97
X72.022 Y-36.11 Z-0.993
X72.01 Y-36.044 Z-1.
X71.952 Y-35.75
G2 X71.832 Y-34.211 R6.672
G3 X71.361 Y-32.742 R2.264
G2 X72.155 Y-26.565 R4.404
X78.332 Y-27.358 R4.404
X77.538 Y-33.535 R4.404
X74.285 Y-34.418 R4.404
X71.361 Y-32.742 R4.404
X71.529 Y-31.432 R0.933
X71.812 Y-31.283 R0.933
G3 X72.709 Y-30.049 R1.299
G2 X74.848 Y-27.913 R2.137
X76.984 Y-30.051 R2.137
X74.845 Y-32.187 R2.137
X72.709 Y-30.05 R2.137
G1 Y-30.049
G2 X73.234 Y-29.525 R0.524
X73.737 Y-29.903 R0.524
G1 X74.807 Y-30.05
X74.796 Y-30.024
X74.803 Y-30.003
X74.82 Y-29.99
X74.842 Y-29.989
X74.861 Y-30.001
X74.869 Y-30.021
X74.864 Y-30.043
X74.848 Y-30.058
X74.826 Y-30.06
X74.807 Y-30.05
X74.596 Y-29.836
X74.549 Y-29.789 Z-0.993
X74.503 Y-29.745 Z-0.97
X74.461 Y-29.707 Z-0.935
X74.425 Y-29.676 Z-0.887
X74.396 Y-29.654 Z-0.831
X74.377 Y-29.642 Z-0.768
X74.367 Y-29.641 Z-0.701
X74.366 Y-29.642 Z-0.675
G0 Z5.
X87.466 Y-36.543
Z0.325
G1 Z-0.675 F333.
X87.467 Y-36.542 Z-0.701 F1000.
X87.471 Y-36.534 Z-0.768
X87.472 Y-36.511 Z-0.831
X87.469 Y-36.475 Z-0.887
X87.463 Y-36.428 Z-0.935
X87.454 Y-36.371 Z-0.97
X87.443 Y-36.309 Z-0.993
X87.43 Y-36.244 Z-1.
X87.367 Y-35.95
G2 X87.209 Y-34.286 R7.227
G3 X86.672 Y-32.703 R2.453
G2 X85.736 Y-30.032 R4.277
X90.013 Y-25.756 R4.277
X94.289 Y-30.032 R4.277
X90.013 Y-34.309 R4.277
X86.672 Y-32.703 R4.277
X86.816 Y-31.413 R0.917
X87.111 Y-31.256 R0.917
G3 X88.002 Y-30.035 R1.28
G1 Y-30.032
G2 X90.013 Y-28.022 R2.01
X92.023 Y-30.032 R2.01
X90.013 Y-32.043 R2.01
X88.002 Y-30.035 R2.01
X88.339 Y-29.697 R0.338
X88.578 Y-29.795 R0.338
X88.677 Y-30.034 R0.338
G3 X89.015 Y-30.371 R0.338
X89.352 Y-30.033 R0.338
G1 Y-30.032
G2 X89.546 Y-29.566 R0.66
X90.013 Y-29.372 R0.66
X90.479 Y-29.566 R0.66
X90.673 Y-30.032 R0.66
X90.479 Y-30.499 R0.66
X90.013 Y-30.693 R0.66
X89.546 Y-30.499 R0.66
X89.352 Y-30.033 R0.66
G1 Y-29.733
X89.351 Y-29.666 Z-0.993
X89.349 Y-29.603 Z-0.97
X89.346 Y-29.546 Z-0.935
X89.342 Y-29.499 Z-0.887
X89.337 Y-29.463 Z-0.831
X89.331 Y-29.441 Z-0.768
X89.325 Y-29.433 Z-0.701
X89.324 Z-0.675
G0 Z5.
X96.467 Y-12.727
Z0.325
G1 Z-0.675 F333.
X96.466 Y-12.726 Z-0.701 F1000.
X96.458 Y-12.721 Z-0.768
X96.435 Y-12.72 Z-0.831
X96.399 Y-12.721 Z-0.887
X96.352 Y-12.726 Z-0.935
X96.295 Y-12.733 Z-0.97
X96.232 Y-12.742 Z-0.993
X96.167 Y-12.754 Z-1.
X95.872 Y-12.807
G2 X94.171 Y-12.917 R7.367
G3 X92.541 Y-13.414 R2.5
G2 X86.579 Y-12.565 R4.259
X87.428 Y-6.602 R4.259
X93.391 Y-7.452 R4.259
X94.243 Y-10.008 R4.259
X92.541 Y-13.414 R4.259
X91.26 Y-13.232 R0.915
X91.111 Y-12.93 R0.915
G3 X89.922 Y-12. R1.277
G2 X87.992 Y-10.008 R1.992
X89.985 Y-8.016 R1.992
X91.977 Y-10.008 R1.992
X91.371 Y-11.439 R1.992
X89.922 Y-12. R1.992
X89.595 Y-11.652 R0.337
X89.943 Y-11.325 R0.337
G3 X90.291 Y-10.998 R0.338
X89.964 Y-10.65 R0.338
G2 X89.531 Y-10.462 R0.642
X89.342 Y-10.008 R0.642
X89.531 Y-9.554 R0.642
X89.985 Y-9.366 R0.642
X90.439 Y-9.554 R0.642
X90.627 Y-10.008 R0.642
X90.439 Y-10.462 R0.642
X89.985 Y-10.651 R0.642
G1 X89.964 Y-10.65
X89.664 Y-10.646
X89.598 Y-10.645 Z-0.993
X89.534 Y-10.646 Z-0.97
X89.477 Y-10.648 Z-0.935
X89.43 Y-10.652 Z-0.887
X89.394 Y-10.656 Z-0.831
X89.372 Y-10.661 Z-0.768
X89.364 Y-10.667 Z-0.701
Y-10.668 Z-0.675
G0 Z5.
X77.834 Y-3.578
Z0.325
G1 Z-0.675 F333.
X77.833 Z-0.701 F1000.
X77.829 Y-3.586 Z-0.768
X77.827 Y-3.609 Z-0.831
Y-3.645 Z-0.887
X77.831 Y-3.693 Z-0.935
X77.837 Y-3.749 Z-0.97
X77.845 Y-3.812 Z-0.993
X77.855 Y-3.878 Z-1.
X77.902 Y-4.175
G2 X77.973 Y-5.86 R7.294
G3 X78.429 Y-7.485 R2.476
G2 X79.245 Y-10.024 R4.36
X74.885 Y-14.384 R4.36
X70.524 Y-10.024 R4.36
X74.885 Y-5.664 R4.36
X78.429 Y-7.485 R4.36
X78.215 Y-8.779 R0.928
X77.923 Y-8.919 R0.928
G3 X76.977 Y-10.111 R1.292
G2 X74.798 Y-12.116 R2.094
X72.792 Y-9.937 R2.094
X74.971 Y-7.932 R2.094
X76.979 Y-10.024 R2.094
G1 X76.977 Y-10.111
G2 X76.626 Y-10.434 R0.337
X76.391 Y-10.325 R0.337
X76.302 Y-10.083 R0.337
G3 X75.979 Y-9.732 R0.338
X75.737 Y-9.82 R0.338
X75.628 Y-10.055 R0.338
G2 X75.411 Y-10.55 R0.744
X74.885 Y-10.768 R0.744
X74.358 Y-10.55 R0.744
X74.14 Y-10.024 R0.744
X74.358 Y-9.498 R0.744
X75.411 R0.744
X75.629 Y-10.024 R0.744
G1 X75.628 Y-10.055
X75.622 Y-10.355
X75.621 Y-10.421 Z-0.993
X75.622 Y-10.485 Z-0.97
X75.624 Y-10.542 Z-0.935
X75.627 Y-10.589 Z-0.887
X75.631 Y-10.625 Z-0.831
X75.636 Y-10.648 Z-0.768
X75.642 Y-10.655 Z-0.701
X75.643 Z-0.675
G0 Z5.
X62.565 Y-3.468
Z0.325
G1 Z-0.675 F333.
X62.564 Z-0.701 F1000.
X62.56 Y-3.477 Z-0.768
X62.559 Y-3.5 Z-0.831
X62.561 Y-3.536 Z-0.887
X62.566 Y-3.583 Z-0.935
X62.575 Y-3.64 Z-0.97
X62.585 Y-3.702 Z-0.993
X62.598 Y-3.768 Z-1.
X62.657 Y-4.062
G2 X62.799 Y-5.75 R7.325
G3 X63.325 Y-7.361 R2.486
G2 X62.577 Y-13.466 R4.35
X56.471 Y-12.718 R4.35
X57.22 Y-6.612 R4.35
X63.325 Y-7.361 R4.35
X63.166 Y-8.661 R0.927
X62.878 Y-8.814 R0.927
G3 X61.982 Y-10.041 R1.291
G2 X59.896 Y-12.123 R2.083
X57.815 Y-10.037 R2.083
X59.9 Y-7.956 R2.083
X61.982 Y-10.039 R2.083
G1 Y-10.041
G2 X61.644 Y-10.379 R0.338
X61.307 Y-10.041 R0.338
G3 X60.97 Y-9.703 R0.338
X60.731 Y-9.801 R0.338
X60.632 Y-10.04 R0.338
G2 X59.898 Y-10.773 R0.733
X59.38 Y-10.558 R0.733
Y-9.521 R0.733
X59.898 Y-9.306 R0.733
X60.417 Y-9.521 R0.733
X60.632 Y-10.039 R0.733
G1 Y-10.04
Y-10.34
Y-10.407 Z-0.993
X60.634 Y-10.47 Z-0.97
X60.637 Y-10.527 Z-0.935
X60.642 Y-10.575 Z-0.887
X60.647 Y-10.61 Z-0.831
X60.652 Y-10.633 Z-0.768
X60.658 Y-10.64 Z-0.701
X60.659 Z-0.675
G0 Z15.

(2D CONTOUR2)
G55
G0 X55.8 Y-16.1
Z15.
Z5.
G1 Z0.6 F333.
Z-0.7
X55.805 Y-16.094 Z-0.767 F1000.
X55.818 Y-16.076 Z-0.83
X55.839 Y-16.048 Z-0.887
X55.868 Y-16.01 Z-0.935
X55.902 Y-15.964 Z-0.97
X55.94 Y-15.913 Z-0.992
X55.98 Y-15.86 Z-1.
X56.16 Y-15.62
G3 X56.1 Y-15.2 R0.3
G2 X54.8 Y-6.1 R6.5
X63.9 Y-4.8 R6.5
X65.2 Y-13.9 R6.5
X56.1 Y-15.2 R6.5
G3 X55.68 Y-15.26 R0.3
G1 X55.5 Y-15.5
X55.46 Y-15.553 Z-0.992
X55.422 Y-15.604 Z-0.97
X55.388 Y-15.65 Z-0.935
X55.359 Y-15.688 Z-0.887
X55.338 Y-15.716 Z-0.83
X55.325 Y-15.734 Z-0.767
X55.32 Y-15.74 Z-0.7
G0 Z5.
X49.68
G1 Z0.6 F333.
Z-0.7
X49.675 Y-15.734 Z-0.767 F1000.
X49.662 Y-15.716 Z-0.83
X49.641 Y-15.688 Z-0.887
X49.612 Y-15.65 Z-0.935
X49.578 Y-15.604 Z-0.97
X49.54 Y-15.553 Z-0.992
X49.5 Y-15.5 Z-1.
X49.32 Y-15.26
G3 X48.9 Y-15.2 R0.3
G2 X39.8 Y-13.9 R6.5
X41.1 Y-4.8 R6.5
X50.2 Y-6.1 R6.5
X48.9 Y-15.2 R6.5
G3 X48.84 Y-15.62 R0.3
G1 X49.02 Y-15.86
X49.06 Y-15.913 Z-0.992
X49.098 Y-15.964 Z-0.97
X49.132 Y-16.01 Z-0.935
X49.161 Y-16.048 Z-0.887
X49.182 Y-16.076 Z-0.83
X49.195 Y-16.094 Z-0.767
X49.2 Y-16.1 Z-0.7
G0 Z5.
Y-23.9
G1 Z0.6 F333.
Z-0.7
X49.195 Y-23.906 Z-0.767 F1000.
X49.182 Y-23.924 Z-0.83
X49.161 Y-23.952 Z-0.887
X49.132 Y-23.99 Z-0.935
X49.098 Y-24.036 Z-0.97
X49.06 Y-24.087 Z-0.992
X49.02 Y-24.14 Z-1.
X48.84 Y-24.38
G3 X48.9 Y-24.8 R0.3
G2 X50.2 Y-33.9 R6.5
X41.1 Y-35.2 R6.5
X39.8 Y-26.1 R6.5
X48.9 Y-24.8 R6.5
G3 X49.32 Y-24.74 R0.3
G1 X49.5 Y-24.5
X49.54 Y-24.447 Z-0.992
X49.578 Y-24.396 Z-0.97
X49.612 Y-24.35 Z-0.935
X49.641 Y-24.312 Z-0.887
X49.662 Y-24.284 Z-0.83
X49.675 Y-24.266 Z-0.767
X49.68 Y-24.26 Z-0.7
G0 Z5.
X55.32
G1 Z0.6 F333.
Z-0.7
X55.325 Y-24.266 Z-0.767 F1000.
X55.338 Y-24.284 Z-0.83
X55.359 Y-24.312 Z-0.887
X55.388 Y-24.35 Z-0.935
X55.422 Y-24.396 Z-0.97
X55.46 Y-24.447 Z-0.992
X55.5 Y-24.5 Z-1.
X55.68 Y-24.74
G3 X56.1 Y-24.8 R0.3
G2 X65.2 Y-26.1 R6.5
X63.9 Y-35.2 R6.5
X54.8 Y-33.9 R6.5
X56.1 Y-24.8 R6.5
G3 X56.217 Y-24.602 R0.3
X56.16 Y-24.38 R0.3
G1 X55.98 Y-24.14
X55.94 Y-24.087 Z-0.992
X55.902 Y-24.036 Z-0.97
X55.868 Y-23.99 Z-0.935
X55.839 Y-23.952 Z-0.887
X55.818 Y-23.924 Z-0.83
X55.805 Y-23.906 Z-0.767
X55.8 Y-23.9 Z-0.7
G0 Z5.
X70.32 Y-24.26
G1 Z0.6 F333.
Z-0.7
X70.325 Y-24.266 Z-0.767 F1000.
X70.338 Y-24.284 Z-0.83
X70.359 Y-24.312 Z-0.887
X70.388 Y-24.35 Z-0.935
X70.422 Y-24.396 Z-0.97
X70.46 Y-24.447 Z-0.992
X70.5 Y-24.5 Z-1.
X70.68 Y-24.74
G3 X71.1 Y-24.8 R0.3
G2 X80.2 Y-26.1 R6.5
X78.9 Y-35.2 R6.5
X69.8 Y-33.9 R6.5
X71.1 Y-24.8 R6.5
G3 X71.16 Y-24.38 R0.3
G1 X70.98 Y-24.14
X70.94 Y-24.087 Z-0.992
X70.902 Y-24.036 Z-0.97
X70.868 Y-23.99 Z-0.935
X70.839 Y-23.952 Z-0.887
X70.818 Y-23.924 Z-0.83
X70.805 Y-23.906 Z-0.767
X70.8 Y-23.9 Z-0.7
G0 Z5.
Y-16.1
G1 Z0.6 F333.
Z-0.7
X70.805 Y-16.094 Z-0.767 F1000.
X70.818 Y-16.076 Z-0.83
X70.839 Y-16.048 Z-0.887
X70.868 Y-16.01 Z-0.935
X70.902 Y-15.964 Z-0.97
X70.94 Y-15.913 Z-0.992
X70.98 Y-15.86 Z-1.
X71.16 Y-15.62
G3 X71.1 Y-15.2 R0.3
G2 X69.8 Y-6.1 R6.5
X78.9 Y-4.8 R6.5
X80.2 Y-13.9 R6.5
X71.1 Y-15.2 R6.5
G3 X70.68 Y-15.26 R0.3
G1 X70.5 Y-15.5
X70.46 Y-15.553 Z-0.992
X70.422 Y-15.604 Z-0.97
X70.388 Y-15.65 Z-0.935
X70.359 Y-15.688 Z-0.887
X70.338 Y-15.716 Z-0.83
X70.325 Y-15.734 Z-0.767
X70.32 Y-15.74 Z-0.7
G0 Z5.
X85.8 Y-16.1
G1 Z0.6 F333.
Z-0.7
X85.805 Y-16.094 Z-0.767 F1000.
X85.818 Y-16.076 Z-0.83
X85.839 Y-16.048 Z-0.887
X85.868 Y-16.01 Z-0.935
X85.902 Y-15.964 Z-0.97
X85.94 Y-15.913 Z-0.992
X85.98 Y-15.86 Z-1.
X86.16 Y-15.62
G3 X86.1 Y-15.2 R0.3
G2 X84.8 Y-6.1 R6.5
X93.9 Y-4.8 R6.5
X95.2 Y-13.9 R6.5
X86.1 Y-15.2 R6.5
G3 X85.68 Y-15.26 R0.3
G1 X85.5 Y-15.5
X85.46 Y-15.553 Z-0.992
X85.422 Y-15.604 Z-0.97
X85.388 Y-15.65 Z-0.935
X85.359 Y-15.688 Z-0.887
X85.338 Y-15.716 Z-0.83
X85.325 Y-15.734 Z-0.767
X85.32 Y-15.74 Z-0.7
G0 Z5.
X97.274 Y-28.61
G1 Z0.6 F333.
Z-0.7
X97.267 Y-28.611 Z-0.767 F1000.
X97.245 Y-28.614 Z-0.83
X97.21 Y-28.619 Z-0.887
X97.163 Y-28.626 Z-0.935
X97.106 Y-28.635 Z-0.97
X97.044 Y-28.644 Z-0.992
X96.978 Y-28.654 Z-1.
X96.681 Y-28.698
G3 X96.429 Y-29.039 R0.3
G2 X90.961 Y-36.429 R6.5
X83.571 Y-30.961 R6.5
X89.039 Y-23.571 R6.5
X96.429 Y-29.039 R6.5
G3 X96.547 Y-29.236 R0.3
X96.77 Y-29.292 R0.3
G1 X97.066 Y-29.248
X97.132 Y-29.238 Z-0.992
X97.195 Y-29.228 Z-0.97
X97.251 Y-29.22 Z-0.935
X97.298 Y-29.213 Z-0.887
X97.334 Y-29.208 Z-0.83
X97.356 Y-29.204 Z-0.767
X97.363 Y-29.203 Z-0.7
G0 Z5.
X34.2 Y-23.9
G1 Z0.6 F333.
Z-0.7
X34.195 Y-23.906 Z-0.767 F1000.
X34.182 Y-23.924 Z-0.83
X34.161 Y-23.952 Z-0.887
X34.132 Y-23.99 Z-0.935
X34.098 Y-24.036 Z-0.97
X34.06 Y-24.087 Z-0.992
X34.02 Y-24.14 Z-1.
X33.84 Y-24.38
G3 X33.9 Y-24.8 R0.3
G2 X35.2 Y-33.9 R6.5
X26.1 Y-35.2 R6.5
X24.8 Y-26.1 R6.5
X33.9 Y-24.8 R6.5
G3 X34.32 Y-24.74 R0.3
G1 X34.5 Y-24.5
X34.54 Y-24.447 Z-0.992
X34.578 Y-24.396 Z-0.97
X34.612 Y-24.35 Z-0.935
X34.641 Y-24.312 Z-0.887
X34.662 Y-24.284 Z-0.83
X34.675 Y-24.266 Z-0.767
X34.68 Y-24.26 Z-0.7
G0 Z5.
Y-15.74
G1 Z0.6 F333.
Z-0.7
X34.675 Y-15.734 Z-0.767 F1000.
X34.662 Y-15.716 Z-0.83
X34.641 Y-15.688 Z-0.887
X34.612 Y-15.65 Z-0.935
X34.578 Y-15.604 Z-0.97
X34.54 Y-15.553 Z-0.992
X34.5 Y-15.5 Z-1.
X34.32 Y-15.26
G3 X33.9 Y-15.2 R0.3
G2 X24.8 Y-13.9 R6.5
X26.1 Y-4.8 R6.5
X35.2 Y-6.1 R6.5
X33.9 Y-15.2 R6.5
G3 X33.84 Y-15.62 R0.3
G1 X34.02 Y-15.86
X34.06 Y-15.913 Z-0.992
X34.098 Y-15.964 Z-0.97
X34.132 Y-16.01 Z-0.935
X34.161 Y-16.048 Z-0.887
X34.182 Y-16.076 Z-0.83
X34.195 Y-16.094 Z-0.767
X34.2 Y-16.1 Z-0.7
G0 Z5.
X19.68 Y-15.74
G1 Z0.6 F333.
Z-0.7
X19.675 Y-15.734 Z-0.767 F1000.
X19.662 Y-15.716 Z-0.83
X19.641 Y-15.688 Z-0.887
X19.612 Y-15.65 Z-0.935
X19.578 Y-15.604 Z-0.97
X19.54 Y-15.553 Z-0.992
X19.5 Y-15.5 Z-1.
X19.32 Y-15.26
G3 X18.9 Y-15.2 R0.3
G2 X9.8 Y-13.9 R6.5
X11.1 Y-4.8 R6.5
X20.2 Y-6.1 R6.5
X18.9 Y-15.2 R6.5
G3 X18.84 Y-15.62 R0.3
G1 X19.02 Y-15.86
X19.06 Y-15.913 Z-0.992
X19.098 Y-15.964 Z-0.97
X19.132 Y-16.01 Z-0.935
X19.161 Y-16.048 Z-0.887
X19.182 Y-16.076 Z-0.83
X19.195 Y-16.094 Z-0.767
X19.2 Y-16.1 Z-0.7
G0 Z5.
Y-23.9
G1 Z0.6 F333.
Z-0.7
X19.195 Y-23.906 Z-0.767 F1000.
X19.182 Y-23.924 Z-0.83
X19.161 Y-23.952 Z-0.887
X19.132 Y-23.99 Z-0.935
X19.098 Y-24.036 Z-0.97
X19.06 Y-24.087 Z-0.992
X19.02 Y-24.14 Z-1.
X18.84 Y-24.38
G3 X18.9 Y-24.8 R0.3
G2 X20.2 Y-33.9 R6.5
X11.1 Y-35.2 R6.5
X9.8 Y-26.1 R6.5
X18.9 Y-24.8 R6.5
G3 X19.32 Y-24.74 R0.3
G1 X19.5 Y-24.5
X19.54 Y-24.447 Z-0.992
X19.578 Y-24.396 Z-0.97
X19.612 Y-24.35 Z-0.935
X19.641 Y-24.312 Z-0.887
X19.662 Y-24.284 Z-0.83
X19.675 Y-24.266 Z-0.767
X19.68 Y-24.26 Z-0.7
G0 Z15.

G53 G0 Z0.
M30
