(CONES2_20250702)
(MACHINE)
(  VENDOR: BANTAM TOOLS)
(  MODEL: EXPLORER CNC MILLING MACHINE)
(  DESCRIPTION: BANTAM TOOLS EXPLORER CNC MILLING MACHINE)
(T1 D=6.35 CR=3.175 - ZMIN=-19.978 - BALL END MILL)
G0 G90 G94 G17
G21
M5
G53 G0 Z0.

(ADAPTIVE1 2)
T1
M3 S18000
G90 G94 G17
G55
G0 X-0.407 Y-62.927
Z15.
G0 Z5.
Z-0.77
G1 Z-1.405 F3048.
X-0.405 Y-62.919 Z-1.504
X-0.399 Y-62.897 Z-1.601
X-0.39 Y-62.86 Z-1.693
X-0.377 Y-62.809 Z-1.778
X-0.361 Y-62.747 Z-1.854
X-0.342 Y-62.673 Z-1.919
X-0.321 Y-62.591 Z-1.971
X-0.298 Y-62.502 Z-2.009
X-0.274 Y-62.408 Z-2.032
X-0.249 Y-62.312 Z-2.04
G3 X0.248 Y-58.855 R16.211
G1 Y-58.741
X-0.1 Y-57.898
X-0.357 Y-57.023
X-0.541 Y-56.13
X-0.669 Y-55.227
X-0.759 Y-54.32
X-0.822 Y-53.41
X-0.864 Y-52.499
X-0.894 Y-51.588
X-0.914 Y-50.677
X-0.928 Y-49.765
X-0.938 Y-48.853
X-0.944 Y-47.941
X-0.948 Y-47.029
X-0.954 Y-45.206
X-0.957 Y-42.47
X-0.958 Y-35.176
Y-8.733
Y-2.807
X-0.86 Y-2.361
X-0.476 Y-1.534
X0.147 Y-0.869
X0.904 Y-0.359
X1.733 Y0.019
X2.602 Y0.294
X3.493 Y0.491
X4.394 Y0.629
X5.301 Y0.726
X6.21 Y0.793
X7.121 Y0.84
X8.032 Y0.872
X8.943 Y0.894
X9.855 Y0.909
X10.767 Y0.92
X11.679 Y0.927
X12.59 Y0.932
X13.502 Y0.936
X15.326 Y0.94
X18.973 Y0.943
X41.768 Y0.95
X65.476 Y0.957
X65.931 Y0.946
X66.367 Y0.811
X67.168 Y0.376
X67.806 Y-0.275
X68.292 Y-1.047
X68.652 Y-1.885
X68.912 Y-2.759
X69.097 Y-3.652
X69.228 Y-4.554
X69.319 Y-5.461
X69.383 Y-6.371
X69.426 Y-7.282
X69.457 Y-8.193
X69.477 Y-9.104
X69.492 Y-10.016
X69.502 Y-10.928
X69.508 Y-11.84
X69.513 Y-12.751
X69.519 Y-14.575
X69.523 Y-17.311
X69.527 Y-23.693
X69.537 Y-52.871
X69.494 Y-53.325
X69.185 Y-54.183
X68.601 Y-54.883
X67.867 Y-55.424
X67.05 Y-55.828
X66.187 Y-56.123
X65.3 Y-56.334
X64.4 Y-56.484
X63.494 Y-56.588
X62.586 Y-56.661
X61.675 Y-56.711
X60.764 Y-56.746
X59.852 Y-56.77
X58.941 Y-56.787
X58.029 Y-56.798
X57.117 Y-56.806
X56.205 Y-56.811
X55.294 Y-56.815
X53.47 Y-56.82
X50.735 Y-56.823
X49.823
X27.939 Y-56.83
X5.144 Y-56.837
X4.693 Y-56.772
X3.834 Y-56.464
X3.116 Y-55.902
X2.877 Y-55.666
X2.52 Y-55.428
X1.969 Y-55.198
X1.746 Y-55.152
X1.532 Y-55.075
X1.331 Y-54.967
X1.147 Y-54.832
X0.985 Y-54.672
X0.847 Y-54.49
X0.737 Y-54.291
X0.656 Y-54.077
X0.607 Y-53.855
X0.54 Y-52.945
X0.687 Y-52.045
X0.78 Y-51.138
X0.839 Y-50.228
X0.877 Y-49.317
X0.902 Y-48.406
X0.918 Y-47.494
X0.929 Y-46.582
X0.935 Y-45.671
X0.939 Y-44.759
X0.944 Y-42.935
X0.946 Y-40.2
X0.947 Y-21.964
Y-3.727
X0.993 Y-3.274
X1.072 Y-3.06
X1.176 Y-2.857
X1.439 Y-2.484
X2.142 Y-1.904
X2.996 Y-1.586
X3.886 Y-1.385
X4.787 Y-1.25
X5.695 Y-1.158
X6.604 Y-1.096
X7.515 Y-1.054
X8.427 Y-1.025
X9.338 Y-1.005
X10.25 Y-0.992
X11.162 Y-0.982
X12.073 Y-0.976
X12.985 Y-0.972
X14.809 Y-0.966
X17.544 Y-0.963
X25.751 Y-0.959
X50.37 Y-0.952
X64.959 Y-0.948
X65.409 Y-1.02
X65.822 Y-1.213
X66.165 Y-1.513
X66.715 Y-2.24
X67.019 Y-3.1
X67.213 Y-3.991
X67.342 Y-4.893
X67.43 Y-5.801
X67.489 Y-6.711
X67.53 Y-7.622
X67.558 Y-8.533
X67.577 Y-9.445
X67.59 Y-10.356
X67.599 Y-11.268
X67.605 Y-12.18
X67.609 Y-13.092
X67.615 Y-14.915
X67.618 Y-17.651
X67.623 Y-26.769
X67.626 Y-35.887
X67.632 Y-52.3
X67.565 Y-52.751
X67.469 Y-52.958
X67.221 Y-53.34
X67.135 Y-53.415
X66.429 Y-53.993
X65.571 Y-54.3
X64.681 Y-54.499
X63.779 Y-54.633
X62.872 Y-54.724
X61.962 Y-54.786
X61.051 Y-54.828
X60.14 Y-54.856
X59.228 Y-54.876
X58.317 Y-54.889
X57.405 Y-54.898
X56.493 Y-54.904
X55.581 Y-54.909
X53.758 Y-54.914
X51.022 Y-54.917
X42.816 Y-54.921
X34.61 Y-54.923
X5.887 Y-54.931
X5.434 Y-54.884
X5. Y-54.745
X4.212 Y-54.286
X3.447 Y-53.79
X3.237 Y-53.7
X3.026 Y-53.615
X2.829 Y-53.501
X2.65 Y-53.359
X2.493 Y-53.194
X2.361 Y-53.008
X2.258 Y-52.805
X2.185 Y-52.589
X2.143 Y-52.365
X2.106 Y-51.454
X2.29 Y-50.751
X2.463 Y-49.856
X2.582 Y-48.952
X2.664 Y-48.044
X2.722 Y-47.134
X2.762 Y-46.223
X2.789 Y-45.311
X2.809 Y-44.4
X2.822 Y-43.488
X2.831 Y-42.576
X2.838 Y-41.665
X2.842 Y-40.753
X2.847 Y-38.929
X2.851 Y-36.194
Y-35.282
X2.852 Y-23.428
Y-4.736
X2.855 Y-4.508
X2.883 Y-4.282
X2.943 Y-4.062
X3.034 Y-3.853
X3.154 Y-3.66
X3.301 Y-3.485
X3.471 Y-3.333
X3.661 Y-3.207
X3.867 Y-3.11
X4.739 Y-2.843
X5.764 Y-2.882
X6.676 Y-2.897
X7.588 Y-2.9
X8.5 Y-2.898
X13.059 Y-2.876
X14.882 Y-2.871
X17.618 Y-2.868
X21.265 Y-2.866
X64.12 Y-2.853
X64.344 Y-2.897
X64.559 Y-2.973
X64.761 Y-3.079
X64.946 Y-3.212
X65.109 Y-3.371
X65.249 Y-3.551
X65.361 Y-3.749
X65.443 Y-3.962
X65.648 Y-4.85
X65.641 Y-5.762
X65.645 Y-6.674
X65.654 Y-7.586
X65.674 Y-9.409
X65.684 Y-10.321
X65.693 Y-11.233
X65.699 Y-12.145
X65.704 Y-13.056
X65.709 Y-14.88
X65.713 Y-17.615
X65.717 Y-25.822
X65.726 Y-51.353
X65.711 Y-51.58
X65.664 Y-51.803
X65.585 Y-52.017
X65.476 Y-52.217
X65.34 Y-52.4
X65.179 Y-52.561
X64.996 Y-52.698
X64.796 Y-52.807
X64.582 Y-52.886
X63.691 Y-53.077
X62.78 Y-53.029
X61.869 Y-53.005
X60.957 Y-52.995
X60.045 Y-52.992
X59.133 Y-52.993
X58.222 Y-52.995
X54.574 Y-53.007
X52.751 Y-53.01
X49.104 Y-53.014
X8.072 Y-53.026
X6.248
X5.381 Y-52.745
X4.605 Y-52.267
X4.433 Y-52.116
X4.285 Y-51.943
X4.164 Y-51.75
X4.071 Y-51.542
X4.009 Y-51.322
X3.979 Y-51.097
X3.99 Y-50.185
X4.194 Y-49.296
X4.344 Y-48.397
X4.455 Y-47.492
X4.537 Y-46.583
X4.597 Y-45.674
X4.641 Y-44.763
X4.673 Y-43.852
X4.696 Y-42.94
X4.713 Y-42.028
X4.725 Y-41.117
X4.734 Y-40.205
X4.741 Y-39.293
X4.745 Y-38.381
X4.751 Y-36.558
X4.755 Y-33.822
X4.757 Y-28.351
Y-5.556
X4.761 Y-5.328
X4.798 Y-5.103
X4.867 Y-4.886
X4.966 Y-4.681
X5.093 Y-4.492
X5.247 Y-4.323
X5.422 Y-4.178
X5.617 Y-4.059
X5.827 Y-3.97
X6.047 Y-3.912
X6.274 Y-3.886
X7.185 Y-3.912
X7.612 Y-4.063
X8.175 Y-4.222
X8.949 Y-4.387
X9.852 Y-4.518
X10.759 Y-4.605
X11.669 Y-4.661
X12.58 Y-4.698
X13.492 Y-4.723
X14.404 Y-4.739
X15.315 Y-4.75
X16.227 Y-4.757
X17.139 Y-4.762
X18.051 Y-4.765
X19.874 Y-4.768
X23.522 Y-4.769
X54.523 Y-4.761
X62.958 Y-4.759
X63.185
X63.411 Y-4.792
X63.629 Y-4.858
X63.836 Y-4.953
X64.027 Y-5.078
X64.199 Y-5.228
X64.346 Y-5.402
X64.468 Y-5.594
X64.561 Y-5.803
X64.623 Y-6.022
X64.652 Y-6.248
X64.641 Y-7.16
X64.492 Y-7.589
X64.337 Y-8.155
X64.174 Y-8.944
X64.049 Y-9.847
X63.967 Y-10.755
X63.913 Y-11.665
X63.878 Y-12.576
X63.855 Y-13.488
X63.84 Y-14.399
X63.829 Y-15.311
X63.823 Y-16.223
X63.819 Y-17.135
X63.816 Y-18.047
X63.813 Y-19.87
X63.812 Y-23.517
X63.819 Y-45.401
X63.821 Y-50.416
X63.815 Y-50.644
X63.777 Y-50.868
X63.706 Y-51.085
X63.606 Y-51.29
X63.477 Y-51.478
X63.322 Y-51.645
X63.145 Y-51.789
X62.95 Y-51.906
X62.739 Y-51.994
X62.519 Y-52.051
X62.292 Y-52.075
X61.381 Y-52.042
X60.997 Y-51.893
X60.498 Y-51.737
X59.828 Y-51.573
X58.93 Y-51.415
X58.024 Y-51.311
X57.115 Y-51.243
X56.204 Y-51.198
X55.293 Y-51.168
X54.381 Y-51.148
X53.469 Y-51.135
X52.557 Y-51.126
X51.646 Y-51.121
X50.734 Y-51.117
X48.91 Y-51.113
X46.175 Y-51.111
X35.233 Y-51.113
X19.732 Y-51.117
X6.967 Y-51.121
X6.522 Y-51.022
X6.313 Y-50.931
X6.119 Y-50.81
X5.945 Y-50.663
X5.794 Y-50.493
X5.668 Y-50.303
X5.572 Y-50.096
X5.505 Y-49.878
X5.471 Y-49.653
X5.469 Y-49.425
X5.593 Y-48.522
X5.786 Y-47.969
X5.987 Y-47.25
X6.174 Y-46.358
X6.308 Y-45.456
X6.405 Y-44.549
X6.475 Y-43.64
X6.526 Y-42.73
X6.563 Y-41.819
X6.59 Y-40.907
X6.61 Y-39.996
X6.624 Y-39.084
X6.634 Y-38.172
X6.642 Y-37.261
X6.648 Y-36.349
X6.652 Y-35.437
X6.657 Y-33.613
X6.66 Y-30.878
X6.662 Y-24.495
Y-14.465
Y-6.487
X6.663 Y-6.259
X6.697 Y-6.034
X6.762 Y-5.815
X6.858 Y-5.609
X6.983 Y-5.418
X7.134 Y-5.247
X7.307 Y-5.099
X7.5 Y-4.978
X7.709 Y-4.885
X7.928 Y-4.824
X8.154 Y-4.794
X8.382 Y-4.798
X8.607 Y-4.833
X9.478 Y-5.104
X9.669 Y-5.239
X9.896 Y-5.378
X10.183 Y-5.53
X10.538 Y-5.688
X10.99 Y-5.856
X11.569 Y-6.029
X12.355 Y-6.209
X13.255 Y-6.355
X14.161 Y-6.454
X15.07 Y-6.522
X15.981 Y-6.57
X16.892 Y-6.602
X17.804 Y-6.625
X18.715 Y-6.64
X19.627 Y-6.651
X20.539 Y-6.658
X21.451 Y-6.663
X22.362 Y-6.667
X24.186 Y-6.67
X26.921 Y-6.672
X36.04 Y-6.671
X47.893 Y-6.668
X62.254 Y-6.664
X62.48 Y-6.697
X62.698 Y-6.761
X62.906 Y-6.856
X63.097 Y-6.98
X63.268 Y-7.13
X63.417 Y-7.304
X63.539 Y-7.496
X63.632 Y-7.704
X63.694 Y-7.923
X63.725 Y-8.149
X63.722 Y-8.377
X63.687 Y-8.603
X63.42 Y-9.474
X63.282 Y-9.681
X63.139 Y-9.928
X62.984 Y-10.243
X62.823 Y-10.63
X62.653 Y-11.129
X62.477 Y-11.782
X62.297 Y-12.676
X62.175 Y-13.58
X62.091 Y-14.488
X62.034 Y-15.398
X61.994 Y-16.309
X61.967 Y-17.22
X61.948 Y-18.132
X61.935 Y-19.044
X61.926 Y-19.955
X61.92 Y-20.867
X61.916 Y-21.779
X61.911 Y-23.602
X61.909 Y-26.338
X61.91 Y-33.632
X61.913 Y-41.839
X61.916 Y-49.475
X61.915 Y-49.703
X61.881 Y-49.929
X61.815 Y-50.147
X61.719 Y-50.354
X61.595 Y-50.544
X61.444 Y-50.715
X61.27 Y-50.863
X61.077 Y-50.984
X60.868 Y-51.076
X60.649 Y-51.138
X60.423 Y-51.167
X60.195 Y-51.164
X59.97 Y-51.128
X59.752 Y-51.06
X58.929 Y-50.667
X58.542 Y-50.426
X58.216 Y-50.27
X57.804 Y-50.103
X57.283 Y-49.932
X56.592 Y-49.753
X55.696 Y-49.582
X54.792 Y-49.465
X53.884 Y-49.385
X52.973 Y-49.33
X52.062 Y-49.292
X51.151 Y-49.265
X50.239 Y-49.247
X49.328 Y-49.234
X48.416 Y-49.225
X47.504 Y-49.219
X46.592 Y-49.215
X44.769 Y-49.21
X42.033 Y-49.208
X34.739
X20.15 Y-49.212
X8.068 Y-49.216
X7.84 Y-49.211
X7.615 Y-49.173
X7.398 Y-49.104
X7.193 Y-49.005
X7.005 Y-48.877
X6.836 Y-48.723
X6.692 Y-48.547
X6.574 Y-48.352
X6.485 Y-48.142
X6.427 Y-47.921
X6.402 Y-47.695
X6.409 Y-47.467
X6.448 Y-47.242
X6.52 Y-47.026
X6.927 Y-46.21
X7.072 Y-45.993
X7.229 Y-45.725
X7.392 Y-45.397
X7.566 Y-44.983
X7.748 Y-44.457
X7.935 Y-43.772
X8.119 Y-42.879
X8.247 Y-41.976
X8.338 Y-41.069
X8.403 Y-40.16
X8.449 Y-39.249
X8.482 Y-38.338
X8.506 Y-37.426
X8.523 Y-36.515
X8.535 Y-35.603
X8.544 Y-34.691
X8.55 Y-33.779
X8.555 Y-32.868
X8.561 Y-31.044
X8.565 Y-28.308
X8.567 Y-22.838
Y-11.896
Y-7.223
X8.6 Y-6.997
X8.665 Y-6.779
X8.76 Y-6.572
X8.884 Y-6.38
X9.034 Y-6.209
X9.207 Y-6.061
X9.4 Y-5.939
X9.608 Y-5.845
X9.827 Y-5.783
X10.053 Y-5.753
X10.281 Y-5.755
X10.506 Y-5.79
X10.724 Y-5.857
X10.93 Y-5.955
X11.12 Y-6.08
X11.29 Y-6.232
X11.513 Y-6.498
X11.63 Y-6.621
X11.767 Y-6.746
X11.94 Y-6.885
X12.156 Y-7.037
X12.409 Y-7.192
X12.732 Y-7.361
X13.117 Y-7.532
X13.611 Y-7.714
X14.245 Y-7.901
X15.092 Y-8.093
X15.993 Y-8.236
X16.899 Y-8.337
X17.808 Y-8.408
X18.719 Y-8.458
X19.63 Y-8.493
X20.541 Y-8.519
X21.453 Y-8.536
X22.365 Y-8.549
X23.276 Y-8.558
X24.188 Y-8.564
X25.1 Y-8.568
X26.924 Y-8.573
X29.659 Y-8.576
X36.042
X52.454 Y-8.572
X61.345 Y-8.569
X61.57 Y-8.602
X61.789 Y-8.667
X61.996 Y-8.762
X62.187 Y-8.886
X62.358 Y-9.037
X62.507 Y-9.21
X62.628 Y-9.402
X62.722 Y-9.61
X62.784 Y-9.83
X62.814 Y-10.056
X62.812 Y-10.284
X62.776 Y-10.509
X62.709 Y-10.727
X62.612 Y-10.933
X62.486 Y-11.123
X62.334 Y-11.293
X62.072 Y-11.513
X61.953 Y-11.626
X61.82 Y-11.771
X61.687 Y-11.936
X61.539 Y-12.146
X61.381 Y-12.405
X61.218 Y-12.715
X61.044 Y-13.107
X60.865 Y-13.593
X60.68 Y-14.219
X60.488 Y-15.063
X60.344 Y-15.963
X60.244 Y-16.87
X60.173 Y-17.779
X60.123 Y-18.689
X60.087 Y-19.6
X60.062 Y-20.512
X60.045 Y-21.423
X60.032 Y-22.335
X60.023 Y-23.247
X60.017 Y-24.159
X60.013 Y-25.07
X60.008 Y-26.894
X60.006 Y-29.629
Y-36.012
X60.01 Y-48.322
Y-48.663
X60.002 Y-48.891
X59.961 Y-49.116
X59.888 Y-49.332
X59.785 Y-49.535
X59.654 Y-49.722
X59.498 Y-49.887
X59.32 Y-50.029
X59.221 Y-50.087
X59.119 Y-50.137
X59.013 Y-50.18
X58.905 Y-50.215
X58.794 Y-50.242
X58.682 Y-50.261
G3 X58.18 Y-50.8 R0.635
G1 X58.168 Y-50.899 Z-2.032
X58.155 Y-50.995 Z-2.009
X58.143 Y-51.086 Z-1.971
X58.132 Y-51.17 Z-1.919
X58.122 Y-51.245 Z-1.854
X58.114 Y-51.31 Z-1.778
X58.107 Y-51.361 Z-1.693
X58.102 Y-51.399 Z-1.601
X58.099 Y-51.422 Z-1.504
X58.098 Y-51.43 Z-1.405
G0 Z5.
X-0.974 Y-44.451
Z-0.77
G1 Z-1.405 F3048.
X-0.967 Y-44.455 Z-1.504
X-0.946 Y-44.466 Z-1.601
X-0.912 Y-44.483 Z-1.693
X-0.866 Y-44.507 Z-1.778
X-0.809 Y-44.537 Z-1.854
X-0.741 Y-44.572 Z-1.919
X-0.666 Y-44.612 Z-1.971
X-0.584 Y-44.654 Z-2.009
X-0.498 Y-44.699 Z-2.032
X-0.41 Y-44.745 Z-2.04
X5.786 Y-47.969
X6.573 Y-48.244
X6.77 Y-48.251
X7.047 Y-48.207
X7.37 Y-48.089
X7.796 Y-47.833
X8.309 Y-47.371
X8.678 Y-46.672
X9.004 Y-45.943
X9.308 Y-45.123
X9.568 Y-44.25
X9.777 Y-43.362
X9.941 Y-42.465
X10.068 Y-41.562
X10.167 Y-40.656
X10.242 Y-39.747
X10.299 Y-38.837
X10.343 Y-37.926
X10.376 Y-37.015
X10.4 Y-36.103
X10.419 Y-35.192
X10.433 Y-34.28
X10.443 Y-33.368
X10.451 Y-32.457
X10.456 Y-31.545
X10.46 Y-30.633
X10.466 Y-28.809
X10.47 Y-26.074
X10.472 Y-20.603
Y-8.294
X10.474 Y-8.18
G3 X10.036 Y-7.587 R0.635
G1 X9.942 Y-7.557 Z-2.032
X9.85 Y-7.526 Z-2.009
X9.762 Y-7.498 Z-1.971
X9.682 Y-7.471 Z-1.919
X9.61 Y-7.448 Z-1.854
X9.548 Y-7.428 Z-1.778
X9.499 Y-7.412 Z-1.693
X9.462 Y-7.4 Z-1.601
X9.44 Y-7.393 Z-1.504
X9.433 Y-7.39 Z-1.405
G0 Z5.
X62.673 Y-10.993
Z0.595
G1 Z-0.04 F3048.
Z-2.04
G3 X62.926 Y-10.878 R0.196
X62.823 Y-10.63 R0.196
G1 X62.664 Y-10.564
X62.337 Y-10.384
X62.109 Y-10.311
X61.836 Y-10.278
X61.518 Y-10.301
X61.159 Y-10.399
X60.761 Y-10.594
X60.445 Y-11.015
X60.14 Y-11.482
X59.859 Y-11.981
X59.573 Y-12.576
X59.297 Y-13.261
X59.039 Y-14.044
X58.81 Y-14.927
X58.634 Y-15.821
X58.5 Y-16.723
X58.398 Y-17.629
X58.321 Y-18.538
X58.263 Y-19.448
X58.219 Y-20.359
X58.187 Y-21.27
X58.163 Y-22.181
X58.146 Y-23.093
X58.133 Y-24.005
X58.123 Y-24.916
X58.117 Y-25.828
X58.112 Y-26.74
X58.108 Y-27.652
X58.104 Y-29.475
X58.102 Y-32.211
Y-38.594
X58.105 Y-47.826
X58.09 Y-48.053
X58.043 Y-48.276
X57.965 Y-48.49
X57.856 Y-48.691
X57.72 Y-48.874
X57.56 Y-49.035
X57.377 Y-49.172
X57.177 Y-49.281
X56.964 Y-49.361
X56.741 Y-49.409
X56.513 Y-49.425
X56.286 Y-49.408
X56.064 Y-49.359
X55.85 Y-49.278
X55.053 Y-48.836
X54.674 Y-48.582
X54.372 Y-48.428
X54.001 Y-48.268
X53.524 Y-48.097
X52.903 Y-47.921
X52.054 Y-47.738
X51.152 Y-47.604
X50.245 Y-47.511
X49.335 Y-47.448
X48.425 Y-47.403
X47.513 Y-47.372
X46.602 Y-47.351
X45.69 Y-47.336
X44.778 Y-47.325
X43.866 Y-47.318
X42.955 Y-47.313
X42.043 Y-47.31
X40.219 Y-47.306
X37.484 Y-47.304
X29.277 Y-47.305
X10.357 Y-47.31
X10.132 Y-47.278
X10.022 Y-47.245
X9.916 Y-47.205
X9.812 Y-47.158
X9.712 Y-47.103
X9.617 Y-47.041
G3 X8.883 Y-47.099 R0.635
G1 X8.806 Y-47.163 Z-2.032
X8.732 Y-47.225 Z-2.009
X8.662 Y-47.284 Z-1.971
X8.597 Y-47.339 Z-1.919
X8.538 Y-47.387 Z-1.854
X8.489 Y-47.429 Z-1.778
X8.449 Y-47.462 Z-1.693
X8.42 Y-47.487 Z-1.601
X8.402 Y-47.502 Z-1.504
X8.396 Y-47.507 Z-1.405
G0 Z5.
X12.732 Y-7.361
Z3.635
G1 Z3. F3048.
Z-2.04 F1500.
X12.671 Y-7.477 F3048.
X12.599 Y-7.608
X12.556 Y-7.764
X12.542 Y-7.955
X12.568 Y-8.18
X12.759 Y-8.355
X12.988 Y-8.539
X13.246 Y-8.719
X13.578 Y-8.921
X13.947 Y-9.114
X14.419 Y-9.322
X14.983 Y-9.529
X15.702 Y-9.741
X16.592 Y-9.941
X17.492 Y-10.087
X18.397 Y-10.194
X19.306 Y-10.273
X20.216 Y-10.33
X21.127 Y-10.372
X22.038 Y-10.402
X22.949 Y-10.425
X23.861 Y-10.441
X24.773 Y-10.453
X25.685 Y-10.461
X26.596 Y-10.467
X27.508 Y-10.472
X29.332 Y-10.477
X32.067 Y-10.48
X37.538
X58.738 Y-10.475
G3 X59.322 Y-10.027 R0.635
G1 X59.352 Y-9.932 Z-2.032
X59.38 Y-9.84 Z-2.009
X59.407 Y-9.752 Z-1.971
X59.432 Y-9.67 Z-1.919
X59.455 Y-9.598 Z-1.854
X59.474 Y-9.536 Z-1.778
X59.489 Y-9.486 Z-1.693
X59.5 Y-9.45 Z-1.601
X59.507 Y-9.428 Z-1.504
X59.509 Y-9.42 Z-1.405
G0 Z5.
X9.004 Y-45.943
Z3.635
G1 Z3. F3048.
Z-2.04 F1500.
X9.132 Y-46. F3048.
X9.269 Y-46.063
X9.432 Y-46.1
X9.629 Y-46.105
X9.863 Y-46.066
X10.133 Y-45.965
X10.436 Y-45.78
X10.678 Y-45.328
X10.929 Y-44.779
X11.187 Y-44.099
X11.446 Y-43.255
X11.656 Y-42.368
X11.82 Y-41.471
X11.948 Y-40.568
X12.047 Y-39.662
X12.124 Y-38.754
X12.184 Y-37.844
X12.229 Y-36.933
X12.265 Y-36.022
X12.292 Y-35.11
X12.313 Y-34.199
X12.328 Y-33.287
X12.34 Y-32.375
X12.35 Y-31.464
X12.356 Y-30.552
X12.362 Y-29.64
X12.368 Y-27.816
X12.372 Y-25.993
X12.376 Y-22.346
X12.377 Y-12.316
Y-10.036
G3 X11.93 Y-9.451 R0.635
G1 X11.835 Y-9.422 Z-2.032
X11.742 Y-9.394 Z-2.009
X11.654 Y-9.367 Z-1.971
X11.573 Y-9.342 Z-1.919
X11.5 Y-9.319 Z-1.854
X11.439 Y-9.3 Z-1.778
X11.389 Y-9.285 Z-1.693
X11.352 Y-9.274 Z-1.601
X11.33 Y-9.267 Z-1.504
X11.323 Y-9.264 Z-1.405
G0 Z5.
X59.573 Y-12.576
Z3.635
G1 Z3. F3048.
Z-2.04 F1500.
X59.446 Y-12.515 F3048.
X59.312 Y-12.448
X59.157 Y-12.409
X58.961 Y-12.399
X58.725 Y-12.431
X58.532 Y-12.643
X58.342 Y-12.882
X58.138 Y-13.175
X57.923 Y-13.531
X57.703 Y-13.956
X57.477 Y-14.472
X57.242 Y-15.119
X57.005 Y-15.934
X56.808 Y-16.824
X56.658 Y-17.724
X56.545 Y-18.628
X56.458 Y-19.536
X56.393 Y-20.446
X56.343 Y-21.356
X56.306 Y-22.267
X56.277 Y-23.178
X56.256 Y-24.09
X56.24 Y-25.002
X56.228 Y-25.913
X56.219 Y-26.825
X56.213 Y-27.737
X56.208 Y-28.649
X56.202 Y-30.472
X56.198 Y-33.208
X56.197 Y-37.767
X56.2 Y-46.885
X56.195 Y-47.113
X56.157 Y-47.338
X56.087 Y-47.555
X55.987 Y-47.76
X55.859 Y-47.948
X55.782 Y-48.032
X55.699 Y-48.11
X55.611 Y-48.182
X55.517 Y-48.248
X55.42 Y-48.307
X55.318 Y-48.358
G3 X54.999 Y-49.022 R0.635
G1 X55.016 Y-49.12 Z-2.032
X55.033 Y-49.216 Z-2.009
X55.048 Y-49.306 Z-1.971
X55.063 Y-49.39 Z-1.919
X55.076 Y-49.465 Z-1.854
X55.087 Y-49.528 Z-1.778
X55.096 Y-49.58 Z-1.693
X55.102 Y-49.617 Z-1.601
X55.106 Y-49.64 Z-1.504
X55.107 Y-49.648 Z-1.405
G0 Z5.
X54.372 Y-48.428
Z3.635
G1 Z3. F3048.
Z-2.04 F1500.
X54.432 Y-48.312 F3048.
X54.503 Y-48.179
X54.543 Y-48.023
X54.555 Y-47.834
X54.526 Y-47.609
X54.44 Y-47.35
X54.171 Y-47.16
X53.852 Y-46.965
X53.462 Y-46.761
X53.002 Y-46.556
X52.437 Y-46.349
X51.721 Y-46.136
X50.831 Y-45.935
X49.931 Y-45.788
X49.026 Y-45.681
X48.117 Y-45.603
X47.207 Y-45.546
X46.296 Y-45.505
X45.385 Y-45.475
X44.474 Y-45.453
X43.562 Y-45.437
X42.65 Y-45.426
X41.738 Y-45.418
X40.827 Y-45.412
X39.915 Y-45.408
X38.091 Y-45.403
X35.356 Y-45.4
X29.885
X12.56 Y-45.404
X12.335 Y-45.372
X12.225 Y-45.34
X12.119 Y-45.3
X12.015 Y-45.252
X11.915 Y-45.197
X11.82 Y-45.135
X11.729 Y-45.067
G3 X10.992 Y-45.072 R0.635
G1 X10.912 Y-45.13 Z-2.032
X10.833 Y-45.187 Z-2.009
X10.759 Y-45.241 Z-1.971
X10.69 Y-45.29 Z-1.919
X10.628 Y-45.335 Z-1.854
X10.576 Y-45.373 Z-1.778
X10.534 Y-45.403 Z-1.693
X10.503 Y-45.425 Z-1.601
X10.484 Y-45.439 Z-1.504
X10.478 Y-45.444 Z-1.405
G0 Z5.
X14.419 Y-9.322
Z3.635
G1 Z3. F3048.
Z-2.04 F1500.
X14.364 Y-9.448 F3048.
X14.3 Y-9.584
X14.267 Y-9.74
X14.264 Y-9.938
X14.306 Y-10.173
X14.52 Y-10.352
X14.762 Y-10.529
X15.073 Y-10.726
X15.425 Y-10.919
X15.876 Y-11.129
X16.41 Y-11.337
X17.095 Y-11.553
X17.98 Y-11.77
X18.878 Y-11.93
X19.782 Y-12.049
X20.69 Y-12.137
X21.599 Y-12.202
X22.509 Y-12.251
X23.421 Y-12.287
X24.332 Y-12.313
X25.244 Y-12.333
X26.155 Y-12.348
X27.067 Y-12.358
X27.979 Y-12.366
X28.891 Y-12.372
X29.802 Y-12.376
X31.626 Y-12.381
X34.362 Y-12.384
X39.832 Y-12.385
X56.701 Y-12.38
G3 X57.285 Y-11.933 R0.635
G1 X57.315 Y-11.838 Z-2.032
X57.343 Y-11.745 Z-2.009
X57.37 Y-11.657 Z-1.971
X57.395 Y-11.576 Z-1.919
X57.418 Y-11.504 Z-1.854
X57.437 Y-11.442 Z-1.778
X57.452 Y-11.392 Z-1.693
X57.463 Y-11.355 Z-1.601
X57.47 Y-11.333 Z-1.504
X57.472 Y-11.326 Z-1.405
G0 Z5.
X11.187 Y-44.099
Z3.635
G1 Z3. F3048.
Z-2.04 F1500.
X11.319 Y-44.149 F3048.
X11.458 Y-44.204
X11.625 Y-44.231
X11.821 Y-44.225
X12.053 Y-44.172
X12.316 Y-44.056
X12.52 Y-43.723
X12.732 Y-43.32
X12.952 Y-42.826
X13.183 Y-42.203
X13.419 Y-41.411
X13.622 Y-40.522
X13.776 Y-39.624
X13.894 Y-38.72
X13.984 Y-37.812
X14.054 Y-36.903
X14.107 Y-35.993
X14.148 Y-35.082
X14.18 Y-34.171
X14.204 Y-33.259
X14.223 Y-32.348
X14.237 Y-31.436
X14.248 Y-30.524
X14.256 Y-29.612
X14.262 Y-28.701
X14.267 Y-27.789
X14.274 Y-25.965
X14.279 Y-23.23
X14.281 Y-18.671
X14.282 Y-12.174
G3 X13.835 Y-11.589 R0.635
G1 X13.74 Y-11.56 Z-2.032
X13.647 Y-11.532 Z-2.009
X13.559 Y-11.504 Z-1.971
X13.478 Y-11.479 Z-1.919
X13.405 Y-11.457 Z-1.854
X13.344 Y-11.438 Z-1.778
X13.294 Y-11.423 Z-1.693
X13.257 Y-11.411 Z-1.601
X13.235 Y-11.405 Z-1.504
X13.228 Y-11.402 Z-1.405
G0 Z5.
X57.477 Y-14.472
Z3.635
G1 Z3. F3048.
Z-2.04 F1500.
X57.349 Y-14.416 F3048.
X57.213 Y-14.353
X57.057 Y-14.32
X56.86 Y-14.317
X56.625 Y-14.359
X56.44 Y-14.579
X56.258 Y-14.825
X56.06 Y-15.134
X55.855 Y-15.504
X55.639 Y-15.961
X55.421 Y-16.513
X55.195 Y-17.219
X54.973 Y-18.104
X54.806 Y-19.
X54.68 Y-19.903
X54.585 Y-20.81
X54.513 Y-21.719
X54.458 Y-22.629
X54.417 Y-23.54
X54.385 Y-24.451
X54.362 Y-25.363
X54.344 Y-26.274
X54.33 Y-27.186
X54.32 Y-28.098
X54.312 Y-29.01
X54.307 Y-29.921
X54.302 Y-30.833
X54.297 Y-32.657
X54.294 Y-35.392
X54.293 Y-39.951
X54.294 Y-45.194
X54.278 Y-45.307
X54.254 Y-45.418
X54.221 Y-45.528
X54.181 Y-45.635
X54.134 Y-45.738
X54.079 Y-45.838
G3 X54.19 Y-46.566 R0.635
G1 X54.259 Y-46.637 Z-2.032
X54.326 Y-46.707 Z-2.009
X54.39 Y-46.773 Z-1.971
X54.449 Y-46.834 Z-1.919
X54.502 Y-46.888 Z-1.854
X54.547 Y-46.935 Z-1.778
X54.583 Y-46.972 Z-1.693
X54.61 Y-47. Z-1.601
X54.626 Y-47.016 Z-1.504
X54.631 Y-47.022 Z-1.405
G0 Z5.
X52.437 Y-46.349
Z3.635
G1 Z3. F3048.
Z-2.04 F1500.
X52.486 Y-46.216 F3048.
X52.54 Y-46.076
X52.564 Y-45.918
X52.556 Y-45.722
X52.501 Y-45.49
X52.273 Y-45.318
X52.003 Y-45.141
X51.677 Y-44.956
X51.276 Y-44.761
X50.78 Y-44.559
X50.166 Y-44.354
X49.359 Y-44.143
X48.464 Y-43.969
X47.561 Y-43.842
X46.654 Y-43.749
X45.745 Y-43.681
X44.835 Y-43.63
X43.924 Y-43.593
X43.012 Y-43.566
X42.101 Y-43.546
X41.189 Y-43.532
X40.277 Y-43.521
X39.365 Y-43.514
X38.454 Y-43.508
X37.542 Y-43.504
X35.718 Y-43.499
X32.983 Y-43.496
X27.512
X14.632 Y-43.499
X14.407 Y-43.466
X14.188 Y-43.402
X13.981 Y-43.307
X13.885 Y-43.245
X13.794 Y-43.176
X13.709 Y-43.101
X13.628 Y-43.02
X13.554 Y-42.933
G3 X12.834 Y-42.781 R0.635
G1 X12.743 Y-42.821 Z-2.032
X12.654 Y-42.859 Z-2.009
X12.569 Y-42.896 Z-1.971
X12.492 Y-42.93 Z-1.919
X12.422 Y-42.96 Z-1.854
X12.363 Y-42.986 Z-1.778
X12.315 Y-43.007 Z-1.693
X12.28 Y-43.022 Z-1.601
X12.259 Y-43.031 Z-1.504
X12.251 Y-43.034 Z-1.405
G0 Z5.
X15.876 Y-11.129
Z3.635
G1 Z3. F3048.
Z-2.04 F1500.
X15.819 Y-11.252 F3048.
X15.752 Y-11.387
X15.717 Y-11.543
X15.71 Y-11.741
X15.747 Y-11.977
X15.841 Y-12.235
X16.127 Y-12.43
X16.488 Y-12.644
X16.9 Y-12.853
X17.416 Y-13.075
X18.058 Y-13.302
X18.868 Y-13.531
X19.76 Y-13.721
X20.66 Y-13.863
X21.566 Y-13.97
X22.474 Y-14.051
X23.384 Y-14.111
X24.294 Y-14.157
X25.206 Y-14.191
X26.117 Y-14.217
X27.029 Y-14.236
X27.94 Y-14.25
X28.852 Y-14.261
X29.764 Y-14.269
X30.676 Y-14.275
X31.587 Y-14.279
X33.411 Y-14.285
X36.147 Y-14.288
X40.706 Y-14.289
X54.611 Y-14.286
G3 X55.195 Y-13.838 R0.635
G1 X55.225 Y-13.743 Z-2.032
X55.253 Y-13.651 Z-2.009
X55.28 Y-13.563 Z-1.971
X55.305 Y-13.482 Z-1.919
X55.327 Y-13.409 Z-1.854
X55.346 Y-13.347 Z-1.778
X55.362 Y-13.297 Z-1.693
X55.373 Y-13.261 Z-1.601
X55.38 Y-13.239 Z-1.504
X55.382 Y-13.231 Z-1.405
G0 Z5.
X13.183 Y-42.203
Z3.635
G1 Z3. F3048.
Z-2.04 F1500.
X13.316 Y-42.252 F3048.
X13.455 Y-42.306
X13.618 Y-42.331
X13.814 Y-42.323
X14.046 Y-42.269
X14.308 Y-42.15
X14.506 Y-41.82
X14.713 Y-41.416
X14.927 Y-40.923
X15.151 Y-40.299
X15.38 Y-39.499
X15.573 Y-38.608
X15.719 Y-37.708
X15.83 Y-36.803
X15.914 Y-35.895
X15.978 Y-34.985
X16.027 Y-34.075
X16.065 Y-33.164
X16.093 Y-32.252
X16.115 Y-31.341
X16.132 Y-30.429
X16.145 Y-29.517
X16.155 Y-28.606
X16.163 Y-27.694
X16.169 Y-26.782
X16.173 Y-25.87
X16.179 Y-24.047
X16.184 Y-21.311
X16.187 Y-16.752
Y-14.473
X16.22 Y-14.247
X16.252 Y-14.138
X16.292 Y-14.031
X16.34 Y-13.927
X16.395 Y-13.828
X16.457 Y-13.732
G3 X16.399 Y-12.998 R0.635
G1 X16.335 Y-12.922 Z-2.032
X16.273 Y-12.847 Z-2.009
X16.214 Y-12.777 Z-1.971
X16.159 Y-12.712 Z-1.919
X16.111 Y-12.654 Z-1.854
X16.069 Y-12.604 Z-1.778
X16.036 Y-12.564 Z-1.693
X16.011 Y-12.535 Z-1.601
X15.996 Y-12.517 Z-1.504
X15.991 Y-12.511 Z-1.405
G0 Z5.
X55.639 Y-15.961
Z3.635
G1 Z3. F3048.
Z-2.04 F1500.
X55.515 Y-15.903 F3048.
X55.381 Y-15.836
X55.225 Y-15.799
X55.028 Y-15.791
X54.792 Y-15.827
X54.53 Y-15.92
X54.333 Y-16.205
X54.114 Y-16.568
X53.901 Y-16.98
X53.674 Y-17.5
X53.44 Y-18.146
X53.205 Y-18.958
X53.009 Y-19.849
X52.86 Y-20.748
X52.747 Y-21.653
X52.66 Y-22.561
X52.595 Y-23.47
X52.544 Y-24.381
X52.506 Y-25.292
X52.477 Y-26.203
X52.454 Y-27.115
X52.438 Y-28.026
X52.425 Y-28.938
X52.415 Y-29.85
X52.408 Y-30.762
X52.402 Y-31.673
X52.398 Y-32.585
X52.393 Y-34.409
X52.39 Y-37.144
X52.388 Y-40.791
X52.389 Y-43.299
X52.356 Y-43.525
X52.324 Y-43.634
X52.284 Y-43.741
X52.236 Y-43.844
X52.181 Y-43.944
X52.119 Y-44.04
G3 X52.177 Y-44.774 R0.635
G1 X52.241 Y-44.85 Z-2.032
X52.303 Y-44.924 Z-2.009
X52.363 Y-44.995 Z-1.971
X52.417 Y-45.06 Z-1.919
X52.466 Y-45.118 Z-1.854
X52.507 Y-45.168 Z-1.778
X52.541 Y-45.207 Z-1.693
X52.565 Y-45.237 Z-1.601
X52.58 Y-45.254 Z-1.504
X52.585 Y-45.26 Z-1.405
G0 Z5.
X50.78 Y-44.559
Z3.635
G1 Z3. F3048.
Z-2.04 F1500.
X50.832 Y-44.431 F3048.
X50.892 Y-44.293
X50.92 Y-44.136
X50.918 Y-43.939
X50.87 Y-43.705
X50.759 Y-43.439
X50.458 Y-43.252
X50.071 Y-43.044
X49.625 Y-42.84
X49.056 Y-42.625
X48.339 Y-42.404
X47.452 Y-42.194
X46.553 Y-42.039
X45.649 Y-41.923
X44.741 Y-41.837
X43.832 Y-41.773
X42.921 Y-41.726
X42.01 Y-41.69
X41.098 Y-41.664
X40.187 Y-41.644
X39.275 Y-41.629
X38.363 Y-41.619
X37.452 Y-41.611
X36.54 Y-41.605
X35.628 Y-41.601
X33.804 Y-41.595
X31.069 Y-41.592
X25.598 Y-41.591
X16.594 Y-41.593
X16.368 Y-41.561
X16.15 Y-41.496
X15.943 Y-41.401
X15.847 Y-41.339
X15.756 Y-41.27
X15.67 Y-41.195
X15.59 Y-41.114
X15.516 Y-41.028
G3 X14.795 Y-40.876 R0.635
G1 X14.704 Y-40.915 Z-2.032
X14.615 Y-40.954 Z-2.009
X14.531 Y-40.99 Z-1.971
X14.453 Y-41.024 Z-1.919
X14.383 Y-41.054 Z-1.854
X14.324 Y-41.08 Z-1.778
X14.276 Y-41.101 Z-1.693
X14.241 Y-41.116 Z-1.601
X14.22 Y-41.125 Z-1.504
X14.213 Y-41.129 Z-1.405
G0 Z5.
X18.058 Y-13.302
Z3.635
G1 Z3. F3048.
Z-2.04 F1500.
X18.011 Y-13.435 F3048.
X17.959 Y-13.576
X17.936 Y-13.74
X17.947 Y-13.936
X18.005 Y-14.167
X18.237 Y-14.339
X18.518 Y-14.52
X18.856 Y-14.708
X19.275 Y-14.907
X19.796 Y-15.114
X20.447 Y-15.325
X21.31 Y-15.544
X22.207 Y-15.71
X23.11 Y-15.833
X24.017 Y-15.925
X24.927 Y-15.993
X25.837 Y-16.045
X26.748 Y-16.083
X27.659 Y-16.112
X28.571 Y-16.133
X29.483 Y-16.149
X30.394 Y-16.161
X31.306 Y-16.17
X32.218 Y-16.177
X33.13 Y-16.182
X34.953 Y-16.188
X36.777 Y-16.191
X40.424 Y-16.193
X50.454 Y-16.192
X52.278
X52.503 Y-16.224
X52.613 Y-16.256
X52.719 Y-16.296
X52.823 Y-16.344
X52.923 Y-16.399
X53.019 Y-16.461
X53.11 Y-16.53
G3 X53.846 Y-16.524 R0.635
G1 X53.926 Y-16.466 Z-2.032
X54.005 Y-16.409 Z-2.009
X54.079 Y-16.355 Z-1.971
X54.148 Y-16.306 Z-1.919
X54.21 Y-16.261 Z-1.854
X54.262 Y-16.223 Z-1.778
X54.304 Y-16.193 Z-1.693
X54.335 Y-16.171 Z-1.601
X54.354 Y-16.157 Z-1.504
X54.361 Y-16.152 Z-1.405
G0 Z5.
X15.151 Y-40.299
Z3.635
G1 Z3. F3048.
Z-2.04 F1500.
X15.284 Y-40.346 F3048.
X15.424 Y-40.399
X15.587 Y-40.422
X15.783 Y-40.412
X16.014 Y-40.355
X16.276 Y-40.234
X16.471 Y-39.9
X16.676 Y-39.491
X16.886 Y-38.992
X17.106 Y-38.357
X17.332 Y-37.539
X17.517 Y-36.646
X17.655 Y-35.744
X17.759 Y-34.839
X17.838 Y-33.93
X17.898 Y-33.02
X17.944 Y-32.11
X17.979 Y-31.199
X18.006 Y-30.287
X18.026 Y-29.376
X18.042 Y-28.464
X18.054 Y-27.552
X18.063 Y-26.64
X18.07 Y-25.729
X18.075 Y-24.817
X18.082 Y-22.993
X18.086 Y-21.17
X18.09 Y-19.346
X18.092 Y-16.269
G3 X17.644 Y-15.684 R0.635
G1 X17.549 Y-15.655 Z-2.032
X17.457 Y-15.626 Z-2.009
X17.369 Y-15.599 Z-1.971
X17.288 Y-15.574 Z-1.919
X17.215 Y-15.551 Z-1.854
X17.153 Y-15.532 Z-1.778
X17.104 Y-15.517 Z-1.693
X17.067 Y-15.506 Z-1.601
X17.045 Y-15.499 Z-1.504
X17.038 Y-15.497 Z-1.405
G0 Z5.
X53.674 Y-17.5
Z3.635
G1 Z3. F3048.
Z-2.04 F1500.
X53.546 Y-17.444 F3048.
X53.409 Y-17.382
X53.253 Y-17.349
X53.057 Y-17.346
X52.822 Y-17.388
X52.553 Y-17.492
X52.269 Y-17.67
X52.034 Y-18.127
X51.805 Y-18.655
X51.564 Y-19.323
X51.32 Y-20.173
X51.125 Y-21.064
X50.976 Y-21.964
X50.861 Y-22.868
X50.773 Y-23.776
X50.705 Y-24.685
X50.653 Y-25.595
X50.612 Y-26.506
X50.581 Y-27.418
X50.557 Y-28.329
X50.539 Y-29.241
X50.525 Y-30.152
X50.515 Y-31.064
X50.506 Y-31.976
X50.5 Y-32.888
X50.496 Y-33.8
X50.49 Y-35.623
X50.484 Y-38.359
X50.483 Y-41.208
X50.451 Y-41.434
X50.386 Y-41.652
X50.291 Y-41.859
X50.229 Y-41.955
X50.16 Y-42.046
X50.085 Y-42.132
X50.004 Y-42.212
X49.918 Y-42.286
G3 X49.765 Y-43.006 R0.635
G1 X49.805 Y-43.098 Z-2.032
X49.843 Y-43.186 Z-2.009
X49.88 Y-43.271 Z-1.971
X49.914 Y-43.349 Z-1.919
X49.944 Y-43.418 Z-1.854
X49.97 Y-43.478 Z-1.778
X49.99 Y-43.525 Z-1.693
X50.006 Y-43.56 Z-1.601
X50.015 Y-43.582 Z-1.504
X50.018 Y-43.589 Z-1.405
G0 Z5.
X49.056 Y-42.625
Z3.635
G1 Z3. F3048.
Z-2.04 F1500.
X49.106 Y-42.493 F3048.
X49.161 Y-42.353
X49.187 Y-42.195
X49.181 Y-41.999
X49.128 Y-41.767
X49.012 Y-41.503
X48.692 Y-41.311
X48.298 Y-41.107
X47.824 Y-40.899
X47.224 Y-40.681
X46.461 Y-40.46
X45.571 Y-40.263
X44.671 Y-40.117
X43.766 Y-40.008
X42.857 Y-39.926
X41.948 Y-39.865
X41.037 Y-39.819
X40.126 Y-39.785
X39.214 Y-39.759
X38.303 Y-39.74
X37.391 Y-39.726
X36.479 Y-39.715
X35.568 Y-39.707
X34.656 Y-39.701
X33.744 Y-39.697
X31.92 Y-39.691
X29.185 Y-39.688
X24.626 Y-39.687
X18.585 Y-39.688
X18.359 Y-39.655
X18.141 Y-39.591
X17.934 Y-39.495
X17.742 Y-39.372
X17.657 Y-39.297
X17.576 Y-39.216
X17.502 Y-39.129
X17.434 Y-39.037
X17.373 Y-38.941
X17.319 Y-38.841
G3 X16.648 Y-38.538 R0.635
G1 X16.551 Y-38.557 Z-2.032
X16.456 Y-38.576 Z-2.009
X16.365 Y-38.594 Z-1.971
X16.282 Y-38.61 Z-1.919
X16.208 Y-38.625 Z-1.854
X16.144 Y-38.637 Z-1.778
X16.093 Y-38.647 Z-1.693
X16.056 Y-38.655 Z-1.601
X16.033 Y-38.659 Z-1.504
X16.025 Y-38.661 Z-1.405
G0 Z5.
X19.796 Y-15.114
Z3.635
G1 Z3. F3048.
Z-2.04 F1500.
X19.745 Y-15.244 F3048.
X19.687 Y-15.383
X19.659 Y-15.54
X19.663 Y-15.737
X19.713 Y-15.97
X19.938 Y-16.147
X20.196 Y-16.324
X20.516 Y-16.515
X20.902 Y-16.712
X21.383 Y-16.92
X21.971 Y-17.129
X22.737 Y-17.347
X23.628 Y-17.539
X24.529 Y-17.681
X25.435 Y-17.786
X26.343 Y-17.865
X27.253 Y-17.924
X28.164 Y-17.969
X29.075 Y-18.002
X29.986 Y-18.027
X30.898 Y-18.045
X31.81 Y-18.059
X32.721 Y-18.07
X33.633 Y-18.078
X34.545 Y-18.083
X35.457 Y-18.088
X37.28 Y-18.093
X40.016 Y-18.097
X44.575 Y-18.098
X50.046 Y-18.097
X50.271 Y-18.13
X50.49 Y-18.194
X50.697 Y-18.29
X50.888 Y-18.413
X50.974 Y-18.488
X51.055 Y-18.569
X51.129 Y-18.656
X51.197 Y-18.748
X51.258 Y-18.844
X51.312 Y-18.944
G3 X51.983 Y-19.247 R0.635
G1 X52.08 Y-19.228 Z-2.032
X52.175 Y-19.209 Z-2.009
X52.265 Y-19.191 Z-1.971
X52.349 Y-19.175 Z-1.919
X52.423 Y-19.16 Z-1.854
X52.487 Y-19.148 Z-1.778
X52.538 Y-19.138 Z-1.693
X52.575 Y-19.13 Z-1.601
X52.598 Y-19.126 Z-1.504
X52.606 Y-19.124 Z-1.405
G0 Z5.
X17.106 Y-38.357
Z3.635
G1 Z3. F3048.
Z-2.04 F1500.
X17.24 Y-38.403 F3048.
X17.381 Y-38.454
X17.545 Y-38.476
X17.741 Y-38.464
X17.972 Y-38.405
X18.232 Y-38.281
X18.426 Y-37.943
X18.628 Y-37.529
X18.837 Y-37.021
X19.055 Y-36.375
X19.278 Y-35.536
X19.454 Y-34.641
X19.586 Y-33.739
X19.685 Y-32.832
X19.76 Y-31.924
X19.817 Y-31.014
X19.86 Y-30.103
X19.892 Y-29.192
X19.917 Y-28.28
X19.936 Y-27.369
X19.951 Y-26.457
X19.962 Y-25.545
X19.97 Y-24.633
X19.976 Y-23.722
X19.981 Y-22.81
X19.989 Y-21.898
X19.993 Y-20.074
X19.996 Y-18.251
X20.029 Y-18.025
X20.061 Y-17.916
X20.101 Y-17.809
X20.149 Y-17.706
X20.204 Y-17.606
G3 X20.094 Y-16.878 R0.635
G1 X20.025 Y-16.806 Z-2.032
X19.958 Y-16.737 Z-2.009
X19.894 Y-16.67 Z-1.971
X19.835 Y-16.609 Z-1.919
X19.782 Y-16.555 Z-1.854
X19.737 Y-16.508 Z-1.778
X19.701 Y-16.471 Z-1.693
X19.674 Y-16.443 Z-1.601
X19.658 Y-16.427 Z-1.504
X19.653 Y-16.421 Z-1.405
G0 Z5.
X51.564 Y-19.323
Z3.635
G1 Z3. F3048.
Z-2.04 F1500.
X51.29 Y-19.225 F3048.
X51.124 Y-19.201
X50.928 Y-19.211
X50.697 Y-19.268
X50.435 Y-19.388
X50.236 Y-19.727
X50.029 Y-20.138
X49.814 Y-20.643
X49.589 Y-21.284
X49.359 Y-22.109
X49.172 Y-23.001
X49.031 Y-23.902
X48.924 Y-24.808
X48.842 Y-25.716
X48.779 Y-26.625
X48.732 Y-27.536
X48.695 Y-28.447
X48.667 Y-29.358
X48.646 Y-30.27
X48.629 Y-31.182
X48.617 Y-32.093
X48.607 Y-33.005
X48.6 Y-33.917
X48.594 Y-34.829
X48.586 Y-35.74
X48.581 Y-37.564
X48.579 Y-39.046
Y-39.274
X48.546 Y-39.499
X48.481 Y-39.718
X48.434 Y-39.821
X48.379 Y-39.921
X48.317 Y-40.017
X48.248 Y-40.108
X48.173 Y-40.194
X48.092 Y-40.274
X48.043 Y-40.331
X48.002 Y-40.394
X47.977 Y-40.466 Z-2.035
X47.952 Y-40.536 Z-2.022
X47.927 Y-40.605 Z-1.999
X47.923 Y-40.658 Z-1.976
X47.919 Y-40.709 Z-1.948
X47.93 Y-40.775 Z-1.901
X47.941 Y-40.834 Z-1.846
X47.95 Y-40.886 Z-1.784
X47.958 Y-40.929 Z-1.715
X47.972 Y-40.961 Z-1.642
X47.982 Y-40.984 Z-1.565
X47.989 Y-40.998 Z-1.486
X47.991 Y-41.003 Z-1.405
G0 Z5.
X47.224 Y-40.681
Z3.635
G1 Z3. F3048.
Z-2.04 F1500.
X47.272 Y-40.549 F3048.
X47.325 Y-40.408
X47.349 Y-40.247
X47.339 Y-40.051
X47.283 Y-39.82
X47.163 Y-39.559
X46.834 Y-39.366
X46.431 Y-39.163
X45.941 Y-38.955
X45.32 Y-38.738
X44.522 Y-38.517
X43.63 Y-38.331
X42.728 Y-38.193
X41.822 Y-38.089
X40.914 Y-38.012
X40.004 Y-37.954
X39.093 Y-37.91
X38.182 Y-37.878
X37.27 Y-37.853
X36.359 Y-37.834
X35.447 Y-37.821
X34.535 Y-37.81
X33.624 Y-37.802
X32.712 Y-37.797
X31.8 Y-37.792
X29.976 Y-37.787
X27.241 Y-37.783
X22.682 Y-37.782
X20.516
X20.291 Y-37.75
X20.072 Y-37.685
X19.865 Y-37.59
X19.674 Y-37.466
X19.588 Y-37.391
X19.508 Y-37.31
X19.433 Y-37.224
X19.366 Y-37.132
X19.304 Y-37.036
X19.251 Y-36.935
G3 X18.579 Y-36.632 R0.635
G1 X18.482 Y-36.651 Z-2.032
X18.387 Y-36.67 Z-2.009
X18.297 Y-36.688 Z-1.971
X18.213 Y-36.704 Z-1.919
X18.139 Y-36.719 Z-1.854
X18.075 Y-36.732 Z-1.778
X18.024 Y-36.742 Z-1.693
X17.987 Y-36.749 Z-1.601
X17.964 Y-36.753 Z-1.504
X17.956 Y-36.755 Z-1.405
G0 Z5.
X21.383 Y-16.92
Z3.635
G1 Z3. F3048.
Z-2.04 F1500.
X21.329 Y-17.046 F3048.
X21.267 Y-17.183
X21.235 Y-17.339
X21.234 Y-17.537
X21.277 Y-17.771
X21.381 Y-18.035
X21.675 Y-18.226
X22.054 Y-18.439
X22.487 Y-18.646
X23.037 Y-18.867
X23.726 Y-19.092
X24.61 Y-19.319
X25.506 Y-19.488
X26.408 Y-19.615
X27.315 Y-19.711
X28.224 Y-19.783
X29.134 Y-19.838
X30.045 Y-19.879
X30.957 Y-19.91
X31.868 Y-19.934
X32.78 Y-19.951
X33.691 Y-19.965
X34.603 Y-19.975
X35.515 Y-19.982
X36.427 Y-19.988
X37.339 Y-19.992
X39.162 Y-19.998
X41.898 Y-20.001
X45.545 Y-20.003
X48.166
X48.392 Y-20.035
X48.611 Y-20.1
X48.714 Y-20.147
X48.814 Y-20.202
X48.91 Y-20.264
X49.001 Y-20.333
X49.086 Y-20.408
X49.167 Y-20.489
G3 X49.896 Y-20.589 R0.635
G1 X49.984 Y-20.543 Z-2.032
X50.07 Y-20.498 Z-2.009
X50.152 Y-20.456 Z-1.971
X50.227 Y-20.416 Z-1.919
X50.294 Y-20.381 Z-1.854
X50.351 Y-20.351 Z-1.778
X50.397 Y-20.327 Z-1.693
X50.431 Y-20.309 Z-1.601
X50.452 Y-20.299 Z-1.504
X50.459 Y-20.295 Z-1.405
G0 Z5.
X19.055 Y-36.375
Z3.635
G1 Z3. F3048.
Z-2.04 F1500.
X19.188 Y-36.42 F3048.
X19.33 Y-36.47
X19.496 Y-36.49
X19.692 Y-36.476
X19.921 Y-36.415
X20.18 Y-36.289
X20.373 Y-35.946
X20.574 Y-35.527
X20.781 Y-35.012
X20.997 Y-34.353
X21.218 Y-33.494
X21.388 Y-32.598
X21.514 Y-31.695
X21.608 Y-30.788
X21.679 Y-29.879
X21.733 Y-28.969
X21.774 Y-28.058
X21.804 Y-27.147
X21.828 Y-26.235
X21.845 Y-25.323
X21.859 Y-24.412
X21.88 Y-23.5
X21.888 Y-22.588
X21.894 Y-21.677
X21.898 Y-20.309
X21.931 Y-20.083
X21.963 Y-19.974
X22.004 Y-19.868
X22.051 Y-19.764
X22.107 Y-19.664
X22.169 Y-19.569
X22.238 Y-19.478
G3 X22.234 Y-18.742 R0.635
G1 X22.176 Y-18.661 Z-2.032
X22.12 Y-18.582 Z-2.009
X22.066 Y-18.508 Z-1.971
X22.016 Y-18.439 Z-1.919
X21.972 Y-18.377 Z-1.854
X21.934 Y-18.324 Z-1.778
X21.904 Y-18.282 Z-1.693
X21.882 Y-18.251 Z-1.601
X21.868 Y-18.232 Z-1.504
X21.864 Y-18.226 Z-1.405
G0 Z5.
X49.589 Y-21.284
Z3.635
G1 Z3. F3048.
Z-2.04 F1500.
X49.456 Y-21.238 F3048.
X49.315 Y-21.186
X49.15 Y-21.164
X48.954 Y-21.175
X48.724 Y-21.234
X48.463 Y-21.356
X48.268 Y-21.695
X48.064 Y-22.108
X47.854 Y-22.615
X47.634 Y-23.261
X47.409 Y-24.097
X47.229 Y-24.991
X47.095 Y-25.893
X46.994 Y-26.799
X46.917 Y-27.707
X46.859 Y-28.617
X46.814 Y-29.528
X46.78 Y-30.439
X46.755 Y-31.351
X46.735 Y-32.262
X46.72 Y-33.174
X46.697 Y-34.085
X46.688 Y-34.997
X46.681 Y-35.909
X46.677 Y-37.277
X46.644 Y-37.502
X46.579 Y-37.721
X46.483 Y-37.928
X46.359 Y-38.119
X46.283 Y-38.204
X46.202 Y-38.284
X46.115 Y-38.358
X46.024 Y-38.426
X45.927 Y-38.487
X45.91 Y-38.498
X45.701 Y-38.55
X45.231 Y-38.666
X45.204 Y-38.681
X45.185 Y-38.705
X45.18 Y-38.736
X45.188 Y-38.766
X45.208 Y-38.789
X45.237 Y-38.801
X45.268 Y-38.799
X45.295 Y-38.783
X45.312 Y-38.758
X45.32 Y-38.738
X45.366 Y-38.605
X45.418 Y-38.464
X45.439 Y-38.301
X45.428 Y-38.105
X45.369 Y-37.875
X45.246 Y-37.614
X44.91 Y-37.422
X44.499 Y-37.22
X43.997 Y-37.014
X43.358 Y-36.798
X42.531 Y-36.577
X41.636 Y-36.4
X40.734 Y-36.269
X39.828 Y-36.17
X38.919 Y-36.097
X38.009 Y-36.042
X37.098 Y-36.
X36.187 Y-35.969
X35.275 Y-35.946
X34.363 Y-35.928
X33.452 Y-35.915
X32.54 Y-35.905
X31.628 Y-35.897
X30.716 Y-35.892
X29.805 Y-35.888
X27.981 Y-35.883
X25.245 Y-35.878
X22.396 Y-35.877
X22.17 Y-35.844
X21.952 Y-35.78
X21.745 Y-35.685
X21.649 Y-35.623
X21.558 Y-35.554
X21.472 Y-35.479
X21.392 Y-35.398
X21.318 Y-35.311
X21.25 Y-35.22
X21.189 Y-35.123
G3 X20.498 Y-34.869 R0.635
G1 X20.402 Y-34.896 Z-2.032
X20.309 Y-34.921 Z-2.009
X20.22 Y-34.945 Z-1.971
X20.138 Y-34.968 Z-1.919
X20.065 Y-34.987 Z-1.854
X20.002 Y-35.005 Z-1.778
X19.952 Y-35.018 Z-1.693
X19.915 Y-35.028 Z-1.601
X19.893 Y-35.034 Z-1.504
X19.885 Y-35.036 Z-1.405
G0 Z5.
X23.037 Y-18.867
Z3.635
G1 Z3. F3048.
Z-2.04 F1500.
X22.929 Y-19.136 F3048.
X22.9 Y-19.293
X22.903 Y-19.49
X22.952 Y-19.723
X23.063 Y-19.989
X23.254 Y-20.274
X23.724 Y-20.5
X24.282 Y-20.725
X24.991 Y-20.958
X25.874 Y-21.187
X26.77 Y-21.359
X27.672 Y-21.491
X28.578 Y-21.59
X29.487 Y-21.667
X30.397 Y-21.725
X31.307 Y-21.769
X32.219 Y-21.803
X33.13 Y-21.829
X34.042 Y-21.848
X34.953 Y-21.863
X35.865 Y-21.875
X36.777 Y-21.883
X37.689 Y-21.89
X38.6 Y-21.894
X40.424 Y-21.901
X43.16 Y-21.907
X46.237 Y-21.908
X46.463 Y-21.941
X46.681 Y-22.005
X46.785 Y-22.053
X46.885 Y-22.108
X46.98 Y-22.17
X47.071 Y-22.238
X47.157 Y-22.313
X47.237 Y-22.394
G3 X47.967 Y-22.495 R0.635
G1 X48.055 Y-22.449 Z-2.032
X48.141 Y-22.404 Z-2.009
X48.222 Y-22.361 Z-1.971
X48.297 Y-22.322 Z-1.919
X48.365 Y-22.287 Z-1.854
X48.422 Y-22.257 Z-1.778
X48.468 Y-22.233 Z-1.693
X48.502 Y-22.215 Z-1.601
X48.522 Y-22.204 Z-1.504
X48.529 Y-22.201 Z-1.405
G0 Z5.
X20.997 Y-34.353
Z3.635
G1 Z3. F3048.
Z-2.04 F1500.
X21.131 Y-34.397 F3048.
X21.273 Y-34.446
X21.441 Y-34.465
X21.636 Y-34.45
X21.866 Y-34.387
X22.034 Y-34.149
X22.214 Y-33.858
X22.399 Y-33.508
X22.595 Y-33.071
X22.8 Y-32.521
X23.009 Y-31.827
X23.214 Y-30.939
X23.365 Y-30.039
X23.476 Y-29.134
X23.558 Y-28.226
X23.619 Y-27.317
X23.666 Y-26.406
X23.738 Y-25.497
X23.761 Y-24.585
X23.782 Y-23.674
X23.79 Y-22.876
X23.791 Y-22.648
X23.826 Y-22.423
X23.892 Y-22.205
X23.989 Y-21.998
X24.115 Y-21.808
X24.266 Y-21.638
X24.441 Y-21.491
X24.634 Y-21.37
X24.843 Y-21.279
X25.063 Y-21.218
X25.289 Y-21.19
X25.517 Y-21.194
X25.742 Y-21.231
X25.959 Y-21.299
X26.164 Y-21.398
X26.353 Y-21.526
X26.835 Y-21.962
X26.999 Y-22.094
X27.209 Y-22.239
X27.467 Y-22.394
X27.785 Y-22.559
X28.186 Y-22.734
X28.695 Y-22.918
X29.354 Y-23.109
X30.245 Y-23.305
X31.146 Y-23.444
X32.052 Y-23.544
X32.961 Y-23.616
X33.871 Y-23.668
X34.782 Y-23.706
X35.694 Y-23.735
X36.605 Y-23.755
X37.517 Y-23.77
X38.429 Y-23.782
X39.341 Y-23.79
X40.252 Y-23.796
X41.164 Y-23.801
X42.076 Y-23.805
X42.988 Y-23.811
X44.811 Y-23.813
X45.267
X45.493 Y-23.845
X45.712 Y-23.91
X45.919 Y-24.005
X46.11 Y-24.129
X46.282 Y-24.279
X46.43 Y-24.453
X46.552 Y-24.645
X46.645 Y-24.853
X46.707 Y-25.072
X46.738 Y-25.298
X46.735 Y-25.526
X46.7 Y-25.752
X46.433 Y-26.623
X46.303 Y-26.801
X46.164 Y-27.019
X46.012 Y-27.296
X45.854 Y-27.636
X45.684 Y-28.072
X45.506 Y-28.632
X45.321 Y-29.385
X45.16 Y-30.283
X45.048 Y-31.188
X44.869 Y-32.082
X44.822 Y-32.993
X44.796 Y-33.904
X44.787 Y-34.702
X44.781 Y-35.386
X44.747 Y-35.611
X44.68 Y-35.829
X44.584 Y-36.036
X44.521 Y-36.131
X44.452 Y-36.221
X44.376 Y-36.306
X44.294 Y-36.386
X44.207 Y-36.46
X44.115 Y-36.527
X44.099 Y-36.539
X43.741 Y-36.62
X43.271 Y-36.726
X43.243 Y-36.74
X43.224 Y-36.765
X43.218 Y-36.795
X43.226 Y-36.825
X43.246 Y-36.849
X43.275 Y-36.861
X43.306 Y-36.859
X43.333 Y-36.843
X43.35 Y-36.817
X43.358 Y-36.798
X43.403 Y-36.664
X43.453 Y-36.523
X43.473 Y-36.357
X43.46 Y-36.162
X43.399 Y-35.932
X43.273 Y-35.673
X42.931 Y-35.481
X42.514 Y-35.281
X42.002 Y-35.075
X41.348 Y-34.86
X40.495 Y-34.641
X39.599 Y-34.471
X38.696 Y-34.346
X37.789 Y-34.252
X36.88 Y-34.182
X35.97 Y-34.129
X35.059 Y-34.09
X34.148 Y-34.06
X33.236 Y-34.038
X32.324 Y-34.021
X31.413 Y-34.009
X30.501 Y-33.999
X29.589 Y-33.992
X28.677 Y-33.987
X27.766 Y-33.978
X25.942 Y-33.974
X24.118 Y-33.972
X23.893 Y-33.94
X23.783 Y-33.907
X23.677 Y-33.867
X23.573 Y-33.819
X23.473 Y-33.764
X23.378 Y-33.702
G3 X22.644 Y-33.76 R0.635
G1 X22.568 Y-33.824 Z-2.032
X22.493 Y-33.886 Z-2.009
X22.423 Y-33.945 Z-1.971
X22.357 Y-34. Z-1.919
X22.299 Y-34.048 Z-1.854
X22.25 Y-34.09 Z-1.778
X22.21 Y-34.123 Z-1.693
X22.18 Y-34.148 Z-1.601
X22.163 Y-34.162 Z-1.504
X22.157 Y-34.167 Z-1.405
G0 Z5.
X25.364 Y-21.081
Z0.595
G1 Z-0.04 F3048.
Z-2.04
G3 X25.231 Y-20.838 R0.196
X24.991 Y-20.958 R0.196
G1 X24.858 Y-21.362
X24.846 Y-21.616
X24.898 Y-21.985
X25.052 Y-22.429
X25.336 Y-22.919
X25.819 Y-23.272
X26.333 Y-23.598
X26.903 Y-23.911
X27.57 Y-24.222
X28.297 Y-24.504
X29.147 Y-24.773
X30.032 Y-24.991
X30.928 Y-25.161
X31.83 Y-25.292
X32.737 Y-25.394
X33.645 Y-25.472
X34.555 Y-25.532
X35.466 Y-25.577
X36.377 Y-25.612
X37.288 Y-25.638
X38.2 Y-25.658
X39.111 Y-25.673
X40.023 Y-25.685
X40.935 Y-25.703
X42.758 Y-25.714
X44.012 Y-25.717
X44.354
X44.58 Y-25.75
X44.798 Y-25.815
X45.005 Y-25.911
X45.196 Y-26.035
X45.368 Y-26.185
X45.516 Y-26.358
X45.638 Y-26.551
X45.731 Y-26.759
X45.793 Y-26.979
X45.823 Y-27.205
X45.82 Y-27.432
X45.785 Y-27.658
X45.718 Y-27.876
X45.62 Y-28.082
X45.494 Y-28.271
X45.342 Y-28.441
X44.987 Y-28.739
X44.872 Y-28.849
X44.742 Y-28.99
X44.583 Y-29.187
X44.379 Y-29.477
X43.903 Y-30.255
X43.59 Y-30.621
X43.322 Y-31.094
X43.062 Y-31.866
X42.941 Y-32.77
X42.926 Y-33.111
X42.918 Y-33.339
X42.877 Y-33.563
X42.805 Y-33.779
X42.702 Y-33.983
X42.571 Y-34.17
X42.415 Y-34.336
X42.236 Y-34.477
X42.04 Y-34.592
X41.828 Y-34.678
X41.607 Y-34.732
X41.38 Y-34.754
X41.152 Y-34.744
X40.929 Y-34.701
X40.713 Y-34.626
X40.511 Y-34.521
X40.325 Y-34.388
X39.884 Y-33.965
X39.727 Y-33.832
X39.539 Y-33.694
X39.304 Y-33.543
X39.012 Y-33.382
X38.653 Y-33.213
X38.198 Y-33.033
X37.612 Y-32.845
X36.834 Y-32.651
X35.937 Y-32.487
X35.033 Y-32.371
X34.125 Y-32.288
X33.215 Y-32.229
X32.304 Y-32.185
X31.393 Y-32.153
X30.481 Y-32.13
X29.57 Y-32.112
X28.658 Y-32.099
X27.746 Y-32.076
X26.835 Y-32.071
X25.239 Y-32.068
X25.011 Y-32.067
X24.785 Y-32.034
X24.567 Y-31.968
X24.361 Y-31.872
X24.17 Y-31.747
X23.999 Y-31.596
X23.851 Y-31.422
X23.73 Y-31.229
X23.638 Y-31.021
X23.577 Y-30.801
X23.547 Y-30.575
X23.551 Y-30.347
X23.587 Y-30.122
X23.655 Y-29.904
X24.048 Y-29.082
X24.591 Y-28.349
X24.841 Y-28.101
X25.098 Y-27.725
X25.374 Y-27.081
X25.568 Y-26.19
X25.586 Y-25.963
X25.617 Y-25.508
X25.628 Y-25.28
X25.672 Y-25.056
X25.709 Y-24.949
X25.755 Y-24.844
X25.807 Y-24.743
X25.867 Y-24.646
X25.934 Y-24.554
G3 X25.912 Y-23.818 R0.635
G1 X25.852 Y-23.738 Z-2.032
X25.794 Y-23.661 Z-2.009
X25.738 Y-23.588 Z-1.971
X25.687 Y-23.52 Z-1.919
X25.642 Y-23.46 Z-1.854
X25.603 Y-23.408 Z-1.778
X25.571 Y-23.366 Z-1.693
X25.548 Y-23.336 Z-1.601
X25.534 Y-23.317 Z-1.504
X25.529 Y-23.311 Z-1.405
G0 Z5.
X45.604 Y-28.169
Z0.595
G1 Z-0.04 F3048.
Z-2.04
G3 X45.991 Y-28.014 R0.295
X45.854 Y-27.636 R0.295
G1 X45.731 Y-27.578
X45.481 Y-27.434
X45.241 Y-27.352
X44.954 Y-27.312
X44.622 Y-27.33
X44.243 Y-27.424
X43.814 Y-27.625
X43.298 Y-28.185
X42.957 Y-28.61
X42.432 Y-29.355
X42.039 Y-29.772
X41.597 Y-30.473
X41.266 Y-31.323
X41.183 Y-31.771
X41.167 Y-31.884
X41.138 Y-32.11
X41.111 Y-32.336
X41.053 Y-32.557
X40.964 Y-32.766
X40.845 Y-32.961
X40.7 Y-33.137
X40.616 Y-33.213
X40.526 Y-33.284
X40.431 Y-33.347
X40.333 Y-33.404
X40.23 Y-33.454
X40.124 Y-33.496
G3 X39.746 Y-34.127 R0.635
G1 X39.754 Y-34.226 Z-2.032
X39.761 Y-34.323 Z-2.009
X39.768 Y-34.415 Z-1.971
X39.775 Y-34.499 Z-1.919
X39.781 Y-34.575 Z-1.854
X39.786 Y-34.64 Z-1.778
X39.79 Y-34.691 Z-1.693
X39.793 Y-34.729 Z-1.601
X39.795 Y-34.753 Z-1.504
X39.796 Y-34.76 Z-1.405
G0 Z5.
X27.57 Y-24.222
Z3.635
G1 Z3. F3048.
Z-2.04 F1500.
X27.511 Y-24.35 F3048.
X27.446 Y-24.485
X27.408 Y-24.642
X27.4 Y-24.838
X27.435 Y-25.073
X27.646 Y-25.262
X27.897 Y-25.458
X28.193 Y-25.661
X28.563 Y-25.88
X28.998 Y-26.101
X29.536 Y-26.331
X30.212 Y-26.57
X31.07 Y-26.812
X31.961 Y-27.001
X32.862 Y-27.147
X33.767 Y-27.258
X34.674 Y-27.344
X35.584 Y-27.409
X36.494 Y-27.46
X37.403 Y-27.536
X38.314 Y-27.563
X39.226 Y-27.579
X40.707 Y-27.601
X41.733 Y-27.612
G3 X42.321 Y-27.169 R0.635
G1 X42.351 Y-27.074 Z-2.032
X42.38 Y-26.982 Z-2.009
X42.408 Y-26.894 Z-1.971
X42.433 Y-26.813 Z-1.919
X42.456 Y-26.741 Z-1.854
X42.476 Y-26.679 Z-1.778
X42.491 Y-26.629 Z-1.693
X42.503 Y-26.593 Z-1.601
X42.51 Y-26.571 Z-1.504
X42.512 Y-26.563 Z-1.405
G0 Z5.
X39.304 Y-33.543
Z3.635
G1 Z3. F3048.
Z-2.04 F1500.
X39.374 Y-33.435 F3048.
X39.456 Y-33.31
X39.509 Y-33.166
X39.539 Y-32.981
X39.531 Y-32.755
X39.473 Y-32.501
X39.346 Y-32.215
X39.124 Y-31.897
X38.786 Y-31.569
X38.225 Y-31.202
X37.381 Y-30.858
X36.491 Y-30.658
X35.589 Y-30.525
X34.682 Y-30.429
X33.773 Y-30.358
X32.863 Y-30.306
X31.952 Y-30.268
X31.041 Y-30.24
X30.129 Y-30.218
X29.217 Y-30.202
X28.306 Y-30.184
X27.394 Y-30.171
X26.368 Y-30.166
X26.026 Y-30.165
X25.799 Y-30.151
X25.576 Y-30.104
X25.469 Y-30.065
X25.365 Y-30.019
X25.264 Y-29.965
X25.168 Y-29.904
X25.076 Y-29.836
G3 X24.34 Y-29.849 R0.635
G1 X24.26 Y-29.908 Z-2.032
X24.182 Y-29.965 Z-2.009
X24.108 Y-30.02 Z-1.971
X24.04 Y-30.07 Z-1.919
X23.979 Y-30.115 Z-1.854
X23.927 Y-30.154 Z-1.778
X23.885 Y-30.184 Z-1.693
X23.854 Y-30.207 Z-1.601
X23.835 Y-30.221 Z-1.504
X23.829 Y-30.226 Z-1.405
G0 Z5.
X25.098 Y-27.725
Z3.635
G1 Z3. F3048.
Z-2.04 F1500.
X25.178 Y-27.779 F3048.
X25.304 Y-27.861
X25.446 Y-27.909
X25.606 Y-27.931
X25.803 Y-27.919
X26.035 Y-27.86
X26.298 Y-27.736
X26.437 Y-27.634
X26.523 Y-27.558
X26.684 Y-27.397
X26.867 Y-27.261
X27.067 Y-27.152
X27.281 Y-27.073
X27.504 Y-27.026
X27.732 Y-27.011
X27.959 Y-27.029
X28.181 Y-27.079
X28.394 Y-27.161
X29.19 Y-27.606
X29.27 Y-27.69
X29.358 Y-27.774
X29.743 Y-28.109
X30.369 Y-28.472
X31.231 Y-28.77
X32.124 Y-28.951
X33.027 Y-29.083
X33.933 Y-29.184
X34.841 Y-29.263
X35.751 Y-29.325
X36.661 Y-29.387
X37.571 Y-29.442
X38.482 Y-29.469
X39.394 Y-29.486
X40.192 Y-29.498
X40.212 Z-2.036
X40.242 Y-29.49 Z-2.03
X40.266 Y-29.47 Z-2.023
X40.278 Y-29.442 Z-2.017
X40.277 Y-29.411 Z-2.011
X40.262 Y-29.383 Z-2.004
X40.236 Y-29.366 Z-1.998
X40.206 Y-29.361 Z-1.992
X40.176 Y-29.37 Z-1.986
X40.154 Y-29.391 Z-1.979
X40.143 Y-29.42 Z-1.973
X40.146 Y-29.451 Z-1.967
X40.276 Y-29.835 Z-1.886
X40.349 Y-30.05 Z-1.84
X40.861 Y-31.553
X40.934 Y-31.767 Z-1.886
X41.082 Y-32.203 Z-1.978
X41.099 Y-32.23 Z-1.984
X41.126 Y-32.246 Z-1.991
X41.158 Y-32.249 Z-1.997
X41.187 Y-32.236 Z-2.004
X41.208 Y-32.212 Z-2.01
X41.215 Y-32.181 Z-2.017
X41.208 Y-32.15 Z-2.023
X41.187 Y-32.126 Z-2.029
X41.158 Y-32.113 Z-2.036
X41.138 Y-32.11 Z-2.04
X40.686 Y-32.05
X40.466 Y-31.989
X40.258 Y-31.896
X40.161 Y-31.835
X40.129 Y-31.807 Z-2.031
X40.107 Y-31.77 Z-2.023
X40.101 Y-31.727 Z-2.014
X40.11 Y-31.685 Z-2.005
X40.132 Y-31.648 Z-1.996
X40.167 Y-31.622 Z-1.988
X40.208 Y-31.609 Z-1.979
X40.251 Y-31.611 Z-1.97
X40.29 Y-31.629 Z-1.962
X40.322 Y-31.659 Z-1.953
X40.34 Y-31.698 Z-1.944
X40.344 Y-31.741 Z-1.936
X40.333 Y-31.782 Z-1.927
X40.308 Y-31.817 Z-1.918
X40.272 Y-31.842 Z-1.909
X39.954 Y-31.977 Z-1.84
G2 X36.809 Y-32.855 R13.821
G1 X36.725 Y-32.862
X36.64 Y-32.858
X29.728 Y-32.073
X29.645 Y-32.058
X29.564 Y-32.032
G2 X27.138 Y-30.771 R13.821
G1 X26.773 Y-30.525 Z-1.928
X26.417 Y-30.268 Z-2.016
X26.39 Y-30.24 Z-2.024
X26.373 Y-30.205 Z-2.032
X26.368 Y-30.166 Z-2.04
X26.369 Y-29.938
X26.402 Y-29.712
X26.467 Y-29.494
X26.563 Y-29.287
X26.687 Y-29.096
X26.838 Y-28.925
X27.011 Y-28.777
X27.204 Y-28.655
X27.412 Y-28.562
X27.632 Y-28.5
X27.745 Y-28.486
X27.818 Y-28.469
X27.889 Y-28.443
X27.952 Y-28.402 Z-2.035
X28.015 Y-28.361 Z-2.022
X28.075 Y-28.321 Z-1.999
X28.124 Y-28.256 Z-1.961
X28.168 Y-28.196 Z-1.913
X28.208 Y-28.142 Z-1.854
X28.228 Y-28.08 Z-1.778
X28.244 Y-28.031 Z-1.693
X28.256 Y-27.995 Z-1.601
X28.263 Y-27.973 Z-1.505
X28.265 Y-27.965 Z-1.405
G0 Z5.
X-0.642 Y-63.148
Z-3.31
G1 Z-3.945 F3048.
X-0.64 Y-63.141 Z-4.044
X-0.634 Y-63.118 Z-4.141
X-0.625 Y-63.081 Z-4.233
X-0.612 Y-63.031 Z-4.318
X-0.596 Y-62.968 Z-4.394
X-0.577 Y-62.895 Z-4.459
X-0.556 Y-62.813 Z-4.511
X-0.533 Y-62.723 Z-4.549
X-0.509 Y-62.63 Z-4.572
X-0.484 Y-62.533 Z-4.58
G3 X0.013 Y-59.076 R16.211
G1 Y-58.962
X-0.349 Y-58.125
X-0.612 Y-57.253
X-0.802 Y-56.361
X-0.937 Y-55.459
X-1.031 Y-54.552
X-1.098 Y-53.643
X-1.144 Y-52.732
X-1.176 Y-51.821
X-1.198 Y-50.909
X-1.213 Y-49.997
X-1.224 Y-49.086
X-1.231 Y-48.174
X-1.236 Y-47.262
X-1.24 Y-46.35
X-1.244 Y-44.527
X-1.247 Y-40.879
X-1.253 Y-19.908
X-1.255 Y-8.966
X-1.256 Y-2.583
X-1.162 Y-2.137
X-0.784 Y-1.308
X-0.166 Y-0.637
X0.584 Y-0.119
X1.409 Y0.27
X2.275 Y0.555
X3.164 Y0.76
X4.064 Y0.906
X4.97 Y1.009
X5.879 Y1.081
X6.789 Y1.132
X7.7 Y1.166
X8.612 Y1.191
X9.523 Y1.207
X10.435 Y1.219
X11.347 Y1.227
X12.259 Y1.232
X13.171 Y1.236
X14.994 Y1.241
X17.73 Y1.244
X26.848 Y1.248
X41.437 Y1.251
X66.056 Y1.256
X66.499 Y1.148
X67.319 Y0.751
X67.981 Y0.123
X68.491 Y-0.633
X68.873 Y-1.461
X69.152 Y-2.328
X69.354 Y-3.218
X69.497 Y-4.118
X69.598 Y-5.024
X69.668 Y-5.934
X69.717 Y-6.844
X69.751 Y-7.755
X69.775 Y-8.667
X69.791 Y-9.578
X69.803 Y-10.49
X69.811 Y-11.402
X69.816 Y-12.314
X69.82 Y-13.225
X69.824 Y-15.049
X69.828 Y-17.785
X69.83 Y-23.255
X69.836 Y-53.345
X69.73 Y-53.789
X69.335 Y-54.611
X68.709 Y-55.273
X67.954 Y-55.784
X67.126 Y-56.167
X66.258 Y-56.447
X65.369 Y-56.649
X64.469 Y-56.792
X63.563 Y-56.894
X62.653 Y-56.964
X61.743 Y-57.014
X60.832 Y-57.048
X59.92 Y-57.072
X59.009 Y-57.088
X58.097 Y-57.099
X57.185 Y-57.107
X56.273 Y-57.113
X55.361 Y-57.117
X53.538 Y-57.121
X50.802 Y-57.124
X41.684 Y-57.128
X5.212 Y-57.136
X4.756 Y-57.127
X4.31 Y-57.034
X3.468 Y-56.684
X2.768 Y-56.099
X2.513 Y-55.862
X2.131 Y-55.625
X1.705 Y-55.463
X1.483 Y-55.411
X1.271 Y-55.328
X1.073 Y-55.215
X0.893 Y-55.076
X0.735 Y-54.911
X0.602 Y-54.726
X0.496 Y-54.524
X0.421 Y-54.309
X0.378 Y-54.085
X0.334 Y-53.174
X0.452 Y-52.27
X0.527 Y-51.362
X0.574 Y-50.451
X0.605 Y-49.54
X0.624 Y-48.628
X0.637 Y-47.716
X0.644 Y-46.805
X0.649 Y-45.893
X0.652 Y-44.981
X0.655 Y-43.157
X0.656 Y-39.51
X0.649 Y-5.773
X0.671 Y-4.861
X0.674 Y-3.95
Y-3.494
X0.706 Y-3.039
X0.781 Y-2.824
X0.881 Y-2.619
X1.138 Y-2.243
X1.833 Y-1.652
X2.684 Y-1.323
X3.571 Y-1.112
X4.471 Y-0.97
X5.378 Y-0.873
X6.287 Y-0.806
X7.198 Y-0.761
X8.109 Y-0.729
X9.021 Y-0.708
X9.933 Y-0.693
X10.844 Y-0.686
X11.756 Y-0.68
X12.668 Y-0.675
X14.492 Y-0.668
X17.227 Y-0.663
X21.786 Y-0.659
X48.229 Y-0.653
X62.818 Y-0.649
X63.729 Y-0.671
X64.641 Y-0.674
X65.097
X65.552 Y-0.705
X65.766 Y-0.782
X65.97 Y-0.885
X66.344 Y-1.146
X66.935 Y-1.84
X67.261 Y-2.692
X67.473 Y-3.579
X67.614 Y-4.479
X67.711 Y-5.386
X67.777 Y-6.296
X67.823 Y-7.206
X67.854 Y-8.118
X67.876 Y-9.029
X67.89 Y-9.941
X67.898 Y-10.853
X67.904 Y-11.764
X67.908 Y-12.676
X67.915 Y-14.5
X67.92 Y-17.235
X67.924 Y-21.794
X67.927 Y-32.736
X67.931 Y-50.06
X67.911 Y-50.972
X67.906 Y-51.884
Y-52.796
X67.833 Y-53.012
X67.633 Y-53.421
X67.556 Y-53.506
X67.237 Y-53.831
X66.486 Y-54.348
X65.618 Y-54.628
X64.726 Y-54.816
X63.823 Y-54.944
X62.915 Y-55.031
X62.005 Y-55.09
X61.095 Y-55.131
X60.183 Y-55.158
X59.272 Y-55.178
X58.36 Y-55.191
X57.448 Y-55.197
X56.536 Y-55.202
X54.713 Y-55.21
X52.889 Y-55.215
X50.154 Y-55.219
X43.771 Y-55.222
X38.3 Y-55.223
X7.298 Y-55.23
X6.387 Y-55.208
X5.475 Y-55.205
X5.025 Y-55.135
X4.184 Y-54.783
X3.46 Y-54.228
X3.056 Y-54.017
X2.846 Y-53.928
X2.652 Y-53.809
X2.476 Y-53.663
X2.323 Y-53.494
X2.197 Y-53.305
X2.098 Y-53.099
X2.03 Y-52.881
X1.994 Y-52.656
X1.979 Y-51.745
X2.156 Y-50.85
X2.279 Y-49.947
X2.364 Y-49.039
X2.424 Y-48.129
X2.466 Y-47.218
X2.495 Y-46.307
X2.516 Y-45.395
X2.53 Y-44.483
X2.54 Y-43.572
X2.546 Y-42.66
X2.551 Y-41.748
X2.554 Y-40.836
X2.556 Y-39.924
X2.559 Y-37.189
X2.56 Y-30.806
X2.554 Y-6.187
X2.568 Y-5.276
X2.577 Y-4.364
X2.581 Y-4.136
X2.617 Y-3.911
X2.686 Y-3.694
X2.785 Y-3.488
X2.912 Y-3.299
X3.065 Y-3.13
X3.241 Y-2.985
X3.436 Y-2.866
X3.645 Y-2.777
X4.527 Y-2.543
X5.438 Y-2.58
X6.349 Y-2.596
X7.261 Y-2.6
X8.173 Y-2.599
X9.997 Y-2.592
X13.644 Y-2.576
X15.467 Y-2.571
X16.379 Y-2.569
X20.027 Y-2.565
X30.968 Y-2.562
X61.97 Y-2.555
X62.882 Y-2.559
X63.793 Y-2.574
X64.249 Y-2.577
X64.477 Y-2.585
X64.701 Y-2.626
X64.918 Y-2.698
X65.121 Y-2.801
X65.308 Y-2.931
X65.474 Y-3.088
X65.616 Y-3.266
X65.731 Y-3.463
X65.816 Y-3.674
X66.034 Y-4.56
X65.999 Y-5.471
X65.985 Y-6.382
X65.982 Y-7.294
X65.983 Y-8.206
X65.991 Y-10.03
X66.007 Y-13.677
X66.012 Y-15.5
X66.017 Y-18.236
X66.02 Y-23.707
X66.026 Y-49.237
X66.021 Y-50.149
X66.007 Y-51.061
X66.004 Y-51.745
X65.97 Y-51.97
X65.905 Y-52.189
X65.809 Y-52.396
X65.684 Y-52.586
X65.534 Y-52.757
X65.36 Y-52.905
X65.167 Y-53.027
X64.959 Y-53.119
X64.081 Y-53.366
X63.17 Y-53.318
X62.259 Y-53.296
X61.347 Y-53.288
X60.435 Y-53.287
X59.523 Y-53.288
X54.053 Y-53.307
X51.317 Y-53.312
X46.758 Y-53.316
X13.021 Y-53.324
X7.55 Y-53.325
X6.639 Y-53.308
X6.183 Y-53.305
X5.732 Y-53.233
X4.883 Y-52.902
X4.493 Y-52.665
X4.305 Y-52.536
X4.138 Y-52.382
X3.994 Y-52.205
X3.877 Y-52.009
X3.789 Y-51.799
X3.732 Y-51.578
X3.707 Y-51.351
X3.74 Y-50.44
X3.939 Y-49.55
X4.083 Y-48.65
X4.188 Y-47.744
X4.265 Y-46.836
X4.321 Y-45.926
X4.361 Y-45.015
X4.39 Y-44.103
X4.412 Y-43.192
X4.427 Y-42.28
X4.438 Y-41.368
X4.446 Y-40.457
X4.452 Y-39.545
X4.456 Y-38.633
X4.461 Y-36.809
X4.463 Y-34.074
X4.464 Y-27.691
X4.46 Y-11.279
X4.459 Y-6.72
X4.466 Y-5.808
X4.474 Y-5.124
X4.509 Y-4.899
X4.576 Y-4.681
X4.674 Y-4.475
X4.8 Y-4.285
X4.952 Y-4.115
X5.127 Y-3.969
X5.321 Y-3.849
X5.53 Y-3.758
X5.75 Y-3.698
X5.976 Y-3.67
X6.887 Y-3.69
X7.383 Y-3.845
X8.048 Y-4.007
X8.946 Y-4.166
X9.852 Y-4.27
X10.761 Y-4.338
X11.672 Y-4.384
X12.583 Y-4.414
X13.495 Y-4.433
X14.407 Y-4.446
X15.318 Y-4.454
X16.23 Y-4.46
X17.142 Y-4.463
X18.966 Y-4.467
X22.613 Y-4.468
X48.144 Y-4.463
X61.821 Y-4.46
X62.733 Y-4.464
X63.189 Y-4.47
X63.416 Y-4.473
X63.644 Y-4.491
X63.866 Y-4.542
X64.079 Y-4.624
X64.277 Y-4.736
X64.458 Y-4.875
X64.617 Y-5.038
X64.751 Y-5.223
X64.857 Y-5.425
X64.933 Y-5.64
X64.977 Y-5.863
X64.989 Y-6.091
X64.907 Y-6.999
X64.752 Y-7.483
X64.591 Y-8.13
X64.427 Y-9.027
X64.32 Y-9.932
X64.249 Y-10.841
X64.203 Y-11.752
X64.172 Y-12.663
X64.152 Y-13.575
X64.138 Y-14.486
X64.13 Y-15.398
X64.124 Y-16.31
X64.12 Y-17.222
X64.117 Y-19.045
X64.115 Y-21.781
X64.118 Y-39.105
X64.12 Y-49.135
X64.116 Y-50.047
X64.11 Y-50.503
X64.108 Y-50.731
X64.092 Y-50.958
X64.043 Y-51.181
X63.964 Y-51.394
X63.854 Y-51.594
X63.717 Y-51.777
X63.555 Y-51.937
X63.372 Y-52.073
X63.172 Y-52.181
X62.958 Y-52.26
X62.735 Y-52.307
X62.507 Y-52.321
X61.598 Y-52.248
X61.145 Y-52.095
X60.546 Y-51.935
X59.712 Y-51.768
X58.809 Y-51.647
X57.9 Y-51.566
X56.99 Y-51.513
X56.079 Y-51.478
X55.168 Y-51.455
X54.256 Y-51.439
X53.344 Y-51.429
X52.432 Y-51.423
X51.52 Y-51.418
X50.609 Y-51.416
X48.785 Y-51.413
X45.138 Y-51.412
X25.99 Y-51.416
X7.753 Y-51.42
X6.842 Y-51.406
X6.392 Y-51.33
X6.176 Y-51.259
X5.972 Y-51.157
X5.784 Y-51.028
X5.617 Y-50.873
X5.474 Y-50.695
X5.358 Y-50.499
X5.271 Y-50.288
X5.215 Y-50.067
X5.192 Y-49.84
X5.228 Y-48.929
X5.415 Y-48.442
X5.606 Y-47.831
X5.804 Y-47.016
X5.962 Y-46.118
X6.075 Y-45.213
X6.156 Y-44.305
X6.215 Y-43.395
X6.258 Y-42.484
X6.289 Y-41.573
X6.312 Y-40.661
X6.328 Y-39.749
X6.34 Y-38.838
X6.348 Y-37.926
X6.354 Y-37.014
X6.359 Y-36.102
X6.364 Y-34.279
X6.367 Y-31.543
X6.368 Y-26.072
Y-21.513
X6.365 Y-6.924
X6.369 Y-6.24
X6.373 Y-6.013
X6.409 Y-5.788
X6.477 Y-5.57
X6.576 Y-5.365
X6.703 Y-5.175
X6.856 Y-5.006
X7.032 Y-4.861
X7.226 Y-4.742
X7.436 Y-4.652
X7.656 Y-4.593
X7.882 Y-4.567
X8.11 Y-4.573
X8.335 Y-4.612
X9.202 Y-4.893
X9.418 Y-5.031
X9.684 Y-5.177
X10.012 Y-5.331
X10.426 Y-5.494
X10.956 Y-5.665
X11.655 Y-5.841
X12.551 Y-6.007
X13.456 Y-6.12
X14.364 Y-6.199
X15.275 Y-6.252
X16.186 Y-6.29
X17.097 Y-6.316
X18.009 Y-6.334
X18.92 Y-6.346
X19.832 Y-6.354
X20.744 Y-6.36
X21.656 Y-6.364
X23.479 Y-6.369
X26.215 Y-6.371
X33.509
X39.892 Y-6.37
X61.776 Y-6.365
X62.231 Y-6.367
X62.459 Y-6.369
X62.687 Y-6.378
X62.911 Y-6.419
X63.127 Y-6.492
X63.331 Y-6.595
X63.517 Y-6.727
X63.683 Y-6.883
X63.824 Y-7.062
X63.939 Y-7.259
X64.024 Y-7.47
X64.078 Y-7.692
X64.1 Y-7.919
X64.089 Y-8.146
X64.045 Y-8.37
X63.745 Y-9.231
X63.611 Y-9.429
X63.467 Y-9.676
X63.317 Y-9.975
X63.156 Y-10.355
X62.989 Y-10.832
X62.815 Y-11.454
X62.635 Y-12.306
X62.503 Y-13.208
X62.413 Y-14.116
X62.35 Y-15.025
X62.307 Y-15.936
X62.277 Y-16.848
X62.256 Y-17.759
X62.242 Y-18.671
X62.232 Y-19.583
X62.225 Y-20.494
X62.22 Y-21.406
X62.217 Y-22.318
X62.214 Y-24.142
X62.212 Y-27.789
Y-33.26
X62.215 Y-48.761
X62.212 Y-49.672
X62.21 Y-49.9
X62.174 Y-50.125
X62.107 Y-50.343
X62.009 Y-50.549
X61.883 Y-50.739
X61.73 Y-50.909
X61.555 Y-51.055
X61.361 Y-51.174
X61.152 Y-51.265
X60.932 Y-51.324
X60.706 Y-51.352
X60.478 Y-51.347
X60.253 Y-51.309
X59.385 Y-51.031
X59.174 Y-50.892
X58.919 Y-50.747
X58.601 Y-50.592
X58.205 Y-50.43
X57.698 Y-50.259
X57.04 Y-50.083
X56.146 Y-49.904
X55.242 Y-49.782
X54.335 Y-49.697
X53.425 Y-49.639
X52.514 Y-49.598
X51.602 Y-49.57
X50.691 Y-49.551
X49.779 Y-49.537
X48.867 Y-49.528
X47.955 Y-49.521
X47.044 Y-49.517
X45.22 Y-49.512
X42.485 Y-49.509
X36.102
X29.719 Y-49.51
X8.748 Y-49.515
X7.836 Y-49.514
X7.608 Y-49.504
X7.384 Y-49.462
X7.168 Y-49.388
X6.965 Y-49.284
X6.78 Y-49.152
X6.615 Y-48.995
X6.474 Y-48.816
X6.36 Y-48.618
X6.276 Y-48.406
X6.223 Y-48.185
X6.202 Y-47.958
X6.214 Y-47.73
X6.259 Y-47.506
X6.563 Y-46.647
X6.707 Y-46.443
X6.857 Y-46.2
X7.018 Y-45.897
X7.187 Y-45.523
X7.366 Y-45.048
X7.549 Y-44.445
X7.741 Y-43.635
X7.893 Y-42.736
X8.001 Y-41.83
X8.078 Y-40.922
X8.133 Y-40.012
X8.173 Y-39.101
X8.201 Y-38.189
X8.222 Y-37.278
X8.237 Y-36.366
X8.247 Y-35.454
X8.255 Y-34.542
X8.26 Y-33.631
X8.264 Y-32.719
X8.269 Y-30.895
X8.272 Y-28.16
X8.273 Y-22.689
X8.272 Y-21.777
X8.27 Y-7.416
X8.272 Y-6.96
X8.306 Y-6.735
X8.371 Y-6.516
X8.468 Y-6.31
X8.593 Y-6.119
X8.744 Y-5.948
X8.917 Y-5.801
X9.111 Y-5.68
X9.319 Y-5.588
X9.539 Y-5.526
X9.765 Y-5.497
X9.993 Y-5.501
X10.218 Y-5.537
X10.435 Y-5.604
X10.641 Y-5.703
X10.83 Y-5.83
X11. Y-5.982
X11.165 Y-6.181
X11.271 Y-6.293
X11.407 Y-6.42
X11.577 Y-6.559
X11.775 Y-6.7
X12.025 Y-6.856
X12.326 Y-7.018
X12.7 Y-7.189
X13.162 Y-7.366
X13.758 Y-7.551
X14.544 Y-7.741
X15.442 Y-7.898
X16.347 Y-8.008
X17.255 Y-8.087
X18.166 Y-8.142
X19.076 Y-8.181
X19.988 Y-8.209
X20.899 Y-8.229
X21.811 Y-8.243
X22.723 Y-8.253
X23.635 Y-8.26
X24.547 Y-8.265
X25.458 Y-8.269
X27.282 Y-8.273
X30.017 Y-8.275
X37.312
X42.783 Y-8.274
X61.247 Y-8.27
X61.703 Y-8.272
X61.928 Y-8.307
X62.146 Y-8.373
X62.353 Y-8.469
X62.543 Y-8.595
X62.714 Y-8.746
X62.861 Y-8.92
X62.982 Y-9.113
X63.074 Y-9.322
X63.134 Y-9.542
X63.163 Y-9.768
X63.159 Y-9.996
X63.123 Y-10.221
X63.055 Y-10.438
X62.956 Y-10.644
X62.829 Y-10.833
X62.676 Y-11.002
X62.418 Y-11.216
X62.299 Y-11.327
X62.17 Y-11.466
X62.038 Y-11.627
X61.891 Y-11.831
X61.736 Y-12.08
X61.574 Y-12.379
X61.402 Y-12.754
X61.224 Y-13.216
X61.04 Y-13.805
X60.849 Y-14.587
X60.691 Y-15.485
X60.579 Y-16.39
X60.5 Y-17.298
X60.444 Y-18.208
X60.404 Y-19.119
X60.375 Y-20.031
X60.355 Y-20.942
X60.341 Y-21.854
X60.33 Y-22.766
X60.323 Y-23.678
X60.318 Y-24.589
X60.315 Y-25.501
X60.31 Y-27.325
X60.308 Y-30.06
Y-37.355
Y-38.267
X60.31 Y-48.524
X60.308 Y-48.98
X60.274 Y-49.206
X60.208 Y-49.424
X60.112 Y-49.631
X59.987 Y-49.821
X59.836 Y-49.992
X59.662 Y-50.139
X59.469 Y-50.26
X59.26 Y-50.352
X59.04 Y-50.413
X58.814 Y-50.442
X58.586 Y-50.439
X58.361 Y-50.403
X58.144 Y-50.335
X57.938 Y-50.236
X57.749 Y-50.109
X57.58 Y-49.956
X57.374 Y-49.708
X57.265 Y-49.593
X57.125 Y-49.463
X56.962 Y-49.329
X56.761 Y-49.185
X56.508 Y-49.027
X56.211 Y-48.868
X55.833 Y-48.694
X55.374 Y-48.518
X54.78 Y-48.333
X53.995 Y-48.143
X53.097 Y-47.985
X52.191 Y-47.874
X51.283 Y-47.796
X50.373 Y-47.74
X49.462 Y-47.7
X48.551 Y-47.672
X47.639 Y-47.651
X46.727 Y-47.637
X45.816 Y-47.627
X44.904 Y-47.62
X43.992 Y-47.615
X43.08 Y-47.611
X41.257 Y-47.607
X38.521 Y-47.605
X31.227
X22.109 Y-47.607
X8.887 Y-47.61
X8.659 Y-47.609
X8.432 Y-47.587
X8.211 Y-47.532
X8. Y-47.446
X7.803 Y-47.331
X7.625 Y-47.189
X7.469 Y-47.022
X7.339 Y-46.835
X7.236 Y-46.632
X7.164 Y-46.416
X7.124 Y-46.191
X7.12 Y-46.077
X7.124 Y-45.963
X7.149 Y-45.737
X7.206 Y-45.516
X7.294 Y-45.306
X7.411 Y-45.11
X7.555 Y-44.934
X7.723 Y-44.779
X7.847 Y-44.695
X7.964 Y-44.602
X8.087 Y-44.49
X8.213 Y-44.36
X8.348 Y-44.2
X8.5 Y-43.996
X8.655 Y-43.758
X8.821 Y-43.462
X8.995 Y-43.098
X9.178 Y-42.645
X9.366 Y-42.078
X9.561 Y-41.331
X9.735 Y-40.436
X9.858 Y-39.532
X9.947 Y-38.625
X10.011 Y-37.715
X10.057 Y-36.805
X10.091 Y-35.893
X10.115 Y-34.982
X10.133 Y-34.07
X10.146 Y-33.159
X10.155 Y-32.247
X10.161 Y-31.335
X10.166 Y-30.423
X10.172 Y-28.6
X10.176 Y-25.864
X10.177 Y-21.305
X10.176 Y-12.187
X10.175 Y-8.084
X10.176 Y-7.97
X10.183 Y-7.856
G3 X9.775 Y-7.243 R0.635
G1 X9.682 Y-7.208 Z-4.572
X9.592 Y-7.173 Z-4.549
X9.506 Y-7.14 Z-4.511
X9.427 Y-7.11 Z-4.459
X9.356 Y-7.083 Z-4.394
X9.295 Y-7.06 Z-4.318
X9.247 Y-7.041 Z-4.233
X9.211 Y-7.028 Z-4.141
X9.189 Y-7.019 Z-4.044
X9.182 Y-7.016 Z-3.945
G0 Z5.
X63.309 Y-9.993
Z-1.945
G1 Z-2.58 F3048.
Z-4.58
G2 X63.404 Y-10.254 R0.196
X63.156 Y-10.355 R0.196
G1 X62.998 Y-10.288
X62.672 Y-10.106
X62.446 Y-10.032
X62.175 Y-9.998
X61.86 Y-10.019
X61.502 Y-10.113
X61.103 Y-10.306
X60.792 Y-10.72
X60.487 Y-11.185
X60.197 Y-11.696
X59.921 Y-12.263
X59.646 Y-12.937
X59.384 Y-13.718
X59.149 Y-14.6
X58.968 Y-15.493
X58.828 Y-16.394
X58.721 Y-17.3
X58.64 Y-18.208
X58.579 Y-19.118
X58.533 Y-20.028
X58.499 Y-20.939
X58.473 Y-21.851
X58.454 Y-22.763
X58.44 Y-23.674
X58.43 Y-24.586
X58.422 Y-25.498
X58.416 Y-26.41
X58.412 Y-27.321
X58.407 Y-29.145
X58.404 Y-31.88
X58.403 Y-37.351
X58.405 Y-47.951
X58.399 Y-48.065
G3 X58.818 Y-48.671 R0.635
G1 X58.911 Y-48.705 Z-4.572
X59.002 Y-48.738 Z-4.549
X59.089 Y-48.769 Z-4.511
X59.169 Y-48.798 Z-4.459
X59.24 Y-48.824 Z-4.394
X59.301 Y-48.846 Z-4.318
X59.35 Y-48.863 Z-4.233
X59.386 Y-48.876 Z-4.141
X59.407 Y-48.884 Z-4.044
X59.415 Y-48.887 Z-3.945
G0 Z5.
X7.025 Y-45.881
Z-1.945
G1 Z-2.58 F3048.
Z-4.58
G2 X6.936 Y-45.617 R0.196
X7.187 Y-45.523 R0.196
G1 X7.333 Y-45.589
X7.632 Y-45.762
X7.862 Y-45.842
X8.138 Y-45.881
X8.459 Y-45.865
X8.823 Y-45.775
X9.23 Y-45.587
X9.551 Y-45.177
X9.863 Y-44.721
X10.16 Y-44.222
X10.442 Y-43.668
X10.726 Y-43.01
X10.997 Y-42.254
X11.249 Y-41.378
X11.446 Y-40.488
X11.598 Y-39.589
X11.716 Y-38.685
X11.806 Y-37.777
X11.874 Y-36.868
X11.926 Y-35.958
X11.966 Y-35.047
X11.996 Y-34.135
X12.018 Y-33.224
X12.035 Y-32.312
X12.048 Y-31.4
X12.057 Y-30.489
X12.064 Y-29.577
X12.069 Y-28.665
X12.073 Y-27.753
X12.077 Y-25.93
X12.081 Y-23.194
Y-17.723
X12.08 Y-8.833
X12.113 Y-8.608
X12.178 Y-8.389
X12.226 Y-8.286
X12.281 Y-8.186
X12.343 Y-8.09
X12.411 Y-7.999
X12.486 Y-7.913
G3 X12.535 Y-7.179 R0.635
G1 X12.483 Y-7.094 Z-4.572
X12.432 Y-7.012 Z-4.549
X12.384 Y-6.933 Z-4.511
X12.339 Y-6.861 Z-4.459
X12.299 Y-6.797 Z-4.394
X12.265 Y-6.741 Z-4.318
X12.238 Y-6.697 Z-4.233
X12.218 Y-6.665 Z-4.141
X12.206 Y-6.645 Z-4.044
X12.202 Y-6.638 Z-3.945
G0 Z5.
X56.211 Y-48.868
Z1.095
G1 Z0.46 F3048.
Z-4.58 F1500.
X56.274 Y-48.752 F3048.
X56.348 Y-48.621
X56.392 Y-48.466
X56.408 Y-48.277
X56.384 Y-48.051
X56.19 Y-47.872
X55.975 Y-47.698
X55.712 Y-47.512
X55.39 Y-47.313
X55.023 Y-47.118
X54.566 Y-46.911
X54.008 Y-46.701
X53.319 Y-46.49
X52.432 Y-46.28
X51.533 Y-46.126
X50.628 Y-46.012
X49.72 Y-45.928
X48.811 Y-45.867
X47.9 Y-45.821
X46.989 Y-45.788
X46.077 Y-45.764
X45.166 Y-45.746
X44.254 Y-45.733
X43.342 Y-45.723
X42.43 Y-45.716
X41.519 Y-45.711
X40.607 Y-45.708
X38.783 Y-45.703
X36.048 Y-45.701
X29.665 Y-45.7
X11.201 Y-45.704
G3 X10.616 Y-46.152 R0.635
G1 X10.587 Y-46.247 Z-4.572
X10.558 Y-46.34 Z-4.549
X10.531 Y-46.428 Z-4.511
X10.506 Y-46.509 Z-4.459
X10.484 Y-46.581 Z-4.394
X10.465 Y-46.643 Z-4.318
X10.45 Y-46.693 Z-4.233
X10.438 Y-46.729 Z-4.141
X10.432 Y-46.751 Z-4.044
X10.429 Y-46.759 Z-3.945
G0 Z5.
X59.921 Y-12.263
Z1.095
G1 Z0.46 F3048.
Z-4.58 F1500.
X59.794 Y-12.202 F3048.
X59.653 Y-12.25
X59.518 Y-12.316
X59.389 Y-12.393
X59.266 Y-12.481
X59.124 Y-12.595
X58.968 Y-12.738
X58.814 Y-12.9
X58.639 Y-13.107
X58.455 Y-13.357
X58.266 Y-13.651
X58.061 Y-14.02
X57.854 Y-14.456
X57.637 Y-14.998
X57.413 Y-15.685
X57.187 Y-16.568
X57.017 Y-17.464
X56.889 Y-18.367
X56.792 Y-19.273
X56.719 Y-20.182
X56.664 Y-21.092
X56.622 Y-22.003
X56.59 Y-22.914
X56.567 Y-23.826
X56.549 Y-24.737
X56.535 Y-25.649
X56.525 Y-26.561
X56.518 Y-27.473
X56.513 Y-28.385
X56.508 Y-29.296
X56.503 Y-31.12
X56.5 Y-33.855
X56.499 Y-39.326
X56.5 Y-46.051
G3 X56.948 Y-46.635 R0.635
G1 X57.042 Y-46.665 Z-4.572
X57.135 Y-46.693 Z-4.549
X57.223 Y-46.72 Z-4.511
X57.304 Y-46.745 Z-4.459
X57.377 Y-46.768 Z-4.394
X57.438 Y-46.787 Z-4.318
X57.488 Y-46.802 Z-4.233
X57.525 Y-46.813 Z-4.141
X57.547 Y-46.82 Z-4.044
X57.554 Y-46.822 Z-3.945
G0 Z5.
X10.442 Y-43.668
Z1.095
G1 Z0.46 F3048.
Z-4.58 F1500.
X10.568 Y-43.732 F3048.
X10.7 Y-43.803
X10.854 Y-43.845
X11.05 Y-43.86
X11.287 Y-43.833
X11.486 Y-43.624
X11.677 Y-43.393
X11.888 Y-43.101
X12.105 Y-42.757
X12.332 Y-42.339
X12.562 Y-41.843
X12.803 Y-41.224
X13.047 Y-40.453
X13.265 Y-39.568
X13.434 Y-38.672
X13.563 Y-37.77
X13.663 Y-36.863
X13.74 Y-35.955
X13.799 Y-35.045
X13.844 Y-34.134
X13.879 Y-33.223
X13.905 Y-32.311
X13.926 Y-31.4
X13.941 Y-30.488
X13.953 Y-29.576
X13.962 Y-28.665
X13.968 Y-27.753
X13.973 Y-26.841
X13.98 Y-25.017
X13.983 Y-23.194
X13.986 Y-19.547
X13.985 Y-9.859
X14.001 Y-9.631
X14.049 Y-9.408
X14.128 Y-9.195
X14.237 Y-8.994
X14.374 Y-8.812
X14.535 Y-8.651
X14.718 Y-8.515
X14.918 Y-8.406
X15.132 Y-8.327
X15.355 Y-8.28
X15.583 Y-8.265
X15.81 Y-8.283
X16.032 Y-8.333
X16.884 Y-8.659
X17.077 Y-8.789
X17.312 Y-8.927
X17.609 Y-9.075
X17.978 Y-9.232
X18.453 Y-9.398
X19.072 Y-9.571
X19.923 Y-9.751
X20.825 Y-9.883
X21.732 Y-9.973
X22.642 Y-10.036
X23.553 Y-10.08
X24.464 Y-10.11
X25.375 Y-10.132
X26.287 Y-10.146
X27.199 Y-10.157
X28.111 Y-10.164
X29.022 Y-10.169
X29.934 Y-10.173
X31.758 Y-10.177
X34.493 Y-10.179
X41.788
X59.112 Y-10.175
G3 X59.697 Y-9.728 R0.635
G1 X59.726 Y-9.633 Z-4.572
X59.755 Y-9.54 Z-4.549
X59.782 Y-9.452 Z-4.511
X59.807 Y-9.371 Z-4.459
X59.829 Y-9.298 Z-4.394
X59.848 Y-9.237 Z-4.318
X59.863 Y-9.187 Z-4.233
X59.875 Y-9.15 Z-4.141
X59.881 Y-9.128 Z-4.044
X59.884 Y-9.121 Z-3.945
G0 Z5.
X54.566 Y-46.911
Z1.095
G1 Z0.46 F3048.
Z-4.58 F1500.
X54.622 Y-46.786 F3048.
X54.687 Y-46.651
X54.721 Y-46.494
X54.726 Y-46.296
X54.686 Y-46.06
X54.476 Y-45.884
X54.233 Y-45.705
X53.922 Y-45.506
X53.575 Y-45.313
X53.13 Y-45.103
X52.604 Y-44.894
X51.938 Y-44.677
X51.072 Y-44.456
X50.176 Y-44.287
X49.273 Y-44.162
X48.366 Y-44.068
X47.456 Y-43.998
X46.546 Y-43.945
X45.635 Y-43.906
X44.724 Y-43.877
X43.812 Y-43.855
X42.901 Y-43.839
X41.989 Y-43.827
X41.077 Y-43.818
X40.165 Y-43.812
X39.253 Y-43.807
X37.43 Y-43.801
X34.694 Y-43.797
X30.135 Y-43.796
X13.381 Y-43.799
G3 X12.796 Y-44.247 R0.635
G1 X12.767 Y-44.341 Z-4.572
X12.738 Y-44.434 Z-4.549
X12.711 Y-44.522 Z-4.511
X12.686 Y-44.603 Z-4.459
X12.664 Y-44.676 Z-4.394
X12.645 Y-44.738 Z-4.318
X12.63 Y-44.787 Z-4.233
X12.618 Y-44.824 Z-4.141
X12.612 Y-44.846 Z-4.044
X12.609 Y-44.853 Z-3.945
G0 Z5.
X58.639 Y-13.107
Z1.095
G1 Z0.46 F3048.
Z-4.58 F1500.
X58.541 Y-13.025 F3048.
X58.428 Y-12.927
X58.294 Y-12.857
X58.114 Y-12.805
X58.004 Y-12.794
X57.839 Y-12.902
X57.657 Y-13.041
X57.476 Y-13.198
X57.269 Y-13.402
X57.069 Y-13.627
X56.85 Y-13.907
X56.622 Y-14.24
X56.395 Y-14.623
X56.159 Y-15.086
X55.915 Y-15.65
X55.677 Y-16.317
X55.432 Y-17.171
X55.237 Y-18.061
X55.087 Y-18.961
X54.971 Y-19.865
X54.882 Y-20.773
X54.814 Y-21.682
X54.761 Y-22.592
X54.72 Y-23.503
X54.69 Y-24.414
X54.666 Y-25.326
X54.648 Y-26.238
X54.634 Y-27.149
X54.624 Y-28.061
X54.616 Y-28.973
X54.61 Y-29.885
X54.606 Y-30.796
X54.6 Y-32.62
X54.596 Y-35.355
X54.594 Y-40.826
Y-43.904
G3 X55.042 Y-44.488 R0.635
G1 X55.137 Y-44.517 Z-4.572
X55.23 Y-44.546 Z-4.549
X55.318 Y-44.573 Z-4.511
X55.399 Y-44.598 Z-4.459
X55.471 Y-44.62 Z-4.394
X55.533 Y-44.639 Z-4.318
X55.583 Y-44.655 Z-4.233
X55.619 Y-44.666 Z-4.141
X55.641 Y-44.673 Z-4.044
X55.649 Y-44.675 Z-3.945
G0 Z5.
X12.562 Y-41.843
Z1.095
G1 Z0.46 F3048.
Z-4.58 F1500.
X12.689 Y-41.902 F3048.
X12.824 Y-41.968
X12.979 Y-42.004
X13.177 Y-42.011
X13.413 Y-41.974
X13.602 Y-41.756
X13.785 Y-41.516
X13.99 Y-41.208
X14.195 Y-40.85
X14.418 Y-40.4
X14.638 Y-39.871
X14.87 Y-39.196
X15.107 Y-38.327
X15.29 Y-37.434
X15.43 Y-36.533
X15.538 Y-35.628
X15.62 Y-34.72
X15.684 Y-33.81
X15.733 Y-32.9
X15.77 Y-31.989
X15.799 Y-31.077
X15.822 Y-30.166
X15.839 Y-29.254
X15.852 Y-28.342
X15.862 Y-27.43
X15.869 Y-26.519
X15.875 Y-25.607
X15.879 Y-24.695
X15.885 Y-22.871
X15.889 Y-20.136
X15.891 Y-15.577
X15.89 Y-10.904
X15.891 Y-10.676
X15.924 Y-10.45
X15.99 Y-10.232
X16.086 Y-10.025
X16.21 Y-9.834
X16.361 Y-9.663
X16.535 Y-9.516
X16.727 Y-9.394
X16.936 Y-9.302
X17.155 Y-9.24
X17.381 Y-9.21
X17.609 Y-9.213
X17.834 Y-9.249
X18.052 Y-9.317
X18.258 Y-9.415
X18.448 Y-9.541
X18.617 Y-9.693
X18.853 Y-9.977
X18.966 Y-10.096
X19.105 Y-10.225
X19.268 Y-10.357
X19.475 Y-10.505
X19.725 Y-10.66
X20.029 Y-10.822
X20.407 Y-10.995
X20.877 Y-11.174
X21.474 Y-11.358
X22.271 Y-11.549
X23.17 Y-11.705
X24.075 Y-11.814
X24.983 Y-11.892
X25.894 Y-11.948
X26.804 Y-11.987
X27.716 Y-12.016
X28.627 Y-12.036
X29.539 Y-12.05
X30.451 Y-12.06
X31.363 Y-12.068
X32.274 Y-12.073
X33.186 Y-12.076
X35.01 Y-12.081
X37.745 Y-12.083
X44.128
X57.577 Y-12.081
G3 X58.162 Y-11.633 R0.635
G1 X58.191 Y-11.538 Z-4.572
X58.22 Y-11.445 Z-4.549
X58.247 Y-11.357 Z-4.511
X58.272 Y-11.276 Z-4.459
X58.294 Y-11.204 Z-4.394
X58.313 Y-11.142 Z-4.318
X58.328 Y-11.092 Z-4.233
X58.34 Y-11.056 Z-4.141
X58.346 Y-11.034 Z-4.044
X58.349 Y-11.026 Z-3.945
G0 Z5.
X17.617 Y-9.079
Z-1.945
G1 Z-2.58 F3048.
Z-4.58
G2 X17.878 Y-8.984 R0.196
X17.978 Y-9.232 R0.196
G1 X17.912 Y-9.389
X17.732 Y-9.712
X17.658 Y-9.938
X17.624 Y-10.21
X17.645 Y-10.526
X17.74 Y-10.885
X17.933 Y-11.284
X18.35 Y-11.596
X18.818 Y-11.903
X19.323 Y-12.189
X19.897 Y-12.468
X20.574 Y-12.744
X21.356 Y-13.007
X22.237 Y-13.241
X23.131 Y-13.422
X24.032 Y-13.562
X24.938 Y-13.668
X25.846 Y-13.749
X26.756 Y-13.81
X27.666 Y-13.856
X28.577 Y-13.891
X29.489 Y-13.917
X30.4 Y-13.936
X31.312 Y-13.951
X32.224 Y-13.961
X33.136 Y-13.969
X34.047 Y-13.975
X34.959 Y-13.979
X36.783 Y-13.984
X39.518 Y-13.987
X44.989 Y-13.988
X54.791 Y-13.986
G3 X55.376 Y-13.539 R0.635
G1 X55.405 Y-13.444 Z-4.572
X55.433 Y-13.351 Z-4.549
X55.461 Y-13.263 Z-4.511
X55.486 Y-13.182 Z-4.459
X55.508 Y-13.109 Z-4.394
X55.527 Y-13.048 Z-4.318
X55.542 Y-12.998 Z-4.233
X55.553 Y-12.961 Z-4.141
X55.56 Y-12.939 Z-4.044
X55.563 Y-12.932 Z-3.945
G0 Z5.
X52.604 Y-44.894
Z1.095
G1 Z0.46 F3048.
Z-4.58 F1500.
X52.656 Y-44.763 F3048.
X52.714 Y-44.625
X52.741 Y-44.467
X52.738 Y-44.271
X52.688 Y-44.037
X52.46 Y-43.859
X52.2 Y-43.682
X51.878 Y-43.49
X51.49 Y-43.293
X51.007 Y-43.085
X50.421 Y-42.875
X49.662 Y-42.658
X48.771 Y-42.463
X47.87 Y-42.319
X46.965 Y-42.211
X46.057 Y-42.13
X45.147 Y-42.07
X44.236 Y-42.024
X43.325 Y-41.99
X42.414 Y-41.964
X41.502 Y-41.945
X40.59 Y-41.931
X39.679 Y-41.92
X38.767 Y-41.912
X37.855 Y-41.906
X36.943 Y-41.902
X35.12 Y-41.896
X32.384 Y-41.893
X27.825 Y-41.891
X15.516 Y-41.893
G3 X14.931 Y-42.341 R0.635
G1 X14.902 Y-42.436 Z-4.572
X14.873 Y-42.529 Z-4.549
X14.846 Y-42.617 Z-4.511
X14.821 Y-42.698 Z-4.459
X14.799 Y-42.77 Z-4.394
X14.78 Y-42.832 Z-4.318
X14.765 Y-42.882 Z-4.233
X14.753 Y-42.918 Z-4.141
X14.746 Y-42.94 Z-4.044
X14.744 Y-42.948 Z-3.945
G0 Z5.
X54.594 Y-42.992
Z1.095
G1 Z0.46 F3048.
Z-4.58 F1500.
X54.366 F3048.
X54.141 Y-42.959
X53.922 Y-42.895
X53.094 Y-42.514
X52.658 Y-42.224
X52.144 Y-41.929
X51.537 Y-41.629
X50.875 Y-41.354
X50.073 Y-41.079
X49.193 Y-40.84
X48.302 Y-40.65
X47.402 Y-40.501
X46.498 Y-40.383
X45.591 Y-40.292
X44.682 Y-40.221
X43.772 Y-40.166
X42.861 Y-40.123
X41.949 Y-40.09
X41.038 Y-40.065
X40.126 Y-40.045
X39.215 Y-40.031
X38.303 Y-40.019
X37.391 Y-40.011
X36.479 Y-40.004
X35.568 Y-39.999
X33.744 Y-39.993
X31.009 Y-39.989
X26.45 Y-39.987
X16.534 Y-39.988
X16.308 Y-39.956
X16.089 Y-39.891
X15.882 Y-39.796
X15.691 Y-39.672
X15.519 Y-39.522
X15.445 Y-39.435
X15.377 Y-39.344
X15.316 Y-39.247
X15.262 Y-39.147
X15.216 Y-39.043
X15.177 Y-38.936
X15.145 Y-38.826
G3 X14.555 Y-38.387 R0.635
G1 X14.455 Y-38.385 Z-4.572
X14.358 Y-38.383 Z-4.549
X14.266 Y-38.381 Z-4.511
X14.181 Y-38.379 Z-4.459
X14.106 Y-38.377 Z-4.394
X14.041 Y-38.376 Z-4.318
X13.989 Y-38.375 Z-4.233
X13.951 Y-38.374 Z-4.141
X13.928 Z-4.044
X13.92 Y-38.373 Z-3.945
G0 Z5.
X19.897 Y-12.468
Z1.095
G1 Z0.46 F3048.
Z-4.58 F1500.
X19.835 Y-12.595 F3048.
X19.884 Y-12.737
X19.95 Y-12.871
X20.027 Y-13.
X20.114 Y-13.123
X20.229 Y-13.265
X20.372 Y-13.421
X20.533 Y-13.575
X20.741 Y-13.75
X20.991 Y-13.934
X21.285 Y-14.123
X21.654 Y-14.328
X22.09 Y-14.535
X22.633 Y-14.752
X23.32 Y-14.976
X24.204 Y-15.203
X25.099 Y-15.373
X26.002 Y-15.501
X26.909 Y-15.598
X27.818 Y-15.671
X28.728 Y-15.726
X29.639 Y-15.768
X30.55 Y-15.8
X31.461 Y-15.824
X32.373 Y-15.842
X33.285 Y-15.855
X34.197 Y-15.865
X35.108 Y-15.873
X36.02 Y-15.879
X36.932 Y-15.883
X38.756 Y-15.888
X41.491 Y-15.891
X46.05 Y-15.893
X53.914 Y-15.891
X54.14 Y-15.924
X54.359 Y-15.989
X54.566 Y-16.084
X54.757 Y-16.208
X54.929 Y-16.358
X55.003 Y-16.444
X55.071 Y-16.536
X55.132 Y-16.632
X55.186 Y-16.733
X55.232 Y-16.837
X55.271 Y-16.944
X55.303 Y-17.053
X55.326 Y-17.165
G3 X55.884 Y-17.646 R0.635
G1 X55.983 Y-17.655 Z-4.572
X56.079 Y-17.664 Z-4.549
X56.171 Y-17.672 Z-4.511
X56.255 Y-17.68 Z-4.459
X56.331 Y-17.687 Z-4.394
X56.395 Y-17.693 Z-4.318
X56.447 Y-17.698 Z-4.233
X56.485 Y-17.702 Z-4.141
X56.508 Y-17.704 Z-4.044
X56.516 Z-3.945
G0 Z5.
X50.875 Y-41.354
Z1.095
G1 Z0.46 F3048.
Z-4.58 F1500.
X50.93 Y-41.224 F3048.
X50.874 Y-41.084
X50.801 Y-40.953
X50.717 Y-40.829
X50.625 Y-40.71
X50.505 Y-40.575
X50.351 Y-40.422
X50.17 Y-40.264
X49.949 Y-40.095
X49.67 Y-39.908
X49.346 Y-39.72
X48.934 Y-39.515
X48.435 Y-39.305
X47.804 Y-39.087
X46.983 Y-38.86
X46.09 Y-38.674
X45.189 Y-38.533
X44.284 Y-38.426
X43.376 Y-38.345
X42.466 Y-38.282
X41.555 Y-38.235
X40.644 Y-38.198
X39.733 Y-38.17
X38.821 Y-38.149
X37.91 Y-38.132
X36.998 Y-38.12
X36.086 Y-38.11
X35.175 Y-38.103
X34.263 Y-38.097
X33.351 Y-38.093
X31.527 Y-38.088
X28.792 Y-38.084
X24.233 Y-38.082
X17.508 Y-38.083
X17.283 Y-38.05
X17.064 Y-37.986
X16.857 Y-37.891
X16.665 Y-37.767
X16.494 Y-37.617
X16.345 Y-37.444
X16.223 Y-37.251
X16.13 Y-37.043
X16.068 Y-36.824
X16.037 Y-36.598
X16.04 Y-36.37
X16.074 Y-36.145
X16.342 Y-35.273
X16.49 Y-35.014
X16.646 Y-34.694
X16.813 Y-34.289
X16.988 Y-33.771
X17.171 Y-33.088
X17.351 Y-32.194
X17.477 Y-31.291
X17.566 Y-30.384
X17.629 Y-29.474
X17.675 Y-28.564
X17.708 Y-27.652
X17.732 Y-26.741
X17.749 Y-25.829
X17.762 Y-24.918
X17.771 Y-24.006
X17.778 Y-23.094
X17.783 Y-22.182
X17.789 Y-20.359
X17.792 Y-18.535
X17.795 Y-17.623
X17.796 Y-13.292
G3 X17.348 Y-12.707 R0.635
G1 X17.253 Y-12.678 Z-4.572
X17.161 Y-12.65 Z-4.549
X17.073 Y-12.623 Z-4.511
X16.991 Y-12.597 Z-4.459
X16.919 Y-12.575 Z-4.394
X16.857 Y-12.556 Z-4.318
X16.807 Y-12.541 Z-4.233
X16.771 Y-12.53 Z-4.141
X16.749 Y-12.523 Z-4.044
X16.741 Y-12.52 Z-3.945
G0 Z5.
X20.741 Y-13.75
Z1.095
G1 Z0.46 F3048.
Z-4.58 F1500.
X20.659 Y-13.848 F3048.
X20.56 Y-13.961
X20.491 Y-14.095
X20.438 Y-14.275
X20.428 Y-14.385
X20.537 Y-14.55
X20.676 Y-14.733
X20.833 Y-14.913
X21.037 Y-15.12
X21.262 Y-15.32
X21.542 Y-15.539
X21.875 Y-15.767
X22.257 Y-15.994
X22.72 Y-16.23
X23.284 Y-16.473
X23.951 Y-16.712
X24.804 Y-16.957
X25.695 Y-17.152
X26.594 Y-17.303
X27.498 Y-17.418
X28.406 Y-17.508
X29.315 Y-17.576
X30.225 Y-17.629
X31.136 Y-17.67
X32.048 Y-17.701
X32.959 Y-17.725
X33.871 Y-17.743
X34.782 Y-17.757
X35.694 Y-17.767
X36.606 Y-17.775
X37.518 Y-17.781
X38.43 Y-17.786
X40.253 Y-17.791
X42.989 Y-17.795
X47.548 Y-17.797
X52.791
X53.019
X53.244 Y-17.831
X53.463 Y-17.896
X53.669 Y-17.992
X53.86 Y-18.116
X54.031 Y-18.267
X54.179 Y-18.44
X54.301 Y-18.633
X54.393 Y-18.841
X54.455 Y-19.061
X54.485 Y-19.287
X54.482 Y-19.515
X54.446 Y-19.74
X54.177 Y-20.611
X54.036 Y-20.845
X53.883 Y-21.141
X53.722 Y-21.508
X53.551 Y-21.979
X53.372 Y-22.59
X53.185 Y-23.422
X53.042 Y-24.322
X52.942 Y-25.229
X52.871 Y-26.138
X52.82 Y-27.048
X52.784 Y-27.959
X52.757 Y-28.871
X52.738 Y-29.782
X52.725 Y-30.694
X52.715 Y-31.606
X52.707 Y-32.517
X52.702 Y-33.429
X52.697 Y-34.797
X52.691 Y-35.709
X52.69 Y-37.532
X52.689 Y-40.154
G3 X53.137 Y-40.739 R0.635
G1 X53.232 Y-40.768 Z-4.572
X53.324 Y-40.796 Z-4.549
X53.412 Y-40.824 Z-4.511
X53.493 Y-40.849 Z-4.459
X53.566 Y-40.871 Z-4.394
X53.628 Y-40.89 Z-4.318
X53.677 Y-40.905 Z-4.233
X53.714 Y-40.917 Z-4.141
X53.736 Y-40.923 Z-4.044
X53.743 Y-40.926 Z-3.945
G0 Z5.
X49.949 Y-40.095
Z1.095
G1 Z0.46 F3048.
Z-4.58 F1500.
X50.027 Y-39.992 F3048.
X50.12 Y-39.875
X50.184 Y-39.736
X50.229 Y-39.554
X50.241 Y-39.329
X50.094 Y-39.149
X49.91 Y-38.952
X49.705 Y-38.759
X49.441 Y-38.539
X49.149 Y-38.327
X48.788 Y-38.098
X48.369 Y-37.869
X47.849 Y-37.627
X47.244 Y-37.39
X46.478 Y-37.146
X45.593 Y-36.925
X44.697 Y-36.755
X43.795 Y-36.624
X42.889 Y-36.522
X41.98 Y-36.443
X41.071 Y-36.382
X40.16 Y-36.334
X39.249 Y-36.298
X38.338 Y-36.269
X37.426 Y-36.248
X36.514 Y-36.231
X35.603 Y-36.218
X34.691 Y-36.208
X33.779 Y-36.2
X32.867 Y-36.194
X31.956 Y-36.19
X30.132 Y-36.184
X27.397 Y-36.18
X22.837 Y-36.178
X18.62
X18.392 Y-36.177
X18.167 Y-36.143
X17.949 Y-36.077
X17.742 Y-35.981
X17.551 Y-35.856
X17.38 Y-35.706
X17.233 Y-35.532
X17.112 Y-35.339
X17.019 Y-35.13
X16.958 Y-34.911
X16.929 Y-34.685
X16.932 Y-34.457
X16.968 Y-34.232
X17.036 Y-34.014
X17.134 Y-33.808
X17.261 Y-33.619
X17.413 Y-33.449
X17.563 Y-33.325
X17.679 Y-33.215
X17.81 Y-33.074
X17.942 Y-32.913
X18.088 Y-32.708
X18.245 Y-32.456
X18.408 Y-32.153
X18.582 Y-31.772
X18.762 Y-31.3
X18.95 Y-30.696
X19.144 Y-29.891
X19.3 Y-28.992
X19.412 Y-28.087
X19.492 Y-27.179
X19.549 Y-26.269
X19.591 Y-25.358
X19.621 Y-24.447
X19.643 Y-23.535
X19.659 Y-22.624
X19.67 Y-21.712
X19.679 Y-20.8
X19.693 Y-19.889
X19.697 Y-18.977
X19.7 Y-17.381
X19.701 Y-14.76
G3 X19.253 Y-14.175 R0.635
G1 X19.158 Y-14.146 Z-4.572
X19.066 Y-14.117 Z-4.549
X18.978 Y-14.09 Z-4.511
X18.896 Y-14.065 Z-4.459
X18.824 Y-14.043 Z-4.394
X18.762 Y-14.024 Z-4.318
X18.712 Y-14.008 Z-4.233
X18.676 Y-13.997 Z-4.141
X18.654 Y-13.99 Z-4.044
X18.646 Y-13.988 Z-3.945
G0 Z5.
X16.962 Y-33.926
Z-1.945
G1 Z-2.58 F3048.
Z-4.58
G3 X16.709 Y-34.041 R0.196
X16.813 Y-34.289 R0.196
G1 X16.959 Y-34.349
X17.259 Y-34.509
X17.495 Y-34.582
X17.776 Y-34.612
X18.102 Y-34.584
X18.469 Y-34.48
X18.878 Y-34.273
X19.198 Y-33.841
X19.51 Y-33.358
X19.803 Y-32.833
X20.084 Y-32.243
X20.363 Y-31.547
X20.628 Y-30.739
X20.856 Y-29.856
X21.034 Y-28.962
X21.171 Y-28.06
X21.276 Y-27.155
X21.357 Y-26.246
X21.419 Y-25.337
X21.465 Y-24.426
X21.5 Y-23.515
X21.528 Y-22.603
X21.55 Y-21.692
X21.582 Y-20.781
X21.596 Y-19.869
X21.601 Y-18.957
X21.604 Y-17.589
G3 X21.157 Y-17.004 R0.635
G1 X21.062 Y-16.975 Z-4.572
X20.97 Y-16.946 Z-4.549
X20.882 Y-16.919 Z-4.511
X20.801 Y-16.894 Z-4.459
X20.728 Y-16.871 Z-4.394
X20.666 Y-16.852 Z-4.318
X20.617 Y-16.837 Z-4.233
X20.58 Y-16.826 Z-4.141
X20.558 Y-16.819 Z-4.044
X20.551 Y-16.816 Z-3.945
G0 Z5.
X52.677 Y-17.797
Z1.095
G1 Z0.46 F3048.
Z-4.58 F1500.
Y-18.025 F3048.
X52.546 Y-18.927
X52.41 Y-19.829
X52.098 Y-20.685
X51.828 Y-21.556
X51.602 Y-22.44
X51.418 Y-23.333
X51.272 Y-24.233
X51.157 Y-25.137
X51.068 Y-26.045
X50.999 Y-26.954
X50.947 Y-27.864
X50.906 Y-28.775
X50.876 Y-29.687
X50.852 Y-30.598
X50.835 Y-31.51
X50.822 Y-32.421
X50.8 Y-33.333
X50.794 Y-34.245
X50.79 Y-35.157
X50.786 Y-36.296
X50.785 Y-38.006
G3 X51.232 Y-38.591 R0.635
G1 X51.327 Y-38.62 Z-4.572
X51.42 Y-38.649 Z-4.549
X51.507 Y-38.676 Z-4.511
X51.589 Y-38.701 Z-4.459
X51.661 Y-38.723 Z-4.394
X51.723 Y-38.742 Z-4.318
X51.773 Y-38.758 Z-4.233
X51.809 Y-38.769 Z-4.141
X51.831 Y-38.776 Z-4.044
X51.839 Y-38.778 Z-3.945
G0 Z5.
X48.369 Y-37.869
Z1.095
G1 Z0.46 F3048.
Z-4.58 F1500.
X48.435 Y-37.75 F3048.
X48.51 Y-37.62
X48.556 Y-37.466
X48.575 Y-37.269
X48.554 Y-37.033
X48.372 Y-36.856
X48.142 Y-36.66
X47.862 Y-36.45
X47.542 Y-36.24
X47.141 Y-36.013
X46.671 Y-35.786
X46.093 Y-35.55
X45.366 Y-35.307
X44.485 Y-35.073
X43.591 Y-34.893
X42.69 Y-34.754
X41.784 Y-34.646
X40.876 Y-34.562
X39.967 Y-34.497
X39.057 Y-34.446
X38.146 Y-34.406
X37.234 Y-34.376
X36.323 Y-34.352
X35.411 Y-34.333
X34.5 Y-34.319
X33.588 Y-34.308
X32.676 Y-34.299
X31.764 Y-34.293
X30.852 Y-34.288
X29.029 Y-34.281
X27.205 Y-34.277
X24.47 Y-34.273
X20.937
G3 X20.352 Y-34.72 R0.635
G1 X20.323 Y-34.815 Z-4.572
X20.294 Y-34.908 Z-4.549
X20.267 Y-34.996 Z-4.511
X20.242 Y-35.077 Z-4.459
X20.22 Y-35.149 Z-4.394
X20.2 Y-35.211 Z-4.318
X20.185 Y-35.261 Z-4.233
X20.174 Y-35.297 Z-4.141
X20.167 Y-35.319 Z-4.044
X20.165 Y-35.327 Z-3.945
G0 Z5.
X20.084 Y-32.243
Z1.095
G1 Z0.46 F3048.
Z-4.58 F1500.
X20.212 Y-32.304 F3048.
X20.346 Y-32.37
X20.502 Y-32.409
X20.698 Y-32.419
X20.934 Y-32.385
X21.127 Y-32.17
X21.318 Y-31.927
X21.524 Y-31.629
X21.74 Y-31.269
X21.962 Y-30.835
X22.19 Y-30.314
X22.426 Y-29.659
X22.666 Y-28.834
X22.864 Y-27.944
X23.016 Y-27.045
X23.132 Y-26.14
X23.221 Y-25.233
X23.29 Y-24.324
X23.345 Y-23.414
X23.391 Y-22.503
X23.454 Y-21.593
X23.486 Y-20.682
X23.5 Y-19.77
X23.505 Y-18.859
X23.506 Y-18.631
X23.539 Y-18.405
X23.605 Y-18.187
X23.701 Y-17.98
X23.825 Y-17.789
X23.976 Y-17.618
X24.149 Y-17.47
X24.342 Y-17.349
X24.551 Y-17.257
X24.77 Y-17.195
X24.996 Y-17.165
X25.224 Y-17.168
X25.449 Y-17.204
X25.667 Y-17.272
X25.873 Y-17.37
X26.062 Y-17.496
X26.461 Y-17.854
X26.628 Y-17.986
X26.832 Y-18.127
X27.09 Y-18.281
X27.401 Y-18.442
X27.799 Y-18.616
X28.295 Y-18.796
X28.945 Y-18.985
X29.828 Y-19.183
X30.729 Y-19.324
X31.635 Y-19.426
X32.544 Y-19.5
X33.454 Y-19.553
X34.365 Y-19.593
X35.276 Y-19.622
X36.188 Y-19.643
X37.099 Y-19.659
X38.011 Y-19.67
X38.923 Y-19.679
X39.835 Y-19.685
X40.747 Y-19.69
X42.57 Y-19.696
X45.306 Y-19.7
X48.041 Y-19.702
X50.321
X50.546 Y-19.735
X50.765 Y-19.799
X50.972 Y-19.895
X51.163 Y-20.018
X51.335 Y-20.169
X51.483 Y-20.342
X51.605 Y-20.534
X51.698 Y-20.742
X51.761 Y-20.961
X51.791 Y-21.187
X51.789 Y-21.415
X51.754 Y-21.641
X51.687 Y-21.858
X51.59 Y-22.065
X51.464 Y-22.255
X51.312 Y-22.425
X51.128 Y-22.579
X51.01 Y-22.692
X50.881 Y-22.832
X50.737 Y-23.01
X50.585 Y-23.225
X50.421 Y-23.491
X50.246 Y-23.82
X50.064 Y-24.225
X49.872 Y-24.735
X49.671 Y-25.394
X49.566 Y-25.837
X49.385 Y-26.731
X49.253 Y-27.633
X49.156 Y-28.54
X49.085 Y-29.449
X49.032 Y-30.359
X48.947 Y-31.267
X48.922 Y-32.179
X48.901 Y-33.09
X48.891 Y-34.116
X48.885 Y-35.256
G3 X49.33 Y-35.842 R0.635
G1 X49.425 Y-35.872 Z-4.572
X49.517 Y-35.9 Z-4.549
X49.605 Y-35.928 Z-4.511
X49.686 Y-35.953 Z-4.459
X49.759 Y-35.976 Z-4.394
X49.82 Y-35.995 Z-4.318
X49.87 Y-36.011 Z-4.233
X49.906 Y-36.022 Z-4.141
X49.929 Y-36.029 Z-4.044
X49.936 Y-36.031 Z-3.945
G0 Z5.
X51.653 Y-22.119
Z-1.945
G1 Z-2.58 F3048.
Z-4.58
G3 X52.015 Y-21.912 R0.295
X51.828 Y-21.556 R0.295
G1 X51.664 Y-21.505
X51.335 Y-21.363
X51.082 Y-21.307
X50.783 Y-21.299
X50.44 Y-21.357
X50.053 Y-21.501
X49.746 Y-21.854
X49.445 Y-22.253
X49.141 Y-22.713
X48.865 Y-23.195
X48.581 Y-23.777
X48.305 Y-24.445
X48.034 Y-25.244
X47.796 Y-26.124
X47.61 Y-27.017
X47.464 Y-27.917
X47.343 Y-28.821
X47.243 Y-29.727
X47.103 Y-30.628
X47.04 Y-31.538
X47.011 Y-32.449
X47.003 Y-32.905
X46.992 Y-33.703
X46.99 Y-33.93
X46.955 Y-34.156
X46.889 Y-34.374
X46.791 Y-34.58
X46.666 Y-34.77
X46.59 Y-34.855
X46.508 Y-34.935
X46.421 Y-35.008
X46.328 Y-35.075
X46.232 Y-35.135
G3 X45.971 Y-35.823 R0.635
G1 X45.996 Y-35.92 Z-4.572
X46.021 Y-36.013 Z-4.549
X46.044 Y-36.102 Z-4.511
X46.065 Y-36.184 Z-4.459
X46.085 Y-36.258 Z-4.394
X46.101 Y-36.32 Z-4.318
X46.114 Y-36.371 Z-4.233
X46.124 Y-36.408 Z-4.141
X46.13 Y-36.43 Z-4.044
X46.132 Y-36.438 Z-3.945
G0 Z5.
X21.962 Y-34.273
Z1.095
G1 Z0.46 F3048.
Z-4.58 F1500.
Y-34.045 F3048.
X21.995 Y-33.819
X22.06 Y-33.6
X22.155 Y-33.393
X22.651 Y-32.628
X22.971 Y-32.159
X23.3 Y-31.602
X23.6 Y-31.012
X23.902 Y-30.312
X24.198 Y-29.481
X24.448 Y-28.604
X24.65 Y-27.715
X24.813 Y-26.818
X24.942 Y-25.915
X25.047 Y-25.009
X25.135 Y-24.102
X25.251 Y-23.197
X25.316 Y-22.288
X25.365 Y-21.377
X25.392 Y-20.466
X25.402 Y-19.668
X25.413 Y-19.441
X25.435 Y-19.329
X25.465 Y-19.219
X25.502 Y-19.111
X25.547 Y-19.006
X25.6 Y-18.905
G3 X25.472 Y-18.18 R0.635
G1 X25.401 Y-18.11 Z-4.572
X25.332 Y-18.042 Z-4.549
X25.266 Y-17.978 Z-4.511
X25.206 Y-17.918 Z-4.459
X25.152 Y-17.865 Z-4.394
X25.105 Y-17.82 Z-4.318
X25.068 Y-17.783 Z-4.233
X25.041 Y-17.756 Z-4.141
X25.025 Y-17.74 Z-4.044
X25.019 Y-17.735 Z-3.945
G0 Z5.
X27.401 Y-18.442
Z1.095
G1 Z0.46 F3048.
Z-4.58 F1500.
X27.341 Y-18.559 F3048.
X27.269 Y-18.691
X27.228 Y-18.847
X27.214 Y-19.04
X27.242 Y-19.265
X27.437 Y-19.439
X27.673 Y-19.625
X27.936 Y-19.806
X28.272 Y-20.007
X28.651 Y-20.202
X29.133 Y-20.412
X29.714 Y-20.622
X30.454 Y-20.837
X31.344 Y-21.035
X32.244 Y-21.181
X33.149 Y-21.29
X34.057 Y-21.371
X34.967 Y-21.431
X35.878 Y-21.476
X36.789 Y-21.51
X37.7 Y-21.535
X38.612 Y-21.553
X39.524 Y-21.567
X40.436 Y-21.578
X41.347 Y-21.586
X42.259 Y-21.591
X43.171 Y-21.596
X44.083 Y-21.603
X45.906 Y-21.605
X47.844 Y-21.607
G3 X48.429 Y-21.159 R0.635
G1 X48.458 Y-21.065 Z-4.572
X48.487 Y-20.972 Z-4.549
X48.514 Y-20.884 Z-4.511
X48.539 Y-20.803 Z-4.459
X48.561 Y-20.73 Z-4.394
X48.58 Y-20.669 Z-4.318
X48.595 Y-20.619 Z-4.233
X48.607 Y-20.582 Z-4.141
X48.614 Y-20.56 Z-4.044
X48.616 Y-20.553 Z-3.945
G0 Z5.
X48.581 Y-23.777
Z1.095
G1 Z0.46 F3048.
Z-4.58 F1500.
X48.454 Y-23.715 F3048.
X48.32 Y-23.647
X48.166 Y-23.607
X47.969 Y-23.595
X47.733 Y-23.626
X47.537 Y-23.84
X47.346 Y-24.079
X47.137 Y-24.377
X46.92 Y-24.733
X46.693 Y-25.165
X46.456 Y-25.695
X46.205 Y-26.371
X45.943 Y-27.245
X45.728 Y-28.131
X45.549 Y-29.025
X45.413 Y-29.927
X45.211 Y-30.816
X45.136 Y-31.724
X45.105 Y-32.636
X45.099 Y-32.978
X45.063 Y-33.203
X44.995 Y-33.42
X44.896 Y-33.626
X44.769 Y-33.815
X44.617 Y-33.984
X44.441 Y-34.13
X44.247 Y-34.249
X44.037 Y-34.339
X43.817 Y-34.397
X43.591 Y-34.424
X43.363 Y-34.418
X43.138 Y-34.38
X42.271 Y-34.099
X42.085 Y-33.964
X41.857 Y-33.821
X41.574 Y-33.666
X41.219 Y-33.502
X40.771 Y-33.327
X40.195 Y-33.145
X39.423 Y-32.954
X38.525 Y-32.792
X37.621 Y-32.677
X36.713 Y-32.595
X35.803 Y-32.535
X34.892 Y-32.491
X33.981 Y-32.459
X33.069 Y-32.435
X32.158 Y-32.418
X31.246 Y-32.405
X30.334 Y-32.395
X29.422 Y-32.388
X28.511 Y-32.376
X27.599 Y-32.373
X24.863 Y-32.369
G3 X24.278 Y-32.816 R0.635
G1 X24.249 Y-32.911 Z-4.572
X24.22 Y-33.003 Z-4.549
X24.193 Y-33.091 Z-4.511
X24.168 Y-33.172 Z-4.459
X24.146 Y-33.245 Z-4.394
X24.126 Y-33.307 Z-4.318
X24.111 Y-33.356 Z-4.233
X24.1 Y-33.393 Z-4.141
X24.093 Y-33.415 Z-4.044
X24.091 Y-33.423 Z-3.945
G0 Z5.
X23.902 Y-30.312
Z1.095
G1 Z0.46 F3048.
Z-4.58 F1500.
X24.032 Y-30.368 F3048.
X24.169 Y-30.429
X24.334 Y-30.463
X24.53 Y-30.466
X24.764 Y-30.423
X24.951 Y-30.201
X25.151 Y-29.931
X25.356 Y-29.612
X25.578 Y-29.215
X25.806 Y-28.734
X26.043 Y-28.141
X26.294 Y-27.374
X26.522 Y-26.491
X26.709 Y-25.598
X26.954 Y-24.72
X27.089 Y-23.818
X27.177 Y-22.911
X27.207 Y-22.456
X27.22 Y-22.228
X27.245 Y-21.773
X27.259 Y-21.431
X27.252 Y-21.332 Z-4.56
X27.229 Y-21.235 Z-4.54
X27.192 Y-21.143 Z-4.52
X27.14 Y-21.057 Z-4.5
X27.076 Y-20.981 Z-4.48
X27. Y-20.916 Z-4.46
X26.916 Y-20.864 Z-4.44
X26.824 Y-20.825 Z-4.42
X26.727 Y-20.801 Z-4.4
X26.628 Y-20.793 Z-4.38
G3 X25.989 Y-21.424 R0.635
X26.62 Y-22.063 R0.635
X27.259 Y-21.432 R0.635
X27.243 Y-21.287 R0.635
G1 X26.139 Y-16.425
G3 X25.38 Y-15.946 R0.635
X24.901 Y-16.706 R0.635
X25.113 Y-17.052 R0.635
G1 X28.368 Y-19.773
X28.542 Y-19.918 Z-4.426
X29.133 Y-20.412 Z-4.58
X29.078 Y-20.538
X29.015 Y-20.675
X28.982 Y-20.831
X28.98 Y-21.029
X29.023 Y-21.265
X29.241 Y-21.444
X29.488 Y-21.621
X29.805 Y-21.819
X30.164 Y-22.013
X30.622 Y-22.224
X31.168 Y-22.434
X31.865 Y-22.652
X32.751 Y-22.868
X33.649 Y-23.029
X34.553 Y-23.149
X35.46 Y-23.239
X36.369 Y-23.307
X37.28 Y-23.358
X38.191 Y-23.396
X39.102 Y-23.425
X40.014 Y-23.447
X40.925 Y-23.464
X41.837 Y-23.49
X42.748 Y-23.498
X43.66 Y-23.505
X44.8 Y-23.509
X45.712 Y-23.51
G3 X46.297 Y-23.063 R0.635
G1 X46.326 Y-22.968 Z-4.572
X46.355 Y-22.876 Z-4.549
X46.382 Y-22.788 Z-4.511
X46.407 Y-22.707 Z-4.459
X46.43 Y-22.634 Z-4.394
X46.449 Y-22.573 Z-4.318
X46.464 Y-22.523 Z-4.233
X46.476 Y-22.486 Z-4.141
X46.483 Y-22.464 Z-4.044
X46.485 Y-22.457 Z-3.945
G0 Z5.
X46.456 Y-25.695
Z1.095
G1 Z0.46 F3048.
Z-4.58 F1500.
X46.327 Y-25.638 F3048.
X46.191 Y-25.575
X46.035 Y-25.54
X45.839 Y-25.535
X45.604 Y-25.575
X45.411 Y-25.799
X45.216 Y-26.06
X45. Y-26.387
X44.782 Y-26.771
X44.533 Y-27.283
X44.188 Y-28.127
X43.893 Y-28.99
X43.543 Y-29.779
X43.339 Y-30.668
X43.246 Y-31.575
X43.228 Y-32.031
X43.186 Y-32.255
X43.112 Y-32.471
X43.009 Y-32.674
X42.877 Y-32.86
X42.72 Y-33.025
X42.541 Y-33.166
X42.344 Y-33.28
X42.132 Y-33.365
X41.911 Y-33.419
X41.684 Y-33.44
X41.456 Y-33.428
X41.232 Y-33.384
X41.017 Y-33.309
X40.815 Y-33.203
X40.631 Y-33.07
X40.467 Y-32.911
X40.335 Y-32.741
X40.228 Y-32.619
X40.105 Y-32.496
X39.951 Y-32.361
X39.756 Y-32.211
X39.528 Y-32.057
X39.245 Y-31.892
X38.897 Y-31.717
X38.467 Y-31.535
X37.929 Y-31.347
X37.227 Y-31.15
X36.335 Y-30.962
X35.433 Y-30.826
X34.527 Y-30.729
X33.618 Y-30.658
X32.707 Y-30.606
X31.796 Y-30.568
X30.885 Y-30.539
X29.974 Y-30.494
X29.063 Y-30.479
X28.151 Y-30.471
X26.783 Y-30.467
G3 X26.198 Y-30.913 R0.635
G1 X26.168 Y-31.008 Z-4.572
X26.139 Y-31.101 Z-4.549
X26.112 Y-31.189 Z-4.511
X26.087 Y-31.27 Z-4.459
X26.065 Y-31.342 Z-4.394
X26.045 Y-31.404 Z-4.318
X26.03 Y-31.454 Z-4.233
X26.019 Y-31.49 Z-4.141
X26.012 Y-31.512 Z-4.044
X26.009 Y-31.52 Z-3.945
G0 Z5.
X40.863 Y-33.336
Z-1.945
G1 Z-2.58 F3048.
Z-4.58
G3 X40.968 Y-33.594 R0.196
X41.219 Y-33.502 R0.196
G1 X41.287 Y-33.355
X41.466 Y-33.055
X41.547 Y-32.829
X41.589 Y-32.556
X41.577 Y-32.237
X41.491 Y-31.873
X41.212 Y-31.586
X40.895 Y-31.301
X40.532 Y-31.013
X40.142 Y-30.744
X39.684 Y-30.468
X39.143 Y-30.187
X38.556 Y-29.93
X38.198 Y-29.799
X38.005 Y-29.736
X37.196 Y-29.482
X36.311 Y-29.265
X35.414 Y-29.097
X34.512 Y-28.968
X33.605 Y-28.869
X32.697 Y-28.792
X31.787 Y-28.727
X30.88 Y-28.639
X29.969 Y-28.593
X29.057 Y-28.575
X28.487 Y-28.57
X27.804 Y-28.566
X27.578 Y-28.532
X27.36 Y-28.467
X27.153 Y-28.371
X26.962 Y-28.246
X26.877 Y-28.17
X26.797 Y-28.089
X26.723 Y-28.002
X26.656 Y-27.91
X26.595 Y-27.814
X26.542 Y-27.713
G3 X25.872 Y-27.407 R0.635
G1 X25.775 Y-27.425 Z-4.572
X25.68 Y-27.444 Z-4.549
X25.589 Y-27.461 Z-4.511
X25.506 Y-27.477 Z-4.459
X25.431 Y-27.491 Z-4.394
X25.368 Y-27.504 Z-4.318
X25.317 Y-27.513 Z-4.233
X25.279 Y-27.52 Z-4.141
X25.256 Y-27.525 Z-4.044
X25.249 Y-27.526 Z-3.945
G0 Z5.
X27.214 Y-22.342
Z1.095
G1 Z0.46 F3048.
Z-4.58 F1500.
X27.441 Y-22.355 F3048.
X27.665 Y-22.401
X28.522 Y-22.711
X29.261 Y-23.246
X29.668 Y-23.638
X30.349 Y-24.08
X31.194 Y-24.421
X32.074 Y-24.66
X32.968 Y-24.839
X33.87 Y-24.977
X34.775 Y-25.083
X35.23 Y-25.123
X35.343 Y-25.133
X36.253 Y-25.187
X37.164 Y-25.233
X38.075 Y-25.271
X38.986 Y-25.302
X39.897 Y-25.346
X40.809 Y-25.367
X41.72 Y-25.392
X42.746 Y-25.403
X43.658 Y-25.408
G3 X44.245 Y-24.964 R0.635
G1 X44.274 Y-24.869 Z-4.572
X44.303 Y-24.777 Z-4.549
X44.331 Y-24.689 Z-4.511
X44.356 Y-24.608 Z-4.459
X44.379 Y-24.536 Z-4.394
X44.399 Y-24.474 Z-4.318
X44.414 Y-24.424 Z-4.233
X44.426 Y-24.388 Z-4.141
X44.433 Y-24.366 Z-4.044
X44.435 Y-24.358 Z-3.945
G0 Z5.
X44.533 Y-27.283
Z1.095
G1 Z0.46 F3048.
Z-4.58 F1500.
X44.406 Y-27.221 F3048.
X44.272 Y-27.154
X44.107 Y-27.112
X43.91 Y-27.1
X43.673 Y-27.131
X43.399 Y-27.224
X43.081 Y-27.404
X42.67 Y-27.756
X42.216 Y-28.327
X42.014 Y-28.715
X41.928 Y-28.926
X41.889 Y-29.033
X41.736 Y-29.462
X41.675 Y-29.682
X41.583 Y-29.891
X41.462 Y-30.084
X41.388 Y-30.171
X41.309 Y-30.252
X41.223 Y-30.328
X41.133 Y-30.397
X41.037 Y-30.459
X40.938 Y-30.515
X40.92 Y-30.525
X40.555 Y-30.579
X40.065 Y-30.651
X40.037 Y-30.662
X40.017 Y-30.683
X40.007 Y-30.711
X40.01 Y-30.741
X40.025 Y-30.766
X40.05 Y-30.783
X40.079 Y-30.788
X40.108 Y-30.779
X40.13 Y-30.76
X40.142 Y-30.744
X40.22 Y-30.632
X40.308 Y-30.511
X40.37 Y-30.363
X40.41 Y-30.169
X40.413 Y-29.937
X40.364 Y-29.668
X40.242 Y-29.357
X40.028 Y-29.018
X39.68 Y-28.648
X39.098 Y-28.229
X38.27 Y-27.847
X38.052 Y-27.78
X37.067 Y-27.495
X36.175 Y-27.305
X35.275 Y-27.156
X34.371 Y-27.04
X33.464 Y-26.948
X32.555 Y-26.873
X31.647 Y-26.797
X30.737 Y-26.728
X29.826 Y-26.689
X29.371 Y-26.679
X28.801 Y-26.672
X28.576 Y-26.636
X28.358 Y-26.569
X28.152 Y-26.471
X27.962 Y-26.345
X27.792 Y-26.193
X27.646 Y-26.018
X27.526 Y-25.824
X27.436 Y-25.615
X27.376 Y-25.395
X27.348 Y-25.169
X27.353 Y-24.941
X27.391 Y-24.716
X27.461 Y-24.499
X27.56 Y-24.294
X27.689 Y-24.105
X27.842 Y-23.937
X28.019 Y-23.793
X28.214 Y-23.675
X28.424 Y-23.587
X28.645 Y-23.529
X28.871 Y-23.504
X29.099 Y-23.511
X29.323 Y-23.551
X29.54 Y-23.623
X29.744 Y-23.725
X29.931 Y-23.855
X30.098 Y-24.01
X30.24 Y-24.188
X30.356 Y-24.384
X30.442 Y-24.595
X30.498 Y-24.816
X30.521 Y-25.043
X30.511 Y-25.271
X30.469 Y-25.495
X30.395 Y-25.711
X30.291 Y-25.913
X30.159 Y-26.099
X30.002 Y-26.264
X29.823 Y-26.405
X29.724 Y-26.462
X29.621 Y-26.512
X29.515 Y-26.554
X29.407 Y-26.588
X29.296 Y-26.615
X29.184 Y-26.633
X28.957 Y-26.654
X28.843 Y-26.648
X28.617 Y-26.62
X28.507 Y-26.59
X28.292 Y-26.514
X28.191 Y-26.461
X28.094 Y-26.401
X28.002 Y-26.334
X27.827 Y-26.188
X27.751 Y-26.103
X27.682 Y-26.012
X27.619 Y-25.917
X27.563 Y-25.818
X27.514 Y-25.715
X27.473 Y-25.609
X27.439 Y-25.5
X27.414 Y-25.389
X27.397 Y-25.276
X27.387 Y-25.162
X27.386 Y-25.048
X27.393 Y-24.935
X27.408 Y-24.822
X27.431 Y-24.71
X27.463 Y-24.6
X27.501 Y-24.493
X27.548 Y-24.389
X27.602 Y-24.289
X27.663 Y-24.192
X27.731 Y-24.101
X27.805 Y-24.014
X27.885 Y-23.933
X27.971 Y-23.858
X28.061 Y-23.789
X28.157 Y-23.727
X28.257 Y-23.672
X28.36 Y-23.624
X28.425 Y-23.587
X28.485 Y-23.542
X28.534 Y-23.483 Z-4.575
X28.581 Y-23.425 Z-4.562
X28.628 Y-23.369 Z-4.539
X28.654 Y-23.293 Z-4.501
X28.679 Y-23.222 Z-4.453
X28.701 Y-23.159 Z-4.394
X28.706 Y-23.104 Z-4.332
X28.709 Y-23.058 Z-4.263
Y-23.057 Z-4.261
X28.707 Y-23.021 Z-4.187
X28.705 Y-22.995 Z-4.109
X28.704 Y-22.979 Z-4.028
Y-22.973 Z-3.945
G0 Z5.
X38.986 Y-25.302
Z1.095
G1 Z0.46 F3048.
Z-4.58 F1500.
X38.983 Y-25.389 F3048.
X38.964 Y-25.602
X38.982 Y-25.773
X39.042 Y-25.972
X39.159 Y-26.193
X39.35 Y-26.43
X39.64 Y-26.676
X40.081 Y-26.922
X40.805 Y-27.161
X40.918 Y-27.175
X41.031 Y-27.188
X41.081 Y-27.19
X41.082
X41.181 Y-27.182
X41.253 Y-27.157 Z-4.575
X41.324 Y-27.133 Z-4.562
X41.392 Y-27.109 Z-4.539
X41.455 Y-27.058 Z-4.501
X41.513 Y-27.01 Z-4.453
X41.565 Y-26.967 Z-4.394
X41.599 Y-26.913 Z-4.318
X41.627 Y-26.869 Z-4.233
X41.647 Y-26.837 Z-4.141
X41.659 Y-26.817 Z-4.045
X41.663 Y-26.81 Z-3.945
G0 Z5.
X-0.642 Y-63.148
Z-5.754
G1 Z-6.389 F3048.
X-0.64 Y-63.141 Z-6.488
X-0.634 Y-63.118 Z-6.585
X-0.625 Y-63.081 Z-6.677
X-0.612 Y-63.031 Z-6.762
X-0.596 Y-62.968 Z-6.838
X-0.577 Y-62.895 Z-6.903
X-0.556 Y-62.813 Z-6.955
X-0.533 Y-62.723 Z-6.993
X-0.509 Y-62.63 Z-7.016
X-0.484 Y-62.533 Z-7.024
G3 X0.013 Y-59.076 R16.211
G1 Y-58.962
X-0.349 Y-58.125
X-0.612 Y-57.253
X-0.802 Y-56.361
X-0.937 Y-55.459
X-1.031 Y-54.552
X-1.098 Y-53.643
X-1.144 Y-52.732
X-1.176 Y-51.821
X-1.198 Y-50.909
X-1.213 Y-49.997
X-1.224 Y-49.086
X-1.231 Y-48.174
X-1.236 Y-47.262
X-1.24 Y-46.35
X-1.244 Y-44.527
X-1.247 Y-40.879
X-1.253 Y-19.908
X-1.255 Y-8.966
X-1.256 Y-2.583
X-1.164 Y-2.137
X-0.787 Y-1.307
X-0.169 Y-0.636
X0.581 Y-0.118
X1.406 Y0.27
X2.272 Y0.555
X3.161 Y0.76
X4.061 Y0.906
X4.967 Y1.009
X5.876 Y1.081
X6.786 Y1.132
X7.697 Y1.166
X8.609 Y1.191
X9.52 Y1.207
X10.432 Y1.219
X11.344 Y1.227
X12.256 Y1.232
X13.167 Y1.236
X14.991 Y1.241
X17.727 Y1.244
X26.845 Y1.248
X41.434 Y1.251
X66.053 Y1.256
X66.496 Y1.151
X67.318 Y0.756
X67.98 Y0.129
X68.49 Y-0.627
X68.872 Y-1.455
X69.152 Y-2.323
X69.353 Y-3.212
X69.497 Y-4.113
X69.597 Y-5.019
X69.668 Y-5.928
X69.717 Y-6.838
X69.751 Y-7.75
X69.775 Y-8.661
X69.791 Y-9.573
X69.803 Y-10.484
X69.811 Y-11.396
X69.816 Y-12.308
X69.82 Y-13.22
X69.824 Y-15.043
X69.828 Y-17.779
X69.83 Y-23.25
X69.836 Y-53.34
X69.733 Y-53.784
X69.342 Y-54.607
X68.716 Y-55.27
X67.961 Y-55.782
X67.134 Y-56.165
X66.266 Y-56.446
X65.377 Y-56.648
X64.477 Y-56.792
X63.571 Y-56.893
X62.662 Y-56.964
X61.751 Y-57.014
X60.84 Y-57.048
X59.929 Y-57.072
X59.017 Y-57.088
X58.105 Y-57.099
X57.193 Y-57.107
X56.282 Y-57.113
X55.37 Y-57.117
X53.546 Y-57.121
X50.811 Y-57.124
X41.693 Y-57.128
X5.22 Y-57.136
X4.764 Y-57.129
X4.316 Y-57.044
X3.47 Y-56.704
X2.767 Y-56.123
X2.522 Y-55.887
X2.156 Y-55.649
X1.589 Y-55.42
X1.365 Y-55.376
X1.15 Y-55.301
X0.948 Y-55.196
X0.763 Y-55.063
X0.599 Y-54.905
X0.459 Y-54.724
X0.347 Y-54.526
X0.264 Y-54.314
X0.212 Y-54.092
X0.135 Y-53.183
X0.291 Y-52.436
X0.42 Y-51.533
X0.502 Y-50.625
X0.556 Y-49.715
X0.591 Y-48.803
X0.614 Y-47.892
X0.629 Y-46.98
X0.639 Y-46.068
X0.645 Y-45.157
X0.65 Y-44.245
X0.654 Y-42.421
X0.656 Y-39.686
X0.654 Y-26.92
X0.649 Y-5.037
X0.671 Y-4.125
X0.674 Y-3.214
X0.721 Y-2.99
X0.799 Y-2.776
X1.015 Y-2.375
X1.095 Y-2.294
X1.432 Y-1.986
X2.197 Y-1.49
X3.069 Y-1.224
X3.963 Y-1.044
X4.866 Y-0.922
X5.774 Y-0.839
X6.685 Y-0.783
X7.596 Y-0.744
X8.507 Y-0.718
X9.419 Y-0.7
X10.33 Y-0.689
X11.242 Y-0.682
X12.154 Y-0.677
X13.978 Y-0.669
X15.801 Y-0.665
X18.537 Y-0.661
X24.919 Y-0.658
X48.626 Y-0.653
X63.215 Y-0.649
X64.127 Y-0.671
X65.039 Y-0.674
X65.494 Y-0.688
X65.712 Y-0.756
X65.918 Y-0.853
X66.299 Y-1.104
X66.375 Y-1.189
X66.959 Y-1.889
X67.279 Y-2.743
X67.483 Y-3.632
X67.621 Y-4.533
X67.716 Y-5.44
X67.781 Y-6.349
X67.825 Y-7.26
X67.856 Y-8.171
X67.877 Y-9.083
X67.891 Y-9.995
X67.898 Y-10.906
X67.904 Y-11.818
X67.912 Y-13.642
X67.918 Y-15.466
X67.922 Y-18.201
X67.925 Y-23.672
X67.927 Y-33.702
X67.931 Y-50.114
X67.909 Y-51.026
X67.906 Y-51.938
Y-52.394
X67.876 Y-52.849
X67.799 Y-53.063
X67.697 Y-53.267
X67.437 Y-53.642
X66.742 Y-54.232
X65.891 Y-54.558
X65.004 Y-54.77
X64.103 Y-54.911
X63.196 Y-55.008
X62.287 Y-55.074
X61.376 Y-55.12
X60.465 Y-55.151
X59.553 Y-55.172
X58.642 Y-55.187
X57.73 Y-55.194
X56.818 Y-55.2
X55.906 Y-55.205
X54.083 Y-55.212
X51.347 Y-55.217
X46.788 Y-55.221
X37.67 Y-55.223
X7.58 Y-55.23
X6.669 Y-55.208
X5.757 Y-55.205
X5.301 Y-55.198
X4.855 Y-55.105
X4.044 Y-54.687
X3.313 Y-54.142
X2.903 Y-53.943
X2.691 Y-53.859
X2.493 Y-53.746
X2.313 Y-53.607
X2.154 Y-53.443
X2.021 Y-53.258
X1.916 Y-53.056
X1.84 Y-52.841
X1.796 Y-52.617
X1.751 Y-51.706
X1.774 Y-51.622
X1.961 Y-50.928
X2.14 Y-50.034
X2.266 Y-49.131
X2.354 Y-48.224
X2.416 Y-47.314
X2.46 Y-46.403
X2.49 Y-45.492
X2.512 Y-44.58
X2.527 Y-43.669
X2.537 Y-42.757
X2.545 Y-41.845
X2.55 Y-40.933
X2.553 Y-40.022
X2.556 Y-39.11
X2.559 Y-36.374
Y-30.903
X2.554 Y-5.373
X2.569 Y-4.461
X2.571 Y-4.233
X2.602 Y-4.007
X2.665 Y-3.788
X2.758 Y-3.58
X2.88 Y-3.388
X3.029 Y-3.215
X3.201 Y-3.065
X3.392 Y-2.941
X3.599 Y-2.846
X4.474 Y-2.589
X5.386 Y-2.612
X6.297 Y-2.618
X7.209 Y-2.615
X10.856 Y-2.59
X11.768 Y-2.584
X13.592 Y-2.576
X15.415 Y-2.571
X17.239 Y-2.568
X21.798 Y-2.564
X62.83 Y-2.554
X63.741 Y-2.569
X64.197 Y-2.573
X64.425 Y-2.576
X64.65 Y-2.611
X64.868 Y-2.679
X65.074 Y-2.776
X65.264 Y-2.903
X65.433 Y-3.055
X65.58 Y-3.23
X65.699 Y-3.424
X65.79 Y-3.633
X66.028 Y-4.513
X65.995 Y-5.425
X65.982 Y-6.336
X65.979 Y-7.248
X65.982 Y-8.16
X66.004 Y-12.719
X66.01 Y-14.543
X66.016 Y-17.278
X66.019 Y-21.837
X66.026 Y-49.191
X66.023 Y-50.103
X66.006 Y-51.015
X66.004 Y-51.471
X66.001 Y-51.699
X65.965 Y-51.924
X65.897 Y-52.142
X65.799 Y-52.347
X65.672 Y-52.537
X65.52 Y-52.706
X65.345 Y-52.852
X65.15 Y-52.971
X64.941 Y-53.062
X64.06 Y-53.299
X63.149 Y-53.274
X62.237 Y-53.266
X61.325 Y-53.268
X56.766 Y-53.295
X54.943 Y-53.304
X53.119 Y-53.309
X50.384 Y-53.313
X44.913 Y-53.317
X12.088 Y-53.324
X8.44 Y-53.325
X7.529 Y-53.321
X6.617 Y-53.305
X6.161 Y-53.302
X5.711 Y-53.23
X4.86 Y-52.902
X4.473 Y-52.661
X4.273 Y-52.552
X4.091 Y-52.415
X3.93 Y-52.253
X3.794 Y-52.07
X3.686 Y-51.869
X3.608 Y-51.655
X3.561 Y-51.432
X3.546 Y-51.205
X3.619 Y-50.296
X3.836 Y-49.442
X4.003 Y-48.545
X4.127 Y-47.642
X4.218 Y-46.735
X4.285 Y-45.825
X4.334 Y-44.915
X4.37 Y-44.004
X4.396 Y-43.092
X4.416 Y-42.181
X4.43 Y-41.269
X4.44 Y-40.357
X4.447 Y-39.445
X4.452 Y-38.534
X4.456 Y-37.622
X4.46 Y-35.798
X4.463 Y-33.063
X4.464 Y-26.68
X4.46 Y-10.267
X4.459 Y-5.708
X4.465 Y-5.252
X4.477 Y-5.025
X4.521 Y-4.801
X4.598 Y-4.586
X4.704 Y-4.385
X4.838 Y-4.2
X4.997 Y-4.037
X5.178 Y-3.898
X5.377 Y-3.787
X5.589 Y-3.705
X5.812 Y-3.654
X6.039 Y-3.636
X6.949 Y-3.694
X7.439 Y-3.847
X8.093 Y-4.007
X8.991 Y-4.167
X9.896 Y-4.27
X10.806 Y-4.339
X11.716 Y-4.384
X12.628 Y-4.413
X13.539 Y-4.433
X14.451 Y-4.446
X15.363 Y-4.454
X16.275 Y-4.46
X17.186 Y-4.463
X19.01 Y-4.467
X22.657 Y-4.468
X49.1 Y-4.462
X61.865 Y-4.46
X62.777 Y-4.461
X63.461 Y-4.469
X63.686 Y-4.505
X63.904 Y-4.572
X64.11 Y-4.67
X64.3 Y-4.796
X64.47 Y-4.948
X64.616 Y-5.123
X64.736 Y-5.317
X64.826 Y-5.526
X64.886 Y-5.746
X64.914 Y-5.972
X64.894 Y-6.884
X64.739 Y-7.377
X64.578 Y-8.038
X64.418 Y-8.935
X64.314 Y-9.841
X64.245 Y-10.75
X64.2 Y-11.661
X64.17 Y-12.572
X64.15 Y-13.484
X64.137 Y-14.396
X64.129 Y-15.308
X64.123 Y-16.219
X64.12 Y-17.131
X64.117 Y-18.955
X64.115 Y-22.602
X64.119 Y-39.926
X64.121 Y-49.045
X64.118 Y-49.956
X64.111 Y-50.412
X64.108 Y-50.64
X64.097 Y-50.868
X64.053 Y-51.092
X63.978 Y-51.307
X63.873 Y-51.509
X63.74 Y-51.694
X63.582 Y-51.858
X63.402 Y-51.998
X63.204 Y-52.111
X62.991 Y-52.194
X62.769 Y-52.245
X62.542 Y-52.265
X61.632 Y-52.211
X61.162 Y-52.059
X60.536 Y-51.899
X59.656 Y-51.734
X58.751 Y-51.623
X57.842 Y-51.55
X56.932 Y-51.502
X56.021 Y-51.47
X55.109 Y-51.449
X54.197 Y-51.436
X53.286 Y-51.427
X52.374 Y-51.421
X51.462 Y-51.417
X49.638 Y-51.414
X46.903 Y-51.412
X25.019 Y-51.416
X8.607 Y-51.42
X7.695 Y-51.416
X6.783 Y-51.403
X6.335 Y-51.321
X6.119 Y-51.246
X5.909 Y-51.16
X5.712 Y-51.044
X5.535 Y-50.901
X5.379 Y-50.734
X5.25 Y-50.547
X5.148 Y-50.343
X5.077 Y-50.126
X5.037 Y-49.902
X5.03 Y-49.674
X5.133 Y-48.768
X5.321 Y-48.309
X5.514 Y-47.739
X5.714 Y-46.995
X5.893 Y-46.101
X6.023 Y-45.198
X6.117 Y-44.291
X6.185 Y-43.382
X6.235 Y-42.471
X6.272 Y-41.56
X6.298 Y-40.649
X6.318 Y-39.737
X6.332 Y-38.826
X6.343 Y-37.914
X6.35 Y-37.002
X6.356 Y-36.09
X6.36 Y-35.178
X6.364 Y-33.355
X6.367 Y-30.619
X6.368 Y-25.148
X6.367 Y-20.589
X6.364 Y-6.456
X6.365 Y-6.228
X6.368 Y-6.
X6.403 Y-5.775
X6.471 Y-5.557
X6.568 Y-5.352
X6.695 Y-5.162
X6.847 Y-4.992
X7.022 Y-4.846
X7.216 Y-4.726
X7.425 Y-4.636
X7.645 Y-4.576
X7.871 Y-4.548
X8.099 Y-4.553
X8.324 Y-4.591
X9.192 Y-4.869
X9.4 Y-5.004
X9.657 Y-5.15
X9.972 Y-5.302
X10.37 Y-5.464
X10.875 Y-5.633
X11.538 Y-5.808
X12.432 Y-5.985
X13.336 Y-6.105
X14.244 Y-6.188
X15.154 Y-6.245
X16.065 Y-6.284
X16.976 Y-6.312
X17.888 Y-6.331
X18.8 Y-6.344
X19.712 Y-6.353
X20.623 Y-6.359
X21.535 Y-6.364
X23.359 Y-6.369
X26.094 Y-6.371
X33.389
X41.595 Y-6.369
X61.655 Y-6.365
X62.111
X62.339 Y-6.366
X62.567 Y-6.369
X62.792 Y-6.405
X63.01 Y-6.473
X63.215 Y-6.57
X63.405 Y-6.697
X63.575 Y-6.849
X63.721 Y-7.024
X63.84 Y-7.218
X63.931 Y-7.428
X63.99 Y-7.648
X64.017 Y-7.874
X64.012 Y-8.102
X63.974 Y-8.327
X63.696 Y-9.195
X63.558 Y-9.409
X63.413 Y-9.672
X63.259 Y-9.997
X63.096 Y-10.406
X62.926 Y-10.93
X62.75 Y-11.618
X62.582 Y-12.514
X62.467 Y-13.419
X62.387 Y-14.327
X62.333 Y-15.237
X62.295 Y-16.148
X62.268 Y-17.06
X62.25 Y-17.972
X62.238 Y-18.883
X62.229 Y-19.795
X62.223 Y-20.707
X62.219 Y-21.619
X62.214 Y-23.442
X62.212 Y-26.178
Y-33.472
Y-34.384
X62.215 Y-48.973
X62.214 Y-49.429
X62.212 Y-49.657
X62.209 Y-49.885
X62.173 Y-50.11
X62.105 Y-50.328
X62.007 Y-50.533
X61.881 Y-50.723
X61.728 Y-50.893
X61.553 Y-51.039
X61.359 Y-51.158
X61.15 Y-51.248
X60.93 Y-51.308
X60.704 Y-51.335
X60.476 Y-51.33
X60.251 Y-51.292
X59.383 Y-51.013
X59.173 Y-50.876
X58.915 Y-50.73
X58.597 Y-50.577
X58.197 Y-50.415
X57.687 Y-50.245
X57.021 Y-50.069
X56.126 Y-49.894
X55.222 Y-49.774
X54.314 Y-49.692
X53.404 Y-49.635
X52.493 Y-49.595
X51.582 Y-49.568
X50.67 Y-49.549
X49.758 Y-49.536
X48.847 Y-49.527
X47.935 Y-49.521
X47.023 Y-49.516
X45.199 Y-49.511
X42.464 Y-49.509
X35.169
X27.875 Y-49.511
X8.727 Y-49.515
X7.815 Y-49.511
X7.587 Y-49.502
X7.361 Y-49.477
X7.14 Y-49.42
X6.93 Y-49.332
X6.734 Y-49.215
X6.558 Y-49.071
X6.403 Y-48.903
X6.275 Y-48.715
X6.175 Y-48.51
X6.105 Y-48.293
X6.067 Y-48.068
X6.061 Y-47.84
X6.088 Y-47.614
X6.147 Y-47.394
X6.508 Y-46.557
X6.656 Y-46.352
X6.806 Y-46.113
X6.971 Y-45.81
X7.141 Y-45.442
X7.323 Y-44.973
X7.509 Y-44.382
X7.703 Y-43.594
X7.863 Y-42.696
X7.978 Y-41.792
X8.06 Y-40.883
X8.119 Y-39.973
X8.162 Y-39.063
X8.193 Y-38.151
X8.215 Y-37.24
X8.232 Y-36.328
X8.243 Y-35.416
X8.252 Y-34.505
X8.258 Y-33.593
X8.263 Y-32.681
X8.268 Y-30.857
X8.272 Y-28.122
X8.273 Y-22.651
X8.272 Y-20.828
X8.27 Y-7.15
X8.271 Y-6.922
X8.304 Y-6.697
X8.369 Y-6.479
X8.466 Y-6.272
X8.59 Y-6.081
X8.741 Y-5.91
X8.915 Y-5.762
X9.108 Y-5.641
X9.316 Y-5.549
X9.535 Y-5.487
X9.761 Y-5.457
X9.989 Y-5.461
X10.214 Y-5.496
X10.432 Y-5.564
X10.638 Y-5.662
X10.827 Y-5.789
X10.997 Y-5.941
X11.197 Y-6.182
X11.306 Y-6.296
X11.447 Y-6.427
X11.61 Y-6.56
X11.812 Y-6.704
X12.066 Y-6.862
X12.363 Y-7.021
X12.743 Y-7.194
X13.204 Y-7.37
X13.801 Y-7.554
X14.592 Y-7.744
X15.49 Y-7.9
X16.395 Y-8.01
X17.304 Y-8.088
X18.214 Y-8.143
X19.125 Y-8.182
X20.036 Y-8.21
X20.948 Y-8.23
X21.86 Y-8.244
X22.771 Y-8.254
X23.683 Y-8.261
X24.595 Y-8.265
X25.507 Y-8.269
X27.331 Y-8.273
X30.066 Y-8.275
X37.36
X43.743 Y-8.274
X61.41 Y-8.27
X61.637 Y-8.271
X61.863 Y-8.304
X62.081 Y-8.37
X62.288 Y-8.466
X62.479 Y-8.591
X62.65 Y-8.741
X62.798 Y-8.915
X62.919 Y-9.108
X63.011 Y-9.316
X63.073 Y-9.536
X63.102 Y-9.762
X63.099 Y-9.99
X63.064 Y-10.215
X62.996 Y-10.433
X62.898 Y-10.638
X62.771 Y-10.828
X62.619 Y-10.997
X62.399 Y-11.181
X62.286 Y-11.288
X62.158 Y-11.426
X62.021 Y-11.594
X61.879 Y-11.793
X61.722 Y-12.045
X61.561 Y-12.345
X61.389 Y-12.722
X61.213 Y-13.185
X61.028 Y-13.782
X60.838 Y-14.573
X60.683 Y-15.471
X60.573 Y-16.376
X60.495 Y-17.285
X60.44 Y-18.195
X60.401 Y-19.106
X60.373 Y-20.017
X60.354 Y-20.929
X60.34 Y-21.841
X60.33 Y-22.752
X60.323 Y-23.664
X60.318 Y-24.576
X60.314 Y-25.488
X60.31 Y-27.311
X60.308 Y-30.047
Y-37.341
Y-39.165
X60.31 Y-48.511
X60.308 Y-48.967
X60.274 Y-49.192
X60.207 Y-49.41
X60.111 Y-49.617
X59.985 Y-49.807
X59.834 Y-49.978
X59.66 Y-50.125
X59.466 Y-50.246
X59.258 Y-50.337
X59.038 Y-50.398
X58.812 Y-50.427
X58.584 Y-50.423
X58.359 Y-50.386
X58.142 Y-50.318
X57.936 Y-50.219
X57.747 Y-50.092
X57.578 Y-49.939
X57.385 Y-49.705
X57.277 Y-49.592
X57.139 Y-49.462
X56.976 Y-49.328
X56.777 Y-49.185
X56.525 Y-49.027
X56.231 Y-48.868
X55.855 Y-48.696
X55.399 Y-48.52
X54.81 Y-48.336
X54.031 Y-48.146
X53.133 Y-47.987
X52.228 Y-47.875
X51.32 Y-47.796
X50.41 Y-47.74
X49.499 Y-47.7
X48.587 Y-47.672
X47.676 Y-47.651
X46.764 Y-47.637
X45.852 Y-47.627
X44.94 Y-47.62
X44.029 Y-47.615
X43.117 Y-47.611
X41.293 Y-47.607
X38.558 Y-47.605
X31.263
X21.233 Y-47.607
X9.38 Y-47.61
X8.696 Y-47.608
X8.468 Y-47.605
X8.243 Y-47.57
X8.025 Y-47.502
X7.819 Y-47.405
X7.629 Y-47.278
X7.46 Y-47.126
X7.314 Y-46.951
X7.194 Y-46.757
X7.103 Y-46.548
X7.074 Y-46.438
X7.052 Y-46.326
X7.038 Y-46.213
X7.032 Y-46.099
X7.035 Y-45.985
X7.046 Y-45.871
X7.065 Y-45.759
X7.118 Y-45.538
X7.203 Y-45.326
X7.318 Y-45.129
X7.459 Y-44.95
X7.625 Y-44.793
X7.826 Y-44.651
X7.943 Y-44.557
X8.07 Y-44.439
X8.197 Y-44.306
X8.338 Y-44.138
X8.494 Y-43.926
X8.65 Y-43.681
X8.821 Y-43.372
X8.998 Y-42.998
X9.185 Y-42.524
X9.376 Y-41.936
X9.574 Y-41.157
X9.741 Y-40.261
X9.861 Y-39.357
X9.948 Y-38.449
X10.011 Y-37.54
X10.057 Y-36.629
X10.09 Y-35.718
X10.114 Y-34.806
X10.132 Y-33.895
X10.145 Y-32.983
X10.154 Y-32.071
X10.161 Y-31.159
X10.166 Y-30.248
X10.169 Y-29.336
X10.174 Y-27.512
X10.176 Y-24.777
X10.177 Y-18.394
X10.175 Y-11.1
Y-7.908
X10.186 Y-7.795
G3 X9.8 Y-7.168 R0.635
G1 X9.708 Y-7.129 Z-7.016
X9.619 Y-7.092 Z-6.993
X9.534 Y-7.056 Z-6.955
X9.456 Y-7.023 Z-6.903
X9.386 Y-6.993 Z-6.838
X9.327 Y-6.968 Z-6.762
X9.279 Y-6.948 Z-6.677
X9.244 Y-6.933 Z-6.585
X9.222 Y-6.924 Z-6.488
X9.215 Y-6.921 Z-6.389
G0 Z5.
X62.923 Y-10.707
Z-4.389
G1 Z-5.024 F3048.
Z-7.024
G3 X63.439 Y-10.502 R0.393
X63.259 Y-9.997 R0.393
G1 X63.077 Y-9.911
X62.913 Y-9.822
X62.662 Y-9.743
X62.364 Y-9.709
X62.021 Y-9.736
X61.633 Y-9.844
X61.203 Y-10.058
X60.873 Y-10.488
X60.563 Y-10.949
X60.27 Y-11.451
X59.978 Y-12.038
X59.693 Y-12.711
X59.433 Y-13.46
X59.188 Y-14.338
X58.998 Y-15.23
X58.852 Y-16.13
X58.74 Y-17.035
X58.654 Y-17.943
X58.59 Y-18.852
X58.541 Y-19.763
X58.505 Y-20.674
X58.478 Y-21.585
X58.457 Y-22.497
X58.442 Y-23.408
X58.431 Y-24.32
X58.423 Y-25.232
X58.417 Y-26.144
X58.413 Y-27.056
X58.408 Y-28.879
X58.404 Y-31.615
X58.403 Y-37.085
X58.405 Y-47.913
X58.401 Y-48.027
G3 X58.829 Y-48.626 R0.635
G1 X58.923 Y-48.659 Z-7.016
X59.015 Y-48.69 Z-6.993
X59.102 Y-48.72 Z-6.955
X59.182 Y-48.748 Z-6.903
X59.254 Y-48.772 Z-6.838
X59.315 Y-48.794 Z-6.762
X59.364 Y-48.81 Z-6.677
X59.4 Y-48.823 Z-6.585
X59.422 Y-48.83 Z-6.488
X59.43 Y-48.833 Z-6.389
G0 Z5.
X6.976 Y-45.799
Z-4.389
G1 Z-5.024 F3048.
Z-7.024
G2 X6.89 Y-45.535 R0.196
X7.141 Y-45.442 R0.196
G1 X7.294 Y-45.513
X7.606 Y-45.7
X7.832 Y-45.782
X8.103 Y-45.824
X8.418 Y-45.813
X8.776 Y-45.73
X9.18 Y-45.55
X9.502 Y-45.147
X9.812 Y-44.704
X10.1 Y-44.229
X10.393 Y-43.67
X10.681 Y-43.02
X10.946 Y-42.303
X11.207 Y-41.43
X11.411 Y-40.541
X11.57 Y-39.643
X11.693 Y-38.74
X11.787 Y-37.833
X11.86 Y-36.924
X11.915 Y-36.014
X11.957 Y-35.103
X11.989 Y-34.192
X12.013 Y-33.28
X12.031 Y-32.369
X12.044 Y-31.457
X12.054 Y-30.545
X12.062 Y-29.633
X12.067 Y-28.721
X12.072 Y-27.81
X12.077 Y-25.986
X12.08 Y-23.251
X12.081 Y-17.78
X12.08 Y-8.89
X12.113 Y-8.664
X12.177 Y-8.445
X12.272 Y-8.238
X12.334 Y-8.143
X12.403 Y-8.052
X12.478 Y-7.966
X12.559 Y-7.886
X12.645 Y-7.811
X12.737 Y-7.744
X12.793 Y-7.693
X12.843 Y-7.637
X12.878 Y-7.57 Z-7.019
X12.913 Y-7.504 Z-7.006
X12.947 Y-7.439 Z-6.983
X12.957 Y-7.371 Z-6.952
X12.968 Y-7.307 Z-6.912
X12.977 Y-7.247 Z-6.866
Z-6.865
X12.966 Y-7.185 Z-6.801
X12.957 Y-7.133 Z-6.729
X12.95 Y-7.091 Z-6.65
X12.945 Y-7.061 Z-6.566
X12.942 Y-7.042 Z-6.479
X12.941 Y-7.036 Z-6.39
G0 Z5.
X56.231 Y-48.868
Z-1.445
G1 Z-2.08 F3048.
Z-7.024 F1500.
X56.293 Y-48.753 F3048.
X56.367 Y-48.622
X56.412 Y-48.467
X56.428 Y-48.278
X56.405 Y-48.053
X56.21 Y-47.873
X55.997 Y-47.701
X55.734 Y-47.513
X55.414 Y-47.316
X55.046 Y-47.12
X54.591 Y-46.913
X54.035 Y-46.703
X53.349 Y-46.493
X52.462 Y-46.282
X51.564 Y-46.127
X50.659 Y-46.013
X49.751 Y-45.929
X48.841 Y-45.867
X47.931 Y-45.821
X47.019 Y-45.788
X46.108 Y-45.764
X45.196 Y-45.746
X44.285 Y-45.733
X43.373 Y-45.723
X42.461 Y-45.716
X41.549 Y-45.711
X40.637 Y-45.708
X38.814 Y-45.703
X36.078 Y-45.701
X29.696 Y-45.7
X11.118 Y-45.704
G3 X10.533 Y-46.152 R0.635
G1 X10.504 Y-46.247 Z-7.016
X10.475 Y-46.34 Z-6.993
X10.448 Y-46.428 Z-6.955
X10.423 Y-46.509 Z-6.903
X10.401 Y-46.581 Z-6.838
X10.382 Y-46.643 Z-6.762
X10.366 Y-46.693 Z-6.677
X10.355 Y-46.729 Z-6.585
X10.348 Y-46.751 Z-6.488
X10.346 Y-46.759 Z-6.389
G0 Z5.
X59.978 Y-12.038
Z-1.445
G1 Z-2.08 F3048.
Z-7.024 F1500.
X59.851 Y-11.974 F3048.
X59.709 Y-12.021
X59.573 Y-12.086
X59.444 Y-12.162
X59.319 Y-12.248
X59.175 Y-12.362
X59.021 Y-12.501
X58.865 Y-12.661
X58.688 Y-12.866
X58.504 Y-13.111
X58.313 Y-13.401
X58.107 Y-13.763
X57.899 Y-14.191
X57.681 Y-14.722
X57.455 Y-15.391
X57.226 Y-16.247
X57.047 Y-17.141
X56.913 Y-18.043
X56.81 Y-18.949
X56.733 Y-19.857
X56.675 Y-20.767
X56.63 Y-21.678
X56.597 Y-22.589
X56.571 Y-23.501
X56.552 Y-24.412
X56.538 Y-25.324
X56.528 Y-26.236
X56.52 Y-27.148
X56.514 Y-28.059
X56.509 Y-28.971
X56.504 Y-30.795
X56.5 Y-33.53
X56.499 Y-38.089
X56.5 Y-46.068
G3 X56.948 Y-46.652 R0.635
G1 X57.042 Y-46.681 Z-7.016
X57.135 Y-46.71 Z-6.993
X57.223 Y-46.737 Z-6.955
X57.304 Y-46.762 Z-6.903
X57.377 Y-46.784 Z-6.838
X57.439 Y-46.803 Z-6.762
X57.488 Y-46.819 Z-6.677
X57.525 Y-46.83 Z-6.585
X57.547 Y-46.837 Z-6.488
X57.554 Y-46.839 Z-6.389
G0 Z5.
X10.393 Y-43.67
Z-1.445
G1 Z-2.08 F3048.
Z-7.024 F1500.
X10.518 Y-43.735 F3048.
X10.649 Y-43.807
X10.803 Y-43.851
X10.999 Y-43.868
X11.236 Y-43.843
X11.511 Y-43.759
X11.719 Y-43.485
X11.954 Y-43.131
X12.182 Y-42.735
X12.43 Y-42.234
X12.674 Y-41.647
X12.924 Y-40.919
X13.164 Y-40.04
X13.351 Y-39.147
X13.496 Y-38.247
X13.609 Y-37.342
X13.696 Y-36.435
X13.764 Y-35.525
X13.817 Y-34.615
X13.857 Y-33.704
X13.889 Y-32.793
X13.913 Y-31.881
X13.931 Y-30.97
X13.945 Y-30.058
X13.955 Y-29.146
X13.964 Y-28.234
X13.97 Y-27.323
X13.974 Y-26.411
X13.98 Y-24.587
X13.984 Y-21.852
X13.986 Y-17.293
X13.985 Y-9.884
X14.014 Y-9.658
X14.074 Y-9.438
X14.166 Y-9.23
X14.286 Y-9.036
X14.433 Y-8.862
X14.603 Y-8.71
X14.793 Y-8.585
X15. Y-8.488
X15.218 Y-8.421
X15.443 Y-8.387
X15.671 Y-8.385
X15.897 Y-8.415
X16.773 Y-8.667
X16.972 Y-8.798
X17.216 Y-8.938
X17.521 Y-9.089
X17.904 Y-9.248
X18.396 Y-9.415
X19.038 Y-9.59
X19.929 Y-9.771
X20.832 Y-9.896
X21.74 Y-9.982
X22.65 Y-10.042
X23.56 Y-10.084
X24.472 Y-10.113
X25.383 Y-10.133
X26.295 Y-10.148
X27.207 Y-10.158
X28.119 Y-10.165
X29.03 Y-10.17
X29.942 Y-10.173
X31.766 Y-10.177
X34.501 Y-10.179
X42.708
X59.006 Y-10.175
G3 X59.591 Y-9.728 R0.635
G1 X59.62 Y-9.633 Z-7.016
X59.649 Y-9.54 Z-6.993
X59.676 Y-9.452 Z-6.955
X59.701 Y-9.371 Z-6.903
X59.723 Y-9.298 Z-6.838
X59.742 Y-9.237 Z-6.762
X59.757 Y-9.187 Z-6.677
X59.769 Y-9.15 Z-6.585
X59.775 Y-9.128 Z-6.488
X59.778 Y-9.121 Z-6.389
G0 Z5.
X54.591 Y-46.913
Z-1.445
G1 Z-2.08 F3048.
Z-7.024 F1500.
X54.648 Y-46.789 F3048.
X54.713 Y-46.653
X54.747 Y-46.497
X54.752 Y-46.299
X54.713 Y-46.063
X54.503 Y-45.886
X54.26 Y-45.707
X53.95 Y-45.508
X53.603 Y-45.316
X53.16 Y-45.105
X52.635 Y-44.896
X51.97 Y-44.68
X51.107 Y-44.459
X50.211 Y-44.289
X49.308 Y-44.163
X48.401 Y-44.069
X47.492 Y-43.998
X46.582 Y-43.946
X45.671 Y-43.907
X44.76 Y-43.877
X43.848 Y-43.855
X42.937 Y-43.839
X42.025 Y-43.827
X41.113 Y-43.818
X40.201 Y-43.812
X39.289 Y-43.807
X37.466 Y-43.801
X34.73 Y-43.797
X30.171 Y-43.796
X13.531 Y-43.799
G3 X12.946 Y-44.247 R0.635
G1 X12.917 Y-44.341 Z-7.016
X12.888 Y-44.434 Z-6.993
X12.861 Y-44.522 Z-6.955
X12.836 Y-44.603 Z-6.903
X12.814 Y-44.676 Z-6.838
X12.795 Y-44.737 Z-6.762
X12.78 Y-44.787 Z-6.677
X12.768 Y-44.824 Z-6.585
X12.762 Y-44.846 Z-6.488
X12.759 Y-44.853 Z-6.389
G0 Z5.
X58.688 Y-12.866
Z-1.445
G1 Z-2.08 F3048.
Z-7.024 F1500.
X58.592 Y-12.783 F3048.
X58.479 Y-12.684
X58.346 Y-12.613
X58.166 Y-12.558
X57.947 Y-12.536
X57.689 Y-12.559
X57.485 Y-12.751
X57.253 Y-12.999
X57.033 Y-13.267
X56.786 Y-13.61
X56.549 Y-13.988
X56.294 Y-14.461
X56.052 Y-14.988
X55.799 Y-15.645
X55.545 Y-16.456
X55.329 Y-17.342
X55.161 Y-18.238
X55.03 Y-19.141
X54.929 Y-20.047
X54.851 Y-20.955
X54.79 Y-21.865
X54.743 Y-22.776
X54.707 Y-23.687
X54.68 Y-24.598
X54.658 Y-25.51
X54.642 Y-26.421
X54.63 Y-27.333
X54.621 Y-28.245
X54.614 Y-29.157
X54.608 Y-30.068
X54.604 Y-30.98
X54.599 Y-32.804
X54.596 Y-35.539
X54.594 Y-41.01
Y-43.86
G3 X55.042 Y-44.444 R0.635
G1 X55.137 Y-44.473 Z-7.016
X55.23 Y-44.502 Z-6.993
X55.318 Y-44.529 Z-6.955
X55.399 Y-44.554 Z-6.903
X55.471 Y-44.576 Z-6.838
X55.533 Y-44.595 Z-6.762
X55.583 Y-44.611 Z-6.677
X55.619 Y-44.622 Z-6.585
X55.641 Y-44.629 Z-6.488
X55.649 Y-44.631 Z-6.389
G0 Z5.
X12.674 Y-41.647
Z-1.445
G1 Z-2.08 F3048.
Z-7.024 F1500.
X12.805 Y-41.702 F3048.
X12.943 Y-41.761
X13.101 Y-41.792
X13.297
X13.443 Y-41.654
X13.608 Y-41.473
X13.786 Y-41.251
X13.966 Y-40.993
X14.167 Y-40.664
X14.366 Y-40.283
X14.581 Y-39.799
X14.803 Y-39.2
X15.03 Y-38.44
X15.235 Y-37.552
X15.39 Y-36.653
X15.508 Y-35.749
X15.598 Y-34.842
X15.667 Y-33.932
X15.72 Y-33.022
X15.761 Y-32.111
X15.792 Y-31.2
X15.816 Y-30.289
X15.834 Y-29.377
X15.848 Y-28.465
X15.859 Y-27.553
X15.867 Y-26.642
X15.873 Y-25.73
X15.878 Y-24.818
X15.884 Y-22.994
X15.889 Y-20.259
X15.89 Y-15.7
Y-10.799
X15.923 Y-10.573
X15.988 Y-10.355
X16.083 Y-10.148
X16.207 Y-9.956
X16.357 Y-9.785
X16.53 Y-9.636
X16.722 Y-9.514
X16.93 Y-9.421
X17.15 Y-9.359
X17.375 Y-9.328
X17.603 Y-9.33
X17.829 Y-9.365
X18.047 Y-9.432
X18.253 Y-9.529
X18.443 Y-9.655
X18.613 Y-9.807
X18.762 Y-9.985
X18.875 Y-10.102
X19.018 Y-10.234
X19.181 Y-10.366
X19.388 Y-10.513
X19.643 Y-10.67
X19.947 Y-10.831
X20.331 Y-11.005
X20.805 Y-11.183
X21.412 Y-11.368
X22.223 Y-11.559
X23.122 Y-11.712
X24.027 Y-11.819
X24.936 Y-11.896
X25.846 Y-11.95
X26.757 Y-11.989
X27.668 Y-12.017
X28.58 Y-12.037
X29.491 Y-12.051
X30.403 Y-12.061
X31.315 Y-12.068
X32.227 Y-12.073
X33.139 Y-12.077
X34.962 Y-12.081
X37.698 Y-12.083
X44.08
X56.162 Y-12.081
G3 X56.746 Y-11.633 R0.635
G1 X56.776 Y-11.538 Z-7.016
X56.804 Y-11.446 Z-6.993
X56.831 Y-11.358 Z-6.955
X56.856 Y-11.277 Z-6.903
X56.879 Y-11.204 Z-6.838
X56.898 Y-11.142 Z-6.762
X56.913 Y-11.093 Z-6.677
X56.924 Y-11.056 Z-6.585
X56.931 Y-11.034 Z-6.488
X56.933 Y-11.026 Z-6.389
G0 Z5.
X18.267 Y-9.398
Z-4.389
G1 Z-5.024 F3048.
Z-7.024
G3 X18.152 Y-9.145 R0.196
X17.904 Y-9.248 R0.196
G1 X17.838 Y-9.408
X17.655 Y-9.741
X17.582 Y-9.966
X17.55 Y-10.237
X17.572 Y-10.552
X17.669 Y-10.91
X17.864 Y-11.308
X18.283 Y-11.619
X18.755 Y-11.925
X19.264 Y-12.21
X19.845 Y-12.489
X20.528 Y-12.764
X21.321 Y-13.025
X22.203 Y-13.255
X23.097 Y-13.433
X23.999 Y-13.57
X24.905 Y-13.675
X25.813 Y-13.754
X26.723 Y-13.814
X27.633 Y-13.859
X28.545 Y-13.893
X29.456 Y-13.918
X30.368 Y-13.937
X31.279 Y-13.951
X32.191 Y-13.962
X33.103 Y-13.969
X34.015 Y-13.975
X34.927 Y-13.979
X36.75 Y-13.984
X39.486 Y-13.987
X44.956 Y-13.988
X54.531 Y-13.986
X54.756 Y-14.019
X54.865 Y-14.051
X54.972 Y-14.091
X55.076 Y-14.139
X55.176 Y-14.194
X55.271 Y-14.256
X55.362 Y-14.324
G3 X56.099 Y-14.319 R0.635
G1 X56.179 Y-14.261 Z-7.016
X56.258 Y-14.204 Z-6.993
X56.332 Y-14.15 Z-6.955
X56.401 Y-14.101 Z-6.903
X56.463 Y-14.056 Z-6.838
X56.515 Y-14.018 Z-6.762
X56.557 Y-13.988 Z-6.677
X56.588 Y-13.965 Z-6.585
X56.607 Y-13.952 Z-6.488
X56.613 Y-13.947 Z-6.389
G0 Z5.
X52.635 Y-44.896
Z-1.445
G1 Z-2.08 F3048.
Z-7.024 F1500.
X52.687 Y-44.766 F3048.
X52.745 Y-44.627
X52.772 Y-44.47
X52.769 Y-44.273
X52.72 Y-44.04
X52.491 Y-43.861
X52.232 Y-43.684
X51.91 Y-43.493
X51.523 Y-43.295
X51.04 Y-43.087
X50.455 Y-42.878
X49.697 Y-42.66
X48.807 Y-42.465
X47.906 Y-42.32
X47.001 Y-42.212
X46.093 Y-42.131
X45.183 Y-42.07
X44.272 Y-42.024
X43.361 Y-41.99
X42.45 Y-41.965
X41.538 Y-41.945
X40.627 Y-41.931
X39.715 Y-41.92
X38.803 Y-41.912
X37.891 Y-41.906
X36.979 Y-41.902
X35.156 Y-41.896
X32.42 Y-41.893
X27.861 Y-41.891
X15.324 Y-41.893
G3 X14.739 Y-42.341 R0.635
G1 X14.71 Y-42.436 Z-7.016
X14.682 Y-42.529 Z-6.993
X14.654 Y-42.617 Z-6.955
X14.629 Y-42.698 Z-6.903
X14.607 Y-42.77 Z-6.838
X14.588 Y-42.832 Z-6.762
X14.573 Y-42.882 Z-6.677
X14.561 Y-42.918 Z-6.585
X14.555 Y-42.941 Z-6.488
X14.552 Y-42.948 Z-6.389
G0 Z5.
X54.594
Z-1.445
G1 Z-2.08 F3048.
Z-7.024 F1500.
X54.366 F3048.
X54.141 Y-42.915
X53.922 Y-42.851
X53.094 Y-42.47
X52.63 Y-42.171
X52.101 Y-41.877
X51.472 Y-41.577
X50.759 Y-41.293
X49.922 Y-41.019
X49.039 Y-40.792
X48.145 Y-40.613
X47.245 Y-40.471
X46.34 Y-40.361
X45.432 Y-40.274
X44.523 Y-40.207
X43.612 Y-40.155
X42.701 Y-40.115
X41.79 Y-40.084
X40.878 Y-40.06
X39.967 Y-40.042
X39.055 Y-40.028
X38.143 Y-40.017
X37.232 Y-40.009
X36.32 Y-40.003
X35.408 Y-39.998
X33.584 Y-39.993
X30.849 Y-39.988
X26.29 Y-39.987
X16.602 Y-39.988
X16.376 Y-39.956
X16.158 Y-39.891
X15.951 Y-39.796
X15.759 Y-39.672
X15.588 Y-39.522
X15.439 Y-39.349
X15.317 Y-39.156
X15.224 Y-38.948
X15.161 Y-38.729
X15.131 Y-38.503
X15.133 Y-38.275
X15.168 Y-38.05
X15.235 Y-37.832
X15.332 Y-37.626
X15.458 Y-37.436
X15.94 Y-36.895
X16.075 Y-36.723
X16.217 Y-36.516
X16.373 Y-36.254
X16.536 Y-35.935
X16.711 Y-35.529
X16.892 Y-35.023
X17.084 Y-34.359
X17.279 Y-33.469
X17.419 Y-32.568
X17.519 Y-31.661
X17.592 Y-30.752
X17.645 Y-29.842
X17.684 Y-28.931
X17.713 Y-28.02
X17.735 Y-27.108
X17.751 Y-26.197
X17.762 Y-25.285
X17.771 Y-24.373
X17.778 Y-23.461
X17.783 Y-22.549
X17.789 Y-20.726
X17.795 Y-17.079
X17.796 Y-13.317
G3 X17.348 Y-12.733 R0.635
G1 X17.253 Y-12.703 Z-7.016
X17.161 Y-12.675 Z-6.993
X17.073 Y-12.648 Z-6.955
X16.991 Y-12.623 Z-6.903
X16.919 Y-12.6 Z-6.838
X16.857 Y-12.581 Z-6.762
X16.807 Y-12.566 Z-6.677
X16.771 Y-12.555 Z-6.585
X16.749 Y-12.548 Z-6.488
X16.741 Y-12.546 Z-6.389
G0 Z5.
X19.845 Y-12.489
Z-1.445
G1 Z-2.08 F3048.
Z-7.024 F1500.
X19.784 Y-12.616 F3048.
X19.717 Y-12.75
X19.678 Y-12.906
X19.668 Y-13.102
X19.701 Y-13.338
X19.917 Y-13.532
X20.157 Y-13.721
X20.455 Y-13.926
X20.811 Y-14.14
X21.242 Y-14.362
X21.759 Y-14.588
X22.407 Y-14.823
X23.222 Y-15.06
X24.112 Y-15.259
X25.011 Y-15.411
X25.915 Y-15.527
X26.823 Y-15.615
X27.732 Y-15.683
X28.642 Y-15.735
X29.553 Y-15.774
X30.465 Y-15.804
X31.376 Y-15.827
X32.288 Y-15.844
X33.2 Y-15.857
X34.111 Y-15.866
X35.023 Y-15.874
X35.935 Y-15.879
X36.847 Y-15.883
X38.67 Y-15.888
X41.406 Y-15.891
X46.877 Y-15.893
X53.601 Y-15.891
X53.827 Y-15.924
X54.046 Y-15.989
X54.253 Y-16.084
X54.444 Y-16.208
X54.616 Y-16.358
X54.764 Y-16.531
X54.886 Y-16.723
X54.979 Y-16.931
X55.042 Y-17.151
X55.072 Y-17.377
X55.07 Y-17.604
X55.035 Y-17.83
X54.968 Y-18.048
X54.871 Y-18.254
X54.368 Y-19.014
X54.228 Y-19.22
X54.076 Y-19.48
X53.914 Y-19.801
X53.742 Y-20.205
X53.562 Y-20.715
X53.373 Y-21.386
X53.182 Y-22.277
X53.047 Y-23.179
X52.95 Y-24.086
X52.88 Y-24.995
X52.829 Y-25.905
X52.792 Y-26.816
X52.765 Y-27.728
X52.745 Y-28.639
X52.73 Y-29.551
X52.719 Y-30.463
X52.711 Y-31.374
X52.705 Y-32.286
X52.7 Y-33.198
X52.695 Y-35.022
X52.693 Y-35.933
X52.69 Y-36.845
X52.689 Y-40.151
X52.656 Y-40.376
X52.624 Y-40.486
X52.584 Y-40.592
X52.536 Y-40.696
X52.481 Y-40.796
X52.419 Y-40.891
G3 X52.477 Y-41.625 R0.635
G1 X52.541 Y-41.701 Z-7.016
X52.603 Y-41.776 Z-6.993
X52.662 Y-41.846 Z-6.955
X52.717 Y-41.911 Z-6.903
X52.766 Y-41.97 Z-6.838
X52.807 Y-42.019 Z-6.762
X52.84 Y-42.059 Z-6.677
X52.865 Y-42.088 Z-6.585
X52.88 Y-42.106 Z-6.488
X52.885 Y-42.112 Z-6.389
G0 Z5.
X50.759 Y-41.293
Z-1.445
G1 Z-2.08 F3048.
Z-7.024 F1500.
X50.811 Y-41.161 F3048.
X50.869 Y-41.023
X50.899 Y-40.857
X50.896 Y-40.661
X50.847 Y-40.428
X50.62 Y-40.246
X50.344 Y-40.053
X50.016 Y-39.854
X49.608 Y-39.641
X49.112 Y-39.42
X48.5 Y-39.194
X47.711 Y-38.959
X46.823 Y-38.755
X45.924 Y-38.6
X45.02 Y-38.48
X44.113 Y-38.388
X43.204 Y-38.317
X42.294 Y-38.262
X41.383 Y-38.22
X40.472 Y-38.187
X39.56 Y-38.162
X38.649 Y-38.142
X37.737 Y-38.128
X36.825 Y-38.116
X35.914 Y-38.108
X35.002 Y-38.101
X34.09 Y-38.096
X32.266 Y-38.089
X30.443 Y-38.086
X27.707 Y-38.083
X21.325 Y-38.082
X17.677 Y-38.083
X17.564 Y-38.081
X17.45 Y-38.071
X17.337 Y-38.053
X17.226 Y-38.027
X17.118 Y-37.994
G3 X16.426 Y-38.247 R0.635
G1 X16.37 Y-38.329 Z-7.016
X16.315 Y-38.409 Z-6.993
X16.263 Y-38.485 Z-6.955
X16.215 Y-38.555 Z-6.903
X16.172 Y-38.617 Z-6.838
X16.136 Y-38.671 Z-6.762
X16.106 Y-38.714 Z-6.677
X16.085 Y-38.745 Z-6.585
X16.072 Y-38.764 Z-6.488
X16.067 Y-38.771 Z-6.389
G0 Z5.
X16.536 Y-35.935
Z-1.445
G1 Z-2.08 F3048.
Z-7.024 F1500.
X16.653 Y-35.995 F3048.
X16.786 Y-36.066
X16.942 Y-36.107
X17.135 Y-36.12
X17.36 Y-36.091
X17.533 Y-35.897
X17.722 Y-35.657
X17.902 Y-35.394
X18.103 Y-35.056
X18.298 Y-34.673
X18.509 Y-34.187
X18.719 Y-33.601
X18.935 Y-32.852
X19.13 Y-31.962
X19.275 Y-31.061
X19.383 Y-30.156
X19.463 Y-29.248
X19.523 Y-28.338
X19.568 Y-27.427
X19.602 Y-26.516
X19.627 Y-25.604
X19.646 Y-24.693
X19.66 Y-23.781
X19.67 Y-22.869
X19.678 Y-21.958
X19.684 Y-21.046
X19.689 Y-20.134
X19.696 Y-19.222
X19.699 Y-17.399
X19.7 Y-15.461
G3 X19.253 Y-14.876 R0.635
G1 X19.158 Y-14.847 Z-7.016
X19.065 Y-14.818 Z-6.993
X18.978 Y-14.791 Z-6.955
X18.896 Y-14.766 Z-6.903
X18.824 Y-14.744 Z-6.838
X18.762 Y-14.725 Z-6.762
X18.712 Y-14.709 Z-6.677
X18.676 Y-14.698 Z-6.585
X18.654 Y-14.691 Z-6.488
X18.646 Y-14.689 Z-6.389
G0 Z5.
X21.759 Y-14.588
Z-1.445
G1 Z-2.08 F3048.
Z-7.024 F1500.
X21.703 Y-14.716 F3048.
X21.64 Y-14.853
X21.607 Y-15.009
X21.604 Y-15.206
X21.646 Y-15.441
X21.87 Y-15.627
X22.117 Y-15.808
X22.431 Y-16.008
X22.802 Y-16.211
X23.265 Y-16.429
X23.818 Y-16.646
X24.526 Y-16.873
X25.41 Y-17.096
X26.306 Y-17.264
X27.209 Y-17.391
X28.116 Y-17.489
X29.025 Y-17.563
X29.935 Y-17.619
X30.845 Y-17.663
X31.757 Y-17.696
X32.668 Y-17.721
X33.58 Y-17.74
X34.491 Y-17.755
X35.403 Y-17.766
X36.315 Y-17.774
X37.227 Y-17.78
X38.138 Y-17.785
X39.962 Y-17.791
X42.698 Y-17.795
X47.257 Y-17.797
X52.5
X52.727 Y-17.798
X52.953 Y-17.832
X53.171 Y-17.898
X53.378 Y-17.995
X53.473 Y-18.057
X53.563 Y-18.126
X53.649 Y-18.202
X53.728 Y-18.283
X53.802 Y-18.37
G3 X54.521 Y-18.527 R0.635
G1 X54.613 Y-18.488 Z-7.016
X54.702 Y-18.45 Z-6.993
X54.787 Y-18.414 Z-6.955
X54.865 Y-18.381 Z-6.903
X54.934 Y-18.351 Z-6.838
X54.994 Y-18.326 Z-6.762
X55.042 Y-18.305 Z-6.677
X55.077 Y-18.29 Z-6.585
X55.098 Y-18.281 Z-6.488
X55.105 Y-18.278 Z-6.389
G0 Z5.
X53.914 Y-19.801
Z-1.445
G1 Z-2.08 F3048.
Z-7.024 F1500.
X53.796 Y-19.741 F3048.
X53.664 Y-19.671
X53.507 Y-19.63
X53.313 Y-19.619
X53.089 Y-19.648
X52.917 Y-19.844
X52.729 Y-20.086
X52.55 Y-20.35
X52.351 Y-20.69
X52.156 Y-21.076
X51.947 Y-21.566
X51.738 Y-22.158
X51.524 Y-22.917
X51.333 Y-23.808
X51.192 Y-24.709
X51.087 Y-25.615
X51.01 Y-26.524
X50.952 Y-27.434
X50.909 Y-28.344
X50.877 Y-29.256
X50.853 Y-30.167
X50.835 Y-31.079
X50.822 Y-31.99
X50.812 Y-32.902
X50.804 Y-33.814
X50.792 Y-34.726
X50.786 Y-36.549
X50.785 Y-38.259
G3 X51.232 Y-38.844 R0.635
G1 X51.327 Y-38.873 Z-7.016
X51.419 Y-38.902 Z-6.993
X51.507 Y-38.929 Z-6.955
X51.589 Y-38.954 Z-6.903
X51.661 Y-38.976 Z-6.838
X51.723 Y-38.995 Z-6.762
X51.773 Y-39.011 Z-6.677
X51.809 Y-39.022 Z-6.585
X51.831 Y-39.029 Z-6.488
X51.839 Y-39.031 Z-6.389
G0 Z5.
X49.112 Y-39.42
Z-1.445
G1 Z-2.08 F3048.
Z-7.024 F1500.
X49.168 Y-39.293 F3048.
X49.231 Y-39.157
X49.265 Y-39.001
X49.269 Y-38.804
X49.228 Y-38.568
X49.126 Y-38.299
X48.829 Y-38.103
X48.447 Y-37.883
X48.011 Y-37.669
X47.459 Y-37.44
X46.769 Y-37.205
X45.891 Y-36.966
X44.997 Y-36.785
X44.096 Y-36.645
X43.191 Y-36.538
X42.283 Y-36.455
X41.373 Y-36.391
X40.463 Y-36.342
X39.552 Y-36.303
X38.64 Y-36.274
X37.729 Y-36.251
X36.817 Y-36.233
X35.905 Y-36.22
X34.994 Y-36.209
X34.082 Y-36.201
X33.17 Y-36.195
X32.258 Y-36.191
X30.435 Y-36.184
X27.699 Y-36.18
X23.14 Y-36.177
X19.379 Y-36.178
G3 X18.794 Y-36.625 R0.635
G1 X18.765 Y-36.72 Z-7.016
X18.737 Y-36.813 Z-6.993
X18.709 Y-36.901 Z-6.955
X18.684 Y-36.982 Z-6.903
X18.662 Y-37.054 Z-6.838
X18.643 Y-37.116 Z-6.762
X18.628 Y-37.166 Z-6.677
X18.617 Y-37.202 Z-6.585
X18.61 Y-37.225 Z-6.488
X18.607 Y-37.232 Z-6.389
G0 Z5.
X18.509 Y-34.187
Z-1.445
G1 Z-2.08 F3048.
Z-7.024 F1500.
X18.635 Y-34.242 F3048.
X18.772 Y-34.304
X18.929 Y-34.336
X19.126 Y-34.338
X19.362 Y-34.295
X19.541 Y-34.075
X19.718 Y-33.828
X19.916 Y-33.51
X20.11 Y-33.149
X20.321 Y-32.689
X20.531 Y-32.139
X20.75 Y-31.436
X20.964 Y-30.55
X21.123 Y-29.652
X21.243 Y-28.748
X21.332 Y-27.841
X21.4 Y-26.932
X21.451 Y-26.021
X21.489 Y-25.11
X21.518 Y-24.199
X21.54 Y-23.287
X21.556 Y-22.376
X21.583 Y-21.464
X21.591 Y-20.553
X21.598 Y-19.641
X21.602 Y-18.501
X21.604 Y-17.475
G3 X21.157 Y-16.89 R0.635
G1 X21.062 Y-16.861 Z-7.016
X20.97 Y-16.832 Z-6.993
X20.882 Y-16.805 Z-6.955
X20.801 Y-16.78 Z-6.903
X20.728 Y-16.757 Z-6.838
X20.666 Y-16.738 Z-6.762
X20.617 Y-16.723 Z-6.677
X20.58 Y-16.711 Z-6.585
X20.558 Y-16.704 Z-6.488
X20.551 Y-16.702 Z-6.389
G0 Z5.
X23.265 Y-16.429
Z-1.445
G1 Z-2.08 F3048.
Z-7.024 F1500.
X23.207 Y-16.553 F3048.
X23.14 Y-16.687
X23.104 Y-16.843
X23.096 Y-17.041
X23.133 Y-17.278
X23.227 Y-17.539
X23.517 Y-17.739
X23.883 Y-17.956
X24.303 Y-18.171
X24.826 Y-18.398
X25.477 Y-18.632
X26.297 Y-18.868
X27.187 Y-19.064
X28.087 Y-19.213
X28.991 Y-19.328
X29.899 Y-19.416
X30.808 Y-19.483
X31.718 Y-19.535
X32.629 Y-19.575
X33.541 Y-19.605
X34.452 Y-19.629
X35.364 Y-19.647
X36.276 Y-19.66
X37.187 Y-19.671
X38.099 Y-19.679
X39.011 Y-19.685
X39.923 Y-19.69
X41.746 Y-19.696
X44.482 Y-19.7
X48.129 Y-19.702
X50.978
G3 X51.563 Y-19.254 R0.635
G1 X51.592 Y-19.159 Z-7.016
X51.621 Y-19.067 Z-6.993
X51.648 Y-18.979 Z-6.955
X51.673 Y-18.898 Z-6.903
X51.695 Y-18.825 Z-6.838
X51.714 Y-18.763 Z-6.762
X51.73 Y-18.714 Z-6.677
X51.741 Y-18.677 Z-6.585
X51.748 Y-18.655 Z-6.488
X51.75 Y-18.648 Z-6.389
G0 Z5.
X51.947 Y-21.566
Z-1.445
G1 Z-2.08 F3048.
Z-7.024 F1500.
X51.82 Y-21.511 F3048.
X51.683 Y-21.45
X51.526 Y-21.418
X51.328
X51.093 Y-21.462
X50.914 Y-21.684
X50.738 Y-21.932
X50.541 Y-22.251
X50.348 Y-22.615
X50.138 Y-23.079
X49.929 Y-23.634
X49.712 Y-24.344
X49.502 Y-25.232
X49.345 Y-26.13
X49.229 Y-27.034
X49.142 Y-27.942
X49.076 Y-28.851
X49.027 Y-29.762
X48.99 Y-30.673
X48.962 Y-31.584
X48.917 Y-32.495
X48.904 Y-33.407
X48.892 Y-34.319
X48.886 Y-35.344
X48.883 Y-36.028
X48.85 Y-36.254
X48.785 Y-36.472
X48.689 Y-36.679
X48.626 Y-36.774
X48.558 Y-36.865
X48.482 Y-36.951
X48.401 Y-37.031
X48.314 Y-37.105
G3 X48.16 Y-37.824 R0.635
G1 X48.199 Y-37.916 Z-7.016
X48.237 Y-38.005 Z-6.993
X48.274 Y-38.089 Z-6.955
X48.307 Y-38.167 Z-6.903
X48.337 Y-38.237 Z-6.838
X48.363 Y-38.296 Z-6.762
X48.383 Y-38.344 Z-6.677
X48.398 Y-38.379 Z-6.585
X48.408 Y-38.4 Z-6.488
X48.411 Y-38.408 Z-6.389
G0 Z5.
X47.459 Y-37.44
Z-1.445
G1 Z-2.08 F3048.
Z-7.024 F1500.
X47.513 Y-37.31 F3048.
X47.572 Y-37.172
X47.603 Y-37.015
X47.602 Y-36.819
X47.557 Y-36.585
X47.448 Y-36.317
X47.137 Y-36.119
X46.749 Y-35.906
X46.291 Y-35.69
X45.712 Y-35.462
X44.986 Y-35.229
X44.102 Y-35.006
X43.206 Y-34.836
X42.304 Y-34.707
X41.397 Y-34.607
X40.489 Y-34.531
X39.579 Y-34.471
X38.668 Y-34.426
X37.757 Y-34.39
X36.846 Y-34.363
X35.934 Y-34.342
X35.022 Y-34.325
X34.111 Y-34.313
X33.199 Y-34.303
X32.287 Y-34.295
X31.375 Y-34.29
X30.463 Y-34.285
X28.64 Y-34.279
X24.993 Y-34.273
X21.459 Y-34.272
G3 X20.875 Y-34.72 R0.635
G1 X20.845 Y-34.815 Z-7.016
X20.817 Y-34.907 Z-6.993
X20.79 Y-34.995 Z-6.955
X20.765 Y-35.077 Z-6.903
X20.742 Y-35.149 Z-6.838
X20.723 Y-35.211 Z-6.762
X20.708 Y-35.261 Z-6.677
X20.697 Y-35.297 Z-6.585
X20.69 Y-35.319 Z-6.488
X20.688 Y-35.327 Z-6.389
G0 Z5.
X20.321 Y-32.689
Z-1.445
G1 Z-2.08 F3048.
Z-7.024 F1500.
X20.446 Y-32.746 F3048.
X20.581 Y-32.811
X20.737 Y-32.846
X20.935 Y-32.852
X21.171 Y-32.813
X21.431 Y-32.717
X21.628 Y-32.424
X21.841 Y-32.057
X22.053 Y-31.634
X22.275 Y-31.107
X22.503 Y-30.451
X22.734 Y-29.621
X22.921 Y-28.728
X23.062 Y-27.828
X23.17 Y-26.922
X23.252 Y-26.014
X23.314 Y-25.104
X23.362 Y-24.194
X23.435 Y-23.285
X23.462 Y-22.373
X23.486 Y-21.462
X23.496 Y-20.436
X23.501 Y-19.752
X23.535 Y-19.527
X23.568 Y-19.418
X23.608 Y-19.311
X23.657 Y-19.208
X23.712 Y-19.109
X23.775 Y-19.013
G3 X23.721 Y-18.279 R0.635
G1 X23.658 Y-18.202 Z-7.016
X23.596 Y-18.128 Z-6.993
X23.537 Y-18.057 Z-6.955
X23.483 Y-17.991 Z-6.903
X23.435 Y-17.933 Z-6.838
X23.394 Y-17.883 Z-6.762
X23.36 Y-17.843 Z-6.677
X23.336 Y-17.814 Z-6.585
X23.321 Y-17.796 Z-6.488
X23.316 Y-17.79 Z-6.389
G0 Z5.
X25.477 Y-18.632
Z-1.445
G1 Z-2.08 F3048.
Z-7.024 F1500.
X25.43 Y-18.765 F3048.
X25.377 Y-18.905
X25.353 Y-19.07
X25.363 Y-19.266
X25.512 Y-19.409
X25.704 Y-19.569
X25.943 Y-19.742
X26.221 Y-19.917
X26.576 Y-20.11
X26.994 Y-20.304
X27.527 Y-20.512
X28.206 Y-20.727
X29.091 Y-20.946
X29.988 Y-21.108
X30.892 Y-21.229
X31.799 Y-21.321
X32.708 Y-21.39
X33.619 Y-21.442
X34.53 Y-21.482
X35.441 Y-21.512
X36.352 Y-21.535
X37.264 Y-21.553
X38.176 Y-21.566
X39.088 Y-21.576
X39.999 Y-21.584
X40.911 Y-21.59
X41.823 Y-21.594
X43.647 Y-21.6
X44.558 Y-21.602
X45.47 Y-21.605
X48.092 Y-21.607
X48.889
X49.003 Y-21.615
G3 X49.618 Y-21.211 R0.635
G1 X49.654 Y-21.118 Z-7.016
X49.69 Y-21.028 Z-6.993
X49.723 Y-20.942 Z-6.955
X49.754 Y-20.863 Z-6.903
X49.781 Y-20.792 Z-6.838
X49.805 Y-20.732 Z-6.762
X49.823 Y-20.684 Z-6.677
X49.837 Y-20.648 Z-6.585
X49.846 Y-20.626 Z-6.488
X49.849 Y-20.619 Z-6.389
G0 Z5.
X49.929 Y-23.634
Z-1.445
G1 Z-2.08 F3048.
Z-7.024 F1500.
X49.796 Y-23.584 F3048.
X49.657 Y-23.529
X49.499 Y-23.504
X49.302 Y-23.511
X49.161 Y-23.654
X49.002 Y-23.842
X48.833 Y-24.068
X48.66 Y-24.336
X48.471 Y-24.673
X48.28 Y-25.07
X48.078 Y-25.572
X47.868 Y-26.207
X47.654 Y-27.027
X47.481 Y-27.922
X47.353 Y-28.825
X47.257 Y-29.732
X47.11 Y-30.632
X47.058 Y-31.542
X47.017 Y-32.453
X47.005 Y-33.137
X46.995 Y-33.821
X46.993 Y-34.049
X46.957 Y-34.274
X46.89 Y-34.492
X46.842 Y-34.595
X46.786 Y-34.694
X46.723 Y-34.789
X46.653 Y-34.879
X46.577 Y-34.964
X46.495 Y-35.043
X46.481 Y-35.058
X46.078 Y-35.213
X45.616 Y-35.39
X45.591 Y-35.406
X45.576 Y-35.432
X45.572 Y-35.461
X45.582 Y-35.489
X45.603 Y-35.511
X45.63 Y-35.522
X45.66 Y-35.519
X45.686 Y-35.505
X45.704 Y-35.481
X45.712 Y-35.462
X45.764 Y-35.33
X45.821 Y-35.192
X45.848 Y-35.033
X45.845 Y-34.837
X45.795 Y-34.604
X45.682 Y-34.338
X45.362 Y-34.141
X44.965 Y-33.931
X44.492 Y-33.717
X43.894 Y-33.492
X43.138 Y-33.261
X42.25 Y-33.051
X41.352 Y-32.893
X40.449 Y-32.771
X39.542 Y-32.678
X38.633 Y-32.607
X37.722 Y-32.552
X36.812 Y-32.51
X36.386 Y-32.494
X36.184 Y-32.5
X35.984 Y-32.531
X35.79 Y-32.587
X35.505 Y-32.69
X35.48 Y-32.695
X35.014 Y-32.774
X34.807 Y-32.792
X34.393 Y-32.797
X34.187
X33.773 Y-32.792
X33.566 Y-32.774
X33.359 Y-32.739
X32.454 Y-32.632
X31.545 Y-32.551
X30.635 Y-32.495
X29.724 Y-32.456
X28.813 Y-32.429
X27.901 Y-32.411
X26.99 Y-32.377
X26.078 Y-32.371
X25.166 Y-32.369
X23.685 Y-32.368
X23.459 Y-32.335
X23.35 Y-32.303
X23.243 Y-32.263
X23.14 Y-32.215
X23.04 Y-32.16
X22.944 Y-32.098
X22.853 Y-32.029
G3 X22.117 Y-32.034 R0.635
G1 X22.036 Y-32.092 Z-7.016
X21.958 Y-32.149 Z-6.993
X21.883 Y-32.203 Z-6.955
X21.814 Y-32.252 Z-6.903
X21.753 Y-32.297 Z-6.838
X21.7 Y-32.334 Z-6.762
X21.658 Y-32.365 Z-6.677
X21.627 Y-32.387 Z-6.585
X21.608 Y-32.401 Z-6.488
X21.602 Y-32.405 Z-6.389
G0 Z5.
X33.359 Y-32.739
Z-1.445
G1 Z-2.08 F3048.
Z-7.024 F1500.
X33.088 Y-32.693 F3048.
X33.075 Y-32.69
X32.738 Y-32.569
X32.532 Y-32.486
X31.91 Y-32.187
X31.704 Y-32.074
X31.497 Y-31.955
X31.29 Y-31.821
X31.195 Y-31.759
X30.929 Y-31.617
X30.6 Y-31.467
X30.166 Y-31.302
X29.571 Y-31.117
X28.858 Y-30.946
X27.96 Y-30.79
X27.18 Y-30.564
X26.272 Y-30.482
X25.36 Y-30.466
X24.79 Y-30.465
X24.562 Y-30.463
X24.337 Y-30.428
X24.119 Y-30.362
X23.913 Y-30.265
X23.722 Y-30.139
X23.552 Y-29.987
X23.405 Y-29.813
X23.285 Y-29.619
X23.194 Y-29.41
X23.133 Y-29.191
X23.105 Y-28.964
X23.109 Y-28.737
X23.146 Y-28.512
X23.215 Y-28.294
X23.314 Y-28.089
X23.824 Y-27.333
X23.967 Y-27.11
X24.119 Y-26.837
X24.288 Y-26.479
X24.487 Y-25.978
X24.769 Y-25.111
X25.044 Y-24.546
X25.279 Y-23.665
X25.349 Y-22.756
X25.365 Y-22.301
X25.379 Y-21.731
X25.385 Y-21.389
G3 X24.948 Y-20.797 R0.635
G1 X24.853 Y-20.766 Z-7.016
X24.761 Y-20.736 Z-6.993
X24.674 Y-20.707 Z-6.955
X24.593 Y-20.681 Z-6.903
X24.521 Y-20.657 Z-6.838
X24.46 Y-20.637 Z-6.762
X24.41 Y-20.621 Z-6.677
X24.374 Y-20.609 Z-6.585
X24.352 Y-20.602 Z-6.488
X24.344 Y-20.6 Z-6.389
G0 Z5.
X31.29 Y-31.821
Z-1.445
G1 Z-2.08 F3048.
Z-7.024 F1500.
X31.229 Y-31.772 F3048.
X31.083 Y-31.645
X30.996 Y-31.565
X30.806 Y-31.358
X30.67 Y-31.193
X30.463 Y-30.934
X30.312 Y-30.763
X30.186 Y-30.632
X30.001 Y-30.462
X29.706 Y-30.226
X29.411 Y-30.018
X28.633 Y-29.542
X28.324 Y-29.27
X27.853 Y-28.993
X27.117 Y-28.734
X26.215 Y-28.6
X25.988 Y-28.591
X25.646 Y-28.582
X25.418 Y-28.572
X25.194 Y-28.529
X24.979 Y-28.455
X24.776 Y-28.351
X24.683 Y-28.285
X24.595 Y-28.212
X24.513 Y-28.133
X24.436 Y-28.049
X24.366 Y-27.959
X24.302 Y-27.865
X24.238 Y-27.789 Z-7.004
X24.162 Y-27.724 Z-6.984
X24.077 Y-27.672 Z-6.964
X23.985 Y-27.634 Z-6.944
X23.888 Y-27.611 Z-6.924
X23.789 Y-27.603 Z-6.904
X23.69 Y-27.61 Z-6.884
X23.593 Y-27.633 Z-6.864
X23.501 Y-27.671 Z-6.844
X23.416 Y-27.723 Z-6.824
G3 X23.274 Y-28.61 R0.635
X23.505 Y-28.806 R0.635
G1 X29.669 Y-31.88
G3 X30.332 Y-31.822 R0.635
G1 X30.407 Y-31.756 Z-6.844
X30.47 Y-31.68 Z-6.864
X30.522 Y-31.594 Z-6.884
X30.559 Y-31.502 Z-6.904
X30.581 Y-31.405 Z-6.924
X30.588 Y-31.305 Z-6.944
X30.579 Y-31.206 Z-6.964
X30.555 Y-31.11 Z-6.984
X30.516 Y-31.018 Z-7.004
X30.463 Y-30.934 Z-7.024
X30.256 Y-30.674
X30.152 Y-30.529
X30.049 Y-30.384
X30.009 Y-30.322
X29.895 Y-30.115
X29.842 Y-29.984
X29.739 Y-29.701
X29.65 Y-29.491
X29.57 Y-29.32
X29.487 Y-29.169
X29.397 Y-29.028
X29.28 Y-28.866
X29.129 Y-28.685
X28.502 Y-28.023
X28.324 Y-27.757
X28.044 Y-27.475
X27.601 Y-27.174
X27.01 Y-26.92
X26.899 Y-26.896
X26.787 Y-26.874
X26.563 Y-26.833
X26.34 Y-26.784
X26.127 Y-26.702
X25.928 Y-26.592
X25.747 Y-26.453
X25.587 Y-26.291
X25.453 Y-26.107
X25.346 Y-25.905
X25.269 Y-25.691
X25.223 Y-25.467
X25.21 Y-25.24
X25.23 Y-25.013
X25.282 Y-24.791
X25.365 Y-24.579
X25.478 Y-24.38
X25.618 Y-24.201
X26.276 Y-23.569
X26.517 Y-23.348
X26.764 Y-23.015
X26.813 Y-22.912
X26.903 Y-22.703
X27.023 Y-22.509
X27.169 Y-22.334
X27.338 Y-22.182
X27.528 Y-22.055
X27.734 Y-21.957
X27.952 Y-21.89
X28.177 Y-21.854
X28.405 Y-21.851
X28.631 Y-21.881
X29.508 Y-22.127
X29.906 Y-22.309
X30.411 Y-22.502
X31.059 Y-22.703
X31.918 Y-22.91
X32.816 Y-23.066
X33.194 Y-23.114
X33.318 Y-23.123
X33.442 Y-23.121
X33.566 Y-23.106
X33.773 Y-23.088
X34.187 Y-23.083
X34.393
X34.807 Y-23.088
X35.014 Y-23.106
X35.221 Y-23.141
X36.126 Y-23.248
X37.035 Y-23.322
X37.946 Y-23.375
X38.857 Y-23.413
X39.768 Y-23.44
X40.68 Y-23.46
X41.591 Y-23.474
X42.503 Y-23.484
X43.415 Y-23.502
X44.326 Y-23.506
X45.238 Y-23.509
X47.176 Y-23.512
G3 X47.761 Y-23.064 R0.635
G1 X47.79 Y-22.969 Z-7.016
X47.819 Y-22.877 Z-6.993
X47.846 Y-22.789 Z-6.955
X47.871 Y-22.708 Z-6.903
X47.893 Y-22.635 Z-6.838
X47.912 Y-22.573 Z-6.762
X47.928 Y-22.524 Z-6.677
X47.939 Y-22.487 Z-6.585
X47.946 Y-22.465 Z-6.488
X47.948 Y-22.458 Z-6.389
G0 Z5.
X35.221 Y-23.141
Z-1.445
G1 Z-2.08 F3048.
Z-7.024 F1500.
X35.492 Y-23.187 F3048.
X35.505 Y-23.19
X35.842 Y-23.311
X36.048 Y-23.394
X36.67 Y-23.693
X36.876 Y-23.806
X37.083 Y-23.925
X37.29 Y-24.059
X37.385 Y-24.121
X37.657 Y-24.264
X37.994 Y-24.416
X38.424 Y-24.577
X38.983 Y-24.747
X39.735 Y-24.923
X40.634 Y-25.074
X41.54 Y-25.181
X42.449 Y-25.255
X43.352 Y-25.382
X44.263 Y-25.407
X45.175 Y-25.414
X46.201 Y-25.415
X46.426 Y-25.448
X46.645 Y-25.513
X46.852 Y-25.609
X47.043 Y-25.733
X47.214 Y-25.883
X47.363 Y-26.057
X47.423 Y-26.153
X47.477 Y-26.253
X47.524 Y-26.358
X47.563 Y-26.465
X47.594 Y-26.574
X47.617 Y-26.686
X47.632 Y-26.799
X47.639 Y-26.913
G3 X48.121 Y-27.469 R0.635
G1 X48.217 Y-27.493 Z-7.016
X48.312 Y-27.515 Z-6.993
X48.401 Y-27.537 Z-6.955
X48.484 Y-27.557 Z-6.903
X48.557 Y-27.575 Z-6.838
X48.62 Y-27.59 Z-6.762
X48.671 Y-27.603 Z-6.677
X48.708 Y-27.612 Z-6.585
X48.73 Y-27.617 Z-6.488
X48.738 Y-27.619 Z-6.389
G0 Z5.
X37.29 Y-24.059
Z-1.445
G1 Z-2.08 F3048.
Z-7.024 F1500.
X37.351 Y-24.108 F3048.
X37.497 Y-24.235
X37.584 Y-24.315
X37.774 Y-24.522
X37.91 Y-24.687
X38.109 Y-24.936
X38.26 Y-25.107
X38.386 Y-25.237
X38.547 Y-25.384
X38.737 Y-25.536
X38.964 Y-25.694
X39.251 Y-25.869
X39.58 Y-26.04
X40.041 Y-26.245
X40.39 Y-26.374
X41.094 Y-26.606
X41.977 Y-26.834
X42.404 Y-26.994
X43.283 Y-27.233
X44.193 Y-27.301
X44.649 Y-27.309
X45.104 Y-27.313
X45.332 Y-27.317
X45.557 Y-27.353
X45.775 Y-27.422
X45.98 Y-27.52
X46.169 Y-27.648
X46.338 Y-27.801
X46.484 Y-27.976
X46.602 Y-28.171
X46.692 Y-28.38
X46.751 Y-28.601
X46.777 Y-28.827
X46.771 Y-29.055
X46.732 Y-29.28
X46.662 Y-29.496
X46.561 Y-29.701
X46.044 Y-30.452
X45.889 Y-30.619
X45.635 Y-30.964
X45.512 Y-31.226
X45.473 Y-31.333
X45.437 Y-31.441
X45.372 Y-31.66
X45.318 Y-31.881
X45.233 Y-32.093
X45.119 Y-32.29
X44.977 Y-32.469
X44.812 Y-32.625
X44.626 Y-32.757
X44.422 Y-32.86
X44.206 Y-32.933
X43.982 Y-32.975
X43.754 Y-32.983
X43.528 Y-32.96
X43.307 Y-32.904
X43.096 Y-32.816
X42.9 Y-32.7
X42.723 Y-32.557
X42.568 Y-32.39
X42.475 Y-32.256
X42.405 Y-32.128
X42.103 Y-31.953
X41.73 Y-31.768
X41.253 Y-31.574
X40.659 Y-31.374
X39.872 Y-31.165
X39.123 Y-31.016
X38.799 Y-30.986
X38.477 Y-31.022
X38.168 Y-31.123
X37.886 Y-31.284
X37.643 Y-31.5
X37.584 Y-31.565
X37.497 Y-31.645
X37.351 Y-31.772
X37.29 Y-31.821
X37.083 Y-31.955
X36.876 Y-32.074
X36.669 Y-32.187
X36.048 Y-32.486
X35.842 Y-32.569
X35.79 Y-32.587
G3 X35.392 Y-33.207 R0.635
G1 X35.397 Y-33.306 Z-7.016
X35.401 Y-33.403 Z-6.993
X35.406 Y-33.495 Z-6.955
X35.41 Y-33.58 Z-6.903
X35.413 Y-33.655 Z-6.838
X35.416 Y-33.72 Z-6.762
X35.419 Y-33.772 Z-6.677
X35.421 Y-33.81 Z-6.585
X35.422 Y-33.833 Z-6.488
Y-33.841 Z-6.389
G0 Z5.
X30.008 Y-30.439
Z-4.389
G1 Z-5.024 F3048.
Z-7.024
G2 X29.739 Y-29.701 R11.253
G1 X29.663 Y-29.494
X29.635 Y-29.378
X29.519 Y-28.872
X29.428 Y-28.45
X29.4 Y-28.251
X29.399 Y-28.044
Y-27.836
X29.4 Y-27.629
X29.416 Y-27.52
X29.429 Y-27.37
X29.397 Y-27.067
X29.288 Y-26.71
X29.105 Y-26.365
X28.788 Y-25.974
X28.349 Y-25.604
X28.15 Y-25.493
X28.047 Y-25.444
X27.943 Y-25.397
X27.733 Y-25.308
X27.53 Y-25.204
X27.345 Y-25.071
X27.18 Y-24.914
X27.039 Y-24.734
X26.926 Y-24.537
X26.842 Y-24.325
X26.789 Y-24.103
X26.769 Y-23.876
X26.781 Y-23.648
X26.826 Y-23.425
X26.902 Y-23.21
X27.009 Y-23.008
X27.143 Y-22.824
X27.302 Y-22.661
X27.483 Y-22.522
X27.681 Y-22.411
X27.894 Y-22.329
X28.116 Y-22.278
X28.344 Y-22.26
X28.571 Y-22.275
X28.794 Y-22.322
X29.008 Y-22.4
X29.209 Y-22.509
X29.392 Y-22.645
X29.553 Y-22.805
X29.892 Y-23.256
X30.11 Y-23.491
X30.371 Y-23.678
X30.664 Y-23.808
X30.978 Y-23.876
X31.299 Y-23.879
X31.614 Y-23.818
X31.91 Y-23.693
X32.532 Y-23.394
X32.738 Y-23.311
X33.075 Y-23.19
X33.1 Y-23.185
X33.566 Y-23.106
G3 X34.068 Y-22.567 R0.635
G1 X34.081 Y-22.468 Z-7.016
X34.093 Y-22.372 Z-6.993
X34.105 Y-22.281 Z-6.955
X34.116 Y-22.197 Z-6.903
X34.126 Y-22.122 Z-6.838
X34.135 Y-22.058 Z-6.762
X34.142 Y-22.006 Z-6.677
X34.147 Y-21.968 Z-6.585
X34.15 Y-21.945 Z-6.488
X34.151 Y-21.937 Z-6.389
G0 Z5.
X37.62 Y-24.322
Z-4.389
G1 Z-5.024 F3048.
Z-7.024
G2 X38.109 Y-24.936 R11.253
G1 X38.324 Y-25.206
X38.428 Y-25.351
X38.531 Y-25.496
X38.571 Y-25.558
X38.685 Y-25.765
X38.738 Y-25.896
X38.917 Y-26.386
X38.945 Y-26.502
X39.013 Y-26.801
X39.056 Y-26.952
X39.207 Y-27.25
X39.467 Y-27.586
X39.863 Y-27.934
X40.651 Y-28.393
X41.51 Y-28.697
X42.384 Y-28.959
X43.28 Y-29.124
X43.735 Y-29.16
X43.963 Y-29.171
X44.418 Y-29.191
X44.642 Y-29.234
X44.858 Y-29.308
X44.959 Y-29.361
X45.056 Y-29.42
X45.149 Y-29.486
X45.237 Y-29.559
X45.319 Y-29.638
X45.396 Y-29.722
X45.47 Y-29.788 Z-7.004
X45.555 Y-29.841 Z-6.984
X45.646 Y-29.881 Z-6.964
X45.742 Y-29.905 Z-6.944
X45.842 Y-29.915 Z-6.924
X45.941 Y-29.908 Z-6.904
X46.038 Y-29.886 Z-6.884
X46.131 Y-29.85 Z-6.864
X46.216 Y-29.799 Z-6.844
X46.293 Y-29.736 Z-6.824
G3 X46.307 Y-28.838 R0.635
X46.096 Y-28.694 R0.635
G1 X39.882 Y-26.094
G3 X39.516 Y-26.057 R0.635
G1 X39.42 Y-26.083 Z-6.844
X39.329 Y-26.125 Z-6.864
X39.246 Y-26.18 Z-6.884
X39.173 Y-26.247 Z-6.904
X39.111 Y-26.325 Z-6.924
X39.062 Y-26.411 Z-6.944
X39.027 Y-26.505 Z-6.964
X39.007 Y-26.602 Z-6.984
X39.002 Y-26.702 Z-7.004
X39.013 Y-26.801 Z-7.024
X39.061 Y-27.008
X39.152 Y-27.43
X39.18 Y-27.629
X39.181 Y-27.836
Y-28.044
X39.18 Y-28.251
X39.164 Y-28.36
X39.151 Y-28.51
X39.174 Y-28.65
X39.248 Y-28.928
X39.394 Y-29.231
X39.651 Y-29.573
X40.073 Y-29.956
X40.82 Y-30.409
X41.676 Y-30.725
X42.566 Y-30.924
X43.018 Y-30.982
X43.245 Y-31.004
X43.358 Y-31.015
X43.458 Y-31.014 Z-7.004
X43.556 Y-30.997 Z-6.984
X43.65 Y-30.965 Z-6.964
X43.738 Y-30.919 Z-6.944
X43.818 Y-30.86 Z-6.924
X43.888 Y-30.788 Z-6.904
X43.945 Y-30.707 Z-6.884
X43.99 Y-30.618 Z-6.864
X44.019 Y-30.523 Z-6.844
X44.034 Y-30.424 Z-6.824
G3 X43.697 Y-29.82 R0.635
G1 X40.087 Y-27.909
X39.996 Y-27.87
X39.899 Y-27.845
X39.8 Y-27.836 Z-6.844
X39.701 Y-27.842 Z-6.864
X39.604 Y-27.863 Z-6.884
X39.511 Y-27.9 Z-6.904
X39.425 Y-27.951 Z-6.924
X39.348 Y-28.014 Z-6.944
X39.282 Y-28.089 Z-6.964
X39.229 Y-28.173 Z-6.984
X39.189 Y-28.264 Z-7.004
X39.164 Y-28.36 Z-7.024
X39.152 Y-28.45
X39.061 Y-28.872
X38.945 Y-29.378
X38.917 Y-29.494
X38.738 Y-29.984
X38.685 Y-30.115
X38.571 Y-30.322
X38.531 Y-30.384
X38.428 Y-30.529
X38.324 Y-30.674
X37.91 Y-31.193
X37.774 Y-31.358
X37.643 Y-31.5
G3 X37.578 Y-32.234 R0.635
G1 X37.628 Y-32.319 Z-7.016
X37.677 Y-32.403 Z-6.993
X37.724 Y-32.482 Z-6.955
X37.767 Y-32.556 Z-6.903
X37.805 Y-32.621 Z-6.838
X37.838 Y-32.677 Z-6.762
X37.864 Y-32.722 Z-6.677
X37.883 Y-32.755 Z-6.585
X37.895 Y-32.775 Z-6.488
X37.899 Y-32.781 Z-6.389
G0 Z5.
X32.677 Y-32.556
Z-4.389
G1 Z-5.024 F3048.
Z-7.024
G2 X29.416 Y-27.52 R4.406
G1 X29.428 Y-27.43
X29.519 Y-27.008
X29.635 Y-26.502
X29.663 Y-26.386
X29.842 Y-25.896
X29.895 Y-25.765
X30.009 Y-25.558
X30.049 Y-25.496
X30.152 Y-25.351
X30.256 Y-25.206
X30.67 Y-24.687
X30.806 Y-24.522
X30.996 Y-24.315
X31.083 Y-24.235
X31.229 Y-24.108
X31.29 Y-24.059
X31.497 Y-23.925
X31.704 Y-23.806
X31.91 Y-23.693
X32.001 Y-23.63 Z-7.002
X32.082 Y-23.555 Z-6.98
X32.151 Y-23.469 Z-6.957
X32.207 Y-23.373 Z-6.935
X32.249 Y-23.271 Z-6.913
X32.275 Y-23.163 Z-6.891
X32.286 Y-23.053 Z-6.868
X32.281 Y-22.943 Z-6.846
X32.261 Y-22.834 Z-6.824
G3 X31.551 Y-22.265 R0.768
G1 X27.134 Y-22.082
G3 X26.464 Y-22.421 R0.768
G1 X26.409 Y-22.517 Z-6.846
X26.369 Y-22.62 Z-6.868
X26.343 Y-22.727 Z-6.891
X26.334 Y-22.838 Z-6.913
X26.34 Y-22.948 Z-6.935
X26.362 Y-23.057 Z-6.957
X26.4 Y-23.161 Z-6.98
X26.452 Y-23.258 Z-7.002
X26.517 Y-23.348 Z-7.024
X26.825 Y-23.683
X27.002 Y-23.791
X27.857 Y-24.107
X28.038 Y-24.246
X28.125 Y-24.319
X28.188 Y-24.361
X28.254 Y-24.396
X28.328 Y-24.414 Z-7.019
X28.401 Y-24.432 Z-7.006
X28.471 Y-24.45 Z-6.983
X28.514 Y-24.451 Z-6.965
X28.595 Y-24.437 Z-6.918
X28.669 Y-24.424 Z-6.86
X28.733 Y-24.412 Z-6.791
X28.778 Y-24.389 Z-6.72
X28.814 Y-24.371 Z-6.643
X28.84 Y-24.358 Z-6.561
X28.856 Y-24.35 Z-6.476
X28.861 Y-24.348 Z-6.389
G0 Z5.
X32.583 Y-36.907
Z-5.5
G1 Z-6.135 F3048.
X32.585 Y-36.899 Z-6.234
X32.59 Y-36.877 Z-6.331
X32.6 Y-36.84 Z-6.423
X32.613 Y-36.789 Z-6.508
X32.629 Y-36.727 Z-6.584
X32.648 Y-36.653 Z-6.649
X32.669 Y-36.571 Z-6.701
X32.692 Y-36.482 Z-6.739
X32.716 Y-36.388 Z-6.762
X32.74 Y-36.292 Z-6.77
G3 X33.237 Y-32.835 R16.211
G1 Y-32.755
X33.213 Y-32.634
X33.145 Y-32.533
X33.042 Y-32.466
X32.532 Y-32.26
X32.373 Y-32.187
X31.911 Y-31.963
X31.704 Y-31.85
X31.29 Y-31.559
X31.078 Y-31.358
X30.898 Y-31.151
X30.67 Y-30.871
X30.563 Y-30.737
X30.463 Y-30.602
X30.082 Y-30.042
X30.071 Y-30.023
X30.063 Y-30.005
X29.872 Y-29.494
X29.842 Y-29.376
X29.725 Y-28.872
X29.685 Y-28.665
X29.601 Y-28.225
Y-27.655
X29.685 Y-27.215
X29.725 Y-27.008
X29.842 Y-26.504
X29.872 Y-26.386
X30.063 Y-25.875
X30.071 Y-25.857
X30.082 Y-25.838
X30.463 Y-25.278
X30.563 Y-25.143
X30.67 Y-25.009
X30.898 Y-24.729
X31.078 Y-24.522
X31.29 Y-24.321
X31.704 Y-24.03
X31.911 Y-23.917
X32.373 Y-23.693
X32.532 Y-23.62
X33.1 Y-23.391
X33.113 Y-23.388
X33.566 Y-23.308
X33.773 Y-23.29
X34.187 Y-23.284
X34.393
X34.807 Y-23.29
X35.014 Y-23.308
X35.467 Y-23.388
X35.48 Y-23.391
X36.048 Y-23.62
X36.207 Y-23.693
X36.669 Y-23.917
X36.876 Y-24.03
X37.29 Y-24.321
X37.502 Y-24.522
X37.682 Y-24.729
X37.91 Y-25.009
X38.017 Y-25.143
X38.117 Y-25.278
X38.498 Y-25.838
X38.509 Y-25.857
X38.517 Y-25.875
X38.708 Y-26.386
X38.738 Y-26.504
X38.855 Y-27.008
X38.895 Y-27.215
X38.979 Y-27.655
Y-28.225
X38.895 Y-28.665
X38.855 Y-28.872
X38.738 Y-29.376
X38.708 Y-29.494
X38.517 Y-30.005
X38.509 Y-30.023
X38.498 Y-30.042
X38.117 Y-30.602
X38.017 Y-30.737
X37.91 Y-30.871
X37.682 Y-31.151
X37.502 Y-31.358
X37.29 Y-31.559
X36.876 Y-31.85
X36.669 Y-31.963
X36.207 Y-32.187
X36.048 Y-32.26
X35.48 Y-32.489
X35.467 Y-32.492
X35.014 Y-32.572
X34.807 Y-32.59
X34.393 Y-32.596
X34.187
X33.98 Y-32.593
X33.905 Y-32.599
X33.831 Y-32.614
X33.762 Y-32.646 Z-6.765
X33.694 Y-32.678 Z-6.752
X33.628 Y-32.708 Z-6.729
X33.571 Y-32.766 Z-6.691
X33.518 Y-32.819 Z-6.643
X33.471 Y-32.866 Z-6.584
X33.442 Y-32.924 Z-6.508
X33.419 Y-32.971 Z-6.423
X33.402 Y-33.005 Z-6.331
X33.392 Y-33.026 Z-6.235
X33.389 Y-33.033 Z-6.135
G0 Z5.
X32.881 Y-36.689
Z-5.246
G1 Z-5.881 F3048.
X32.883 Y-36.681 Z-5.98
X32.889 Y-36.659 Z-6.077
X32.898 Y-36.622 Z-6.169
X32.911 Y-36.571 Z-6.254
X32.927 Y-36.509 Z-6.33
X32.946 Y-36.435 Z-6.395
X32.967 Y-36.353 Z-6.447
X32.99 Y-36.264 Z-6.485
X33.014 Y-36.17 Z-6.508
X33.038 Y-36.074 Z-6.516
G3 X33.536 Y-32.617 R16.211
G1 Y-32.468
X33.483 Y-32.379
X33.404 Y-32.313
X33.307 Y-32.276
X33.111 Y-32.238
X33.101 Y-32.235
X32.501 Y-31.979
X32.325 Y-31.895
X32.075 Y-31.772
X31.911 Y-31.691
X31.703 Y-31.565
X31.497 Y-31.414
X31.431 Y-31.358
X31.29 Y-31.23
X30.876 Y-30.737
X30.707 Y-30.529
X30.67 Y-30.481
X30.365 Y-30.05
X30.357 Y-30.037
X30.126 Y-29.494
X30.106 Y-29.442
X30.093 Y-29.39
X29.973 Y-28.872
X29.932 Y-28.665
X29.845 Y-28.225
Y-27.655
X29.932 Y-27.215
X29.973 Y-27.008
X30.093 Y-26.49
X30.106 Y-26.438
X30.126 Y-26.386
X30.357 Y-25.843
X30.374 Y-25.817
X30.67 Y-25.399
X30.707 Y-25.351
X30.876 Y-25.143
X31.29 Y-24.65
X31.431 Y-24.522
X31.497 Y-24.466
X31.704 Y-24.314
X31.911 Y-24.189
X32.118 Y-24.087
X32.325 Y-23.985
X32.501 Y-23.901
X33.101 Y-23.645
X33.111 Y-23.642
X33.669 Y-23.534
X34.187 Y-23.526
X34.393
X34.911 Y-23.534
X35.469 Y-23.642
X35.479 Y-23.645
X36.079 Y-23.901
X36.255 Y-23.985
X36.505 Y-24.108
X36.669 Y-24.189
X36.877 Y-24.315
X37.083 Y-24.466
X37.149 Y-24.522
X37.29 Y-24.65
X37.704 Y-25.143
X37.873 Y-25.351
X37.91 Y-25.399
X38.215 Y-25.83
X38.223 Y-25.843
X38.454 Y-26.386
X38.474 Y-26.438
X38.487 Y-26.49
X38.607 Y-27.008
X38.648 Y-27.215
X38.735 Y-27.655
Y-28.225
X38.648 Y-28.665
X38.607 Y-28.872
X38.487 Y-29.39
X38.474 Y-29.442
X38.454 Y-29.494
X38.223 Y-30.037
X38.206 Y-30.063
X37.91 Y-30.481
X37.873 Y-30.529
X37.704 Y-30.737
X37.29 Y-31.23
X37.149 Y-31.358
X37.083 Y-31.414
X36.876 Y-31.566
X36.669 Y-31.691
X36.462 Y-31.793
X36.255 Y-31.895
X36.079 Y-31.979
X35.479 Y-32.235
X35.469 Y-32.238
X34.911 Y-32.346
X34.393 Y-32.354
X34.187
X33.669 Y-32.346
X33.307 Y-32.276
X33.232 Y-32.269
X33.157 Y-32.27
X33.084 Y-32.289 Z-6.511
X33.011 Y-32.308 Z-6.498
X32.941 Y-32.327 Z-6.475
X32.875 Y-32.373 Z-6.437
X32.813 Y-32.416 Z-6.389
X32.758 Y-32.455 Z-6.33
X32.72 Y-32.507 Z-6.254
X32.689 Y-32.548 Z-6.169
X32.666 Y-32.579 Z-6.077
X32.652 Y-32.598 Z-5.981
X32.648 Y-32.604 Z-5.881
G0 Z5.
X33.292 Y-36.522
Z-4.992
G1 Z-5.627 F3048.
X33.294 Y-36.515 Z-5.726
X33.299 Y-36.492 Z-5.823
X33.309 Y-36.455 Z-5.915
X33.322 Y-36.405 Z-6.
X33.338 Y-36.342 Z-6.076
X33.357 Y-36.269 Z-6.141
X33.378 Y-36.186 Z-6.193
X33.4 Y-36.097 Z-6.231
X33.425 Y-36.003 Z-6.254
X33.449 Y-35.907 Z-6.262
G3 X33.946 Y-32.45 R16.211
G1 Y-32.351
X33.912 Y-32.21
X33.815 Y-32.101
X33.679 Y-32.049
X33.669 Y-32.048
X33.113 Y-31.928
X33.1 Y-31.924
X32.945 Y-31.861
X32.738 Y-31.765
X32.532 Y-31.666
X31.911 Y-31.347
X31.807 Y-31.282
X31.704 Y-31.198
X31.442 Y-30.944
X31.29 Y-30.786
X31.083 Y-30.524
X30.709 Y-30.043
X30.695 Y-30.025
X30.422 Y-29.455
X30.418 Y-29.442
X30.278 Y-28.872
X30.256 Y-28.772
X30.144 Y-28.225
X30.143 Y-28.199
Y-27.668
X30.144 Y-27.655
X30.256 Y-27.108
X30.278 Y-27.008
X30.418 Y-26.438
X30.422 Y-26.425
X30.695 Y-25.855
X30.709 Y-25.837
X31.088 Y-25.351
X31.29 Y-25.094
X31.442 Y-24.936
X31.704 Y-24.682
X31.807 Y-24.598
X31.911 Y-24.533
X32.532 Y-24.214
X32.753 Y-24.108
X32.945 Y-24.019
X33.1 Y-23.956
X33.126 Y-23.949
X33.669 Y-23.832
X33.682 Y-23.831
X34.187 Y-23.822
X34.393
X34.898 Y-23.831
X34.911 Y-23.832
X35.467 Y-23.952
X35.48 Y-23.956
X35.635 Y-24.019
X35.842 Y-24.115
X36.048 Y-24.214
X36.669 Y-24.533
X36.773 Y-24.598
X36.876 Y-24.682
X37.138 Y-24.936
X37.29 Y-25.094
X37.497 Y-25.356
X37.871 Y-25.837
X37.885 Y-25.855
X38.158 Y-26.425
X38.162 Y-26.438
X38.302 Y-27.008
X38.324 Y-27.108
X38.436 Y-27.655
X38.437 Y-27.681
Y-28.212
X38.436 Y-28.225
X38.324 Y-28.772
X38.302 Y-28.872
X38.162 Y-29.442
X38.158 Y-29.455
X37.885 Y-30.025
X37.871 Y-30.043
X37.492 Y-30.529
X37.29 Y-30.786
X37.138 Y-30.944
X36.876 Y-31.198
X36.773 Y-31.282
X36.669 Y-31.347
X36.048 Y-31.666
X35.827 Y-31.772
X35.635 Y-31.861
X35.48 Y-31.924
X35.454 Y-31.931
X34.911 Y-32.048
X34.898 Y-32.049
X34.393 Y-32.058
X34.187
X33.679 Y-32.049
X33.604 Y-32.047
X33.529 Y-32.053
X33.457 Y-32.078 Z-6.257
X33.387 Y-32.102 Z-6.244
X33.318 Y-32.125 Z-6.221
X33.255 Y-32.176 Z-6.183
X33.196 Y-32.223 Z-6.135
X33.144 Y-32.265 Z-6.076
X33.109 Y-32.319 Z-6.
X33.081 Y-32.363 Z-5.915
X33.061 Y-32.395 Z-5.823
X33.048 Y-32.415 Z-5.727
X33.044 Y-32.421 Z-5.627
G0 Z5.
X27.765 Y-33.07
Z-4.738
G1 Z-5.373 F3048.
X27.772 Y-33.067 Z-5.472
X27.793 Y-33.056 Z-5.569
X27.827 Y-33.038 Z-5.661
X27.873 Y-33.014 Z-5.746
X27.93 Y-32.984 Z-5.822
X27.997 Y-32.949 Z-5.887
X28.072 Y-32.91 Z-5.939
X28.154 Y-32.867 Z-5.977
X28.24 Y-32.822 Z-6.
X28.328 Y-32.776 Z-6.008
G3 X31.23 Y-30.833 R16.211
G1 X31.314 Y-30.757
X31.356 Y-30.531
X31.324 Y-30.303
X31.223 Y-30.096
X31.09 Y-29.908
X30.8 Y-29.403
X30.794 Y-29.39
X30.765 Y-29.286
X30.664 Y-28.872
X30.618 Y-28.665
X30.524 Y-28.225
X30.522 Y-28.212
Y-27.668
X30.524 Y-27.655
X30.618 Y-27.215
X30.67 Y-26.984
X30.765 Y-26.594
X30.794 Y-26.49
X30.8 Y-26.477
X31.09 Y-25.972
X31.237 Y-25.765
X31.567 Y-25.351
X31.704 Y-25.199
X31.932 Y-24.976
X31.954 Y-24.962
X32.338 Y-24.729
X32.532 Y-24.632
X33.126 Y-24.35
X33.139 Y-24.346
X33.682 Y-24.21
X33.695 Y-24.208
X34.187 Y-24.199
X34.393
X34.885 Y-24.208
X34.898 Y-24.21
X35.441 Y-24.346
X35.454 Y-24.35
X36.048 Y-24.632
X36.242 Y-24.729
X36.637 Y-24.969
X36.648 Y-24.976
X36.876 Y-25.199
X37.013 Y-25.351
X37.343 Y-25.765
X37.49 Y-25.972
X37.78 Y-26.477
X37.786 Y-26.49
X37.815 Y-26.594
X37.916 Y-27.008
X37.962 Y-27.215
X38.056 Y-27.655
X38.058 Y-27.668
Y-28.212
X38.056 Y-28.225
X37.962 Y-28.665
X37.91 Y-28.896
X37.815 Y-29.286
X37.786 Y-29.39
X37.78 Y-29.403
X37.49 Y-29.908
X37.343 Y-30.115
X37.013 Y-30.529
X36.876 Y-30.681
X36.648 Y-30.904
X36.626 Y-30.918
X36.242 Y-31.151
X36.048 Y-31.248
X35.454 Y-31.53
X35.441 Y-31.534
X34.898 Y-31.67
X34.885 Y-31.672
X34.393 Y-31.681
X34.187
X33.695 Y-31.672
X33.682 Y-31.67
X33.139 Y-31.534
X33.126 Y-31.53
X32.532 Y-31.248
X32.338 Y-31.151
X31.943 Y-30.911
X31.932 Y-30.904
X31.704 Y-30.681
X31.567 Y-30.529
X31.237 Y-30.115
X31.223 Y-30.096
X31.174 Y-30.039
X31.119 Y-29.988
X31.053 Y-29.951 Z-6.003
X30.987 Y-29.915 Z-5.99
X30.924 Y-29.88 Z-5.967
X30.85 Y-29.867 Z-5.933
X30.781 Y-29.856 Z-5.889
X30.718 Y-29.845 Z-5.836
X30.66 Y-29.855 Z-5.773
X30.611 Y-29.862 Z-5.702
X30.572 Y-29.869 Z-5.625
X30.544 Y-29.873 Z-5.544
X30.526 Y-29.876 Z-5.46
X30.52 Y-29.877 Z-5.374
G0 Z5.
X28.001 Y-32.703
Z-4.484
G1 Z-5.119 F3048.
X28.008 Y-32.699 Z-5.218
X28.028 Y-32.688 Z-5.315
X28.062 Y-32.671 Z-5.407
X28.109 Y-32.647 Z-5.492
X28.166 Y-32.618 Z-5.568
X28.234 Y-32.583 Z-5.633
X28.309 Y-32.545 Z-5.685
X28.391 Y-32.503 Z-5.723
X28.478 Y-32.459 Z-5.746
X28.566 Y-32.414 Z-5.754
G3 X31.487 Y-30.498 R16.211
G1 X31.593 Y-30.405
X31.64 Y-30.179
X31.632 Y-29.948
X31.568 Y-29.726
X31.452 Y-29.526
X31.389 Y-29.442
X31.375 Y-29.416
X31.366 Y-29.39
X31.204 Y-28.872
X31.152 Y-28.665
X31.05 Y-28.212
Y-27.668
X31.152 Y-27.215
X31.204 Y-27.008
X31.37 Y-26.477
X31.375 Y-26.464
X31.389 Y-26.438
X31.497 Y-26.294
X31.741 Y-25.972
X31.911 Y-25.756
X32.086 Y-25.558
X32.302 Y-25.351
X32.313 Y-25.342
X32.532 Y-25.211
X33.152 Y-24.912
X33.359 Y-24.829
X33.527 Y-24.763
X33.566 Y-24.755
X33.773 Y-24.731
X34.187 Y-24.721
X34.393
X34.807 Y-24.731
X35.014 Y-24.755
X35.053 Y-24.763
X35.221 Y-24.829
X35.428 Y-24.912
X36.048 Y-25.211
X36.267 Y-25.342
X36.278 Y-25.351
X36.494 Y-25.558
X36.669 Y-25.756
X36.839 Y-25.972
X37.153 Y-26.386
X37.191 Y-26.438
X37.205 Y-26.464
X37.214 Y-26.49
X37.376 Y-27.008
X37.428 Y-27.215
X37.53 Y-27.668
Y-28.212
X37.428 Y-28.665
X37.376 Y-28.872
X37.21 Y-29.403
X37.205 Y-29.416
X37.191 Y-29.442
X37.083 Y-29.586
X36.839 Y-29.908
X36.669 Y-30.124
X36.494 Y-30.322
X36.278 Y-30.529
X36.267 Y-30.538
X36.048 Y-30.669
X35.428 Y-30.968
X35.221 Y-31.051
X35.053 Y-31.117
X35.014 Y-31.125
X34.807 Y-31.149
X34.393 Y-31.159
X34.187
X33.773 Y-31.149
X33.566 Y-31.125
X33.527 Y-31.117
X33.359 Y-31.051
X33.152 Y-30.968
X32.532 Y-30.669
X32.313 Y-30.538
X32.302 Y-30.529
X32.086 Y-30.322
X31.911 Y-30.124
X31.741 Y-29.908
X31.452 Y-29.526
X31.401 Y-29.47
X31.344 Y-29.421
X31.276 Y-29.387 Z-5.749
X31.21 Y-29.353 Z-5.736
X31.145 Y-29.319 Z-5.713
X31.079 Y-29.309 Z-5.683
X31.017 Y-29.3 Z-5.646
X30.959 Y-29.292 Z-5.601
X30.896 Y-29.303 Z-5.537
X30.842 Y-29.312 Z-5.464
X30.799 Y-29.32 Z-5.384
X30.767 Y-29.325 Z-5.299
X30.748 Y-29.329 Z-5.21
X30.742 Y-29.33 Z-5.12
G0 Z5.
X27.389 Y-25.483
Z-4.23
G1 Z-4.865 F3048.
X27.396 Y-25.487 Z-4.964
X27.417 Y-25.498 Z-5.061
X27.45 Y-25.516 Z-5.153
X27.496 Y-25.541 Z-5.238
X27.553 Y-25.572 Z-5.314
X27.619 Y-25.608 Z-5.378
X27.694 Y-25.648 Z-5.431
X27.775 Y-25.692 Z-5.469
X27.86 Y-25.739 Z-5.492
X27.948 Y-25.786 Z-5.5
G3 X31.179 Y-27.112 R16.211
G1 X31.545 Y-27.204
X32.455 Y-27.139
X33.364 Y-27.066
X33.819 Y-27.083
X34.044 Y-27.12
X34.266 Y-27.174
X34.477 Y-27.259
X34.674 Y-27.374
X34.853 Y-27.516
X35.009 Y-27.681
X35.14 Y-27.868
X35.243 Y-28.071
X35.316 Y-28.287
X35.358 Y-28.511
X35.366 Y-28.739
X35.342 Y-28.966
X35.286 Y-29.187
X35.199 Y-29.397
X35.082 Y-29.593
X34.939 Y-29.77
X34.771 Y-29.925
X34.584 Y-30.054
X34.379 Y-30.155
X34.163 Y-30.226
X33.938 Y-30.265
X33.71 Y-30.272
X33.484 Y-30.245
X33.263 Y-30.187
X33.054 Y-30.097
X32.859 Y-29.979
X32.683 Y-29.834
X32.53 Y-29.665
X32.403 Y-29.476
X32.304 Y-29.27
X32.235 Y-29.053
X32.199 Y-28.828
X32.194 Y-28.6
X32.223 Y-28.374
X32.284 Y-28.154
X32.375 Y-27.945
X32.496 Y-27.752
X32.643 Y-27.578
X32.813 Y-27.426
X33.003 Y-27.301
X33.107 Y-27.252
X33.213 Y-27.211
X33.322 Y-27.178
X33.433 Y-27.153
X33.546 Y-27.136
X33.659 Y-27.127
X33.887 Y-27.125
X34. Y-27.14
X34.223 Y-27.187
X34.33 Y-27.226
X34.538 Y-27.32
X34.634 Y-27.381
X34.726 Y-27.449
X34.812 Y-27.523
X34.974 Y-27.684
X35.043 Y-27.775
X35.104 Y-27.871
X35.159 Y-27.971
X35.207 Y-28.074
X35.247 Y-28.181
X35.279 Y-28.29
X35.303 Y-28.402
X35.319 Y-28.515
X35.327 Y-28.628
Y-28.742
X35.319 Y-28.856
X35.302 Y-28.969
X35.278 Y-29.08
X35.245 Y-29.189
X35.205 Y-29.296
X35.157 Y-29.399
X35.102 Y-29.499
X35.04 Y-29.595
X34.972 Y-29.686
X34.896 Y-29.772
X34.815 Y-29.852
X34.729 Y-29.926
X34.637 Y-29.993
X34.541 Y-30.054
X34.44 Y-30.108
X34.336 Y-30.155
X34.229 Y-30.194
G3 X33.833 Y-30.814 R0.635
G1 X33.838 Y-30.913 Z-5.492
X33.842 Y-31.01 Z-5.469
X33.847 Y-31.102 Z-5.431
X33.851 Y-31.187 Z-5.378
X33.855 Y-31.263 Z-5.314
X33.858 Y-31.327 Z-5.238
X33.861 Y-31.379 Z-5.153
X33.863 Y-31.417 Z-5.061
X33.864 Y-31.441 Z-4.964
Y-31.448 Z-4.865
G0 Z5.
X32.116 Y-29.113
Z-2.865
G1 Z-3.5 F3048.
Z-5.5
G2 X31.428 Y-29.493 R3.622
G1 X32.337 Y-28.805
X32.536 Y-28.695
X32.75 Y-28.614
X32.861 Y-28.59
X32.932 Y-28.567
X33.001 Y-28.535
X33.06 Y-28.489 Z-5.495
X33.119 Y-28.442 Z-5.481
X33.176 Y-28.398 Z-5.459
X33.219 Y-28.329 Z-5.421
X33.258 Y-28.265 Z-5.372
X33.293 Y-28.207 Z-5.314
X33.308 Y-28.145 Z-5.238
X33.32 Y-28.094 Z-5.153
X33.328 Y-28.057 Z-5.061
X33.334 Y-28.034 Z-4.964
X33.335 Y-28.027 Z-4.865
G0 Z5.
X-0.642 Y-63.148
Z-8.294
G1 Z-8.929 F3048.
X-0.64 Y-63.141 Z-9.028
X-0.634 Y-63.118 Z-9.125
X-0.625 Y-63.081 Z-9.217
X-0.612 Y-63.031 Z-9.302
X-0.596 Y-62.968 Z-9.378
X-0.577 Y-62.895 Z-9.443
X-0.556 Y-62.813 Z-9.495
X-0.533 Y-62.723 Z-9.533
X-0.509 Y-62.63 Z-9.556
X-0.484 Y-62.533 Z-9.564
G3 X0.013 Y-59.076 R16.211
G1 Y-58.962
X-0.349 Y-58.125
X-0.612 Y-57.253
X-0.802 Y-56.361
X-0.937 Y-55.459
X-1.031 Y-54.552
X-1.098 Y-53.643
X-1.144 Y-52.732
X-1.176 Y-51.821
X-1.198 Y-50.909
X-1.213 Y-49.997
X-1.224 Y-49.086
X-1.231 Y-48.174
X-1.236 Y-47.262
X-1.24 Y-46.35
X-1.244 Y-44.527
X-1.247 Y-40.879
X-1.253 Y-19.908
X-1.255 Y-8.966
X-1.256 Y-2.583
X-1.162 Y-2.137
X-0.784 Y-1.308
X-0.166 Y-0.637
X0.584 Y-0.119
X1.409 Y0.27
X2.275 Y0.555
X3.164 Y0.76
X4.064 Y0.906
X4.97 Y1.009
X5.879 Y1.081
X6.789 Y1.132
X7.7 Y1.166
X8.612 Y1.191
X9.523 Y1.207
X10.435 Y1.219
X11.347 Y1.227
X12.259 Y1.232
X13.171 Y1.236
X14.994 Y1.241
X17.73 Y1.244
X26.848 Y1.248
X41.437 Y1.251
X66.056 Y1.256
X66.499 Y1.148
X67.319 Y0.751
X67.981 Y0.123
X68.491 Y-0.633
X68.873 Y-1.461
X69.152 Y-2.328
X69.354 Y-3.218
X69.497 Y-4.118
X69.598 Y-5.024
X69.668 Y-5.934
X69.717 Y-6.844
X69.751 Y-7.755
X69.775 Y-8.667
X69.791 Y-9.578
X69.803 Y-10.49
X69.811 Y-11.402
X69.816 Y-12.314
X69.82 Y-13.225
X69.824 Y-15.049
X69.828 Y-17.785
X69.83 Y-23.255
X69.836 Y-53.345
X69.73 Y-53.789
X69.335 Y-54.611
X68.709 Y-55.273
X67.954 Y-55.784
X67.126 Y-56.167
X66.258 Y-56.447
X65.369 Y-56.649
X64.469 Y-56.792
X63.563 Y-56.894
X62.653 Y-56.964
X61.743 Y-57.014
X60.832 Y-57.048
X59.92 Y-57.072
X59.009 Y-57.088
X58.097 Y-57.099
X57.185 Y-57.107
X56.273 Y-57.113
X55.361 Y-57.117
X53.538 Y-57.121
X50.802 Y-57.124
X41.684 Y-57.128
X5.212 Y-57.136
X4.756 Y-57.127
X4.31 Y-57.034
X3.468 Y-56.684
X2.768 Y-56.099
X2.513 Y-55.862
X2.131 Y-55.625
X1.705 Y-55.463
X1.483 Y-55.411
X1.271 Y-55.328
X1.073 Y-55.215
X0.893 Y-55.076
X0.735 Y-54.911
X0.602 Y-54.726
X0.496 Y-54.524
X0.421 Y-54.309
X0.378 Y-54.085
X0.334 Y-53.174
X0.452 Y-52.27
X0.527 Y-51.362
X0.574 Y-50.451
X0.605 Y-49.54
X0.624 Y-48.628
X0.637 Y-47.716
X0.644 Y-46.805
X0.649 Y-45.893
X0.652 Y-44.981
X0.655 Y-43.157
X0.656 Y-39.51
X0.649 Y-5.773
X0.671 Y-4.861
X0.674 Y-3.95
Y-3.494
X0.706 Y-3.039
X0.781 Y-2.824
X0.881 Y-2.619
X1.138 Y-2.243
X1.833 Y-1.652
X2.684 Y-1.323
X3.571 Y-1.112
X4.471 Y-0.97
X5.378 Y-0.873
X6.287 Y-0.806
X7.198 Y-0.761
X8.109 Y-0.729
X9.021 Y-0.708
X9.933 Y-0.693
X10.844 Y-0.686
X11.756 Y-0.68
X12.668 Y-0.675
X14.492 Y-0.668
X17.227 Y-0.663
X21.786 Y-0.659
X48.229 Y-0.653
X62.818 Y-0.649
X63.729 Y-0.671
X64.641 Y-0.674
X65.097
X65.552 Y-0.705
X65.766 Y-0.782
X65.97 Y-0.885
X66.344 Y-1.146
X66.935 Y-1.84
X67.261 Y-2.692
X67.473 Y-3.579
X67.614 Y-4.479
X67.711 Y-5.386
X67.777 Y-6.296
X67.823 Y-7.206
X67.854 Y-8.118
X67.876 Y-9.029
X67.89 Y-9.941
X67.898 Y-10.853
X67.904 Y-11.764
X67.908 Y-12.676
X67.915 Y-14.5
X67.92 Y-17.235
X67.924 Y-21.794
X67.927 Y-32.736
X67.931 Y-50.06
X67.911 Y-50.972
X67.906 Y-51.884
Y-52.796
X67.833 Y-53.012
X67.633 Y-53.421
X67.556 Y-53.506
X67.237 Y-53.831
X66.486 Y-54.348
X65.618 Y-54.628
X64.726 Y-54.816
X63.823 Y-54.944
X62.915 Y-55.031
X62.005 Y-55.09
X61.095 Y-55.131
X60.183 Y-55.158
X59.272 Y-55.178
X58.36 Y-55.191
X57.448 Y-55.197
X56.536 Y-55.202
X54.713 Y-55.21
X52.889 Y-55.215
X50.154 Y-55.219
X43.771 Y-55.222
X38.3 Y-55.223
X7.298 Y-55.23
X6.387 Y-55.208
X5.475 Y-55.205
X5.025 Y-55.135
X4.184 Y-54.783
X3.46 Y-54.228
X3.056 Y-54.017
X2.846 Y-53.928
X2.652 Y-53.809
X2.476 Y-53.663
X2.323 Y-53.494
X2.197 Y-53.305
X2.098 Y-53.099
X2.03 Y-52.881
X1.994 Y-52.656
X1.979 Y-51.745
X2.156 Y-50.85
X2.279 Y-49.947
X2.364 Y-49.039
X2.424 Y-48.129
X2.466 Y-47.218
X2.495 Y-46.307
X2.516 Y-45.395
X2.53 Y-44.483
X2.54 Y-43.572
X2.546 Y-42.66
X2.551 Y-41.748
X2.554 Y-40.836
X2.556 Y-39.924
X2.559 Y-37.189
X2.56 Y-30.806
X2.554 Y-6.187
X2.568 Y-5.276
X2.577 Y-4.364
X2.581 Y-4.136
X2.617 Y-3.911
X2.686 Y-3.694
X2.785 Y-3.488
X2.912 Y-3.299
X3.065 Y-3.13
X3.241 Y-2.985
X3.436 Y-2.866
X3.645 Y-2.777
X4.527 Y-2.543
X5.438 Y-2.58
X6.349 Y-2.596
X7.261 Y-2.6
X8.173 Y-2.599
X9.997 Y-2.592
X13.644 Y-2.576
X15.467 Y-2.571
X16.379 Y-2.569
X20.027 Y-2.565
X30.968 Y-2.562
X61.97 Y-2.555
X62.882 Y-2.559
X63.793 Y-2.574
X64.249 Y-2.577
X64.477 Y-2.585
X64.701 Y-2.626
X64.918 Y-2.698
X65.121 Y-2.801
X65.308 Y-2.931
X65.474 Y-3.088
X65.616 Y-3.266
X65.731 Y-3.463
X65.816 Y-3.674
X66.034 Y-4.56
X65.999 Y-5.471
X65.985 Y-6.382
X65.982 Y-7.294
X65.983 Y-8.206
X65.991 Y-10.03
X66.007 Y-13.677
X66.012 Y-15.5
X66.017 Y-18.236
X66.02 Y-23.707
X66.026 Y-49.237
X66.021 Y-50.149
X66.007 Y-51.061
X66.004 Y-51.745
X65.97 Y-51.97
X65.905 Y-52.189
X65.809 Y-52.396
X65.684 Y-52.586
X65.534 Y-52.757
X65.36 Y-52.905
X65.167 Y-53.027
X64.959 Y-53.119
X64.081 Y-53.366
X63.17 Y-53.318
X62.259 Y-53.296
X61.347 Y-53.288
X60.435 Y-53.287
X59.523 Y-53.288
X54.053 Y-53.307
X51.317 Y-53.312
X46.758 Y-53.316
X13.021 Y-53.324
X7.55 Y-53.325
X6.639 Y-53.308
X6.183 Y-53.305
X5.732 Y-53.233
X4.883 Y-52.902
X4.493 Y-52.665
X4.305 Y-52.536
X4.138 Y-52.382
X3.994 Y-52.205
X3.877 Y-52.009
X3.789 Y-51.799
X3.732 Y-51.578
X3.707 Y-51.351
X3.74 Y-50.44
X3.939 Y-49.55
X4.083 Y-48.65
X4.188 Y-47.744
X4.265 Y-46.836
X4.321 Y-45.926
X4.361 Y-45.015
X4.39 Y-44.103
X4.412 Y-43.192
X4.427 Y-42.28
X4.438 Y-41.368
X4.446 Y-40.457
X4.452 Y-39.545
X4.456 Y-38.633
X4.461 Y-36.809
X4.463 Y-34.074
X4.464 Y-27.691
X4.46 Y-11.279
X4.459 Y-6.72
X4.466 Y-5.808
X4.474 Y-5.124
X4.509 Y-4.899
X4.576 Y-4.681
X4.674 Y-4.475
X4.8 Y-4.285
X4.952 Y-4.115
X5.127 Y-3.969
X5.321 Y-3.849
X5.53 Y-3.758
X5.75 Y-3.698
X5.976 Y-3.67
X6.887 Y-3.69
X7.383 Y-3.845
X8.048 Y-4.007
X8.946 Y-4.166
X9.852 Y-4.27
X10.761 Y-4.338
X11.672 Y-4.384
X12.583 Y-4.414
X13.495 Y-4.433
X14.407 Y-4.446
X15.318 Y-4.454
X16.23 Y-4.46
X17.142 Y-4.463
X18.966 Y-4.467
X22.613 Y-4.468
X48.144 Y-4.463
X61.821 Y-4.46
X62.733 Y-4.464
X63.189 Y-4.47
X63.416 Y-4.473
X63.644 Y-4.491
X63.866 Y-4.542
X64.079 Y-4.624
X64.277 Y-4.736
X64.458 Y-4.875
X64.617 Y-5.038
X64.751 Y-5.223
X64.857 Y-5.425
X64.933 Y-5.64
X64.977 Y-5.863
X64.989 Y-6.091
X64.907 Y-6.999
X64.752 Y-7.483
X64.591 Y-8.13
X64.427 Y-9.027
X64.32 Y-9.932
X64.249 Y-10.841
X64.203 Y-11.752
X64.172 Y-12.663
X64.152 Y-13.575
X64.138 Y-14.486
X64.13 Y-15.398
X64.124 Y-16.31
X64.12 Y-17.222
X64.117 Y-19.045
X64.115 Y-21.781
X64.118 Y-39.105
X64.12 Y-49.135
X64.116 Y-50.047
X64.11 Y-50.503
X64.108 Y-50.731
X64.092 Y-50.958
X64.043 Y-51.181
X63.964 Y-51.394
X63.854 Y-51.594
X63.717 Y-51.777
X63.555 Y-51.937
X63.372 Y-52.073
X63.172 Y-52.181
X62.958 Y-52.26
X62.735 Y-52.307
X62.507 Y-52.321
X61.598 Y-52.248
X61.145 Y-52.095
X60.546 Y-51.935
X59.712 Y-51.768
X58.809 Y-51.647
X57.9 Y-51.566
X56.99 Y-51.513
X56.079 Y-51.478
X55.168 Y-51.455
X54.256 Y-51.439
X53.344 Y-51.429
X52.432 Y-51.423
X51.52 Y-51.418
X50.609 Y-51.416
X48.785 Y-51.413
X45.138 Y-51.412
X25.99 Y-51.416
X7.753 Y-51.42
X6.842 Y-51.406
X6.392 Y-51.33
X6.176 Y-51.259
X5.972 Y-51.157
X5.784 Y-51.028
X5.617 Y-50.873
X5.474 Y-50.695
X5.358 Y-50.499
X5.271 Y-50.288
X5.215 Y-50.067
X5.192 Y-49.84
X5.228 Y-48.929
X5.415 Y-48.442
X5.606 Y-47.831
X5.804 Y-47.016
X5.962 Y-46.118
X6.075 Y-45.213
X6.156 Y-44.305
X6.215 Y-43.395
X6.258 Y-42.484
X6.289 Y-41.573
X6.312 Y-40.661
X6.328 Y-39.749
X6.34 Y-38.838
X6.348 Y-37.926
X6.354 Y-37.014
X6.359 Y-36.102
X6.364 Y-34.279
X6.367 Y-31.543
X6.368 Y-26.072
Y-21.513
X6.365 Y-6.924
X6.369 Y-6.24
X6.373 Y-6.013
X6.409 Y-5.788
X6.477 Y-5.57
X6.576 Y-5.365
X6.703 Y-5.175
X6.856 Y-5.006
X7.032 Y-4.861
X7.226 Y-4.742
X7.436 Y-4.652
X7.656 Y-4.593
X7.882 Y-4.567
X8.11 Y-4.573
X8.335 Y-4.612
X9.202 Y-4.893
X9.418 Y-5.031
X9.684 Y-5.177
X10.012 Y-5.331
X10.426 Y-5.494
X10.956 Y-5.665
X11.655 Y-5.841
X12.551 Y-6.007
X13.456 Y-6.12
X14.364 Y-6.199
X15.275 Y-6.252
X16.186 Y-6.29
X17.097 Y-6.316
X18.009 Y-6.334
X18.92 Y-6.346
X19.832 Y-6.354
X20.744 Y-6.36
X21.656 Y-6.364
X23.479 Y-6.369
X26.215 Y-6.371
X33.509
X39.892 Y-6.37
X61.776 Y-6.365
X62.231 Y-6.367
X62.459 Y-6.369
X62.687 Y-6.378
X62.911 Y-6.419
X63.127 Y-6.492
X63.331 Y-6.595
X63.517 Y-6.727
X63.683 Y-6.883
X63.824 Y-7.062
X63.939 Y-7.259
X64.024 Y-7.47
X64.078 Y-7.692
X64.1 Y-7.919
X64.089 Y-8.146
X64.045 Y-8.37
X63.745 Y-9.231
X63.611 Y-9.429
X63.467 Y-9.676
X63.317 Y-9.975
X63.156 Y-10.355
X62.989 Y-10.832
X62.815 Y-11.454
X62.635 Y-12.306
X62.503 Y-13.208
X62.413 Y-14.116
X62.35 Y-15.025
X62.307 Y-15.936
X62.277 Y-16.848
X62.256 Y-17.759
X62.242 Y-18.671
X62.232 Y-19.583
X62.225 Y-20.494
X62.22 Y-21.406
X62.217 Y-22.318
X62.214 Y-24.142
X62.212 Y-27.789
Y-33.26
X62.215 Y-48.761
X62.212 Y-49.672
X62.21 Y-49.9
X62.174 Y-50.125
X62.107 Y-50.343
X62.009 Y-50.549
X61.883 Y-50.739
X61.73 Y-50.909
X61.555 Y-51.055
X61.361 Y-51.174
X61.152 Y-51.265
X60.932 Y-51.324
X60.706 Y-51.352
X60.478 Y-51.347
X60.253 Y-51.309
X59.385 Y-51.031
X59.174 Y-50.892
X58.919 Y-50.747
X58.601 Y-50.592
X58.205 Y-50.43
X57.698 Y-50.259
X57.04 Y-50.083
X56.146 Y-49.904
X55.242 Y-49.782
X54.335 Y-49.697
X53.425 Y-49.639
X52.514 Y-49.598
X51.602 Y-49.57
X50.691 Y-49.551
X49.779 Y-49.537
X48.867 Y-49.528
X47.955 Y-49.521
X47.044 Y-49.517
X45.22 Y-49.512
X42.485 Y-49.509
X36.102
X29.719 Y-49.51
X8.748 Y-49.515
X7.836 Y-49.514
X7.608 Y-49.504
X7.384 Y-49.462
X7.168 Y-49.388
X6.965 Y-49.284
X6.78 Y-49.152
X6.615 Y-48.995
X6.474 Y-48.816
X6.36 Y-48.618
X6.276 Y-48.406
X6.223 Y-48.185
X6.202 Y-47.958
X6.214 Y-47.73
X6.259 Y-47.506
X6.563 Y-46.647
X6.707 Y-46.443
X6.857 Y-46.2
X7.018 Y-45.897
X7.187 Y-45.523
X7.366 Y-45.048
X7.549 Y-44.445
X7.741 Y-43.635
X7.893 Y-42.736
X8.001 Y-41.83
X8.078 Y-40.922
X8.133 Y-40.012
X8.173 Y-39.101
X8.201 Y-38.189
X8.222 Y-37.278
X8.237 Y-36.366
X8.247 Y-35.454
X8.255 Y-34.542
X8.26 Y-33.631
X8.264 Y-32.719
X8.269 Y-30.895
X8.272 Y-28.16
X8.273 Y-22.689
X8.272 Y-21.777
X8.27 Y-7.416
X8.272 Y-6.96
X8.306 Y-6.735
X8.371 Y-6.516
X8.468 Y-6.31
X8.593 Y-6.119
X8.744 Y-5.948
X8.917 Y-5.801
X9.111 Y-5.68
X9.319 Y-5.588
X9.539 Y-5.526
X9.765 Y-5.497
X9.993 Y-5.501
X10.218 Y-5.537
X10.435 Y-5.604
X10.641 Y-5.703
X10.83 Y-5.83
X11. Y-5.982
X11.165 Y-6.181
X11.271 Y-6.293
X11.407 Y-6.42
X11.577 Y-6.559
X11.775 Y-6.7
X12.025 Y-6.856
X12.326 Y-7.018
X12.7 Y-7.189
X13.162 Y-7.366
X13.758 Y-7.551
X14.544 Y-7.741
X15.442 Y-7.898
X16.347 Y-8.008
X17.255 Y-8.087
X18.166 Y-8.142
X19.076 Y-8.181
X19.988 Y-8.209
X20.899 Y-8.229
X21.811 Y-8.243
X22.723 Y-8.253
X23.635 Y-8.26
X24.547 Y-8.265
X25.458 Y-8.269
X27.282 Y-8.273
X30.017 Y-8.275
X37.312
X42.783 Y-8.274
X61.247 Y-8.27
X61.703 Y-8.272
X61.928 Y-8.307
X62.146 Y-8.373
X62.353 Y-8.469
X62.543 Y-8.595
X62.714 Y-8.746
X62.861 Y-8.92
X62.982 Y-9.113
X63.074 Y-9.322
X63.134 Y-9.542
X63.163 Y-9.768
X63.159 Y-9.996
X63.123 Y-10.221
X63.055 Y-10.438
X62.956 Y-10.644
X62.829 Y-10.833
X62.676 Y-11.002
X62.418 Y-11.216
X62.299 Y-11.327
X62.17 Y-11.466
X62.038 Y-11.627
X61.891 Y-11.831
X61.736 Y-12.08
X61.574 Y-12.379
X61.402 Y-12.754
X61.224 Y-13.216
X61.04 Y-13.805
X60.849 Y-14.587
X60.691 Y-15.485
X60.579 Y-16.39
X60.5 Y-17.298
X60.444 Y-18.208
X60.404 Y-19.119
X60.375 Y-20.031
X60.355 Y-20.942
X60.341 Y-21.854
X60.33 Y-22.766
X60.323 Y-23.678
X60.318 Y-24.589
X60.315 Y-25.501
X60.31 Y-27.325
X60.308 Y-30.06
Y-37.355
Y-38.267
X60.31 Y-48.524
X60.308 Y-48.98
X60.274 Y-49.206
X60.208 Y-49.424
X60.112 Y-49.631
X59.987 Y-49.821
X59.836 Y-49.992
X59.662 Y-50.139
X59.469 Y-50.26
X59.26 Y-50.352
X59.04 Y-50.413
X58.814 Y-50.442
X58.586 Y-50.439
X58.361 Y-50.403
X58.144 Y-50.335
X57.938 Y-50.236
X57.749 Y-50.109
X57.58 Y-49.956
X57.374 Y-49.708
X57.265 Y-49.593
X57.125 Y-49.463
X56.962 Y-49.329
X56.761 Y-49.185
X56.508 Y-49.027
X56.211 Y-48.868
X55.833 Y-48.694
X55.374 Y-48.518
X54.78 Y-48.333
X53.995 Y-48.143
X53.097 Y-47.985
X52.191 Y-47.874
X51.283 Y-47.796
X50.373 Y-47.74
X49.462 Y-47.7
X48.551 Y-47.672
X47.639 Y-47.651
X46.727 Y-47.637
X45.816 Y-47.627
X44.904 Y-47.62
X43.992 Y-47.615
X43.08 Y-47.611
X41.257 Y-47.607
X38.521 Y-47.605
X31.227
X22.109 Y-47.607
X8.887 Y-47.61
X8.659 Y-47.609
X8.432 Y-47.587
X8.211 Y-47.532
X8. Y-47.446
X7.803 Y-47.331
X7.625 Y-47.189
X7.469 Y-47.022
X7.339 Y-46.835
X7.236 Y-46.632
X7.164 Y-46.416
X7.124 Y-46.191
X7.12 Y-46.077
X7.124 Y-45.963
X7.149 Y-45.737
X7.206 Y-45.516
X7.294 Y-45.306
X7.411 Y-45.11
X7.555 Y-44.934
X7.723 Y-44.779
X7.847 Y-44.695
X7.964 Y-44.602
X8.087 Y-44.49
X8.213 Y-44.36
X8.348 Y-44.2
X8.5 Y-43.996
X8.655 Y-43.758
X8.821 Y-43.462
X8.995 Y-43.098
X9.178 Y-42.645
X9.366 Y-42.078
X9.561 Y-41.331
X9.735 Y-40.436
X9.858 Y-39.532
X9.947 Y-38.625
X10.011 Y-37.715
X10.057 Y-36.805
X10.091 Y-35.893
X10.115 Y-34.982
X10.133 Y-34.07
X10.146 Y-33.159
X10.155 Y-32.247
X10.161 Y-31.335
X10.166 Y-30.423
X10.172 Y-28.6
X10.176 Y-25.864
X10.177 Y-21.305
X10.176 Y-12.187
X10.175 Y-8.084
X10.176 Y-7.97
X10.183 Y-7.856
G3 X9.775 Y-7.243 R0.635
G1 X9.682 Y-7.208 Z-9.556
X9.592 Y-7.173 Z-9.533
X9.506 Y-7.14 Z-9.495
X9.427 Y-7.11 Z-9.443
X9.356 Y-7.083 Z-9.378
X9.295 Y-7.06 Z-9.302
X9.247 Y-7.041 Z-9.217
X9.211 Y-7.028 Z-9.125
X9.189 Y-7.019 Z-9.028
X9.182 Y-7.016 Z-8.929
G0 Z5.
X63.309 Y-9.993
Z-6.929
G1 Z-7.564 F3048.
Z-9.564
G2 X63.404 Y-10.254 R0.196
X63.156 Y-10.355 R0.196
G1 X62.998 Y-10.288
X62.672 Y-10.106
X62.446 Y-10.032
X62.175 Y-9.998
X61.86 Y-10.019
X61.502 Y-10.113
X61.103 Y-10.306
X60.792 Y-10.72
X60.487 Y-11.185
X60.197 Y-11.696
X59.921 Y-12.263
X59.646 Y-12.937
X59.384 Y-13.718
X59.149 Y-14.6
X58.968 Y-15.493
X58.828 Y-16.394
X58.721 Y-17.3
X58.64 Y-18.208
X58.579 Y-19.118
X58.533 Y-20.028
X58.499 Y-20.939
X58.473 Y-21.851
X58.454 Y-22.763
X58.44 Y-23.674
X58.43 Y-24.586
X58.422 Y-25.498
X58.416 Y-26.41
X58.412 Y-27.321
X58.407 Y-29.145
X58.404 Y-31.88
X58.403 Y-37.351
X58.405 Y-47.951
X58.399 Y-48.065
G3 X58.818 Y-48.671 R0.635
G1 X58.911 Y-48.705 Z-9.556
X59.002 Y-48.738 Z-9.533
X59.089 Y-48.769 Z-9.495
X59.169 Y-48.798 Z-9.443
X59.24 Y-48.824 Z-9.378
X59.301 Y-48.846 Z-9.302
X59.35 Y-48.863 Z-9.217
X59.386 Y-48.876 Z-9.125
X59.407 Y-48.884 Z-9.028
X59.415 Y-48.887 Z-8.929
G0 Z5.
X7.025 Y-45.881
Z-6.929
G1 Z-7.564 F3048.
Z-9.564
G2 X6.936 Y-45.617 R0.196
X7.187 Y-45.523 R0.196
G1 X7.333 Y-45.589
X7.632 Y-45.762
X7.862 Y-45.842
X8.138 Y-45.881
X8.459 Y-45.865
X8.823 Y-45.775
X9.23 Y-45.587
X9.551 Y-45.177
X9.863 Y-44.721
X10.16 Y-44.222
X10.442 Y-43.668
X10.726 Y-43.01
X10.997 Y-42.254
X11.249 Y-41.378
X11.446 Y-40.488
X11.598 Y-39.589
X11.716 Y-38.685
X11.806 Y-37.777
X11.874 Y-36.868
X11.926 Y-35.958
X11.966 Y-35.047
X11.996 Y-34.135
X12.018 Y-33.224
X12.035 Y-32.312
X12.048 Y-31.4
X12.057 Y-30.489
X12.064 Y-29.577
X12.069 Y-28.665
X12.073 Y-27.753
X12.077 Y-25.93
X12.081 Y-23.194
Y-17.723
X12.08 Y-8.833
X12.113 Y-8.608
X12.178 Y-8.389
X12.226 Y-8.286
X12.281 Y-8.186
X12.343 Y-8.09
X12.411 Y-7.999
X12.486 Y-7.913
G3 X12.535 Y-7.179 R0.635
G1 X12.483 Y-7.094 Z-9.556
X12.432 Y-7.012 Z-9.533
X12.384 Y-6.933 Z-9.495
X12.339 Y-6.861 Z-9.443
X12.299 Y-6.797 Z-9.378
X12.265 Y-6.741 Z-9.302
X12.238 Y-6.697 Z-9.217
X12.218 Y-6.665 Z-9.125
X12.206 Y-6.645 Z-9.028
X12.202 Y-6.638 Z-8.929
G0 Z5.
X56.211 Y-48.868
Z-3.889
G1 Z-4.524 F3048.
Z-9.564 F1500.
X56.274 Y-48.752 F3048.
X56.348 Y-48.621
X56.392 Y-48.466
X56.408 Y-48.277
X56.384 Y-48.051
X56.19 Y-47.872
X55.975 Y-47.698
X55.712 Y-47.512
X55.39 Y-47.313
X55.023 Y-47.118
X54.566 Y-46.911
X54.008 Y-46.701
X53.319 Y-46.49
X52.432 Y-46.28
X51.533 Y-46.126
X50.628 Y-46.012
X49.72 Y-45.928
X48.811 Y-45.867
X47.9 Y-45.821
X46.989 Y-45.788
X46.077 Y-45.764
X45.166 Y-45.746
X44.254 Y-45.733
X43.342 Y-45.723
X42.43 Y-45.716
X41.519 Y-45.711
X40.607 Y-45.708
X38.783 Y-45.703
X36.048 Y-45.701
X29.665 Y-45.7
X11.201 Y-45.704
G3 X10.616 Y-46.152 R0.635
G1 X10.587 Y-46.247 Z-9.556
X10.558 Y-46.34 Z-9.533
X10.531 Y-46.428 Z-9.495
X10.506 Y-46.509 Z-9.443
X10.484 Y-46.581 Z-9.378
X10.465 Y-46.643 Z-9.302
X10.45 Y-46.693 Z-9.217
X10.438 Y-46.729 Z-9.125
X10.432 Y-46.751 Z-9.028
X10.429 Y-46.759 Z-8.929
G0 Z5.
X59.921 Y-12.263
Z-3.889
G1 Z-4.524 F3048.
Z-9.564 F1500.
X59.794 Y-12.202 F3048.
X59.653 Y-12.25
X59.518 Y-12.316
X59.389 Y-12.393
X59.266 Y-12.481
X59.124 Y-12.595
X58.968 Y-12.738
X58.814 Y-12.9
X58.639 Y-13.107
X58.455 Y-13.357
X58.266 Y-13.651
X58.061 Y-14.02
X57.854 Y-14.456
X57.637 Y-14.998
X57.413 Y-15.685
X57.187 Y-16.568
X57.017 Y-17.464
X56.889 Y-18.367
X56.792 Y-19.273
X56.719 Y-20.182
X56.664 Y-21.092
X56.622 Y-22.003
X56.59 Y-22.914
X56.567 Y-23.826
X56.549 Y-24.737
X56.535 Y-25.649
X56.525 Y-26.561
X56.518 Y-27.473
X56.513 Y-28.385
X56.508 Y-29.296
X56.503 Y-31.12
X56.5 Y-33.855
X56.499 Y-39.326
X56.5 Y-46.051
G3 X56.948 Y-46.635 R0.635
G1 X57.042 Y-46.665 Z-9.556
X57.135 Y-46.693 Z-9.533
X57.223 Y-46.72 Z-9.495
X57.304 Y-46.745 Z-9.443
X57.377 Y-46.768 Z-9.378
X57.438 Y-46.787 Z-9.302
X57.488 Y-46.802 Z-9.217
X57.525 Y-46.813 Z-9.125
X57.547 Y-46.82 Z-9.028
X57.554 Y-46.822 Z-8.929
G0 Z5.
X10.442 Y-43.668
Z-3.889
G1 Z-4.524 F3048.
Z-9.564 F1500.
X10.568 Y-43.732 F3048.
X10.7 Y-43.803
X10.854 Y-43.845
X11.05 Y-43.86
X11.287 Y-43.833
X11.486 Y-43.624
X11.677 Y-43.393
X11.888 Y-43.101
X12.105 Y-42.757
X12.332 Y-42.339
X12.562 Y-41.843
X12.803 Y-41.224
X13.047 Y-40.453
X13.265 Y-39.568
X13.434 Y-38.672
X13.563 Y-37.77
X13.663 Y-36.863
X13.74 Y-35.955
X13.799 Y-35.045
X13.844 Y-34.134
X13.879 Y-33.223
X13.905 Y-32.311
X13.926 Y-31.4
X13.941 Y-30.488
X13.953 Y-29.576
X13.962 Y-28.665
X13.968 Y-27.753
X13.973 Y-26.841
X13.98 Y-25.017
X13.983 Y-23.194
X13.986 Y-19.547
X13.985 Y-9.859
X14.001 Y-9.631
X14.049 Y-9.408
X14.128 Y-9.195
X14.237 Y-8.994
X14.374 Y-8.812
X14.535 Y-8.651
X14.718 Y-8.515
X14.918 Y-8.406
X15.132 Y-8.327
X15.355 Y-8.28
X15.583 Y-8.265
X15.81 Y-8.283
X16.032 Y-8.333
X16.884 Y-8.659
X17.077 Y-8.789
X17.312 Y-8.927
X17.609 Y-9.075
X17.978 Y-9.232
X18.453 Y-9.398
X19.072 Y-9.571
X19.923 Y-9.751
X20.825 Y-9.883
X21.732 Y-9.973
X22.642 Y-10.036
X23.553 Y-10.08
X24.464 Y-10.11
X25.375 Y-10.132
X26.287 Y-10.146
X27.199 Y-10.157
X28.111 Y-10.164
X29.022 Y-10.169
X29.934 Y-10.173
X31.758 Y-10.177
X34.493 Y-10.179
X41.788
X59.112 Y-10.175
G3 X59.697 Y-9.728 R0.635
G1 X59.726 Y-9.633 Z-9.556
X59.755 Y-9.54 Z-9.533
X59.782 Y-9.452 Z-9.495
X59.807 Y-9.371 Z-9.443
X59.829 Y-9.298 Z-9.378
X59.848 Y-9.237 Z-9.302
X59.863 Y-9.187 Z-9.217
X59.875 Y-9.15 Z-9.125
X59.881 Y-9.128 Z-9.028
X59.884 Y-9.121 Z-8.929
G0 Z5.
X54.566 Y-46.911
Z-3.889
G1 Z-4.524 F3048.
Z-9.564 F1500.
X54.622 Y-46.786 F3048.
X54.687 Y-46.651
X54.721 Y-46.494
X54.726 Y-46.296
X54.686 Y-46.06
X54.476 Y-45.884
X54.233 Y-45.705
X53.922 Y-45.506
X53.575 Y-45.313
X53.13 Y-45.103
X52.604 Y-44.894
X51.938 Y-44.677
X51.072 Y-44.456
X50.176 Y-44.287
X49.273 Y-44.162
X48.366 Y-44.068
X47.456 Y-43.998
X46.546 Y-43.945
X45.635 Y-43.906
X44.724 Y-43.877
X43.812 Y-43.855
X42.901 Y-43.839
X41.989 Y-43.827
X41.077 Y-43.818
X40.165 Y-43.812
X39.253 Y-43.807
X37.43 Y-43.801
X34.694 Y-43.797
X30.135 Y-43.796
X13.381 Y-43.799
G3 X12.796 Y-44.247 R0.635
G1 X12.767 Y-44.341 Z-9.556
X12.738 Y-44.434 Z-9.533
X12.711 Y-44.522 Z-9.495
X12.686 Y-44.603 Z-9.443
X12.664 Y-44.676 Z-9.378
X12.645 Y-44.738 Z-9.302
X12.63 Y-44.787 Z-9.217
X12.618 Y-44.824 Z-9.125
X12.612 Y-44.846 Z-9.028
X12.609 Y-44.853 Z-8.929
G0 Z5.
X58.639 Y-13.107
Z-3.889
G1 Z-4.524 F3048.
Z-9.564 F1500.
X58.541 Y-13.025 F3048.
X58.428 Y-12.927
X58.294 Y-12.857
X58.114 Y-12.805
X58.004 Y-12.794
X57.839 Y-12.902
X57.657 Y-13.041
X57.476 Y-13.198
X57.269 Y-13.402
X57.069 Y-13.627
X56.85 Y-13.907
X56.622 Y-14.24
X56.395 Y-14.623
X56.159 Y-15.086
X55.915 Y-15.65
X55.677 Y-16.317
X55.432 Y-17.171
X55.237 Y-18.061
X55.087 Y-18.961
X54.971 Y-19.865
X54.882 Y-20.773
X54.814 Y-21.682
X54.761 Y-22.592
X54.72 Y-23.503
X54.69 Y-24.414
X54.666 Y-25.326
X54.648 Y-26.238
X54.634 Y-27.149
X54.624 Y-28.061
X54.616 Y-28.973
X54.61 Y-29.885
X54.606 Y-30.796
X54.6 Y-32.62
X54.596 Y-35.355
X54.594 Y-40.826
Y-43.904
G3 X55.042 Y-44.488 R0.635
G1 X55.137 Y-44.517 Z-9.556
X55.23 Y-44.546 Z-9.533
X55.318 Y-44.573 Z-9.495
X55.399 Y-44.598 Z-9.443
X55.471 Y-44.62 Z-9.378
X55.533 Y-44.639 Z-9.302
X55.583 Y-44.655 Z-9.217
X55.619 Y-44.666 Z-9.125
X55.641 Y-44.673 Z-9.028
X55.649 Y-44.675 Z-8.929
G0 Z5.
X12.562 Y-41.843
Z-3.889
G1 Z-4.524 F3048.
Z-9.564 F1500.
X12.689 Y-41.902 F3048.
X12.824 Y-41.968
X12.979 Y-42.004
X13.177 Y-42.011
X13.413 Y-41.974
X13.602 Y-41.756
X13.785 Y-41.516
X13.99 Y-41.208
X14.195 Y-40.85
X14.418 Y-40.4
X14.638 Y-39.871
X14.87 Y-39.196
X15.107 Y-38.327
X15.29 Y-37.434
X15.43 Y-36.533
X15.538 Y-35.628
X15.62 Y-34.72
X15.684 Y-33.81
X15.733 Y-32.9
X15.77 Y-31.989
X15.799 Y-31.077
X15.822 Y-30.166
X15.839 Y-29.254
X15.852 Y-28.342
X15.862 Y-27.43
X15.869 Y-26.519
X15.875 Y-25.607
X15.879 Y-24.695
X15.885 Y-22.871
X15.889 Y-20.136
X15.891 Y-15.577
X15.89 Y-10.904
X15.891 Y-10.676
X15.924 Y-10.45
X15.99 Y-10.232
X16.086 Y-10.025
X16.21 Y-9.834
X16.361 Y-9.663
X16.535 Y-9.516
X16.727 Y-9.394
X16.936 Y-9.302
X17.155 Y-9.24
X17.381 Y-9.21
X17.609 Y-9.213
X17.834 Y-9.249
X18.052 Y-9.317
X18.258 Y-9.415
X18.448 Y-9.541
X18.617 Y-9.693
X18.853 Y-9.977
X18.966 Y-10.096
X19.105 Y-10.225
X19.268 Y-10.357
X19.475 Y-10.505
X19.725 Y-10.66
X20.029 Y-10.822
X20.407 Y-10.995
X20.877 Y-11.174
X21.474 Y-11.358
X22.271 Y-11.549
X23.17 Y-11.705
X24.075 Y-11.814
X24.983 Y-11.892
X25.894 Y-11.948
X26.804 Y-11.987
X27.716 Y-12.016
X28.627 Y-12.036
X29.539 Y-12.05
X30.451 Y-12.06
X31.363 Y-12.068
X32.274 Y-12.073
X33.186 Y-12.076
X35.01 Y-12.081
X37.745 Y-12.083
X44.128
X57.577 Y-12.081
G3 X58.162 Y-11.633 R0.635
G1 X58.191 Y-11.538 Z-9.556
X58.22 Y-11.445 Z-9.533
X58.247 Y-11.357 Z-9.495
X58.272 Y-11.276 Z-9.443
X58.294 Y-11.204 Z-9.378
X58.313 Y-11.142 Z-9.302
X58.328 Y-11.092 Z-9.217
X58.34 Y-11.056 Z-9.125
X58.346 Y-11.034 Z-9.028
X58.349 Y-11.026 Z-8.929
G0 Z5.
X17.617 Y-9.079
Z-6.929
G1 Z-7.564 F3048.
Z-9.564
G2 X17.878 Y-8.984 R0.196
X17.978 Y-9.232 R0.196
G1 X17.912 Y-9.389
X17.732 Y-9.712
X17.658 Y-9.938
X17.624 Y-10.21
X17.645 Y-10.526
X17.74 Y-10.885
X17.933 Y-11.284
X18.35 Y-11.596
X18.818 Y-11.903
X19.323 Y-12.189
X19.897 Y-12.468
X20.574 Y-12.744
X21.356 Y-13.007
X22.237 Y-13.241
X23.131 Y-13.422
X24.032 Y-13.562
X24.938 Y-13.668
X25.846 Y-13.749
X26.756 Y-13.81
X27.666 Y-13.856
X28.577 Y-13.891
X29.489 Y-13.917
X30.4 Y-13.936
X31.312 Y-13.951
X32.224 Y-13.961
X33.136 Y-13.969
X34.047 Y-13.975
X34.959 Y-13.979
X36.783 Y-13.984
X39.518 Y-13.987
X44.989 Y-13.988
X54.791 Y-13.986
G3 X55.376 Y-13.539 R0.635
G1 X55.405 Y-13.444 Z-9.556
X55.433 Y-13.351 Z-9.533
X55.461 Y-13.263 Z-9.495
X55.486 Y-13.182 Z-9.443
X55.508 Y-13.109 Z-9.378
X55.527 Y-13.048 Z-9.302
X55.542 Y-12.998 Z-9.217
X55.553 Y-12.961 Z-9.125
X55.56 Y-12.939 Z-9.028
X55.563 Y-12.932 Z-8.929
G0 Z5.
X52.604 Y-44.894
Z-3.889
G1 Z-4.524 F3048.
Z-9.564 F1500.
X52.656 Y-44.763 F3048.
X52.714 Y-44.625
X52.741 Y-44.467
X52.738 Y-44.271
X52.688 Y-44.037
X52.46 Y-43.859
X52.2 Y-43.682
X51.878 Y-43.49
X51.49 Y-43.293
X51.007 Y-43.085
X50.421 Y-42.875
X49.662 Y-42.658
X48.771 Y-42.463
X47.87 Y-42.319
X46.965 Y-42.211
X46.057 Y-42.13
X45.147 Y-42.07
X44.236 Y-42.024
X43.325 Y-41.99
X42.414 Y-41.964
X41.502 Y-41.945
X40.59 Y-41.931
X39.679 Y-41.92
X38.767 Y-41.912
X37.855 Y-41.906
X36.943 Y-41.902
X35.12 Y-41.896
X32.384 Y-41.893
X27.825 Y-41.891
X15.516 Y-41.893
G3 X14.931 Y-42.341 R0.635
G1 X14.902 Y-42.436 Z-9.556
X14.873 Y-42.529 Z-9.533
X14.846 Y-42.617 Z-9.495
X14.821 Y-42.698 Z-9.443
X14.799 Y-42.77 Z-9.378
X14.78 Y-42.832 Z-9.302
X14.765 Y-42.882 Z-9.217
X14.753 Y-42.918 Z-9.125
X14.746 Y-42.94 Z-9.028
X14.744 Y-42.948 Z-8.929
G0 Z5.
X54.594 Y-42.992
Z-3.889
G1 Z-4.524 F3048.
Z-9.564 F1500.
X54.366 F3048.
X54.141 Y-42.959
X53.922 Y-42.895
X53.094 Y-42.514
X52.658 Y-42.224
X52.144 Y-41.929
X51.537 Y-41.629
X50.875 Y-41.354
X50.073 Y-41.079
X49.193 Y-40.84
X48.302 Y-40.65
X47.402 Y-40.501
X46.498 Y-40.383
X45.591 Y-40.292
X44.682 Y-40.221
X43.772 Y-40.166
X42.861 Y-40.123
X41.949 Y-40.09
X41.038 Y-40.065
X40.126 Y-40.045
X39.215 Y-40.031
X38.303 Y-40.019
X37.391 Y-40.011
X36.479 Y-40.004
X35.568 Y-39.999
X33.744 Y-39.993
X31.009 Y-39.989
X26.45 Y-39.987
X16.534 Y-39.988
X16.308 Y-39.956
X16.089 Y-39.891
X15.882 Y-39.796
X15.691 Y-39.672
X15.519 Y-39.522
X15.445 Y-39.435
X15.377 Y-39.344
X15.316 Y-39.247
X15.262 Y-39.147
X15.216 Y-39.043
X15.177 Y-38.936
X15.145 Y-38.826
G3 X14.555 Y-38.387 R0.635
G1 X14.455 Y-38.385 Z-9.556
X14.358 Y-38.383 Z-9.533
X14.266 Y-38.381 Z-9.495
X14.181 Y-38.379 Z-9.443
X14.106 Y-38.377 Z-9.378
X14.041 Y-38.376 Z-9.302
X13.989 Y-38.375 Z-9.217
X13.951 Y-38.374 Z-9.125
X13.928 Z-9.028
X13.92 Y-38.373 Z-8.929
G0 Z5.
X19.897 Y-12.468
Z-3.889
G1 Z-4.524 F3048.
Z-9.564 F1500.
X19.835 Y-12.595 F3048.
X19.884 Y-12.737
X19.95 Y-12.871
X20.027 Y-13.
X20.114 Y-13.123
X20.229 Y-13.265
X20.372 Y-13.421
X20.533 Y-13.575
X20.741 Y-13.75
X20.991 Y-13.934
X21.285 Y-14.123
X21.654 Y-14.328
X22.09 Y-14.535
X22.633 Y-14.752
X23.32 Y-14.976
X24.204 Y-15.203
X25.099 Y-15.373
X26.002 Y-15.501
X26.909 Y-15.598
X27.818 Y-15.671
X28.728 Y-15.726
X29.639 Y-15.768
X30.55 Y-15.8
X31.461 Y-15.824
X32.373 Y-15.842
X33.285 Y-15.855
X34.197 Y-15.865
X35.108 Y-15.873
X36.02 Y-15.879
X36.932 Y-15.883
X38.756 Y-15.888
X41.491 Y-15.891
X46.05 Y-15.893
X53.914 Y-15.891
X54.14 Y-15.924
X54.359 Y-15.989
X54.566 Y-16.084
X54.757 Y-16.208
X54.929 Y-16.358
X55.003 Y-16.444
X55.071 Y-16.536
X55.132 Y-16.632
X55.186 Y-16.733
X55.232 Y-16.837
X55.271 Y-16.944
X55.303 Y-17.053
X55.326 Y-17.165
G3 X55.884 Y-17.646 R0.635
G1 X55.983 Y-17.655 Z-9.556
X56.079 Y-17.664 Z-9.533
X56.171 Y-17.672 Z-9.495
X56.255 Y-17.68 Z-9.443
X56.331 Y-17.687 Z-9.378
X56.395 Y-17.693 Z-9.302
X56.447 Y-17.698 Z-9.217
X56.485 Y-17.702 Z-9.125
X56.508 Y-17.704 Z-9.028
X56.516 Z-8.929
G0 Z5.
X50.875 Y-41.354
Z-3.889
G1 Z-4.524 F3048.
Z-9.564 F1500.
X50.93 Y-41.224 F3048.
X50.874 Y-41.084
X50.801 Y-40.953
X50.717 Y-40.829
X50.625 Y-40.71
X50.505 Y-40.575
X50.351 Y-40.422
X50.17 Y-40.264
X49.949 Y-40.095
X49.67 Y-39.908
X49.346 Y-39.72
X48.934 Y-39.515
X48.435 Y-39.305
X47.804 Y-39.087
X46.983 Y-38.86
X46.09 Y-38.674
X45.189 Y-38.533
X44.284 Y-38.426
X43.376 Y-38.345
X42.466 Y-38.282
X41.555 Y-38.235
X40.644 Y-38.198
X39.733 Y-38.17
X38.821 Y-38.149
X37.91 Y-38.132
X36.998 Y-38.12
X36.086 Y-38.11
X35.175 Y-38.103
X34.263 Y-38.097
X33.351 Y-38.093
X31.527 Y-38.088
X28.792 Y-38.084
X24.233 Y-38.082
X17.508 Y-38.083
X17.283 Y-38.05
X17.064 Y-37.986
X16.857 Y-37.891
X16.665 Y-37.767
X16.494 Y-37.617
X16.345 Y-37.444
X16.223 Y-37.251
X16.13 Y-37.043
X16.068 Y-36.824
X16.037 Y-36.598
X16.04 Y-36.37
X16.074 Y-36.145
X16.342 Y-35.273
X16.49 Y-35.014
X16.646 Y-34.694
X16.813 Y-34.289
X16.988 Y-33.771
X17.171 Y-33.088
X17.351 Y-32.194
X17.477 Y-31.291
X17.566 Y-30.384
X17.629 Y-29.474
X17.675 Y-28.564
X17.708 Y-27.652
X17.732 Y-26.741
X17.749 Y-25.829
X17.762 Y-24.918
X17.771 Y-24.006
X17.778 Y-23.094
X17.783 Y-22.182
X17.789 Y-20.359
X17.792 Y-18.535
X17.795 Y-17.623
X17.796 Y-13.292
G3 X17.348 Y-12.707 R0.635
G1 X17.253 Y-12.678 Z-9.556
X17.161 Y-12.65 Z-9.533
X17.073 Y-12.623 Z-9.495
X16.991 Y-12.597 Z-9.443
X16.919 Y-12.575 Z-9.378
X16.857 Y-12.556 Z-9.302
X16.807 Y-12.541 Z-9.217
X16.771 Y-12.53 Z-9.125
X16.749 Y-12.523 Z-9.028
X16.741 Y-12.52 Z-8.929
G0 Z5.
X20.741 Y-13.75
Z-3.889
G1 Z-4.524 F3048.
Z-9.564 F1500.
X20.659 Y-13.848 F3048.
X20.56 Y-13.961
X20.491 Y-14.095
X20.438 Y-14.275
X20.428 Y-14.385
X20.537 Y-14.55
X20.676 Y-14.733
X20.833 Y-14.913
X21.037 Y-15.12
X21.262 Y-15.32
X21.542 Y-15.539
X21.875 Y-15.767
X22.257 Y-15.994
X22.72 Y-16.23
X23.284 Y-16.473
X23.951 Y-16.712
X24.804 Y-16.957
X25.695 Y-17.152
X26.594 Y-17.303
X27.498 Y-17.418
X28.406 Y-17.508
X29.315 Y-17.576
X30.225 Y-17.629
X31.136 Y-17.67
X32.048 Y-17.701
X32.959 Y-17.725
X33.871 Y-17.743
X34.782 Y-17.757
X35.694 Y-17.767
X36.606 Y-17.775
X37.518 Y-17.781
X38.43 Y-17.786
X40.253 Y-17.791
X42.989 Y-17.795
X47.548 Y-17.797
X52.791
X53.019
X53.244 Y-17.831
X53.463 Y-17.896
X53.669 Y-17.992
X53.86 Y-18.116
X54.031 Y-18.267
X54.179 Y-18.44
X54.301 Y-18.633
X54.393 Y-18.841
X54.455 Y-19.061
X54.485 Y-19.287
X54.482 Y-19.515
X54.446 Y-19.74
X54.177 Y-20.611
X54.036 Y-20.845
X53.883 Y-21.141
X53.722 Y-21.508
X53.551 Y-21.979
X53.372 Y-22.59
X53.185 Y-23.422
X53.042 Y-24.322
X52.942 Y-25.229
X52.871 Y-26.138
X52.82 Y-27.048
X52.784 Y-27.959
X52.757 Y-28.871
X52.738 Y-29.782
X52.725 Y-30.694
X52.715 Y-31.606
X52.707 Y-32.517
X52.702 Y-33.429
X52.697 Y-34.797
X52.691 Y-35.709
X52.69 Y-37.532
X52.689 Y-40.154
G3 X53.137 Y-40.739 R0.635
G1 X53.232 Y-40.768 Z-9.556
X53.324 Y-40.796 Z-9.533
X53.412 Y-40.824 Z-9.495
X53.493 Y-40.849 Z-9.443
X53.566 Y-40.871 Z-9.378
X53.628 Y-40.89 Z-9.302
X53.677 Y-40.905 Z-9.217
X53.714 Y-40.917 Z-9.125
X53.736 Y-40.923 Z-9.028
X53.743 Y-40.926 Z-8.929
G0 Z5.
X49.949 Y-40.095
Z-3.889
G1 Z-4.524 F3048.
Z-9.564 F1500.
X50.027 Y-39.992 F3048.
X50.12 Y-39.875
X50.184 Y-39.736
X50.229 Y-39.554
X50.241 Y-39.329
X50.094 Y-39.149
X49.91 Y-38.952
X49.705 Y-38.759
X49.441 Y-38.539
X49.149 Y-38.327
X48.788 Y-38.098
X48.369 Y-37.869
X47.849 Y-37.627
X47.244 Y-37.39
X46.478 Y-37.146
X45.593 Y-36.925
X44.697 Y-36.755
X43.795 Y-36.624
X42.889 Y-36.522
X41.98 Y-36.443
X41.071 Y-36.382
X40.16 Y-36.334
X39.249 Y-36.298
X38.338 Y-36.269
X37.426 Y-36.248
X36.514 Y-36.231
X35.603 Y-36.218
X34.691 Y-36.208
X33.779 Y-36.2
X32.867 Y-36.194
X31.956 Y-36.19
X30.132 Y-36.184
X27.397 Y-36.18
X22.837 Y-36.178
X18.62
X18.392 Y-36.177
X18.167 Y-36.143
X17.949 Y-36.077
X17.742 Y-35.981
X17.551 Y-35.856
X17.38 Y-35.706
X17.233 Y-35.532
X17.112 Y-35.339
X17.019 Y-35.13
X16.958 Y-34.911
X16.929 Y-34.685
X16.932 Y-34.457
X16.968 Y-34.232
X17.036 Y-34.014
X17.134 Y-33.808
X17.261 Y-33.619
X17.413 Y-33.449
X17.563 Y-33.325
X17.679 Y-33.215
X17.81 Y-33.074
X17.942 Y-32.913
X18.088 Y-32.708
X18.245 Y-32.456
X18.408 Y-32.153
X18.582 Y-31.772
X18.762 Y-31.3
X18.95 Y-30.696
X19.144 Y-29.891
X19.3 Y-28.992
X19.412 Y-28.087
X19.492 Y-27.179
X19.549 Y-26.269
X19.591 Y-25.358
X19.621 Y-24.447
X19.643 Y-23.535
X19.659 Y-22.624
X19.67 Y-21.712
X19.679 Y-20.8
X19.693 Y-19.889
X19.697 Y-18.977
X19.7 Y-17.381
X19.701 Y-14.76
G3 X19.253 Y-14.175 R0.635
G1 X19.158 Y-14.146 Z-9.556
X19.066 Y-14.117 Z-9.533
X18.978 Y-14.09 Z-9.495
X18.896 Y-14.065 Z-9.443
X18.824 Y-14.043 Z-9.378
X18.762 Y-14.024 Z-9.302
X18.712 Y-14.008 Z-9.217
X18.676 Y-13.997 Z-9.125
X18.654 Y-13.99 Z-9.028
X18.646 Y-13.988 Z-8.929
G0 Z5.
X16.962 Y-33.926
Z-6.929
G1 Z-7.564 F3048.
Z-9.564
G3 X16.709 Y-34.041 R0.196
X16.813 Y-34.289 R0.196
G1 X16.959 Y-34.349
X17.259 Y-34.509
X17.495 Y-34.582
X17.776 Y-34.612
X18.102 Y-34.584
X18.469 Y-34.48
X18.878 Y-34.273
X19.198 Y-33.841
X19.51 Y-33.358
X19.803 Y-32.833
X20.084 Y-32.243
X20.363 Y-31.547
X20.628 Y-30.739
X20.856 Y-29.856
X21.034 Y-28.962
X21.171 Y-28.06
X21.276 Y-27.155
X21.357 Y-26.246
X21.419 Y-25.337
X21.465 Y-24.426
X21.5 Y-23.515
X21.528 Y-22.603
X21.55 Y-21.692
X21.582 Y-20.781
X21.596 Y-19.869
X21.601 Y-18.957
X21.604 Y-17.589
G3 X21.157 Y-17.004 R0.635
G1 X21.062 Y-16.975 Z-9.556
X20.97 Y-16.946 Z-9.533
X20.882 Y-16.919 Z-9.495
X20.801 Y-16.894 Z-9.443
X20.728 Y-16.871 Z-9.378
X20.666 Y-16.852 Z-9.302
X20.617 Y-16.837 Z-9.217
X20.58 Y-16.826 Z-9.125
X20.558 Y-16.819 Z-9.028
X20.551 Y-16.816 Z-8.929
G0 Z5.
X52.677 Y-17.797
Z-3.889
G1 Z-4.524 F3048.
Z-9.564 F1500.
Y-18.025 F3048.
X52.546 Y-18.927
X52.41 Y-19.829
X52.098 Y-20.685
X51.828 Y-21.556
X51.602 Y-22.44
X51.418 Y-23.333
X51.272 Y-24.233
X51.157 Y-25.137
X51.068 Y-26.045
X50.999 Y-26.954
X50.947 Y-27.864
X50.906 Y-28.775
X50.876 Y-29.687
X50.852 Y-30.598
X50.835 Y-31.51
X50.822 Y-32.421
X50.8 Y-33.333
X50.794 Y-34.245
X50.79 Y-35.157
X50.786 Y-36.296
X50.785 Y-38.006
G3 X51.232 Y-38.591 R0.635
G1 X51.327 Y-38.62 Z-9.556
X51.42 Y-38.649 Z-9.533
X51.507 Y-38.676 Z-9.495
X51.589 Y-38.701 Z-9.443
X51.661 Y-38.723 Z-9.378
X51.723 Y-38.742 Z-9.302
X51.773 Y-38.758 Z-9.217
X51.809 Y-38.769 Z-9.125
X51.831 Y-38.776 Z-9.028
X51.839 Y-38.778 Z-8.929
G0 Z5.
X48.369 Y-37.869
Z-3.889
G1 Z-4.524 F3048.
Z-9.564 F1500.
X48.435 Y-37.75 F3048.
X48.51 Y-37.62
X48.556 Y-37.466
X48.575 Y-37.269
X48.554 Y-37.033
X48.372 Y-36.856
X48.142 Y-36.66
X47.862 Y-36.45
X47.542 Y-36.24
X47.141 Y-36.013
X46.671 Y-35.786
X46.093 Y-35.55
X45.366 Y-35.307
X44.485 Y-35.073
X43.591 Y-34.893
X42.69 Y-34.754
X41.784 Y-34.646
X40.876 Y-34.562
X39.967 Y-34.497
X39.057 Y-34.446
X38.146 Y-34.406
X37.234 Y-34.376
X36.323 Y-34.352
X35.411 Y-34.333
X34.5 Y-34.319
X33.588 Y-34.308
X32.676 Y-34.299
X31.764 Y-34.293
X30.852 Y-34.288
X29.029 Y-34.281
X27.205 Y-34.277
X24.47 Y-34.273
X20.937
G3 X20.352 Y-34.72 R0.635
G1 X20.323 Y-34.815 Z-9.556
X20.294 Y-34.908 Z-9.533
X20.267 Y-34.996 Z-9.495
X20.242 Y-35.077 Z-9.443
X20.22 Y-35.149 Z-9.378
X20.2 Y-35.211 Z-9.302
X20.185 Y-35.261 Z-9.217
X20.174 Y-35.297 Z-9.125
X20.167 Y-35.319 Z-9.028
X20.165 Y-35.327 Z-8.929
G0 Z5.
X20.084 Y-32.243
Z-3.889
G1 Z-4.524 F3048.
Z-9.564 F1500.
X20.212 Y-32.304 F3048.
X20.346 Y-32.37
X20.502 Y-32.409
X20.698 Y-32.419
X20.934 Y-32.385
X21.127 Y-32.17
X21.318 Y-31.927
X21.524 Y-31.629
X21.74 Y-31.269
X21.962 Y-30.835
X22.19 Y-30.314
X22.426 Y-29.659
X22.666 Y-28.834
X22.864 Y-27.944
X23.016 Y-27.045
X23.132 Y-26.14
X23.221 Y-25.233
X23.29 Y-24.324
X23.345 Y-23.414
X23.391 Y-22.503
X23.454 Y-21.593
X23.486 Y-20.682
X23.5 Y-19.77
X23.505 Y-18.859
X23.506 Y-18.631
X23.539 Y-18.405
X23.605 Y-18.187
X23.701 Y-17.98
X23.825 Y-17.789
X23.976 Y-17.618
X24.149 Y-17.47
X24.342 Y-17.349
X24.551 Y-17.257
X24.77 Y-17.195
X24.996 Y-17.165
X25.224 Y-17.168
X25.449 Y-17.204
X25.667 Y-17.272
X25.873 Y-17.37
X26.062 Y-17.496
X26.461 Y-17.854
X26.628 Y-17.986
X26.832 Y-18.127
X27.09 Y-18.281
X27.401 Y-18.442
X27.799 Y-18.616
X28.295 Y-18.796
X28.945 Y-18.985
X29.828 Y-19.183
X30.729 Y-19.324
X31.635 Y-19.426
X32.544 Y-19.5
X33.454 Y-19.553
X34.365 Y-19.593
X35.276 Y-19.622
X36.188 Y-19.643
X37.099 Y-19.659
X38.011 Y-19.67
X38.923 Y-19.679
X39.835 Y-19.685
X40.747 Y-19.69
X42.57 Y-19.696
X45.306 Y-19.7
X48.041 Y-19.702
X50.321
X50.546 Y-19.735
X50.765 Y-19.799
X50.972 Y-19.895
X51.163 Y-20.018
X51.335 Y-20.169
X51.483 Y-20.342
X51.605 Y-20.534
X51.698 Y-20.742
X51.761 Y-20.961
X51.791 Y-21.187
X51.789 Y-21.415
X51.754 Y-21.641
X51.687 Y-21.858
X51.59 Y-22.065
X51.464 Y-22.255
X51.312 Y-22.425
X51.128 Y-22.579
X51.01 Y-22.692
X50.881 Y-22.832
X50.737 Y-23.01
X50.585 Y-23.225
X50.421 Y-23.491
X50.246 Y-23.82
X50.064 Y-24.225
X49.872 Y-24.735
X49.671 Y-25.394
X49.566 Y-25.837
X49.385 Y-26.731
X49.253 Y-27.633
X49.156 Y-28.54
X49.085 Y-29.449
X49.032 Y-30.359
X48.947 Y-31.267
X48.922 Y-32.179
X48.901 Y-33.09
X48.891 Y-34.116
X48.885 Y-35.256
G3 X49.33 Y-35.842 R0.635
G1 X49.425 Y-35.872 Z-9.556
X49.517 Y-35.9 Z-9.533
X49.605 Y-35.928 Z-9.495
X49.686 Y-35.953 Z-9.443
X49.759 Y-35.976 Z-9.378
X49.82 Y-35.995 Z-9.302
X49.87 Y-36.011 Z-9.217
X49.906 Y-36.022 Z-9.125
X49.929 Y-36.029 Z-9.028
X49.936 Y-36.031 Z-8.929
G0 Z5.
X51.653 Y-22.119
Z-6.929
G1 Z-7.564 F3048.
Z-9.564
G3 X52.015 Y-21.912 R0.295
X51.828 Y-21.556 R0.295
G1 X51.664 Y-21.505
X51.335 Y-21.363
X51.082 Y-21.307
X50.783 Y-21.299
X50.44 Y-21.357
X50.053 Y-21.501
X49.746 Y-21.854
X49.445 Y-22.253
X49.141 Y-22.713
X48.865 Y-23.195
X48.581 Y-23.777
X48.305 Y-24.445
X48.034 Y-25.244
X47.796 Y-26.124
X47.61 Y-27.017
X47.464 Y-27.917
X47.343 Y-28.821
X47.243 Y-29.727
X47.103 Y-30.628
X47.04 Y-31.538
X47.011 Y-32.449
X47.003 Y-32.905
X46.992 Y-33.703
X46.99 Y-33.93
X46.955 Y-34.156
X46.889 Y-34.374
X46.791 Y-34.58
X46.666 Y-34.77
X46.59 Y-34.855
X46.508 Y-34.935
X46.421 Y-35.008
X46.328 Y-35.075
X46.232 Y-35.135
G3 X45.971 Y-35.823 R0.635
G1 X45.996 Y-35.92 Z-9.556
X46.021 Y-36.013 Z-9.533
X46.044 Y-36.102 Z-9.495
X46.065 Y-36.184 Z-9.443
X46.085 Y-36.258 Z-9.378
X46.101 Y-36.32 Z-9.302
X46.114 Y-36.371 Z-9.217
X46.124 Y-36.408 Z-9.125
X46.13 Y-36.43 Z-9.028
X46.132 Y-36.438 Z-8.929
G0 Z5.
X21.962 Y-34.273
Z-3.889
G1 Z-4.524 F3048.
Z-9.564 F1500.
Y-34.045 F3048.
X21.995 Y-33.819
X22.06 Y-33.6
X22.155 Y-33.393
X22.651 Y-32.628
X22.971 Y-32.159
X23.3 Y-31.602
X23.6 Y-31.012
X23.902 Y-30.312
X24.198 Y-29.481
X24.448 Y-28.604
X24.65 Y-27.715
X24.813 Y-26.818
X24.942 Y-25.915
X25.047 Y-25.009
X25.135 Y-24.102
X25.251 Y-23.197
X25.316 Y-22.288
X25.365 Y-21.377
X25.392 Y-20.466
X25.402 Y-19.668
X25.413 Y-19.441
X25.435 Y-19.329
X25.465 Y-19.219
X25.502 Y-19.111
X25.547 Y-19.006
X25.6 Y-18.905
G3 X25.472 Y-18.18 R0.635
G1 X25.401 Y-18.11 Z-9.556
X25.332 Y-18.042 Z-9.533
X25.266 Y-17.978 Z-9.495
X25.206 Y-17.918 Z-9.443
X25.152 Y-17.865 Z-9.378
X25.105 Y-17.82 Z-9.302
X25.068 Y-17.783 Z-9.217
X25.041 Y-17.756 Z-9.125
X25.025 Y-17.74 Z-9.028
X25.019 Y-17.735 Z-8.929
G0 Z5.
X27.401 Y-18.442
Z-3.889
G1 Z-4.524 F3048.
Z-9.564 F1500.
X27.341 Y-18.559 F3048.
X27.269 Y-18.691
X27.228 Y-18.847
X27.214 Y-19.04
X27.242 Y-19.265
X27.437 Y-19.439
X27.673 Y-19.625
X27.936 Y-19.806
X28.272 Y-20.007
X28.651 Y-20.202
X29.133 Y-20.412
X29.714 Y-20.622
X30.454 Y-20.837
X31.344 Y-21.035
X32.244 Y-21.181
X33.149 Y-21.29
X34.057 Y-21.371
X34.967 Y-21.431
X35.878 Y-21.476
X36.789 Y-21.51
X37.7 Y-21.535
X38.612 Y-21.553
X39.524 Y-21.567
X40.436 Y-21.578
X41.347 Y-21.586
X42.259 Y-21.591
X43.171 Y-21.596
X44.083 Y-21.603
X45.906 Y-21.605
X47.844 Y-21.607
G3 X48.429 Y-21.159 R0.635
G1 X48.458 Y-21.065 Z-9.556
X48.487 Y-20.972 Z-9.533
X48.514 Y-20.884 Z-9.495
X48.539 Y-20.803 Z-9.443
X48.561 Y-20.73 Z-9.378
X48.58 Y-20.669 Z-9.302
X48.595 Y-20.619 Z-9.217
X48.607 Y-20.582 Z-9.125
X48.614 Y-20.56 Z-9.028
X48.616 Y-20.553 Z-8.929
G0 Z5.
X48.581 Y-23.777
Z-3.889
G1 Z-4.524 F3048.
Z-9.564 F1500.
X48.454 Y-23.715 F3048.
X48.32 Y-23.647
X48.166 Y-23.607
X47.969 Y-23.595
X47.733 Y-23.626
X47.537 Y-23.84
X47.346 Y-24.079
X47.137 Y-24.377
X46.92 Y-24.733
X46.693 Y-25.165
X46.456 Y-25.695
X46.205 Y-26.371
X45.943 Y-27.245
X45.728 Y-28.131
X45.549 Y-29.025
X45.413 Y-29.927
X45.211 Y-30.816
X45.136 Y-31.724
X45.105 Y-32.636
X45.099 Y-32.978
X45.063 Y-33.203
X44.995 Y-33.42
X44.896 Y-33.626
X44.769 Y-33.815
X44.617 Y-33.984
X44.441 Y-34.13
X44.247 Y-34.249
X44.037 Y-34.339
X43.817 Y-34.397
X43.591 Y-34.424
X43.363 Y-34.418
X43.138 Y-34.38
X42.271 Y-34.099
X42.085 Y-33.964
X41.857 Y-33.821
X41.574 Y-33.666
X41.219 Y-33.502
X40.771 Y-33.327
X40.195 Y-33.145
X39.423 Y-32.954
X38.525 Y-32.792
X38.413 Y-32.778
X38.08 Y-32.771
X37.753 Y-32.834
X37.446 Y-32.963
X37.352 Y-33.015
X36.94 Y-33.222
X36.876 Y-33.253
X36.669 Y-33.35
X36.255 Y-33.535
X36.048 Y-33.613
X35.635 Y-33.729
X35.428 Y-33.772
X35.014 Y-33.829
X34.807 Y-33.842
X34.393 Y-33.845
X34.187
X33.773 Y-33.842
X33.566 Y-33.829
X33.152 Y-33.772
X32.945 Y-33.729
X32.532 Y-33.613
X32.325 Y-33.535
X32.118 Y-33.442
X31.693 Y-33.277
X31.258 Y-33.122
X30.686 Y-32.96
X29.898 Y-32.79
X28.997 Y-32.654
X28.134 Y-32.434
X27.224 Y-32.381
X26.312 Y-32.372
X24.83 Y-32.369
X24.767 Y-32.378 Z-9.551
X24.708 Y-32.402 Z-9.538
X24.655 Y-32.438 Z-9.525
X24.612 Y-32.485 Z-9.513
X24.581 Y-32.541 Z-9.5
X24.563 Y-32.603 Z-9.487
X24.559 Y-32.666 Z-9.474
X24.57 Y-32.729 Z-9.461
X24.595 Y-32.788 Z-9.448
X24.633 Y-32.84 Z-9.436
X24.681 Y-32.882 Z-9.423
X24.737 Y-32.912 Z-9.41
X24.799 Y-32.928 Z-9.397
X24.962 Y-32.952 Z-9.364
X31.754 Y-33.943
X31.953 Y-33.973 Z-9.404
X31.979 Y-33.975 Z-9.41
X32.042 Y-33.971 Z-9.422
X32.104 Y-33.953 Z-9.435
X32.16 Y-33.922 Z-9.448
X32.207 Y-33.878 Z-9.461
X32.243 Y-33.825 Z-9.474
X32.266 Y-33.766 Z-9.487
X32.275 Y-33.702 Z-9.5
X32.269 Y-33.638 Z-9.513
X32.249 Y-33.578 Z-9.525
X32.216 Y-33.523 Z-9.538
X32.172 Y-33.477 Z-9.551
X32.118 Y-33.442 Z-9.564
X31.911 Y-33.35
X31.704 Y-33.253
X31.64 Y-33.222
X31.228 Y-33.015
X31.083 Y-32.935
X30.876 Y-32.812
X30.588 Y-32.601
X30.353 Y-32.394
X30.256 Y-32.305
X30.222 Y-32.269
X30.14 Y-32.19
X29.973 Y-32.045
X29.807 Y-31.919
X29.6 Y-31.782
X28.81 Y-31.327
X28.505 Y-31.071
X28.072 Y-30.831
X27.365 Y-30.601
X26.913 Y-30.545
X26.685 Y-30.528
X26.458 Y-30.516
X26.002 Y-30.494
X25.774 Y-30.488
X25.55 Y-30.449
X25.333 Y-30.378
X25.129 Y-30.277
X24.941 Y-30.148
X24.774 Y-29.993
X24.702 Y-29.904
X24.637 Y-29.811
X24.579 Y-29.713
X24.527 Y-29.611
X24.484 Y-29.506
X24.448 Y-29.397
X24.42 Y-29.287
X24.384 Y-29.194 Z-9.544
X24.335 Y-29.108 Z-9.524
X24.272 Y-29.03 Z-9.504
X24.199 Y-28.963 Z-9.484
X24.115 Y-28.908 Z-9.464
X24.025 Y-28.868 Z-9.444
X23.928 Y-28.841 Z-9.424
X23.829 Y-28.831 Z-9.404
X23.73 Y-28.835 Z-9.384
X23.632 Y-28.856 Z-9.364
G3 X23.201 Y-29.643 R0.635
X23.507 Y-30.023 R0.635
G1 X29.442 Y-33.246
G3 X30.165 Y-33.165 R0.635
G1 X30.234 Y-33.093 Z-9.384
X30.292 Y-33.012 Z-9.404
X30.335 Y-32.923 Z-9.424
X30.365 Y-32.827 Z-9.444
X30.379 Y-32.729 Z-9.464
X30.377 Y-32.629 Z-9.484
X30.36 Y-32.531 Z-9.504
X30.328 Y-32.437 Z-9.524
X30.282 Y-32.349 Z-9.544
X30.222 Y-32.269 Z-9.564
X30.049 Y-32.086
X29.952 Y-31.979
X29.456 Y-31.358
X29.428 Y-31.322
X29.304 Y-31.151
X29.038 Y-30.737
X28.545 Y-29.97
X28.29 Y-29.592
X28.031 Y-29.332
X27.65 Y-29.074
X27.051 Y-28.819
X26.828 Y-28.771
X26.615 Y-28.692
X26.414 Y-28.583
X26.232 Y-28.446
X26.071 Y-28.285
X25.935 Y-28.102
X25.826 Y-27.901
X25.747 Y-27.688
X25.7 Y-27.465
X25.685 Y-27.237
X25.703 Y-27.01
X25.903 Y-26.12
X26.31 Y-25.304
X26.57 Y-24.93
X26.864 Y-24.332
X27.103 Y-23.452
X27.201 Y-22.545
X27.221 Y-22.204
X27.246 Y-21.749
X27.26 Y-21.407
G3 X26.836 Y-20.805 R0.635
G1 X26.742 Y-20.772 Z-9.556
X26.651 Y-20.74 Z-9.533
X26.564 Y-20.709 Z-9.495
X26.484 Y-20.681 Z-9.443
X26.413 Y-20.656 Z-9.378
X26.352 Y-20.634 Z-9.302
X26.302 Y-20.617 Z-9.217
X26.266 Y-20.604 Z-9.125
X26.244 Y-20.597 Z-9.028
X26.237 Y-20.594 Z-8.929
G0 Z5.
X29.038 Y-30.737
Z-3.889
G1 Z-4.524 F3048.
Z-9.564 F1500.
X28.76 Y-30.115 F3048.
X28.693 Y-29.908
X28.601 Y-29.57
X28.581 Y-29.494
X28.439 Y-28.872
X28.394 Y-28.554
X28.354 Y-28.345
X28.248 Y-28.08
X28.001 Y-27.697
X27.914 Y-27.486
X27.857 Y-27.266
X27.832 Y-27.039
X27.84 Y-26.811
X28.002 Y-25.914
X28.457 Y-25.124
X28.801 Y-24.332
X29. Y-23.442
X29.025 Y-23.216
X29.047 Y-22.989
X29.068 Y-22.762
X29.086 Y-22.535
X29.137 Y-22.312
X29.219 Y-22.1
X29.331 Y-21.901
X29.47 Y-21.72
X29.634 Y-21.562
X29.818 Y-21.428
X30.02 Y-21.322
X30.235 Y-21.246
X30.459 Y-21.201
X30.686 Y-21.19
X30.913 Y-21.21
X31.135 Y-21.263
X31.347 Y-21.348
X32.137 Y-21.803
X32.142 Y-21.806
X32.402 Y-21.958
X32.686 Y-22.058
X32.984 Y-22.102
X33.285 Y-22.089
X33.566 Y-22.051
X33.773 Y-22.038
X34.187 Y-22.035
X34.393
X34.807 Y-22.038
X35.014 Y-22.051
X35.428 Y-22.108
X35.635 Y-22.151
X36.048 Y-22.267
X36.255 Y-22.345
X36.462 Y-22.438
X36.887 Y-22.603
X37.368 Y-22.766
X38.005 Y-22.937
X38.893 Y-23.115
X39.797 Y-23.237
X40.705 Y-23.32
X41.615 Y-23.379
X42.521 Y-23.479
X43.433 Y-23.5
X44.344 Y-23.507
X45.712 Y-23.51
G3 X46.297 Y-23.063 R0.635
G1 X46.327 Y-22.968 Z-9.556
X46.356 Y-22.876 Z-9.533
X46.383 Y-22.788 Z-9.495
X46.408 Y-22.707 Z-9.443
X46.43 Y-22.634 Z-9.378
X46.45 Y-22.573 Z-9.302
X46.465 Y-22.523 Z-9.217
X46.476 Y-22.486 Z-9.125
X46.483 Y-22.464 Z-9.028
X46.485 Y-22.457 Z-8.929
G0 Z5.
X36.462 Y-22.438
Z-3.889
G1 Z-4.524 F3048.
Z-9.564 F1500.
X36.669 Y-22.53 F3048.
X36.876 Y-22.627
X36.94 Y-22.658
X37.352 Y-22.865
X37.497 Y-22.945
X37.704 Y-23.068
X37.992 Y-23.279
X38.227 Y-23.486
X38.324 Y-23.575
X38.408 Y-23.652
X38.583 Y-23.787
X38.795 Y-23.931
X39.054 Y-24.083
X39.41 Y-24.262
X39.914 Y-24.477
X40.774 Y-24.78
X41.324 Y-25.063
X42.143 Y-25.302
X43.051 Y-25.386
X43.507 Y-25.396
X43.963 Y-25.403
X44.419 Y-25.407
X44.647 Y-25.409
X44.872 Y-25.443
X45.09 Y-25.509
X45.297 Y-25.606
X45.392 Y-25.669
X45.482 Y-25.738
X45.568 Y-25.813
X45.647 Y-25.895
X45.721 Y-25.982
X45.788 Y-26.074
X45.831 Y-26.116 Z-9.552
X45.883 Y-26.147 Z-9.54
X45.94 Y-26.164 Z-9.528
X46. Y-26.166 Z-9.516
X46.059 Y-26.154 Z-9.504
X46.113 Y-26.127 Z-9.491
X46.159 Y-26.088 Z-9.479
X46.194 Y-26.039 Z-9.467
X46.215 Y-25.983 Z-9.455
X46.222 Y-25.923 Z-9.443
X46.214 Y-25.863 Z-9.431
X46.192 Y-25.807 Z-9.419
X46.157 Y-25.759 Z-9.407
X46.111 Y-25.72 Z-9.395
X46.057 Y-25.694 Z-9.383
X45.969 Y-25.664 Z-9.364
X38.927 Y-23.3
X38.711 Y-23.227 Z-9.41
X38.584 Y-23.184 Z-9.437
X38.527 Y-23.173 Z-9.448
X38.47 Y-23.175 Z-9.46
X38.414 Y-23.19 Z-9.471
X38.364 Y-23.218 Z-9.483
X38.322 Y-23.257 Z-9.494
X38.29 Y-23.305 Z-9.506
X38.27 Y-23.359 Z-9.518
X38.264 Y-23.417 Z-9.529
X38.271 Y-23.474 Z-9.541
X38.291 Y-23.528 Z-9.552
X38.324 Y-23.575 Z-9.564
X38.531 Y-23.794
X38.628 Y-23.901
X39.124 Y-24.522
X39.152 Y-24.558
X39.276 Y-24.729
X39.359 Y-24.858
X39.425 Y-24.951
X39.547 Y-25.109
X39.694 Y-25.276
X39.884 Y-25.466
X40.091 Y-25.649
X40.28 Y-25.794
X40.503 Y-25.945
X41.289 Y-26.406
X41.604 Y-26.674
X42.056 Y-26.928
X42.764 Y-27.164
X43.216 Y-27.224
X43.443 Y-27.241
X43.67 Y-27.257
X43.893 Y-27.304
X44.107 Y-27.383
X44.307 Y-27.492
X44.49 Y-27.629
X44.651 Y-27.79
X44.787 Y-27.973
X44.896 Y-28.173
X44.975 Y-28.387
X45.023 Y-28.61
X45.038 Y-28.837
X45.021 Y-29.064
X44.971 Y-29.287
X44.89 Y-29.5
X44.779 Y-29.699
X44.225 Y-30.424
X43.98 Y-30.649
X43.731 Y-30.987
X43.483 Y-31.507
X43.426 Y-31.728
X43.379 Y-31.951
X43.299 Y-32.165
X43.191 Y-32.365
X43.054 Y-32.548
X42.893 Y-32.709
X42.71 Y-32.845
X42.51 Y-32.954
X42.296 Y-33.033
X42.073 Y-33.081
X41.846 Y-33.096
X41.619 Y-33.079
X41.396 Y-33.029
X41.183 Y-32.947
X40.387 Y-32.504
X40.228 Y-32.369
X40.191 Y-32.342
X39.927 Y-32.182
X39.636 Y-32.077
X39.331 Y-32.03
X39.023 Y-32.042
X38.722 Y-32.115
X38.442 Y-32.244
X38.192 Y-32.425
X37.992 Y-32.601
X37.704 Y-32.812
X37.497 Y-32.935
X37.446 Y-32.963
G3 X37.15 Y-33.637 R0.635
G1 X37.171 Y-33.735 Z-9.556
X37.19 Y-33.829 Z-9.533
X37.209 Y-33.92 Z-9.495
X37.226 Y-34.003 Z-9.443
X37.242 Y-34.077 Z-9.378
X37.255 Y-34.14 Z-9.302
X37.266 Y-34.191 Z-9.217
X37.273 Y-34.229 Z-9.125
X37.278 Y-34.251 Z-9.028
X37.28 Y-34.259 Z-8.929
G0 Z5.
X39.359 Y-24.858
Z-3.889
G1 Z-4.524 F3048.
Z-9.564 F1500.
X39.542 Y-25.143 F3048.
X39.82 Y-25.765
X39.887 Y-25.972
X39.979 Y-26.31
X39.999 Y-26.386
X40.141 Y-27.008
X40.18 Y-27.182
X40.34 Y-27.544
X40.581 Y-27.891
X40.965 Y-28.265
X41.518 Y-28.628
X41.883 Y-28.778
X42.101 Y-28.846
X42.211 Y-28.875
X42.322 Y-28.902
X42.544 Y-28.953
X42.759 Y-29.03
X42.96 Y-29.137
X43.144 Y-29.272
X43.307 Y-29.431
X43.445 Y-29.613
X43.555 Y-29.812
X43.636 Y-30.025
X43.686 Y-30.248
X43.704 Y-30.475
X43.688 Y-30.702
X43.64 Y-30.925
X43.561 Y-31.139
X43.452 Y-31.339
X43.315 Y-31.522
X43.154 Y-31.683
X42.971 Y-31.819
X42.771 Y-31.928
X42.557 Y-32.007
X42.334 Y-32.054
X42.107 Y-32.069
X41.88 Y-32.051
X41.657 Y-32.001
X41.444 Y-31.92
X41.245 Y-31.809
X40.939 Y-31.575
X40.639 Y-31.394
X40.306 Y-31.284
X39.957 Y-31.249
X39.609 Y-31.292
X39.279 Y-31.41
X38.983 Y-31.598
X38.735 Y-31.846
X38.628 Y-31.979
X38.531 Y-32.086
X38.324 Y-32.305
X38.227 Y-32.394
X38.192 Y-32.425
G3 X38.05 Y-33.147 R0.635
G1 X38.091 Y-33.238 Z-9.556
X38.131 Y-33.326 Z-9.533
X38.168 Y-33.41 Z-9.495
X38.203 Y-33.487 Z-9.443
X38.235 Y-33.556 Z-9.378
X38.261 Y-33.615 Z-9.302
X38.283 Y-33.663 Z-9.217
X38.298 Y-33.698 Z-9.125
X38.308 Y-33.719 Z-9.028
X38.311 Y-33.726 Z-8.929
G0 Z5.
X40.141 Y-27.008
Z-3.889
G1 Z-4.524 F3048.
Z-9.564 F1500.
X40.186 Y-27.326 F3048.
X40.228 Y-27.629
X40.23 Y-27.836
Y-28.044
X40.228 Y-28.251
X40.171 Y-28.665
X40.141 Y-28.872
X39.999 Y-29.494
X39.944 Y-29.701
X39.887 Y-29.908
X39.82 Y-30.115
X39.542 Y-30.737
X39.276 Y-31.151
X39.152 Y-31.322
X39.124 Y-31.358
X38.735 Y-31.846
G3 X38.72 Y-32.582 R0.635
G1 X38.776 Y-32.664 Z-9.556
X38.83 Y-32.744 Z-9.533
X38.882 Y-32.82 Z-9.495
X38.93 Y-32.89 Z-9.443
X38.972 Y-32.953 Z-9.378
X39.009 Y-33.006 Z-9.302
X39.038 Y-33.05 Z-9.217
X39.06 Y-33.081 Z-9.125
X39.073 Y-33.1 Z-9.028
X39.077 Y-33.107 Z-8.929
G0 Z5.
X28.394 Y-28.554
Z-3.889
G1 Z-4.524 F3048.
Z-9.564 F1500.
X28.352 Y-28.251 F3048.
X28.35 Y-28.044
Y-27.836
X28.352 Y-27.629
X28.409 Y-27.215
X28.439 Y-27.008
X28.581 Y-26.386
X28.636 Y-26.179
X28.693 Y-25.972
X28.76 Y-25.765
X29.038 Y-25.143
X29.304 Y-24.729
X29.428 Y-24.558
X29.456 Y-24.522
X29.952 Y-23.901
X30.049 Y-23.794
X30.256 Y-23.575
X30.353 Y-23.486
X30.588 Y-23.279
X30.876 Y-23.068
X31.083 Y-22.945
X31.228 Y-22.865
X31.64 Y-22.658
X31.704 Y-22.627
X31.911 Y-22.53
X32.325 Y-22.345
X32.532 Y-22.267
X32.945 Y-22.151
X33.152 Y-22.108
X33.285 Y-22.089
G3 X33.803 Y-21.566 R0.635
G1 X33.819 Y-21.468 Z-9.556
X33.834 Y-21.373 Z-9.533
X33.849 Y-21.282 Z-9.495
X33.863 Y-21.198 Z-9.443
X33.875 Y-21.123 Z-9.378
X33.886 Y-21.059 Z-9.302
X33.894 Y-21.008 Z-9.217
X33.9 Y-20.97 Z-9.125
X33.904 Y-20.947 Z-9.028
X33.905 Y-20.94 Z-8.929
G0 Z5.
X43.452 Y-31.506
Z-6.929
G1 Z-7.564 F3048.
Z-9.564
G3 X43.829 Y-31.315 R0.299
X43.731 Y-30.987 R0.299
G1 X43.625 Y-30.909
X43.46 Y-30.765
X42.672 Y-30.307
X42.469 Y-30.204
X42.267 Y-30.098
X42.197 Y-30.07
X42.125 Y-30.05
X42.059 Y-30.043 Z-9.561
X41.994 Y-30.036 Z-9.55
X41.916 Y-30.05 Z-9.528
X41.843 Y-30.063 Z-9.496
X41.774 Y-30.076 Z-9.454
X41.714 Y-30.111 Z-9.399
X41.661 Y-30.142 Z-9.335
X41.617 Y-30.168 Z-9.263
X41.581 Y-30.188 Z-9.185
X41.559 Y-30.209 Z-9.102
X41.546 Y-30.221 Z-9.017
X41.542 Y-30.225 Z-8.929
G0 Z5.
X31.261 Y-37.484
Z-8.04
G1 Z-8.675 F3048.
X31.263 Y-37.476 Z-8.774
X31.269 Y-37.454 Z-8.871
X31.279 Y-37.417 Z-8.963
X31.292 Y-37.366 Z-9.048
X31.308 Y-37.304 Z-9.124
X31.326 Y-37.23 Z-9.189
X31.348 Y-37.148 Z-9.241
X31.37 Y-37.059 Z-9.279
X31.394 Y-36.965 Z-9.302
X31.419 Y-36.869 Z-9.31
G3 X31.916 Y-33.412 R16.211
G1 Y-33.333
X31.905 Y-33.287
X31.878 Y-33.248
X31.84 Y-33.22
X31.29 Y-32.945
X31.083 Y-32.828
X30.733 Y-32.601
X30.67 Y-32.552
X30.494 Y-32.394
X30.256 Y-32.163
X30.068 Y-31.979
X29.9 Y-31.772
X29.569 Y-31.358
X29.416 Y-31.151
X29.271 Y-30.944
X29.139 Y-30.737
X28.855 Y-30.115
X28.721 Y-29.701
X28.672 Y-29.494
X28.531 Y-28.872
X28.5 Y-28.665
X28.44 Y-28.251
X28.439 Y-28.044
Y-27.836
X28.44 Y-27.629
X28.5 Y-27.215
X28.531 Y-27.008
X28.672 Y-26.386
X28.721 Y-26.179
X28.855 Y-25.765
X29.139 Y-25.143
X29.271 Y-24.936
X29.428 Y-24.713
X29.569 Y-24.522
X29.9 Y-24.108
X30.068 Y-23.901
X30.28 Y-23.693
X30.494 Y-23.486
X30.67 Y-23.328
X30.733 Y-23.279
X31.083 Y-23.052
X31.29 Y-22.935
X31.845 Y-22.658
X32.325 Y-22.44
X32.532 Y-22.36
X32.945 Y-22.242
X33.152 Y-22.197
X33.566 Y-22.14
X33.773 Y-22.127
X34.187 Y-22.123
X34.393
X34.807 Y-22.127
X35.014 Y-22.14
X35.428 Y-22.197
X35.641 Y-22.243
X36.048 Y-22.36
X36.255 Y-22.44
X36.735 Y-22.658
X37.29 Y-22.935
X37.497 Y-23.052
X37.847 Y-23.279
X37.91 Y-23.328
X38.086 Y-23.486
X38.324 Y-23.717
X38.512 Y-23.901
X38.68 Y-24.108
X39.011 Y-24.522
X39.164 Y-24.729
X39.309 Y-24.936
X39.441 Y-25.143
X39.725 Y-25.765
X39.859 Y-26.179
X39.908 Y-26.386
X40.049 Y-27.008
X40.08 Y-27.215
X40.14 Y-27.629
X40.141 Y-27.836
Y-28.044
X40.14 Y-28.251
X40.08 Y-28.665
X40.049 Y-28.872
X39.908 Y-29.494
X39.859 Y-29.701
X39.725 Y-30.115
X39.441 Y-30.737
X39.309 Y-30.944
X39.152 Y-31.167
X39.011 Y-31.358
X38.68 Y-31.772
X38.512 Y-31.979
X38.3 Y-32.187
X38.086 Y-32.394
X37.91 Y-32.552
X37.847 Y-32.601
X37.497 Y-32.828
X37.29 Y-32.945
X36.735 Y-33.222
X36.255 Y-33.44
X36.048 Y-33.52
X35.635 Y-33.638
X35.428 Y-33.683
X35.014 Y-33.74
X34.807 Y-33.753
X34.393 Y-33.757
X34.187
X33.773 Y-33.753
X33.566 Y-33.74
X33.152 Y-33.683
X32.939 Y-33.637
X32.532 Y-33.52
X32.325 Y-33.44
X31.84 Y-33.22
X31.77 Y-33.193
X31.697 Y-33.175
X31.638 Y-33.169 Z-9.307
X31.579 Y-33.163 Z-9.299
X31.578
X31.501 Y-33.177 Z-9.278
X31.427 Y-33.19 Z-9.248
X31.358 Y-33.203 Z-9.208
X31.299 Y-33.237 Z-9.157
X31.247 Y-33.268 Z-9.097
X31.202 Y-33.294 Z-9.03
X31.165 Y-33.316 Z-8.956
X31.139 Y-33.34 Z-8.866
X31.123 Y-33.356 Z-8.772
X31.118 Y-33.361 Z-8.675
G0 Z5.
X31.351 Y-37.463
Z-7.786
G1 Z-8.421 F3048.
X31.353 Y-37.456 Z-8.52
X31.359 Y-37.433 Z-8.617
X31.368 Y-37.396 Z-8.709
X31.381 Y-37.346 Z-8.794
X31.397 Y-37.283 Z-8.87
X31.416 Y-37.21 Z-8.935
X31.437 Y-37.127 Z-8.987
X31.46 Y-37.038 Z-9.025
X31.484 Y-36.944 Z-9.048
X31.509 Y-36.848 Z-9.056
G3 X32.006 Y-33.391 R16.211
G1 Y-33.296
X31.996 Y-33.241
X31.966 Y-33.193
X31.92 Y-33.16
X31.629 Y-33.015
X31.217 Y-32.808
X31.083 Y-32.729
X30.876 Y-32.597
X30.619 Y-32.394
X30.463 Y-32.248
X30.256 Y-32.048
X30.187 Y-31.979
X30.015 Y-31.772
X29.842 Y-31.557
X29.684 Y-31.358
X29.635 Y-31.293
X29.379 Y-30.944
X29.241 Y-30.737
X29.015 Y-30.256
X28.95 Y-30.115
X28.764 Y-29.494
X28.622 Y-28.872
X28.59 Y-28.665
X28.529 Y-28.251
X28.527 Y-28.044
Y-27.836
X28.529 Y-27.629
X28.601 Y-27.144
X28.622 Y-27.008
X28.764 Y-26.386
X28.95 Y-25.765
X29.046 Y-25.558
X29.241 Y-25.143
X29.379 Y-24.936
X29.635 Y-24.587
X29.684 Y-24.522
X29.849 Y-24.315
X30.015 Y-24.108
X30.187 Y-23.901
X30.256 Y-23.832
X30.463 Y-23.632
X30.619 Y-23.486
X30.876 Y-23.283
X31.083 Y-23.151
X31.217 Y-23.072
X31.704 Y-22.827
X31.911 Y-22.725
X32.05 Y-22.658
X32.325 Y-22.535
X32.532 Y-22.454
X32.945 Y-22.333
X33.152 Y-22.287
X33.566 Y-22.229
X33.773 Y-22.216
X34.187 Y-22.212
X34.393
X34.807 Y-22.216
X35.014 Y-22.229
X35.428 Y-22.287
X35.635 Y-22.333
X36.048 Y-22.454
X36.255 Y-22.535
X36.53 Y-22.658
X36.669 Y-22.725
X36.951 Y-22.865
X37.363 Y-23.072
X37.497 Y-23.151
X37.704 Y-23.283
X37.961 Y-23.486
X38.117 Y-23.632
X38.324 Y-23.832
X38.393 Y-23.901
X38.565 Y-24.108
X38.738 Y-24.323
X38.896 Y-24.522
X38.945 Y-24.587
X39.201 Y-24.936
X39.339 Y-25.143
X39.565 Y-25.624
X39.63 Y-25.765
X39.816 Y-26.386
X39.958 Y-27.008
X39.99 Y-27.215
X40.051 Y-27.629
X40.053 Y-27.836
Y-28.044
X40.051 Y-28.251
X39.979 Y-28.736
X39.958 Y-28.872
X39.816 Y-29.494
X39.63 Y-30.115
X39.534 Y-30.322
X39.339 Y-30.737
X39.201 Y-30.944
X38.945 Y-31.293
X38.896 Y-31.358
X38.731 Y-31.565
X38.565 Y-31.772
X38.393 Y-31.979
X38.324 Y-32.048
X38.117 Y-32.248
X37.961 Y-32.394
X37.704 Y-32.597
X37.497 Y-32.729
X37.363 Y-32.808
X36.876 Y-33.053
X36.669 Y-33.155
X36.53 Y-33.222
X36.255 Y-33.345
X36.048 Y-33.426
X35.635 Y-33.547
X35.428 Y-33.593
X35.014 Y-33.651
X34.807 Y-33.664
X34.393 Y-33.668
X34.187
X33.773 Y-33.664
X33.566 Y-33.651
X33.152 Y-33.593
X32.945 Y-33.547
X32.532 Y-33.426
X32.325 Y-33.345
X32.05 Y-33.222
X31.92 Y-33.16
X31.85 Y-33.134
X31.777 Y-33.116
X31.721 Y-33.111 Z-9.054
X31.665 Y-33.107 Z-9.046
X31.589 Y-33.12 Z-9.027
X31.515 Y-33.133 Z-8.998
X31.446 Y-33.146 Z-8.96
X31.388 Y-33.18 Z-8.911
X31.336 Y-33.21 Z-8.854
X31.29 Y-33.237 Z-8.789
X31.253 Y-33.259 Z-8.718
X31.23 Y-33.281 Z-8.648
X31.213 Y-33.297 Z-8.574
X31.203 Y-33.307 Z-8.498
X31.2 Y-33.31 Z-8.421
G0 Z5.
X31.44 Y-37.406
Z-7.532
G1 Z-8.167 F3048.
X31.442 Y-37.399 Z-8.266
X31.448 Y-37.376 Z-8.363
X31.458 Y-37.339 Z-8.455
X31.471 Y-37.289 Z-8.54
X31.487 Y-37.226 Z-8.616
X31.505 Y-37.153 Z-8.681
X31.527 Y-37.07 Z-8.733
X31.549 Y-36.981 Z-8.771
X31.573 Y-36.887 Z-8.794
X31.598 Y-36.791 Z-8.802
G3 X32.095 Y-33.334 R16.211
G1 Y-33.24
X32.084 Y-33.185
X32.054 Y-33.137
X32.008 Y-33.104
X31.825 Y-33.015
X31.29 Y-32.743
X31.083 Y-32.628
X31.04 Y-32.601
X30.876 Y-32.477
X30.67 Y-32.316
X30.52 Y-32.187
X30.307 Y-31.979
X29.963 Y-31.565
X29.798 Y-31.358
X29.428 Y-30.849
X29.337 Y-30.724
X29.143 Y-30.322
X29.043 Y-30.115
X28.856 Y-29.494
X28.714 Y-28.872
X28.681 Y-28.665
X28.618 Y-28.251
X28.616 Y-28.044
Y-27.836
X28.618 Y-27.629
X28.681 Y-27.215
X28.714 Y-27.008
X28.856 Y-26.386
X29.043 Y-25.765
X29.318 Y-25.195
X29.337 Y-25.156
X29.647 Y-24.729
X29.798 Y-24.522
X29.963 Y-24.315
X30.307 Y-23.901
X30.52 Y-23.693
X30.67 Y-23.564
X30.876 Y-23.403
X31.04 Y-23.279
X31.083 Y-23.252
X31.29 Y-23.137
X31.825 Y-22.865
X32.256 Y-22.658
X32.325 Y-22.628
X32.532 Y-22.549
X32.945 Y-22.424
X33.152 Y-22.377
X33.566 Y-22.318
X33.773 Y-22.304
X34.187 Y-22.3
X34.393
X34.807 Y-22.304
X35.014 Y-22.318
X35.428 Y-22.377
X35.635 Y-22.424
X36.048 Y-22.549
X36.255 Y-22.628
X36.324 Y-22.658
X36.755 Y-22.865
X37.29 Y-23.137
X37.497 Y-23.252
X37.54 Y-23.279
X37.704 Y-23.403
X37.91 Y-23.564
X38.06 Y-23.693
X38.273 Y-23.901
X38.617 Y-24.315
X38.782 Y-24.522
X39.152 Y-25.031
X39.243 Y-25.156
X39.437 Y-25.558
X39.537 Y-25.765
X39.724 Y-26.386
X39.866 Y-27.008
X39.899 Y-27.215
X39.962 Y-27.629
X39.964 Y-27.836
Y-28.044
X39.962 Y-28.251
X39.899 Y-28.665
X39.866 Y-28.872
X39.724 Y-29.494
X39.537 Y-30.115
X39.262 Y-30.685
X39.243 Y-30.724
X38.933 Y-31.151
X38.782 Y-31.358
X38.617 Y-31.565
X38.273 Y-31.979
X38.06 Y-32.187
X37.91 Y-32.316
X37.704 Y-32.477
X37.54 Y-32.601
X37.497 Y-32.628
X37.29 Y-32.743
X36.755 Y-33.015
X36.324 Y-33.222
X36.255 Y-33.252
X36.048 Y-33.331
X35.635 Y-33.456
X35.428 Y-33.503
X35.014 Y-33.562
X34.807 Y-33.576
X34.393 Y-33.58
X34.187
X33.773 Y-33.576
X33.566 Y-33.562
X33.152 Y-33.503
X32.945 Y-33.456
X32.532 Y-33.331
X32.325 Y-33.252
X32.256 Y-33.222
X32.008 Y-33.104
X31.938 Y-33.078
X31.865 Y-33.06
X31.809 Y-33.055 Z-8.799
X31.753 Y-33.05 Z-8.792
X31.676 Y-33.064 Z-8.773
X31.603 Y-33.077 Z-8.744
X31.533 Y-33.089 Z-8.705
X31.475 Y-33.123 Z-8.656
X31.423 Y-33.154 Z-8.599
X31.378 Y-33.18 Z-8.535
X31.341 Y-33.202 Z-8.464
X31.318 Y-33.224 Z-8.394
X31.301 Y-33.24 Z-8.32
X31.291 Y-33.25 Z-8.244
X31.288 Y-33.253 Z-8.167
G0 Z5.
X31.528 Y-37.345
Z-7.278
G1 Z-7.913 F3048.
X31.53 Y-37.337 Z-8.012
X31.536 Y-37.315 Z-8.109
X31.545 Y-37.278 Z-8.201
X31.558 Y-37.227 Z-8.286
X31.574 Y-37.165 Z-8.362
X31.593 Y-37.091 Z-8.427
X31.614 Y-37.009 Z-8.479
X31.637 Y-36.92 Z-8.517
X31.661 Y-36.826 Z-8.54
X31.685 Y-36.73 Z-8.548
G3 X32.183 Y-33.273 R16.211
G1 Y-33.179
X32.17 Y-33.123
X32.139 Y-33.076
X32.093 Y-33.043
X31.911 Y-32.957
X31.704 Y-32.854
X31.18 Y-32.584
X31.164 Y-32.574
X30.656 Y-32.187
X30.463 Y-32.013
X30.429 Y-31.979
X30.049 Y-31.526
X29.912 Y-31.358
X29.758 Y-31.151
X29.428 Y-30.702
X29.375 Y-30.616
X29.331 Y-30.529
X29.221 Y-30.297
X29.137 Y-30.115
X28.947 Y-29.494
X28.806 Y-28.872
X28.764 Y-28.665
X28.729 Y-28.458
X28.704 Y-28.251
Y-27.629
X28.729 Y-27.422
X28.764 Y-27.215
X28.808 Y-26.998
X28.947 Y-26.386
X29.137 Y-25.765
X29.234 Y-25.558
X29.331 Y-25.351
X29.375 Y-25.264
X29.428 Y-25.178
X29.842 Y-24.616
X29.912 Y-24.522
X30.082 Y-24.315
X30.429 Y-23.901
X30.463 Y-23.867
X30.656 Y-23.693
X31.164 Y-23.306
X31.18 Y-23.296
X31.704 Y-23.026
X31.911 Y-22.923
X32.325 Y-22.728
X32.486 Y-22.658
X32.945 Y-22.515
X33.152 Y-22.467
X33.566 Y-22.407
X33.773 Y-22.393
X34.187 Y-22.389
X34.393
X34.807 Y-22.393
X35.014 Y-22.407
X35.428 Y-22.467
X35.635 Y-22.515
X36.094 Y-22.658
X36.255 Y-22.728
X36.669 Y-22.923
X36.876 Y-23.026
X37.4 Y-23.296
X37.416 Y-23.306
X37.924 Y-23.693
X38.117 Y-23.867
X38.151 Y-23.901
X38.531 Y-24.354
X38.668 Y-24.522
X38.822 Y-24.729
X39.152 Y-25.178
X39.205 Y-25.264
X39.249 Y-25.351
X39.359 Y-25.583
X39.443 Y-25.765
X39.633 Y-26.386
X39.774 Y-27.008
X39.816 Y-27.215
X39.851 Y-27.422
X39.876 Y-27.629
Y-28.251
X39.851 Y-28.458
X39.816 Y-28.665
X39.772 Y-28.882
X39.633 Y-29.494
X39.443 Y-30.115
X39.346 Y-30.322
X39.249 Y-30.529
X39.205 Y-30.616
X39.152 Y-30.702
X38.738 Y-31.264
X38.668 Y-31.358
X38.498 Y-31.565
X38.151 Y-31.979
X38.117 Y-32.013
X37.924 Y-32.187
X37.416 Y-32.574
X37.4 Y-32.584
X36.876 Y-32.854
X36.669 Y-32.957
X36.255 Y-33.152
X36.094 Y-33.222
X35.635 Y-33.365
X35.428 Y-33.413
X35.014 Y-33.473
X34.807 Y-33.487
X34.393 Y-33.491
X34.187
X33.773 Y-33.487
X33.566 Y-33.473
X33.152 Y-33.413
X32.945 Y-33.365
X32.486 Y-33.222
X32.325 Y-33.152
X32.093 Y-33.043
X32.022 Y-33.017
X31.949 Y-33.
X31.896 Y-32.996 Z-8.546
X31.843 Y-32.991 Z-8.539
X31.766 Y-33.005 Z-8.52
X31.692 Y-33.018 Z-8.492
X31.623 Y-33.031 Z-8.455
X31.565 Y-33.064 Z-8.407
X31.513 Y-33.095 Z-8.352
X31.468 Y-33.121 Z-8.289
X31.43 Y-33.144 Z-8.22
X31.406 Y-33.167 Z-8.147
X31.388 Y-33.185 Z-8.071
X31.377 Y-33.195 Z-7.993
X31.373 Y-33.199 Z-7.913
G0 Z5.
X32.39 Y-37.264
Z-7.024
G1 Z-7.659 F3048.
Y-37.257 Z-7.758
X32.392 Y-37.233 Z-7.855
X32.394 Y-37.195 Z-7.947
X32.397 Y-37.143 Z-8.032
X32.401 Y-37.079 Z-8.108
X32.406 Y-37.003 Z-8.173
X32.411 Y-36.918 Z-8.225
X32.417 Y-36.827 Z-8.263
X32.423 Y-36.73 Z-8.286
X32.429 Y-36.631 Z-8.294
G3 X32.271 Y-33.142 R16.211
G1 X32.258 Y-33.076
X32.222 Y-33.019
X32.168 Y-32.98
X31.805 Y-32.808
X31.29 Y-32.548
X31.083 Y-32.413
X30.876 Y-32.264
X30.67 Y-32.086
X30.552 Y-31.979
X30.367 Y-31.772
X30.256 Y-31.646
X30.026 Y-31.358
X29.842 Y-31.115
X29.559 Y-30.737
X29.428 Y-30.523
X29.324 Y-30.322
X29.231 Y-30.115
X29.039 Y-29.494
X28.897 Y-28.872
X28.862 Y-28.665
X28.795 Y-28.251
X28.792 Y-28.044
Y-27.836
X28.795 Y-27.629
X28.862 Y-27.215
X28.897 Y-27.008
X29.039 Y-26.386
X29.231 Y-25.765
X29.324 Y-25.558
X29.432 Y-25.351
X29.559 Y-25.143
X29.869 Y-24.729
X30.026 Y-24.522
X30.256 Y-24.234
X30.367 Y-24.108
X30.552 Y-23.901
X30.67 Y-23.794
X30.876 Y-23.616
X31.083 Y-23.467
X31.29 Y-23.332
X31.805 Y-23.072
X32.325 Y-22.826
X32.532 Y-22.733
X32.738 Y-22.662
X32.945 Y-22.602
X33.152 Y-22.557
X33.566 Y-22.496
X33.773 Y-22.482
X34.187 Y-22.477
X34.393
X34.807 Y-22.482
X35.014 Y-22.496
X35.428 Y-22.557
X35.635 Y-22.602
X35.842 Y-22.662
X36.048 Y-22.733
X36.255 Y-22.826
X36.775 Y-23.072
X37.29 Y-23.332
X37.497 Y-23.467
X37.704 Y-23.616
X37.91 Y-23.794
X38.028 Y-23.901
X38.213 Y-24.108
X38.324 Y-24.234
X38.554 Y-24.522
X38.738 Y-24.765
X39.021 Y-25.143
X39.152 Y-25.357
X39.256 Y-25.558
X39.349 Y-25.765
X39.541 Y-26.386
X39.683 Y-27.008
X39.718 Y-27.215
X39.785 Y-27.629
X39.788 Y-27.836
Y-28.044
X39.785 Y-28.251
X39.718 Y-28.665
X39.683 Y-28.872
X39.541 Y-29.494
X39.349 Y-30.115
X39.256 Y-30.322
X39.148 Y-30.529
X39.021 Y-30.737
X38.711 Y-31.151
X38.554 Y-31.358
X38.324 Y-31.646
X38.213 Y-31.772
X38.028 Y-31.979
X37.91 Y-32.086
X37.704 Y-32.264
X37.497 Y-32.413
X37.29 Y-32.548
X36.775 Y-32.808
X36.255 Y-33.054
X36.048 Y-33.147
X35.842 Y-33.218
X35.635 Y-33.278
X35.428 Y-33.323
X35.014 Y-33.384
X34.807 Y-33.398
X34.393 Y-33.403
X34.187
X33.773 Y-33.398
X33.566 Y-33.384
X33.245 Y-33.337
X33.175 Y-33.333
X33.095 Y-33.338
X33.023 Y-33.361 Z-8.289
X32.951 Y-33.383 Z-8.276
X32.882 Y-33.405 Z-8.253
X32.818 Y-33.454 Z-8.215
X32.759 Y-33.5 Z-8.167
X32.705 Y-33.541 Z-8.108
X32.669 Y-33.595 Z-8.032
X32.64 Y-33.638 Z-7.947
X32.619 Y-33.67 Z-7.855
X32.606 Y-33.689 Z-7.759
X32.602 Y-33.695 Z-7.659
G0 Z5.
X32.482 Y-37.21
Z-6.77
G1 Z-7.405 F3048.
X32.483 Y-37.202 Z-7.504
X32.484 Y-37.179 Z-7.601
X32.487 Y-37.141 Z-7.693
X32.49 Y-37.089 Z-7.778
X32.494 Y-37.024 Z-7.854
X32.499 Y-36.948 Z-7.919
X32.504 Y-36.864 Z-7.971
X32.51 Y-36.772 Z-8.009
X32.516 Y-36.675 Z-8.032
X32.522 Y-36.576 Z-8.04
G3 X32.365 Y-33.087 R16.211
G1 X32.353 Y-33.023
X32.318 Y-32.967
X32.265 Y-32.928
X31.911 Y-32.76
X31.583 Y-32.601
X31.497 Y-32.559
X31.29 Y-32.441
X31.209 Y-32.394
X31.083 Y-32.306
X30.919 Y-32.187
X30.67 Y-31.969
X30.494 Y-31.772
X30.142 Y-31.358
X30.049 Y-31.244
X29.976 Y-31.151
X29.635 Y-30.698
X29.37 Y-30.219
X29.347 Y-30.167
X29.326 Y-30.115
X29.131 Y-29.494
X28.989 Y-28.872
X28.953 Y-28.665
X28.884 Y-28.251
X28.881 Y-28.044
Y-27.836
X28.884 Y-27.629
X28.953 Y-27.215
X28.989 Y-27.008
X29.131 Y-26.386
X29.326 Y-25.765
X29.347 Y-25.713
X29.37 Y-25.661
X29.635 Y-25.182
X29.976 Y-24.729
X30.049 Y-24.636
X30.142 Y-24.522
X30.494 Y-24.108
X30.67 Y-23.911
X30.919 Y-23.693
X31.083 Y-23.574
X31.209 Y-23.486
X31.29 Y-23.439
X31.497 Y-23.321
X31.704 Y-23.22
X32.012 Y-23.072
X32.448 Y-22.865
X32.532 Y-22.832
X32.738 Y-22.759
X32.945 Y-22.688
X33.076 Y-22.658
X33.566 Y-22.585
X33.773 Y-22.571
X34.187 Y-22.566
X34.393
X34.807 Y-22.571
X35.014 Y-22.585
X35.504 Y-22.658
X35.635 Y-22.688
X35.842 Y-22.759
X36.048 Y-22.832
X36.132 Y-22.865
X36.669 Y-23.12
X36.997 Y-23.279
X37.083 Y-23.321
X37.29 Y-23.439
X37.371 Y-23.486
X37.497 Y-23.574
X37.661 Y-23.693
X37.91 Y-23.911
X38.086 Y-24.108
X38.438 Y-24.522
X38.531 Y-24.636
X38.604 Y-24.729
X38.945 Y-25.182
X39.21 Y-25.661
X39.233 Y-25.713
X39.254 Y-25.765
X39.449 Y-26.386
X39.591 Y-27.008
X39.627 Y-27.215
X39.696 Y-27.629
X39.699 Y-27.836
Y-28.044
X39.696 Y-28.251
X39.627 Y-28.665
X39.591 Y-28.872
X39.449 Y-29.494
X39.254 Y-30.115
X39.233 Y-30.167
X39.21 Y-30.219
X38.945 Y-30.698
X38.604 Y-31.151
X38.531 Y-31.244
X38.438 Y-31.358
X38.086 Y-31.772
X37.91 Y-31.969
X37.661 Y-32.187
X37.497 Y-32.306
X37.371 Y-32.394
X37.29 Y-32.441
X37.083 Y-32.559
X36.876 Y-32.66
X36.568 Y-32.808
X36.132 Y-33.015
X36.048 Y-33.048
X35.842 Y-33.121
X35.635 Y-33.192
X35.504 Y-33.222
X35.014 Y-33.295
X34.807 Y-33.309
X34.393 Y-33.314
X34.187
X33.773 Y-33.309
X33.566 Y-33.295
X33.359 Y-33.264
X33.284 Y-33.26
X33.209 Y-33.265
X33.137 Y-33.288 Z-8.035
X33.065 Y-33.31 Z-8.022
X32.996 Y-33.332 Z-7.999
X32.932 Y-33.381 Z-7.961
X32.872 Y-33.427 Z-7.913
X32.819 Y-33.468 Z-7.854
X32.783 Y-33.521 Z-7.778
X32.754 Y-33.564 Z-7.693
X32.732 Y-33.596 Z-7.601
X32.72 Y-33.615 Z-7.505
X32.715 Y-33.621 Z-7.405
G0 Z5.
X31.812 Y-37.196
Z-6.516
G1 Z-7.151 F3048.
X31.814 Y-37.189 Z-7.25
X31.82 Y-37.166 Z-7.347
X31.829 Y-37.129 Z-7.439
X31.842 Y-37.079 Z-7.524
X31.858 Y-37.016 Z-7.6
X31.877 Y-36.943 Z-7.665
X31.898 Y-36.86 Z-7.717
X31.921 Y-36.771 Z-7.755
X31.945 Y-36.677 Z-7.778
X31.97 Y-36.581 Z-7.786
G3 X32.467 Y-33.124 R16.211
G1 Y-33.02
X32.454 Y-32.959
X32.419 Y-32.908
X32.368 Y-32.873
X32.325 Y-32.854
X31.704 Y-32.557
X31.497 Y-32.443
X31.29 Y-32.327
X31.083 Y-32.182
X30.824 Y-31.979
X30.67 Y-31.837
X30.609 Y-31.772
X30.256 Y-31.351
X30.049 Y-31.093
X29.933 Y-30.944
X29.777 Y-30.737
X29.635 Y-30.516
X29.527 Y-30.322
X29.427 Y-30.115
X29.354 Y-29.908
X29.227 Y-29.494
X29.085 Y-28.872
X29.049 Y-28.665
X28.978 Y-28.251
X28.975 Y-28.044
Y-27.836
X28.978 Y-27.629
X29.049 Y-27.215
X29.085 Y-27.008
X29.227 Y-26.386
X29.354 Y-25.972
X29.428 Y-25.762
X29.527 Y-25.558
X29.635 Y-25.364
X29.777 Y-25.143
X29.933 Y-24.936
X30.049 Y-24.787
X30.262 Y-24.522
X30.609 Y-24.108
X30.67 Y-24.043
X30.824 Y-23.901
X31.089 Y-23.693
X31.29 Y-23.553
X31.497 Y-23.437
X31.704 Y-23.323
X32.325 Y-23.026
X32.532 Y-22.936
X32.945 Y-22.796
X33.152 Y-22.735
X33.359 Y-22.7
X33.566 Y-22.676
X33.773 Y-22.665
X34.187 Y-22.66
X34.393
X34.807 Y-22.665
X35.014 Y-22.676
X35.221 Y-22.7
X35.428 Y-22.735
X35.635 Y-22.796
X36.048 Y-22.936
X36.255 Y-23.026
X36.876 Y-23.323
X37.083 Y-23.437
X37.29 Y-23.553
X37.497 Y-23.698
X37.756 Y-23.901
X37.91 Y-24.043
X37.971 Y-24.108
X38.324 Y-24.529
X38.531 Y-24.787
X38.647 Y-24.936
X38.803 Y-25.143
X38.945 Y-25.364
X39.053 Y-25.558
X39.153 Y-25.765
X39.226 Y-25.972
X39.353 Y-26.386
X39.495 Y-27.008
X39.531 Y-27.215
X39.602 Y-27.629
X39.605 Y-27.836
Y-28.044
X39.602 Y-28.251
X39.531 Y-28.665
X39.495 Y-28.872
X39.353 Y-29.494
X39.226 Y-29.908
X39.152 Y-30.118
X39.053 Y-30.322
X38.945 Y-30.516
X38.803 Y-30.737
X38.647 Y-30.944
X38.531 Y-31.093
X38.318 Y-31.358
X37.971 Y-31.772
X37.91 Y-31.837
X37.756 Y-31.979
X37.491 Y-32.187
X37.29 Y-32.327
X37.083 Y-32.443
X36.876 Y-32.557
X36.255 Y-32.854
X36.048 Y-32.944
X35.635 Y-33.084
X35.428 Y-33.145
X35.221 Y-33.18
X35.014 Y-33.204
X34.807 Y-33.215
X34.393 Y-33.22
X34.187
X33.773 Y-33.215
X33.698 Y-33.221
X33.624 Y-33.236
X33.555 Y-33.268 Z-7.781
X33.488 Y-33.3 Z-7.768
X33.422 Y-33.331 Z-7.745
X33.365 Y-33.388 Z-7.707
X33.312 Y-33.442 Z-7.659
X33.265 Y-33.489 Z-7.6
X33.236 Y-33.547 Z-7.524
X33.213 Y-33.594 Z-7.439
X33.196 Y-33.628 Z-7.347
X33.186 Y-33.649 Z-7.251
X33.183 Y-33.656 Z-7.151
G0 Z5.
X31.987 Y-37.128
Z-6.262
G1 Z-6.897 F3048.
X31.989 Y-37.12 Z-6.996
X31.995 Y-37.098 Z-7.093
X32.005 Y-37.061 Z-7.185
X32.018 Y-37.01 Z-7.27
X32.034 Y-36.948 Z-7.346
X32.052 Y-36.874 Z-7.411
X32.074 Y-36.792 Z-7.463
X32.096 Y-36.703 Z-7.501
X32.12 Y-36.609 Z-7.524
X32.145 Y-36.513 Z-7.532
G3 X32.642 Y-33.056 R16.211
G1 Y-32.957
X32.623 Y-32.897
X32.583 Y-32.849
X32.529 Y-32.818
X32.501 Y-32.808
X32.325 Y-32.727
X31.911 Y-32.528
X31.704 Y-32.419
X31.289 Y-32.187
X31.083 Y-32.045
X30.998 Y-31.979
X30.876 Y-31.871
X30.67 Y-31.668
X30.579 Y-31.565
X30.408 Y-31.358
X30.049 Y-30.908
X29.917 Y-30.737
X29.842 Y-30.629
X29.779 Y-30.529
X29.656 Y-30.322
X29.553 Y-30.115
X29.475 Y-29.908
X29.428 Y-29.782
X29.4 Y-29.701
X29.345 Y-29.494
X29.204 Y-28.872
X29.166 Y-28.665
X29.094 Y-28.251
X29.09 Y-28.044
Y-27.836
X29.094 Y-27.629
X29.166 Y-27.215
X29.204 Y-27.008
X29.345 Y-26.386
X29.4 Y-26.179
X29.428 Y-26.098
X29.475 Y-25.972
X29.553 Y-25.765
X29.656 Y-25.558
X29.779 Y-25.351
X29.842 Y-25.251
X29.917 Y-25.143
X30.049 Y-24.972
X30.408 Y-24.522
X30.579 Y-24.315
X30.67 Y-24.212
X30.876 Y-24.009
X30.998 Y-23.901
X31.083 Y-23.835
X31.29 Y-23.693
X31.704 Y-23.461
X31.911 Y-23.352
X32.325 Y-23.153
X32.501 Y-23.072
X33.066 Y-22.874
X33.077 Y-22.872
X33.566 Y-22.796
X33.773 Y-22.78
X34.187 Y-22.775
X34.393
X34.807 Y-22.78
X35.014 Y-22.796
X35.503 Y-22.872
X35.514 Y-22.874
X36.079 Y-23.072
X36.255 Y-23.153
X36.669 Y-23.352
X36.876 Y-23.461
X37.291 Y-23.693
X37.497 Y-23.835
X37.582 Y-23.901
X37.704 Y-24.009
X37.91 Y-24.212
X38.001 Y-24.315
X38.172 Y-24.522
X38.531 Y-24.972
X38.663 Y-25.143
X38.738 Y-25.251
X38.801 Y-25.351
X38.924 Y-25.558
X39.027 Y-25.765
X39.105 Y-25.972
X39.152 Y-26.098
X39.18 Y-26.179
X39.235 Y-26.386
X39.376 Y-27.008
X39.414 Y-27.215
X39.486 Y-27.629
X39.49 Y-27.836
Y-28.044
X39.486 Y-28.251
X39.414 Y-28.665
X39.376 Y-28.872
X39.235 Y-29.494
X39.18 Y-29.701
X39.152 Y-29.782
X39.105 Y-29.908
X39.027 Y-30.115
X38.924 Y-30.322
X38.801 Y-30.529
X38.738 Y-30.629
X38.663 Y-30.737
X38.531 Y-30.908
X38.172 Y-31.358
X38.001 Y-31.565
X37.91 Y-31.668
X37.704 Y-31.871
X37.582 Y-31.979
X37.497 Y-32.045
X37.29 Y-32.187
X36.876 Y-32.419
X36.669 Y-32.528
X36.255 Y-32.727
X36.079 Y-32.808
X35.514 Y-33.006
X35.503 Y-33.008
X35.014 Y-33.084
X34.807 Y-33.1
X34.393 Y-33.105
X34.187
X33.773 Y-33.1
X33.566 Y-33.084
X33.077 Y-33.008
X33.066 Y-33.006
X32.529 Y-32.818
X32.456 Y-32.8
X32.382 Y-32.791
X32.341 Y-32.789 Z-7.531
X32.266 Y-32.803 Z-7.521
X32.192 Y-32.816 Z-7.502
X32.121 Y-32.829 Z-7.474
X32.05 Y-32.871 Z-7.428
X31.985 Y-32.909 Z-7.37
X31.929 Y-32.942 Z-7.301
X31.894 Y-32.979 Z-7.23
X31.866 Y-33.009 Z-7.152
X31.846 Y-33.03 Z-7.07
X31.834 Y-33.043 Z-6.985
X31.83 Y-33.048 Z-6.897
G0 Z5.
X32.127 Y-37.019
Z-6.008
G1 Z-6.643 F3048.
X32.129 Y-37.012 Z-6.742
X32.135 Y-36.989 Z-6.839
X32.144 Y-36.952 Z-6.931
X32.157 Y-36.902 Z-7.016
X32.173 Y-36.839 Z-7.092
X32.192 Y-36.766 Z-7.157
X32.213 Y-36.683 Z-7.209
X32.236 Y-36.594 Z-7.247
X32.26 Y-36.5 Z-7.27
X32.284 Y-36.404 Z-7.278
G3 X32.782 Y-32.947 R16.211
G1 Y-32.852
X32.759 Y-32.793
X32.718 Y-32.745
X32.663 Y-32.714
X32.532 Y-32.666
X32.383 Y-32.601
X31.911 Y-32.373
X31.704 Y-32.26
X31.223 Y-31.979
X31.153 Y-31.929
X30.973 Y-31.772
X30.876 Y-31.682
X30.67 Y-31.458
X30.587 Y-31.358
X30.049 Y-30.681
X29.953 Y-30.529
X29.697 Y-30.09
X29.687 Y-30.065
X29.49 Y-29.494
X29.394 Y-29.079
X29.347 Y-28.872
X29.309 Y-28.665
X29.232 Y-28.238
X29.231 Y-28.225
Y-27.655
X29.235 Y-27.629
X29.309 Y-27.215
X29.347 Y-27.008
X29.442 Y-26.594
X29.49 Y-26.386
X29.692 Y-25.803
X29.697 Y-25.79
X29.953 Y-25.351
X30.049 Y-25.199
X30.587 Y-24.522
X30.67 Y-24.422
X30.876 Y-24.198
X30.973 Y-24.108
X31.153 Y-23.951
X31.223 Y-23.901
X31.704 Y-23.62
X31.911 Y-23.507
X32.383 Y-23.279
X32.532 Y-23.214
X33.075 Y-23.016
X33.152 Y-23.003
X33.566 Y-22.936
X33.773 Y-22.92
X34.187 Y-22.915
X34.393
X34.807 Y-22.92
X35.014 Y-22.936
X35.492 Y-23.014
X35.505 Y-23.016
X36.048 Y-23.214
X36.197 Y-23.279
X36.669 Y-23.507
X36.876 Y-23.62
X37.357 Y-23.901
X37.427 Y-23.951
X37.607 Y-24.108
X37.704 Y-24.198
X37.91 Y-24.422
X37.993 Y-24.522
X38.531 Y-25.199
X38.627 Y-25.351
X38.883 Y-25.79
X38.893 Y-25.815
X39.09 Y-26.386
X39.186 Y-26.801
X39.233 Y-27.008
X39.271 Y-27.215
X39.348 Y-27.642
X39.349 Y-27.655
Y-28.225
X39.345 Y-28.251
X39.271 Y-28.665
X39.233 Y-28.872
X39.138 Y-29.286
X39.09 Y-29.494
X38.888 Y-30.077
X38.883 Y-30.09
X38.627 Y-30.529
X38.531 Y-30.681
X37.993 Y-31.358
X37.91 Y-31.458
X37.704 Y-31.682
X37.607 Y-31.772
X37.427 Y-31.929
X37.357 Y-31.979
X36.876 Y-32.26
X36.669 Y-32.373
X36.197 Y-32.601
X36.048 Y-32.666
X35.505 Y-32.864
X35.428 Y-32.877
X35.014 Y-32.944
X34.807 Y-32.96
X34.393 Y-32.965
X34.187
X33.866 Y-32.961
X33.791 Y-32.967
X33.717 Y-32.982
X33.649 Y-33.014 Z-7.273
X33.581 Y-33.046 Z-7.26
X33.515 Y-33.076 Z-7.237
X33.458 Y-33.134 Z-7.199
X33.405 Y-33.187 Z-7.151
X33.358 Y-33.235 Z-7.092
X33.329 Y-33.293 Z-7.016
X33.306 Y-33.339 Z-6.931
X33.289 Y-33.373 Z-6.839
X33.279 Y-33.394 Z-6.743
X33.276 Y-33.401 Z-6.643
G0 Z5.
X-0.642 Y-63.148
Z-10.834
G1 Z-11.469 F3048.
X-0.64 Y-63.141 Z-11.568
X-0.634 Y-63.118 Z-11.665
X-0.625 Y-63.081 Z-11.757
X-0.612 Y-63.031 Z-11.842
X-0.596 Y-62.968 Z-11.918
X-0.577 Y-62.895 Z-11.983
X-0.556 Y-62.813 Z-12.035
X-0.533 Y-62.723 Z-12.073
X-0.509 Y-62.63 Z-12.096
X-0.484 Y-62.533 Z-12.104
G3 X0.013 Y-59.076 R16.211
G1 Y-58.962
X-0.349 Y-58.125
X-0.612 Y-57.253
X-0.802 Y-56.361
X-0.937 Y-55.459
X-1.031 Y-54.552
X-1.098 Y-53.643
X-1.144 Y-52.732
X-1.176 Y-51.821
X-1.198 Y-50.909
X-1.213 Y-49.997
X-1.224 Y-49.086
X-1.231 Y-48.174
X-1.236 Y-47.262
X-1.24 Y-46.35
X-1.244 Y-44.527
X-1.247 Y-40.879
X-1.253 Y-19.908
X-1.255 Y-8.966
X-1.256 Y-2.583
X-1.162 Y-2.137
X-0.784 Y-1.308
X-0.166 Y-0.637
X0.584 Y-0.119
X1.409 Y0.27
X2.275 Y0.555
X3.164 Y0.76
X4.064 Y0.906
X4.97 Y1.009
X5.879 Y1.081
X6.789 Y1.132
X7.7 Y1.166
X8.612 Y1.191
X9.523 Y1.207
X10.435 Y1.219
X11.347 Y1.227
X12.259 Y1.232
X13.171 Y1.236
X14.994 Y1.241
X17.73 Y1.244
X26.848 Y1.248
X41.437 Y1.251
X66.056 Y1.256
X66.499 Y1.148
X67.319 Y0.751
X67.981 Y0.123
X68.491 Y-0.633
X68.873 Y-1.461
X69.152 Y-2.328
X69.354 Y-3.218
X69.497 Y-4.118
X69.598 Y-5.024
X69.668 Y-5.934
X69.717 Y-6.844
X69.751 Y-7.755
X69.775 Y-8.667
X69.791 Y-9.578
X69.803 Y-10.49
X69.811 Y-11.402
X69.816 Y-12.314
X69.82 Y-13.225
X69.824 Y-15.049
X69.828 Y-17.785
X69.83 Y-23.255
X69.836 Y-53.345
X69.73 Y-53.789
X69.335 Y-54.611
X68.709 Y-55.273
X67.954 Y-55.784
X67.126 Y-56.167
X66.258 Y-56.447
X65.369 Y-56.649
X64.469 Y-56.792
X63.563 Y-56.894
X62.653 Y-56.964
X61.743 Y-57.014
X60.832 Y-57.048
X59.92 Y-57.072
X59.009 Y-57.088
X58.097 Y-57.099
X57.185 Y-57.107
X56.273 Y-57.113
X55.361 Y-57.117
X53.538 Y-57.121
X50.802 Y-57.124
X41.684 Y-57.128
X5.212 Y-57.136
X4.756 Y-57.127
X4.31 Y-57.034
X3.468 Y-56.684
X2.768 Y-56.099
X2.513 Y-55.862
X2.131 Y-55.625
X1.705 Y-55.463
X1.483 Y-55.411
X1.271 Y-55.328
X1.073 Y-55.215
X0.893 Y-55.076
X0.735 Y-54.911
X0.602 Y-54.726
X0.496 Y-54.524
X0.421 Y-54.309
X0.378 Y-54.085
X0.334 Y-53.174
X0.452 Y-52.27
X0.527 Y-51.362
X0.574 Y-50.451
X0.605 Y-49.54
X0.624 Y-48.628
X0.637 Y-47.716
X0.644 Y-46.805
X0.649 Y-45.893
X0.652 Y-44.981
X0.655 Y-43.157
X0.656 Y-39.51
X0.649 Y-5.773
X0.671 Y-4.861
X0.674 Y-3.95
Y-3.494
X0.706 Y-3.039
X0.781 Y-2.824
X0.881 Y-2.619
X1.138 Y-2.243
X1.833 Y-1.652
X2.684 Y-1.323
X3.571 Y-1.112
X4.471 Y-0.97
X5.378 Y-0.873
X6.287 Y-0.806
X7.198 Y-0.761
X8.109 Y-0.729
X9.021 Y-0.708
X9.933 Y-0.693
X10.844 Y-0.686
X11.756 Y-0.68
X12.668 Y-0.675
X14.492 Y-0.668
X17.227 Y-0.663
X21.786 Y-0.659
X48.229 Y-0.653
X62.818 Y-0.649
X63.729 Y-0.671
X64.641 Y-0.674
X65.097
X65.552 Y-0.705
X65.766 Y-0.782
X65.97 Y-0.885
X66.344 Y-1.146
X66.935 Y-1.84
X67.261 Y-2.692
X67.473 Y-3.579
X67.614 Y-4.479
X67.711 Y-5.386
X67.777 Y-6.296
X67.823 Y-7.206
X67.854 Y-8.118
X67.876 Y-9.029
X67.89 Y-9.941
X67.898 Y-10.853
X67.904 Y-11.764
X67.908 Y-12.676
X67.915 Y-14.5
X67.92 Y-17.235
X67.924 Y-21.794
X67.927 Y-32.736
X67.931 Y-50.06
X67.911 Y-50.972
X67.906 Y-51.884
Y-52.796
X67.833 Y-53.012
X67.633 Y-53.421
X67.556 Y-53.506
X67.237 Y-53.831
X66.486 Y-54.348
X65.618 Y-54.628
X64.726 Y-54.816
X63.823 Y-54.944
X62.915 Y-55.031
X62.005 Y-55.09
X61.095 Y-55.131
X60.183 Y-55.158
X59.272 Y-55.178
X58.36 Y-55.191
X57.448 Y-55.197
X56.536 Y-55.202
X54.713 Y-55.21
X52.889 Y-55.215
X50.154 Y-55.219
X43.771 Y-55.222
X38.3 Y-55.223
X7.298 Y-55.23
X6.387 Y-55.208
X5.475 Y-55.205
X5.025 Y-55.135
X4.184 Y-54.783
X3.46 Y-54.228
X3.056 Y-54.017
X2.846 Y-53.928
X2.652 Y-53.809
X2.476 Y-53.663
X2.323 Y-53.494
X2.197 Y-53.305
X2.098 Y-53.099
X2.03 Y-52.881
X1.994 Y-52.656
X1.979 Y-51.745
X2.156 Y-50.85
X2.279 Y-49.947
X2.364 Y-49.039
X2.424 Y-48.129
X2.466 Y-47.218
X2.495 Y-46.307
X2.516 Y-45.395
X2.53 Y-44.483
X2.54 Y-43.572
X2.546 Y-42.66
X2.551 Y-41.748
X2.554 Y-40.836
X2.556 Y-39.924
X2.559 Y-37.189
X2.56 Y-30.806
X2.554 Y-6.187
X2.568 Y-5.276
X2.577 Y-4.364
X2.581 Y-4.136
X2.617 Y-3.911
X2.686 Y-3.694
X2.785 Y-3.488
X2.912 Y-3.299
X3.065 Y-3.13
X3.241 Y-2.985
X3.436 Y-2.866
X3.645 Y-2.777
X4.527 Y-2.543
X5.438 Y-2.58
X6.349 Y-2.596
X7.261 Y-2.6
X8.173 Y-2.599
X9.997 Y-2.592
X13.644 Y-2.576
X15.467 Y-2.571
X16.379 Y-2.569
X20.027 Y-2.565
X30.968 Y-2.562
X61.97 Y-2.555
X62.882 Y-2.559
X63.793 Y-2.574
X64.249 Y-2.577
X64.477 Y-2.585
X64.701 Y-2.626
X64.918 Y-2.698
X65.121 Y-2.801
X65.308 Y-2.931
X65.474 Y-3.088
X65.616 Y-3.266
X65.731 Y-3.463
X65.816 Y-3.674
X66.034 Y-4.56
X65.999 Y-5.471
X65.985 Y-6.382
X65.982 Y-7.294
X65.983 Y-8.206
X65.991 Y-10.03
X66.007 Y-13.677
X66.012 Y-15.5
X66.017 Y-18.236
X66.02 Y-23.707
X66.026 Y-49.237
X66.021 Y-50.149
X66.007 Y-51.061
X66.004 Y-51.745
X65.97 Y-51.97
X65.905 Y-52.189
X65.809 Y-52.396
X65.684 Y-52.586
X65.534 Y-52.757
X65.36 Y-52.905
X65.167 Y-53.027
X64.959 Y-53.119
X64.081 Y-53.366
X63.17 Y-53.318
X62.259 Y-53.296
X61.347 Y-53.288
X60.435 Y-53.287
X59.523 Y-53.288
X54.053 Y-53.307
X51.317 Y-53.312
X46.758 Y-53.316
X13.021 Y-53.324
X7.55 Y-53.325
X6.639 Y-53.308
X6.183 Y-53.305
X5.732 Y-53.233
X4.883 Y-52.902
X4.493 Y-52.665
X4.305 Y-52.536
X4.138 Y-52.382
X3.994 Y-52.205
X3.877 Y-52.009
X3.789 Y-51.799
X3.732 Y-51.578
X3.707 Y-51.351
X3.74 Y-50.44
X3.939 Y-49.55
X4.083 Y-48.65
X4.188 Y-47.744
X4.265 Y-46.836
X4.321 Y-45.926
X4.361 Y-45.015
X4.39 Y-44.103
X4.412 Y-43.192
X4.427 Y-42.28
X4.438 Y-41.368
X4.446 Y-40.457
X4.452 Y-39.545
X4.456 Y-38.633
X4.461 Y-36.809
X4.463 Y-34.074
X4.464 Y-27.691
X4.46 Y-11.279
X4.459 Y-6.72
X4.466 Y-5.808
X4.474 Y-5.124
X4.509 Y-4.899
X4.576 Y-4.681
X4.674 Y-4.475
X4.8 Y-4.285
X4.952 Y-4.115
X5.127 Y-3.969
X5.321 Y-3.849
X5.53 Y-3.758
X5.75 Y-3.698
X5.976 Y-3.67
X6.887 Y-3.69
X7.383 Y-3.845
X8.048 Y-4.007
X8.946 Y-4.166
X9.852 Y-4.27
X10.761 Y-4.338
X11.672 Y-4.384
X12.583 Y-4.414
X13.495 Y-4.433
X14.407 Y-4.446
X15.318 Y-4.454
X16.23 Y-4.46
X17.142 Y-4.463
X18.966 Y-4.467
X22.613 Y-4.468
X48.144 Y-4.463
X61.821 Y-4.46
X62.733 Y-4.464
X63.189 Y-4.47
X63.416 Y-4.473
X63.644 Y-4.491
X63.866 Y-4.542
X64.079 Y-4.624
X64.277 Y-4.736
X64.458 Y-4.875
X64.617 Y-5.038
X64.751 Y-5.223
X64.857 Y-5.425
X64.933 Y-5.64
X64.977 Y-5.863
X64.989 Y-6.091
X64.907 Y-6.999
X64.752 Y-7.483
X64.591 Y-8.13
X64.427 Y-9.027
X64.32 Y-9.932
X64.249 Y-10.841
X64.203 Y-11.752
X64.172 Y-12.663
X64.152 Y-13.575
X64.138 Y-14.486
X64.13 Y-15.398
X64.124 Y-16.31
X64.12 Y-17.222
X64.117 Y-19.045
X64.115 Y-21.781
X64.118 Y-39.105
X64.12 Y-49.135
X64.116 Y-50.047
X64.11 Y-50.503
X64.108 Y-50.731
X64.092 Y-50.958
X64.043 Y-51.181
X63.964 Y-51.394
X63.854 Y-51.594
X63.717 Y-51.777
X63.555 Y-51.937
X63.372 Y-52.073
X63.172 Y-52.181
X62.958 Y-52.26
X62.735 Y-52.307
X62.507 Y-52.321
X61.598 Y-52.248
X61.145 Y-52.095
X60.546 Y-51.935
X59.712 Y-51.768
X58.809 Y-51.647
X57.9 Y-51.566
X56.99 Y-51.513
X56.079 Y-51.478
X55.168 Y-51.455
X54.256 Y-51.439
X53.344 Y-51.429
X52.432 Y-51.423
X51.52 Y-51.418
X50.609 Y-51.416
X48.785 Y-51.413
X45.138 Y-51.412
X25.99 Y-51.416
X7.753 Y-51.42
X6.842 Y-51.406
X6.392 Y-51.33
X6.176 Y-51.259
X5.972 Y-51.157
X5.784 Y-51.028
X5.617 Y-50.873
X5.474 Y-50.695
X5.358 Y-50.499
X5.271 Y-50.288
X5.215 Y-50.067
X5.192 Y-49.84
X5.228 Y-48.929
X5.415 Y-48.442
X5.606 Y-47.831
X5.804 Y-47.016
X5.962 Y-46.118
X6.075 Y-45.213
X6.156 Y-44.305
X6.215 Y-43.395
X6.258 Y-42.484
X6.289 Y-41.573
X6.312 Y-40.661
X6.328 Y-39.749
X6.34 Y-38.838
X6.348 Y-37.926
X6.354 Y-37.014
X6.359 Y-36.102
X6.364 Y-34.279
X6.367 Y-31.543
X6.368 Y-26.072
Y-21.513
X6.365 Y-6.924
X6.369 Y-6.24
X6.373 Y-6.013
X6.409 Y-5.788
X6.477 Y-5.57
X6.576 Y-5.365
X6.703 Y-5.175
X6.856 Y-5.006
X7.032 Y-4.861
X7.226 Y-4.742
X7.436 Y-4.652
X7.656 Y-4.593
X7.882 Y-4.567
X8.11 Y-4.573
X8.335 Y-4.612
X9.202 Y-4.893
X9.418 Y-5.031
X9.684 Y-5.177
X10.012 Y-5.331
X10.426 Y-5.494
X10.956 Y-5.665
X11.655 Y-5.841
X12.551 Y-6.007
X13.456 Y-6.12
X14.364 Y-6.199
X15.275 Y-6.252
X16.186 Y-6.29
X17.097 Y-6.316
X18.009 Y-6.334
X18.92 Y-6.346
X19.832 Y-6.354
X20.744 Y-6.36
X21.656 Y-6.364
X23.479 Y-6.369
X26.215 Y-6.371
X33.509
X39.892 Y-6.37
X61.776 Y-6.365
X62.231 Y-6.367
X62.459 Y-6.369
X62.687 Y-6.378
X62.911 Y-6.419
X63.127 Y-6.492
X63.331 Y-6.595
X63.517 Y-6.727
X63.683 Y-6.883
X63.824 Y-7.062
X63.939 Y-7.259
X64.024 Y-7.47
X64.078 Y-7.692
X64.1 Y-7.919
X64.089 Y-8.146
X64.045 Y-8.37
X63.745 Y-9.231
X63.611 Y-9.429
X63.467 Y-9.676
X63.317 Y-9.975
X63.156 Y-10.355
X62.989 Y-10.832
X62.815 Y-11.454
X62.635 Y-12.306
X62.503 Y-13.208
X62.413 Y-14.116
X62.35 Y-15.025
X62.307 Y-15.936
X62.277 Y-16.848
X62.256 Y-17.759
X62.242 Y-18.671
X62.232 Y-19.583
X62.225 Y-20.494
X62.22 Y-21.406
X62.217 Y-22.318
X62.214 Y-24.142
X62.212 Y-27.789
Y-33.26
X62.215 Y-48.761
X62.212 Y-49.672
X62.21 Y-49.9
X62.174 Y-50.125
X62.107 Y-50.343
X62.009 Y-50.549
X61.883 Y-50.739
X61.73 Y-50.909
X61.555 Y-51.055
X61.361 Y-51.174
X61.152 Y-51.265
X60.932 Y-51.324
X60.706 Y-51.352
X60.478 Y-51.347
X60.253 Y-51.309
X59.385 Y-51.031
X59.174 Y-50.892
X58.919 Y-50.747
X58.601 Y-50.592
X58.205 Y-50.43
X57.698 Y-50.259
X57.04 Y-50.083
X56.146 Y-49.904
X55.242 Y-49.782
X54.335 Y-49.697
X53.425 Y-49.639
X52.514 Y-49.598
X51.602 Y-49.57
X50.691 Y-49.551
X49.779 Y-49.537
X48.867 Y-49.528
X47.955 Y-49.521
X47.044 Y-49.517
X45.22 Y-49.512
X42.485 Y-49.509
X36.102
X29.719 Y-49.51
X8.748 Y-49.515
X7.836 Y-49.514
X7.608 Y-49.504
X7.384 Y-49.462
X7.168 Y-49.388
X6.965 Y-49.284
X6.78 Y-49.152
X6.615 Y-48.995
X6.474 Y-48.816
X6.36 Y-48.618
X6.276 Y-48.406
X6.223 Y-48.185
X6.202 Y-47.958
X6.214 Y-47.73
X6.259 Y-47.506
X6.563 Y-46.647
X6.707 Y-46.443
X6.857 Y-46.2
X7.018 Y-45.897
X7.187 Y-45.523
X7.366 Y-45.048
X7.549 Y-44.445
X7.741 Y-43.635
X7.893 Y-42.736
X8.001 Y-41.83
X8.078 Y-40.922
X8.133 Y-40.012
X8.173 Y-39.101
X8.201 Y-38.189
X8.222 Y-37.278
X8.237 Y-36.366
X8.247 Y-35.454
X8.255 Y-34.542
X8.26 Y-33.631
X8.264 Y-32.719
X8.269 Y-30.895
X8.272 Y-28.16
X8.273 Y-22.689
X8.272 Y-21.777
X8.27 Y-7.416
X8.272 Y-6.96
X8.306 Y-6.735
X8.371 Y-6.516
X8.468 Y-6.31
X8.593 Y-6.119
X8.744 Y-5.948
X8.917 Y-5.801
X9.111 Y-5.68
X9.319 Y-5.588
X9.539 Y-5.526
X9.765 Y-5.497
X9.993 Y-5.501
X10.218 Y-5.537
X10.435 Y-5.604
X10.641 Y-5.703
X10.83 Y-5.83
X11. Y-5.982
X11.165 Y-6.181
X11.271 Y-6.293
X11.407 Y-6.42
X11.577 Y-6.559
X11.775 Y-6.7
X12.025 Y-6.856
X12.326 Y-7.018
X12.7 Y-7.189
X13.162 Y-7.366
X13.758 Y-7.551
X14.544 Y-7.741
X15.442 Y-7.898
X16.347 Y-8.008
X17.255 Y-8.087
X18.166 Y-8.142
X19.076 Y-8.181
X19.988 Y-8.209
X20.899 Y-8.229
X21.811 Y-8.243
X22.723 Y-8.253
X23.635 Y-8.26
X24.547 Y-8.265
X25.458 Y-8.269
X27.282 Y-8.273
X30.017 Y-8.275
X37.312
X42.783 Y-8.274
X61.247 Y-8.27
X61.703 Y-8.272
X61.928 Y-8.307
X62.146 Y-8.373
X62.353 Y-8.469
X62.543 Y-8.595
X62.714 Y-8.746
X62.861 Y-8.92
X62.982 Y-9.113
X63.074 Y-9.322
X63.134 Y-9.542
X63.163 Y-9.768
X63.159 Y-9.996
X63.123 Y-10.221
X63.055 Y-10.438
X62.956 Y-10.644
X62.829 Y-10.833
X62.676 Y-11.002
X62.418 Y-11.216
X62.299 Y-11.327
X62.17 Y-11.466
X62.038 Y-11.627
X61.891 Y-11.831
X61.736 Y-12.08
X61.574 Y-12.379
X61.402 Y-12.754
X61.224 Y-13.216
X61.04 Y-13.805
X60.849 Y-14.587
X60.691 Y-15.485
X60.579 Y-16.39
X60.5 Y-17.298
X60.444 Y-18.208
X60.404 Y-19.119
X60.375 Y-20.031
X60.355 Y-20.942
X60.341 Y-21.854
X60.33 Y-22.766
X60.323 Y-23.678
X60.318 Y-24.589
X60.315 Y-25.501
X60.31 Y-27.325
X60.308 Y-30.06
Y-37.355
Y-38.267
X60.31 Y-48.524
X60.308 Y-48.98
X60.274 Y-49.206
X60.208 Y-49.424
X60.112 Y-49.631
X59.987 Y-49.821
X59.836 Y-49.992
X59.662 Y-50.139
X59.469 Y-50.26
X59.26 Y-50.352
X59.04 Y-50.413
X58.814 Y-50.442
X58.586 Y-50.439
X58.361 Y-50.403
X58.144 Y-50.335
X57.938 Y-50.236
X57.749 Y-50.109
X57.58 Y-49.956
X57.374 Y-49.708
X57.265 Y-49.593
X57.125 Y-49.463
X56.962 Y-49.329
X56.761 Y-49.185
X56.508 Y-49.027
X56.211 Y-48.868
X55.833 Y-48.694
X55.374 Y-48.518
X54.78 Y-48.333
X53.995 Y-48.143
X53.097 Y-47.985
X52.191 Y-47.874
X51.283 Y-47.796
X50.373 Y-47.74
X49.462 Y-47.7
X48.551 Y-47.672
X47.639 Y-47.651
X46.727 Y-47.637
X45.816 Y-47.627
X44.904 Y-47.62
X43.992 Y-47.615
X43.08 Y-47.611
X41.257 Y-47.607
X38.521 Y-47.605
X31.227
X22.109 Y-47.607
X8.887 Y-47.61
X8.659 Y-47.609
X8.432 Y-47.587
X8.211 Y-47.532
X8. Y-47.446
X7.803 Y-47.331
X7.625 Y-47.189
X7.469 Y-47.022
X7.339 Y-46.835
X7.236 Y-46.632
X7.164 Y-46.416
X7.124 Y-46.191
X7.12 Y-46.077
X7.124 Y-45.963
X7.149 Y-45.737
X7.206 Y-45.516
X7.294 Y-45.306
X7.411 Y-45.11
X7.555 Y-44.934
X7.723 Y-44.779
X7.847 Y-44.695
X7.964 Y-44.602
X8.087 Y-44.49
X8.213 Y-44.36
X8.348 Y-44.2
X8.5 Y-43.996
X8.655 Y-43.758
X8.821 Y-43.462
X8.995 Y-43.098
X9.178 Y-42.645
X9.366 Y-42.078
X9.561 Y-41.331
X9.735 Y-40.436
X9.858 Y-39.532
X9.947 Y-38.625
X10.011 Y-37.715
X10.057 Y-36.805
X10.091 Y-35.893
X10.115 Y-34.982
X10.133 Y-34.07
X10.146 Y-33.159
X10.155 Y-32.247
X10.161 Y-31.335
X10.166 Y-30.423
X10.172 Y-28.6
X10.176 Y-25.864
X10.177 Y-21.305
X10.176 Y-12.187
X10.175 Y-8.084
X10.176 Y-7.97
X10.183 Y-7.856
G3 X9.775 Y-7.243 R0.635
G1 X9.682 Y-7.208 Z-12.096
X9.592 Y-7.173 Z-12.073
X9.506 Y-7.14 Z-12.035
X9.427 Y-7.11 Z-11.983
X9.356 Y-7.083 Z-11.918
X9.295 Y-7.06 Z-11.842
X9.247 Y-7.041 Z-11.757
X9.211 Y-7.028 Z-11.665
X9.189 Y-7.019 Z-11.568
X9.182 Y-7.016 Z-11.469
G0 Z5.
X63.309 Y-9.993
Z-9.469
G1 Z-10.104 F3048.
Z-12.104
G2 X63.404 Y-10.254 R0.196
X63.156 Y-10.355 R0.196
G1 X62.998 Y-10.288
X62.672 Y-10.106
X62.446 Y-10.032
X62.175 Y-9.998
X61.86 Y-10.019
X61.502 Y-10.113
X61.103 Y-10.306
X60.792 Y-10.72
X60.487 Y-11.185
X60.197 Y-11.696
X59.921 Y-12.263
X59.646 Y-12.937
X59.384 Y-13.718
X59.149 Y-14.6
X58.968 Y-15.493
X58.828 Y-16.394
X58.721 Y-17.3
X58.64 Y-18.208
X58.579 Y-19.118
X58.533 Y-20.028
X58.499 Y-20.939
X58.473 Y-21.851
X58.454 Y-22.763
X58.44 Y-23.674
X58.43 Y-24.586
X58.422 Y-25.498
X58.416 Y-26.41
X58.412 Y-27.321
X58.407 Y-29.145
X58.404 Y-31.88
X58.403 Y-37.351
X58.405 Y-47.951
X58.399 Y-48.065
G3 X58.818 Y-48.671 R0.635
G1 X58.911 Y-48.705 Z-12.096
X59.002 Y-48.738 Z-12.073
X59.089 Y-48.769 Z-12.035
X59.169 Y-48.798 Z-11.983
X59.24 Y-48.824 Z-11.918
X59.301 Y-48.846 Z-11.842
X59.35 Y-48.863 Z-11.757
X59.386 Y-48.876 Z-11.665
X59.407 Y-48.884 Z-11.568
X59.415 Y-48.887 Z-11.469
G0 Z5.
X7.025 Y-45.881
Z-9.469
G1 Z-10.104 F3048.
Z-12.104
G2 X6.936 Y-45.617 R0.196
X7.187 Y-45.523 R0.196
G1 X7.333 Y-45.589
X7.632 Y-45.762
X7.862 Y-45.842
X8.138 Y-45.881
X8.459 Y-45.865
X8.823 Y-45.775
X9.23 Y-45.587
X9.551 Y-45.177
X9.863 Y-44.721
X10.16 Y-44.222
X10.442 Y-43.668
X10.726 Y-43.01
X10.997 Y-42.254
X11.249 Y-41.378
X11.446 Y-40.488
X11.598 Y-39.589
X11.716 Y-38.685
X11.806 Y-37.777
X11.874 Y-36.868
X11.926 Y-35.958
X11.966 Y-35.047
X11.996 Y-34.135
X12.018 Y-33.224
X12.035 Y-32.312
X12.048 Y-31.4
X12.057 Y-30.489
X12.064 Y-29.577
X12.069 Y-28.665
X12.073 Y-27.753
X12.077 Y-25.93
X12.081 Y-23.194
Y-17.723
X12.08 Y-8.833
X12.113 Y-8.608
X12.178 Y-8.389
X12.226 Y-8.286
X12.281 Y-8.186
X12.343 Y-8.09
X12.411 Y-7.999
X12.486 Y-7.913
G3 X12.535 Y-7.179 R0.635
G1 X12.483 Y-7.094 Z-12.096
X12.432 Y-7.012 Z-12.073
X12.384 Y-6.933 Z-12.035
X12.339 Y-6.861 Z-11.983
X12.299 Y-6.797 Z-11.918
X12.265 Y-6.741 Z-11.842
X12.238 Y-6.697 Z-11.757
X12.218 Y-6.665 Z-11.665
X12.206 Y-6.645 Z-11.568
X12.202 Y-6.638 Z-11.469
G0 Z5.
X56.211 Y-48.868
Z-6.429
G1 Z-7.064 F3048.
Z-12.104 F1500.
X56.274 Y-48.752 F3048.
X56.348 Y-48.621
X56.392 Y-48.466
X56.408 Y-48.277
X56.384 Y-48.051
X56.19 Y-47.872
X55.975 Y-47.698
X55.712 Y-47.512
X55.39 Y-47.313
X55.023 Y-47.118
X54.566 Y-46.911
X54.008 Y-46.701
X53.319 Y-46.49
X52.432 Y-46.28
X51.533 Y-46.126
X50.628 Y-46.012
X49.72 Y-45.928
X48.811 Y-45.867
X47.9 Y-45.821
X46.989 Y-45.788
X46.077 Y-45.764
X45.166 Y-45.746
X44.254 Y-45.733
X43.342 Y-45.723
X42.43 Y-45.716
X41.519 Y-45.711
X40.607 Y-45.708
X38.783 Y-45.703
X36.048 Y-45.701
X29.665 Y-45.7
X11.201 Y-45.704
G3 X10.616 Y-46.152 R0.635
G1 X10.587 Y-46.247 Z-12.096
X10.558 Y-46.34 Z-12.073
X10.531 Y-46.428 Z-12.035
X10.506 Y-46.509 Z-11.983
X10.484 Y-46.581 Z-11.918
X10.465 Y-46.643 Z-11.842
X10.45 Y-46.693 Z-11.757
X10.438 Y-46.729 Z-11.665
X10.432 Y-46.751 Z-11.568
X10.429 Y-46.759 Z-11.469
G0 Z5.
X59.921 Y-12.263
Z-6.429
G1 Z-7.064 F3048.
Z-12.104 F1500.
X59.794 Y-12.202 F3048.
X59.653 Y-12.25
X59.518 Y-12.316
X59.389 Y-12.393
X59.266 Y-12.481
X59.124 Y-12.595
X58.968 Y-12.738
X58.814 Y-12.9
X58.639 Y-13.107
X58.455 Y-13.357
X58.266 Y-13.651
X58.061 Y-14.02
X57.854 Y-14.456
X57.637 Y-14.998
X57.413 Y-15.685
X57.187 Y-16.568
X57.017 Y-17.464
X56.889 Y-18.367
X56.792 Y-19.273
X56.719 Y-20.182
X56.664 Y-21.092
X56.622 Y-22.003
X56.59 Y-22.914
X56.567 Y-23.826
X56.549 Y-24.737
X56.535 Y-25.649
X56.525 Y-26.561
X56.518 Y-27.473
X56.513 Y-28.385
X56.508 Y-29.296
X56.503 Y-31.12
X56.5 Y-33.855
X56.499 Y-39.326
X56.5 Y-46.051
G3 X56.948 Y-46.635 R0.635
G1 X57.042 Y-46.665 Z-12.096
X57.135 Y-46.693 Z-12.073
X57.223 Y-46.72 Z-12.035
X57.304 Y-46.745 Z-11.983
X57.377 Y-46.768 Z-11.918
X57.438 Y-46.787 Z-11.842
X57.488 Y-46.802 Z-11.757
X57.525 Y-46.813 Z-11.665
X57.547 Y-46.82 Z-11.568
X57.554 Y-46.822 Z-11.469
G0 Z5.
X10.442 Y-43.668
Z-6.429
G1 Z-7.064 F3048.
Z-12.104 F1500.
X10.568 Y-43.732 F3048.
X10.7 Y-43.803
X10.854 Y-43.845
X11.05 Y-43.86
X11.287 Y-43.833
X11.486 Y-43.624
X11.677 Y-43.393
X11.888 Y-43.101
X12.105 Y-42.757
X12.332 Y-42.339
X12.562 Y-41.843
X12.803 Y-41.224
X13.047 Y-40.453
X13.265 Y-39.568
X13.434 Y-38.672
X13.563 Y-37.77
X13.663 Y-36.863
X13.74 Y-35.955
X13.799 Y-35.045
X13.844 Y-34.134
X13.879 Y-33.223
X13.905 Y-32.311
X13.926 Y-31.4
X13.941 Y-30.488
X13.953 Y-29.576
X13.962 Y-28.665
X13.968 Y-27.753
X13.973 Y-26.841
X13.98 Y-25.017
X13.983 Y-23.194
X13.986 Y-19.547
X13.985 Y-9.859
X14.001 Y-9.631
X14.049 Y-9.408
X14.128 Y-9.195
X14.237 Y-8.994
X14.374 Y-8.812
X14.535 Y-8.651
X14.718 Y-8.515
X14.918 Y-8.406
X15.132 Y-8.327
X15.355 Y-8.28
X15.583 Y-8.265
X15.81 Y-8.283
X16.032 Y-8.333
X16.884 Y-8.659
X17.077 Y-8.789
X17.312 Y-8.927
X17.609 Y-9.075
X17.978 Y-9.232
X18.453 Y-9.398
X19.072 Y-9.571
X19.923 Y-9.751
X20.825 Y-9.883
X21.732 Y-9.973
X22.642 Y-10.036
X23.553 Y-10.08
X24.464 Y-10.11
X25.375 Y-10.132
X26.287 Y-10.146
X27.199 Y-10.157
X28.111 Y-10.164
X29.022 Y-10.169
X29.934 Y-10.173
X31.758 Y-10.177
X34.493 Y-10.179
X41.788
X59.112 Y-10.175
G3 X59.697 Y-9.728 R0.635
G1 X59.726 Y-9.633 Z-12.096
X59.755 Y-9.54 Z-12.073
X59.782 Y-9.452 Z-12.035
X59.807 Y-9.371 Z-11.983
X59.829 Y-9.298 Z-11.918
X59.848 Y-9.237 Z-11.842
X59.863 Y-9.187 Z-11.757
X59.875 Y-9.15 Z-11.665
X59.881 Y-9.128 Z-11.568
X59.884 Y-9.121 Z-11.469
G0 Z5.
X54.566 Y-46.911
Z-6.429
G1 Z-7.064 F3048.
Z-12.104 F1500.
X54.622 Y-46.786 F3048.
X54.687 Y-46.651
X54.721 Y-46.494
X54.726 Y-46.296
X54.686 Y-46.06
X54.476 Y-45.884
X54.233 Y-45.705
X53.922 Y-45.506
X53.575 Y-45.313
X53.13 Y-45.103
X52.604 Y-44.894
X51.938 Y-44.677
X51.072 Y-44.456
X50.176 Y-44.287
X49.273 Y-44.162
X48.366 Y-44.068
X47.456 Y-43.998
X46.546 Y-43.945
X45.635 Y-43.906
X44.724 Y-43.877
X43.812 Y-43.855
X42.901 Y-43.839
X41.989 Y-43.827
X41.077 Y-43.818
X40.165 Y-43.812
X39.253 Y-43.807
X37.43 Y-43.801
X34.694 Y-43.797
X30.135 Y-43.796
X13.381 Y-43.799
G3 X12.796 Y-44.247 R0.635
G1 X12.767 Y-44.341 Z-12.096
X12.738 Y-44.434 Z-12.073
X12.711 Y-44.522 Z-12.035
X12.686 Y-44.603 Z-11.983
X12.664 Y-44.676 Z-11.918
X12.645 Y-44.738 Z-11.842
X12.63 Y-44.787 Z-11.757
X12.618 Y-44.824 Z-11.665
X12.612 Y-44.846 Z-11.568
X12.609 Y-44.853 Z-11.469
G0 Z5.
X58.639 Y-13.107
Z-6.429
G1 Z-7.064 F3048.
Z-12.104 F1500.
X58.541 Y-13.025 F3048.
X58.428 Y-12.927
X58.294 Y-12.857
X58.114 Y-12.805
X58.004 Y-12.794
X57.839 Y-12.902
X57.657 Y-13.041
X57.476 Y-13.198
X57.269 Y-13.402
X57.069 Y-13.627
X56.85 Y-13.907
X56.622 Y-14.24
X56.395 Y-14.623
X56.159 Y-15.086
X55.915 Y-15.65
X55.677 Y-16.317
X55.432 Y-17.171
X55.237 Y-18.061
X55.087 Y-18.961
X54.971 Y-19.865
X54.882 Y-20.773
X54.814 Y-21.682
X54.761 Y-22.592
X54.72 Y-23.503
X54.69 Y-24.414
X54.666 Y-25.326
X54.648 Y-26.238
X54.634 Y-27.149
X54.624 Y-28.061
X54.616 Y-28.973
X54.61 Y-29.885
X54.606 Y-30.796
X54.6 Y-32.62
X54.596 Y-35.355
X54.594 Y-40.826
Y-43.904
G3 X55.042 Y-44.488 R0.635
G1 X55.137 Y-44.517 Z-12.096
X55.23 Y-44.546 Z-12.073
X55.318 Y-44.573 Z-12.035
X55.399 Y-44.598 Z-11.983
X55.471 Y-44.62 Z-11.918
X55.533 Y-44.639 Z-11.842
X55.583 Y-44.655 Z-11.757
X55.619 Y-44.666 Z-11.665
X55.641 Y-44.673 Z-11.568
X55.649 Y-44.675 Z-11.469
G0 Z5.
X12.562 Y-41.843
Z-6.429
G1 Z-7.064 F3048.
Z-12.104 F1500.
X12.689 Y-41.902 F3048.
X12.824 Y-41.968
X12.979 Y-42.004
X13.177 Y-42.011
X13.413 Y-41.974
X13.602 Y-41.756
X13.785 Y-41.516
X13.99 Y-41.208
X14.195 Y-40.85
X14.418 Y-40.4
X14.638 Y-39.871
X14.87 Y-39.196
X15.107 Y-38.327
X15.29 Y-37.434
X15.43 Y-36.533
X15.538 Y-35.628
X15.62 Y-34.72
X15.684 Y-33.81
X15.733 Y-32.9
X15.77 Y-31.989
X15.799 Y-31.077
X15.822 Y-30.166
X15.839 Y-29.254
X15.852 Y-28.342
X15.862 Y-27.43
X15.869 Y-26.519
X15.875 Y-25.607
X15.879 Y-24.695
X15.885 Y-22.871
X15.889 Y-20.136
X15.891 Y-15.577
X15.89 Y-10.904
X15.891 Y-10.676
X15.924 Y-10.45
X15.99 Y-10.232
X16.086 Y-10.025
X16.21 Y-9.834
X16.361 Y-9.663
X16.535 Y-9.516
X16.727 Y-9.394
X16.936 Y-9.302
X17.155 Y-9.24
X17.381 Y-9.21
X17.609 Y-9.213
X17.834 Y-9.249
X18.052 Y-9.317
X18.258 Y-9.415
X18.448 Y-9.541
X18.617 Y-9.693
X18.853 Y-9.977
X18.966 Y-10.096
X19.105 Y-10.225
X19.268 Y-10.357
X19.475 Y-10.505
X19.725 Y-10.66
X20.029 Y-10.822
X20.407 Y-10.995
X20.877 Y-11.174
X21.474 Y-11.358
X22.271 Y-11.549
X23.17 Y-11.705
X24.075 Y-11.814
X24.983 Y-11.892
X25.894 Y-11.948
X26.804 Y-11.987
X27.716 Y-12.016
X28.627 Y-12.036
X29.539 Y-12.05
X30.451 Y-12.06
X31.363 Y-12.068
X32.274 Y-12.073
X33.186 Y-12.076
X35.01 Y-12.081
X37.745 Y-12.083
X44.128
X57.577 Y-12.081
G3 X58.162 Y-11.633 R0.635
G1 X58.191 Y-11.538 Z-12.096
X58.22 Y-11.445 Z-12.073
X58.247 Y-11.357 Z-12.035
X58.272 Y-11.276 Z-11.983
X58.294 Y-11.204 Z-11.918
X58.313 Y-11.142 Z-11.842
X58.328 Y-11.092 Z-11.757
X58.34 Y-11.056 Z-11.665
X58.346 Y-11.034 Z-11.568
X58.349 Y-11.026 Z-11.469
G0 Z5.
X17.617 Y-9.079
Z-9.469
G1 Z-10.104 F3048.
Z-12.104
G2 X17.878 Y-8.984 R0.196
X17.978 Y-9.232 R0.196
G1 X17.912 Y-9.389
X17.732 Y-9.712
X17.658 Y-9.938
X17.624 Y-10.21
X17.645 Y-10.526
X17.74 Y-10.885
X17.933 Y-11.284
X18.35 Y-11.596
X18.818 Y-11.903
X19.323 Y-12.189
X19.897 Y-12.468
X20.574 Y-12.744
X21.356 Y-13.007
X22.237 Y-13.241
X23.131 Y-13.422
X24.032 Y-13.562
X24.938 Y-13.668
X25.846 Y-13.749
X26.756 Y-13.81
X27.666 Y-13.856
X28.577 Y-13.891
X29.489 Y-13.917
X30.4 Y-13.936
X31.312 Y-13.951
X32.224 Y-13.961
X33.136 Y-13.969
X34.047 Y-13.975
X34.959 Y-13.979
X36.783 Y-13.984
X39.518 Y-13.987
X44.989 Y-13.988
X54.791 Y-13.986
G3 X55.376 Y-13.539 R0.635
G1 X55.405 Y-13.444 Z-12.096
X55.433 Y-13.351 Z-12.073
X55.461 Y-13.263 Z-12.035
X55.486 Y-13.182 Z-11.983
X55.508 Y-13.109 Z-11.918
X55.527 Y-13.048 Z-11.842
X55.542 Y-12.998 Z-11.757
X55.553 Y-12.961 Z-11.665
X55.56 Y-12.939 Z-11.568
X55.563 Y-12.932 Z-11.469
G0 Z5.
X52.604 Y-44.894
Z-6.429
G1 Z-7.064 F3048.
Z-12.104 F1500.
X52.656 Y-44.763 F3048.
X52.714 Y-44.625
X52.741 Y-44.467
X52.738 Y-44.271
X52.688 Y-44.037
X52.46 Y-43.859
X52.2 Y-43.682
X51.878 Y-43.49
X51.49 Y-43.293
X51.007 Y-43.085
X50.421 Y-42.875
X49.662 Y-42.658
X48.771 Y-42.463
X47.87 Y-42.319
X46.965 Y-42.211
X46.057 Y-42.13
X45.147 Y-42.07
X44.236 Y-42.024
X43.325 Y-41.99
X42.414 Y-41.964
X41.502 Y-41.945
X40.59 Y-41.931
X39.679 Y-41.92
X38.767 Y-41.912
X37.855 Y-41.906
X36.943 Y-41.902
X35.12 Y-41.896
X32.384 Y-41.893
X27.825 Y-41.891
X15.516 Y-41.893
G3 X14.931 Y-42.341 R0.635
G1 X14.902 Y-42.436 Z-12.096
X14.873 Y-42.529 Z-12.073
X14.846 Y-42.617 Z-12.035
X14.821 Y-42.698 Z-11.983
X14.799 Y-42.77 Z-11.918
X14.78 Y-42.832 Z-11.842
X14.765 Y-42.882 Z-11.757
X14.753 Y-42.918 Z-11.665
X14.746 Y-42.94 Z-11.568
X14.744 Y-42.948 Z-11.469
G0 Z5.
X54.594 Y-42.992
Z-6.429
G1 Z-7.064 F3048.
Z-12.104 F1500.
X54.366 F3048.
X54.141 Y-42.959
X53.922 Y-42.895
X53.094 Y-42.514
X52.658 Y-42.224
X52.144 Y-41.929
X51.537 Y-41.629
X50.875 Y-41.354
X50.073 Y-41.079
X49.193 Y-40.84
X48.302 Y-40.65
X47.402 Y-40.501
X46.498 Y-40.383
X45.591 Y-40.292
X44.682 Y-40.221
X43.772 Y-40.166
X42.861 Y-40.123
X41.949 Y-40.09
X41.038 Y-40.065
X40.126 Y-40.045
X39.215 Y-40.031
X38.303 Y-40.019
X37.391 Y-40.011
X36.479 Y-40.004
X35.568 Y-39.999
X33.744 Y-39.993
X31.009 Y-39.989
X26.45 Y-39.987
X16.534 Y-39.988
X16.308 Y-39.956
X16.089 Y-39.891
X15.882 Y-39.796
X15.691 Y-39.672
X15.519 Y-39.522
X15.445 Y-39.435
X15.377 Y-39.344
X15.316 Y-39.247
X15.262 Y-39.147
X15.216 Y-39.043
X15.177 Y-38.936
X15.145 Y-38.826
G3 X14.555 Y-38.387 R0.635
G1 X14.455 Y-38.385 Z-12.096
X14.358 Y-38.383 Z-12.073
X14.266 Y-38.381 Z-12.035
X14.181 Y-38.379 Z-11.983
X14.106 Y-38.377 Z-11.918
X14.041 Y-38.376 Z-11.842
X13.989 Y-38.375 Z-11.757
X13.951 Y-38.374 Z-11.665
X13.928 Z-11.568
X13.92 Y-38.373 Z-11.469
G0 Z5.
X19.897 Y-12.468
Z-6.429
G1 Z-7.064 F3048.
Z-12.104 F1500.
X19.835 Y-12.595 F3048.
X19.884 Y-12.737
X19.95 Y-12.871
X20.027 Y-13.
X20.114 Y-13.123
X20.229 Y-13.265
X20.372 Y-13.421
X20.533 Y-13.575
X20.741 Y-13.75
X20.991 Y-13.934
X21.285 Y-14.123
X21.654 Y-14.328
X22.09 Y-14.535
X22.633 Y-14.752
X23.32 Y-14.976
X24.204 Y-15.203
X25.099 Y-15.373
X26.002 Y-15.501
X26.909 Y-15.598
X27.818 Y-15.671
X28.728 Y-15.726
X29.639 Y-15.768
X30.55 Y-15.8
X31.461 Y-15.824
X32.373 Y-15.842
X33.285 Y-15.855
X34.197 Y-15.865
X35.108 Y-15.873
X36.02 Y-15.879
X36.932 Y-15.883
X38.756 Y-15.888
X41.491 Y-15.891
X46.05 Y-15.893
X53.914 Y-15.891
X54.14 Y-15.924
X54.359 Y-15.989
X54.566 Y-16.084
X54.757 Y-16.208
X54.929 Y-16.358
X55.003 Y-16.444
X55.071 Y-16.536
X55.132 Y-16.632
X55.186 Y-16.733
X55.232 Y-16.837
X55.271 Y-16.944
X55.303 Y-17.053
X55.326 Y-17.165
G3 X55.884 Y-17.646 R0.635
G1 X55.983 Y-17.655 Z-12.096
X56.079 Y-17.664 Z-12.073
X56.171 Y-17.672 Z-12.035
X56.255 Y-17.68 Z-11.983
X56.331 Y-17.687 Z-11.918
X56.395 Y-17.693 Z-11.842
X56.447 Y-17.698 Z-11.757
X56.485 Y-17.702 Z-11.665
X56.508 Y-17.704 Z-11.568
X56.516 Z-11.469
G0 Z5.
X50.875 Y-41.354
Z-6.429
G1 Z-7.064 F3048.
Z-12.104 F1500.
X50.93 Y-41.224 F3048.
X50.874 Y-41.084
X50.801 Y-40.953
X50.717 Y-40.829
X50.625 Y-40.71
X50.505 Y-40.575
X50.351 Y-40.422
X50.17 Y-40.264
X49.949 Y-40.095
X49.67 Y-39.908
X49.346 Y-39.72
X48.934 Y-39.515
X48.435 Y-39.305
X47.804 Y-39.087
X46.983 Y-38.86
X46.09 Y-38.674
X45.189 Y-38.533
X44.284 Y-38.426
X43.376 Y-38.345
X42.466 Y-38.282
X41.555 Y-38.235
X40.644 Y-38.198
X39.733 Y-38.17
X38.821 Y-38.149
X37.91 Y-38.132
X36.998 Y-38.12
X36.086 Y-38.11
X35.175 Y-38.103
X34.263 Y-38.097
X33.351 Y-38.093
X31.527 Y-38.088
X28.792 Y-38.084
X24.233 Y-38.082
X17.508 Y-38.083
X17.283 Y-38.05
X17.064 Y-37.986
X16.857 Y-37.891
X16.665 Y-37.767
X16.494 Y-37.617
X16.345 Y-37.444
X16.223 Y-37.251
X16.13 Y-37.043
X16.068 Y-36.824
X16.037 Y-36.598
X16.04 Y-36.37
X16.074 Y-36.145
X16.342 Y-35.273
X16.49 Y-35.014
X16.646 Y-34.694
X16.813 Y-34.289
X16.988 Y-33.771
X17.171 Y-33.088
X17.351 Y-32.194
X17.477 Y-31.291
X17.566 Y-30.384
X17.629 Y-29.474
X17.675 Y-28.564
X17.708 Y-27.652
X17.732 Y-26.741
X17.749 Y-25.829
X17.762 Y-24.918
X17.771 Y-24.006
X17.778 Y-23.094
X17.783 Y-22.182
X17.789 Y-20.359
X17.792 Y-18.535
X17.795 Y-17.623
X17.796 Y-13.292
G3 X17.348 Y-12.707 R0.635
G1 X17.253 Y-12.678 Z-12.096
X17.161 Y-12.65 Z-12.073
X17.073 Y-12.623 Z-12.035
X16.991 Y-12.597 Z-11.983
X16.919 Y-12.575 Z-11.918
X16.857 Y-12.556 Z-11.842
X16.807 Y-12.541 Z-11.757
X16.771 Y-12.53 Z-11.665
X16.749 Y-12.523 Z-11.568
X16.741 Y-12.52 Z-11.469
G0 Z5.
X20.741 Y-13.75
Z-6.429
G1 Z-7.064 F3048.
Z-12.104 F1500.
X20.659 Y-13.848 F3048.
X20.56 Y-13.961
X20.491 Y-14.095
X20.438 Y-14.275
X20.428 Y-14.385
X20.537 Y-14.55
X20.676 Y-14.733
X20.833 Y-14.913
X21.037 Y-15.12
X21.262 Y-15.32
X21.542 Y-15.539
X21.875 Y-15.767
X22.257 Y-15.994
X22.72 Y-16.23
X23.284 Y-16.473
X23.951 Y-16.712
X24.804 Y-16.957
X25.695 Y-17.152
X26.594 Y-17.303
X27.498 Y-17.418
X28.406 Y-17.508
X29.315 Y-17.576
X30.225 Y-17.629
X31.136 Y-17.67
X32.048 Y-17.701
X32.959 Y-17.725
X33.871 Y-17.743
X34.782 Y-17.757
X35.694 Y-17.767
X36.606 Y-17.775
X37.518 Y-17.781
X38.43 Y-17.786
X40.253 Y-17.791
X42.989 Y-17.795
X47.548 Y-17.797
X52.791
X53.019
X53.244 Y-17.831
X53.463 Y-17.896
X53.669 Y-17.992
X53.86 Y-18.116
X54.031 Y-18.267
X54.179 Y-18.44
X54.301 Y-18.633
X54.393 Y-18.841
X54.455 Y-19.061
X54.485 Y-19.287
X54.482 Y-19.515
X54.446 Y-19.74
X54.177 Y-20.611
X54.036 Y-20.845
X53.883 Y-21.141
X53.722 Y-21.508
X53.551 Y-21.979
X53.372 Y-22.59
X53.185 Y-23.422
X53.042 Y-24.322
X52.942 Y-25.229
X52.871 Y-26.138
X52.82 Y-27.048
X52.784 Y-27.959
X52.757 Y-28.871
X52.738 Y-29.782
X52.725 Y-30.694
X52.715 Y-31.606
X52.707 Y-32.517
X52.702 Y-33.429
X52.697 Y-34.797
X52.691 Y-35.709
X52.69 Y-37.532
X52.689 Y-40.154
G3 X53.137 Y-40.739 R0.635
G1 X53.232 Y-40.768 Z-12.096
X53.324 Y-40.796 Z-12.073
X53.412 Y-40.824 Z-12.035
X53.493 Y-40.849 Z-11.983
X53.566 Y-40.871 Z-11.918
X53.628 Y-40.89 Z-11.842
X53.677 Y-40.905 Z-11.757
X53.714 Y-40.917 Z-11.665
X53.736 Y-40.923 Z-11.568
X53.743 Y-40.926 Z-11.469
G0 Z5.
X49.949 Y-40.095
Z-6.429
G1 Z-7.064 F3048.
Z-12.104 F1500.
X50.027 Y-39.992 F3048.
X50.12 Y-39.875
X50.184 Y-39.736
X50.229 Y-39.554
X50.241 Y-39.329
X50.094 Y-39.149
X49.91 Y-38.952
X49.705 Y-38.759
X49.441 Y-38.539
X49.149 Y-38.327
X48.788 Y-38.098
X48.369 Y-37.869
X47.849 Y-37.627
X47.244 Y-37.39
X46.478 Y-37.146
X45.593 Y-36.925
X44.697 Y-36.755
X43.795 Y-36.624
X42.889 Y-36.522
X41.98 Y-36.443
X41.071 Y-36.382
X40.16 Y-36.334
X39.249 Y-36.298
X38.338 Y-36.269
X37.426 Y-36.248
X36.514 Y-36.231
X35.603 Y-36.218
X34.691 Y-36.208
X33.779 Y-36.2
X32.867 Y-36.194
X31.956 Y-36.19
X30.132 Y-36.184
X27.397 Y-36.18
X22.837 Y-36.178
X18.62
X18.392 Y-36.177
X18.167 Y-36.143
X17.949 Y-36.077
X17.742 Y-35.981
X17.551 Y-35.856
X17.38 Y-35.706
X17.233 Y-35.532
X17.112 Y-35.339
X17.019 Y-35.13
X16.958 Y-34.911
X16.929 Y-34.685
X16.932 Y-34.457
X16.968 Y-34.232
X17.036 Y-34.014
X17.134 Y-33.808
X17.261 Y-33.619
X17.413 Y-33.449
X17.563 Y-33.325
X17.679 Y-33.215
X17.81 Y-33.074
X17.942 Y-32.913
X18.088 Y-32.708
X18.245 Y-32.456
X18.408 Y-32.153
X18.582 Y-31.772
X18.762 Y-31.3
X18.95 Y-30.696
X19.144 Y-29.891
X19.3 Y-28.992
X19.412 Y-28.087
X19.492 Y-27.179
X19.549 Y-26.269
X19.591 Y-25.358
X19.621 Y-24.447
X19.643 Y-23.535
X19.659 Y-22.624
X19.67 Y-21.712
X19.679 Y-20.8
X19.693 Y-19.889
X19.697 Y-18.977
X19.7 Y-17.381
X19.701 Y-14.76
G3 X19.253 Y-14.175 R0.635
G1 X19.158 Y-14.146 Z-12.096
X19.066 Y-14.117 Z-12.073
X18.978 Y-14.09 Z-12.035
X18.896 Y-14.065 Z-11.983
X18.824 Y-14.043 Z-11.918
X18.762 Y-14.024 Z-11.842
X18.712 Y-14.008 Z-11.757
X18.676 Y-13.997 Z-11.665
X18.654 Y-13.99 Z-11.568
X18.646 Y-13.988 Z-11.469
G0 Z5.
X16.962 Y-33.926
Z-9.469
G1 Z-10.104 F3048.
Z-12.104
G3 X16.709 Y-34.041 R0.196
X16.813 Y-34.289 R0.196
G1 X16.959 Y-34.349
X17.259 Y-34.509
X17.495 Y-34.582
X17.776 Y-34.612
X18.102 Y-34.584
X18.469 Y-34.48
X18.878 Y-34.273
X19.198 Y-33.841
X19.51 Y-33.358
X19.803 Y-32.833
X20.084 Y-32.243
X20.363 Y-31.547
X20.628 Y-30.739
X20.856 Y-29.856
X21.034 Y-28.962
X21.171 Y-28.06
X21.276 Y-27.155
X21.357 Y-26.246
X21.419 Y-25.337
X21.465 Y-24.426
X21.5 Y-23.515
X21.528 Y-22.603
X21.55 Y-21.692
X21.582 Y-20.781
X21.596 Y-19.869
X21.601 Y-18.957
X21.604 Y-17.589
G3 X21.157 Y-17.004 R0.635
G1 X21.062 Y-16.975 Z-12.096
X20.97 Y-16.946 Z-12.073
X20.882 Y-16.919 Z-12.035
X20.801 Y-16.894 Z-11.983
X20.728 Y-16.871 Z-11.918
X20.666 Y-16.852 Z-11.842
X20.617 Y-16.837 Z-11.757
X20.58 Y-16.826 Z-11.665
X20.558 Y-16.819 Z-11.568
X20.551 Y-16.816 Z-11.469
G0 Z5.
X52.677 Y-17.797
Z-6.429
G1 Z-7.064 F3048.
Z-12.104 F1500.
Y-18.025 F3048.
X52.546 Y-18.927
X52.41 Y-19.829
X52.098 Y-20.685
X51.828 Y-21.556
X51.602 Y-22.44
X51.418 Y-23.333
X51.272 Y-24.233
X51.157 Y-25.137
X51.068 Y-26.045
X50.999 Y-26.954
X50.947 Y-27.864
X50.906 Y-28.775
X50.876 Y-29.687
X50.852 Y-30.598
X50.835 Y-31.51
X50.822 Y-32.421
X50.8 Y-33.333
X50.794 Y-34.245
X50.79 Y-35.157
X50.786 Y-36.296
X50.785 Y-38.006
G3 X51.232 Y-38.591 R0.635
G1 X51.327 Y-38.62 Z-12.096
X51.42 Y-38.649 Z-12.073
X51.507 Y-38.676 Z-12.035
X51.589 Y-38.701 Z-11.983
X51.661 Y-38.723 Z-11.918
X51.723 Y-38.742 Z-11.842
X51.773 Y-38.758 Z-11.757
X51.809 Y-38.769 Z-11.665
X51.831 Y-38.776 Z-11.568
X51.839 Y-38.778 Z-11.469
G0 Z5.
X48.369 Y-37.869
Z-6.429
G1 Z-7.064 F3048.
Z-12.104 F1500.
X48.435 Y-37.75 F3048.
X48.51 Y-37.62
X48.556 Y-37.466
X48.575 Y-37.269
X48.554 Y-37.033
X48.372 Y-36.856
X48.142 Y-36.66
X47.862 Y-36.45
X47.542 Y-36.24
X47.141 Y-36.013
X46.671 Y-35.786
X46.093 Y-35.55
X45.366 Y-35.307
X44.485 Y-35.073
X43.591 Y-34.893
X42.69 Y-34.754
X41.784 Y-34.646
X40.876 Y-34.562
X39.967 Y-34.497
X39.057 Y-34.446
X38.146 Y-34.406
X37.234 Y-34.376
X36.872 Y-34.366
X36.677 Y-34.373
X36.483 Y-34.404
X36.295 Y-34.459
X36.255 Y-34.473
X36.048 Y-34.534
X35.635 Y-34.634
X35.428 Y-34.669
X35.014 Y-34.719
X34.807 Y-34.729
X34.393 Y-34.731
X33.98 Y-34.73
X33.773 Y-34.729
X33.566 Y-34.719
X33.152 Y-34.669
X32.945 Y-34.634
X32.721 Y-34.596
X31.814 Y-34.494
X30.905 Y-34.425
X29.995 Y-34.377
X29.083 Y-34.345
X28.172 Y-34.322
X27.26 Y-34.307
X26.348 Y-34.296
X25.437 Y-34.289
X24.525 Y-34.275
X23.613 Y-34.273
X20.992
G3 X20.407 Y-34.72 R0.635
G1 X20.378 Y-34.815 Z-12.096
X20.349 Y-34.908 Z-12.073
X20.322 Y-34.996 Z-12.035
X20.297 Y-35.077 Z-11.983
X20.275 Y-35.149 Z-11.918
X20.256 Y-35.211 Z-11.842
X20.24 Y-35.261 Z-11.757
X20.229 Y-35.297 Z-11.665
X20.222 Y-35.319 Z-11.568
X20.22 Y-35.327 Z-11.469
G0 Z5.
X32.945 Y-34.634
Z-6.429
G1 Z-7.064 F3048.
Z-12.104 F1500.
X32.532 Y-34.534 F3048.
X32.325 Y-34.473
X31.911 Y-34.325
X31.742 Y-34.258
X31.29 Y-34.04
X31.083 Y-33.937
X30.527 Y-33.637
X30.326 Y-33.528
X30.01 Y-33.381
X29.607 Y-33.224
X29.09 Y-33.059
X28.398 Y-32.887
X27.501 Y-32.724
X26.596 Y-32.611
X25.688 Y-32.532
X24.786 Y-32.399
X23.874 Y-32.373
X22.962 Y-32.368
X21.937
X21.711 Y-32.335
X21.492 Y-32.27
X21.389 Y-32.223
X21.289 Y-32.168
X21.193 Y-32.106
X21.103 Y-32.037
X21.017 Y-31.962
G3 X20.282 Y-31.914 R0.635
G1 X20.197 Y-31.966 Z-12.096
X20.115 Y-32.017 Z-12.073
X20.037 Y-32.065 Z-12.035
X19.964 Y-32.11 Z-11.983
X19.9 Y-32.15 Z-11.918
X19.845 Y-32.184 Z-11.842
X19.801 Y-32.211 Z-11.757
X19.768 Y-32.231 Z-11.665
X19.748 Y-32.243 Z-11.568
X19.742 Y-32.247 Z-11.469
G0 Z5.
X30.527 Y-33.637
Z-6.429
G1 Z-7.064 F3048.
Z-12.104 F1500.
X30.463 Y-33.594 F3048.
X30.049 Y-33.296
X29.965 Y-33.222
X29.842 Y-33.11
X29.428 Y-32.723
X29.31 Y-32.601
X29.283 Y-32.568
X29.206 Y-32.484
X29.067 Y-32.356
X28.891 Y-32.213
X28.67 Y-32.056
X28.415 Y-31.899
X28.076 Y-31.718
X27.541 Y-31.476
X27.031 Y-31.284
X26.159 Y-31.017
X25.747 Y-30.821
X24.952 Y-30.58
X24.045 Y-30.486
X23.589 Y-30.476
X23.019 Y-30.47
X22.791 Y-30.465
X22.566 Y-30.428
X22.349 Y-30.359
X22.144 Y-30.259
X21.955 Y-30.131
X21.787 Y-29.977
X21.642 Y-29.801
X21.525 Y-29.606
X21.436 Y-29.396
X21.378 Y-29.176
X21.353 Y-28.949
X21.36 Y-28.721
X21.399 Y-28.497
X21.471 Y-28.28
X21.878 Y-27.464
X22.014 Y-27.266
X22.158 Y-27.023
X22.315 Y-26.716
X22.479 Y-26.339
X22.653 Y-25.854
X22.836 Y-25.22
X23.03 Y-24.341
X23.169 Y-23.439
X23.271 Y-22.533
X23.431 Y-21.636
X23.482 Y-20.725
X23.5 Y-19.814
X23.504 Y-19.13
X23.506 Y-18.674
X23.539 Y-18.448
X23.604 Y-18.23
X23.701 Y-18.023
X23.825 Y-17.833
X23.976 Y-17.661
X24.149 Y-17.514
X24.342 Y-17.392
X24.551 Y-17.3
X24.77 Y-17.238
X24.996 Y-17.209
X25.224 Y-17.212
X25.449 Y-17.248
X25.667 Y-17.315
X25.873 Y-17.414
X26.062 Y-17.54
X26.405 Y-17.848
X26.573 Y-17.981
X26.777 Y-18.122
X27.036 Y-18.277
X27.349 Y-18.438
X27.747 Y-18.613
X28.243 Y-18.793
X28.894 Y-18.983
X29.778 Y-19.181
X30.679 Y-19.322
X31.585 Y-19.424
X32.494 Y-19.498
X33.404 Y-19.552
X34.315 Y-19.592
X35.226 Y-19.621
X36.138 Y-19.642
X37.05 Y-19.658
X37.961 Y-19.67
X38.873 Y-19.679
X39.785 Y-19.685
X40.697 Y-19.69
X42.52 Y-19.696
X45.256 Y-19.7
X47.991 Y-19.702
X50.271
X50.496 Y-19.735
X50.715 Y-19.799
X50.922 Y-19.895
X51.113 Y-20.018
X51.285 Y-20.169
X51.433 Y-20.342
X51.555 Y-20.534
X51.648 Y-20.742
X51.711 Y-20.961
X51.741 Y-21.187
X51.739 Y-21.415
X51.704 Y-21.641
X51.637 Y-21.858
X51.54 Y-22.065
X51.414 Y-22.255
X51.262 Y-22.425
X51.136 Y-22.531
X51.016 Y-22.645
X50.887 Y-22.785
X50.743 Y-22.964
X50.589 Y-23.181
X50.426 Y-23.446
X50.25 Y-23.778
X50.067 Y-24.183
X49.874 Y-24.695
X49.672 Y-25.356
X49.464 Y-26.236
X49.312 Y-27.135
X49.2 Y-28.04
X49.118 Y-28.948
X49.057 Y-29.857
X49.01 Y-30.768
X48.938 Y-31.677
X48.913 Y-32.589
X48.896 Y-33.5
X48.885 Y-35.096
X48.884 Y-35.324
G3 X49.33 Y-35.91 R0.635
G1 X49.425 Y-35.94 Z-12.096
X49.517 Y-35.969 Z-12.073
X49.605 Y-35.996 Z-12.035
X49.686 Y-36.021 Z-11.983
X49.758 Y-36.044 Z-11.918
X49.82 Y-36.063 Z-11.842
X49.87 Y-36.079 Z-11.757
X49.906 Y-36.09 Z-11.665
X49.928 Y-36.097 Z-11.568
X49.936 Y-36.099 Z-11.469
G0 Z5.
X29.283 Y-32.568
Z-6.429
G1 Z-7.064 F3048.
Z-12.104 F1500.
X29.221 Y-32.494 F3048.
X28.975 Y-32.187
X28.808 Y-31.971
X28.664 Y-31.772
X28.601 Y-31.682
X28.394 Y-31.38
X28.381 Y-31.358
X28.318 Y-31.263
X28.218 Y-31.124
X28.032 Y-30.895
X27.839 Y-30.687
X27.621 Y-30.48
X27.342 Y-30.247
X26.605 Y-29.709
X26.303 Y-29.399
X25.903 Y-29.121
X25.247 Y-28.831
X24.358 Y-28.629
X24.13 Y-28.616
X23.789 Y-28.6
X23.565 Y-28.558
X23.349 Y-28.484
X23.146 Y-28.379
X22.961 Y-28.247
X22.796 Y-28.089
X22.656 Y-27.91
X22.542 Y-27.712
X22.458 Y-27.5
X22.406 Y-27.278
X22.385 Y-27.051
X22.398 Y-26.824
X22.443 Y-26.6
X22.519 Y-26.385
X22.626 Y-26.184
X22.76 Y-26.
X22.919 Y-25.836
X23.161 Y-25.651
X23.274 Y-25.552
X23.402 Y-25.425
X23.541 Y-25.267
X23.685 Y-25.082
X23.845 Y-24.846
X24.065 Y-24.473
X24.287 Y-24.035
X24.645 Y-23.196
X24.927 Y-22.741
X25.189 Y-22.051
X25.345 Y-21.152
X25.392 Y-20.241
X25.4 Y-19.672
X25.422 Y-19.445
X25.476 Y-19.223
X25.519 Y-19.118
X25.569 Y-19.015
X25.626 Y-18.917
X25.691 Y-18.823
X25.762 Y-18.733
G3 X25.774 Y-17.997 R0.635
G1 X25.718 Y-17.915 Z-12.096
X25.663 Y-17.835 Z-12.073
X25.611 Y-17.759 Z-12.035
X25.563 Y-17.689 Z-11.983
X25.521 Y-17.627 Z-11.918
X25.484 Y-17.573 Z-11.842
X25.455 Y-17.53 Z-11.757
X25.433 Y-17.499 Z-11.665
X25.42 Y-17.48 Z-11.568
X25.415 Y-17.473 Z-11.469
G0 Z5.
X28.381 Y-31.358
Z-6.429
G1 Z-7.064 F3048.
Z-12.104 F1500.
X28.258 Y-31.151 F3048.
X28.187 Y-31.017
X28.152 Y-30.944
X28.059 Y-30.737
X27.979 Y-30.529
X27.902 Y-30.322
X27.828 Y-30.115
X27.798 Y-30.001
X27.729 Y-29.784
X27.657 Y-29.6
X27.579 Y-29.433
X27.496 Y-29.28
X27.009 Y-28.509
X26.873 Y-28.19
X26.662 Y-27.878
X26.347 Y-27.564
X25.823 Y-27.211
X25.501 Y-27.074
X25.392 Y-27.039
X25.283 Y-27.007
X25.063 Y-26.947
X24.841 Y-26.896
X24.629 Y-26.813
X24.43 Y-26.701
X24.25 Y-26.561
X24.092 Y-26.397
X23.958 Y-26.212
X23.853 Y-26.01
X23.815 Y-25.902
X23.786 Y-25.792
X23.764 Y-25.68
X23.75 Y-25.567
X23.744 Y-25.453
X23.747 Y-25.34
X23.758 Y-25.226
X23.756 Y-25.126 Z-12.084
X23.738 Y-25.028 Z-12.064
X23.706 Y-24.934 Z-12.044
X23.659 Y-24.846 Z-12.024
X23.599 Y-24.767 Z-12.004
X23.527 Y-24.698 Z-11.984
X23.445 Y-24.641 Z-11.964
X23.356 Y-24.597 Z-11.944
X23.26 Y-24.568 Z-11.924
X23.162 Y-24.555 Z-11.904
G3 X22.49 Y-25.15 R0.635
X22.632 Y-25.591 R0.635
G1 X26.688 Y-30.545
G3 X27.321 Y-30.762 R0.635
G1 X27.416 Y-30.732 Z-11.924
X27.506 Y-30.688 Z-11.944
X27.587 Y-30.63 Z-11.964
X27.658 Y-30.56 Z-11.984
X27.717 Y-30.48 Z-12.004
X27.763 Y-30.392 Z-12.024
X27.795 Y-30.298 Z-12.044
X27.812 Y-30.199 Z-12.064
X27.813 Y-30.1 Z-12.084
X27.798 Y-30.001 Z-12.104
X27.718 Y-29.701
X27.665 Y-29.494
X27.539 Y-28.872
X27.466 Y-28.251
Y-28.216
X27.46 Y-28.102
X27.437 Y-27.954
X27.4 Y-27.809
X27.116 Y-26.942
X27.061 Y-26.672
X26.937 Y-26.377
X26.733 Y-26.069
X26.403 Y-25.734
X26.214 Y-25.605
X26.047 Y-25.451
X25.903 Y-25.274
X25.786 Y-25.079
X25.698 Y-24.868
X25.641 Y-24.647
X25.617 Y-24.421
X25.625 Y-24.193
X25.666 Y-23.969
X25.738 Y-23.753
X25.841 Y-23.549
X26.364 Y-22.802
X26.654 Y-22.456
X26.911 Y-21.992
X27.165 Y-21.215
X27.179 Y-21.102
X27.191 Y-20.988
X27.215 Y-20.762
X27.235 Y-20.535
X27.288 Y-20.313
X27.373 Y-20.101
X27.486 Y-19.904
X27.627 Y-19.724
X27.792 Y-19.567
X27.978 Y-19.435
X28.181 Y-19.331
X28.396 Y-19.257
X28.621 Y-19.215
X28.848 Y-19.205
X29.075 Y-19.228
X29.296 Y-19.283
X29.507 Y-19.37
X30.293 Y-19.833
X30.459 Y-19.962
X30.66 Y-20.1
X30.909 Y-20.248
X31.22 Y-20.407
X31.603 Y-20.574
X32.092 Y-20.749
X32.728 Y-20.933
X33.591 Y-21.123
X33.652 Y-21.132
X33.734 Y-21.142
X33.817 Y-21.149
X33.9 Y-21.15
X34.393 Y-21.149
X34.807 Y-21.151
X35.014 Y-21.161
X35.428 Y-21.211
X35.635 Y-21.246
X35.859 Y-21.284
X36.766 Y-21.379
X37.676 Y-21.446
X38.586 Y-21.493
X39.497 Y-21.526
X40.409 Y-21.549
X41.321 Y-21.566
X42.232 Y-21.578
X43.144 Y-21.586
X44.056 Y-21.592
X44.968 Y-21.597
X45.88 Y-21.604
X46.791 Y-21.606
X49.185 Y-21.607
X49.299 Y-21.608
X49.412 Y-21.618
X49.525 Y-21.635
G3 X50.172 Y-21.284 R0.635
G1 X50.215 Y-21.194 Z-12.096
X50.258 Y-21.107 Z-12.073
X50.298 Y-21.024 Z-12.035
X50.335 Y-20.948 Z-11.983
X50.369 Y-20.88 Z-11.918
X50.397 Y-20.822 Z-11.842
X50.42 Y-20.775 Z-11.757
X50.437 Y-20.741 Z-11.665
X50.447 Y-20.72 Z-11.568
X50.45 Y-20.713 Z-11.469
G0 Z5.
X35.635 Y-21.246
Z-6.429
G1 Z-7.064 F3048.
Z-12.104 F1500.
X36.048 Y-21.346 F3048.
X36.255 Y-21.407
X36.669 Y-21.555
X36.838 Y-21.622
X37.29 Y-21.84
X37.497 Y-21.943
X38.053 Y-22.243
X38.254 Y-22.352
X38.576 Y-22.5
X38.986 Y-22.659
X39.515 Y-22.825
X40.224 Y-22.999
X41.122 Y-23.158
X42.027 Y-23.267
X42.936 Y-23.342
X43.846 Y-23.395
X44.754 Y-23.476
X45.666 Y-23.504
X46.578 Y-23.51
X48.173 Y-23.512
X48.401
X48.627 Y-23.545
X48.845 Y-23.61
X48.949 Y-23.657
X49.049 Y-23.712
X49.144 Y-23.774
X49.235 Y-23.843
X49.321 Y-23.918
X49.401 Y-23.999
X49.475 Y-24.086
G3 X50.195 Y-24.239 R0.635
G1 X50.287 Y-24.199 Z-12.096
X50.375 Y-24.161 Z-12.073
X50.46 Y-24.124 Z-12.035
X50.538 Y-24.09 Z-11.983
X50.607 Y-24.06 Z-11.918
X50.667 Y-24.035 Z-11.842
X50.715 Y-24.014 Z-11.757
X50.75 Y-23.999 Z-11.665
X50.771 Y-23.989 Z-11.568
X50.778 Y-23.986 Z-11.469
G0 Z5.
X38.053 Y-22.243
Z-6.429
G1 Z-7.064 F3048.
Z-12.104 F1500.
X38.117 Y-22.286 F3048.
X38.531 Y-22.584
X38.615 Y-22.658
X38.738 Y-22.77
X39.152 Y-23.157
X39.27 Y-23.279
X39.297 Y-23.312
X39.374 Y-23.396
X39.513 Y-23.524
X39.689 Y-23.666
X39.912 Y-23.823
X40.166 Y-23.979
X40.489 Y-24.15
X40.877 Y-24.324
X41.397 Y-24.519
X42.155 Y-24.749
X42.986 Y-24.944
X43.885 Y-25.095
X44.766 Y-25.332
X45.675 Y-25.398
X46.587 Y-25.413
X47.385 Y-25.415
X47.612 Y-25.436
X47.833 Y-25.49
X48.045 Y-25.574
X48.242 Y-25.688
X48.421 Y-25.829
X48.578 Y-25.995
X48.71 Y-26.181
X48.814 Y-26.384
X48.887 Y-26.599
X48.929 Y-26.823
X48.939 Y-27.051
X48.915 Y-27.278
X48.86 Y-27.499
X48.513 Y-28.342
X48.376 Y-28.554
X48.216 Y-28.841
X48.036 Y-29.215
X47.871 Y-29.627
X47.585 Y-30.493
X47.377 Y-30.899
X47.136 Y-31.644
X47.026 Y-32.549
X47.011 Y-33.004
X47.004 Y-33.346
X46.995 Y-33.802
X46.992 Y-34.03
X46.957 Y-34.255
X46.889 Y-34.473
X46.84 Y-34.576
X46.784 Y-34.675
X46.721 Y-34.77
X46.651 Y-34.86
X46.575 Y-34.945
G3 X46.518 Y-35.679 R0.635
G1 X46.569 Y-35.764 Z-12.096
X46.619 Y-35.847 Z-12.073
X46.666 Y-35.926 Z-12.035
X46.71 Y-35.999 Z-11.983
X46.749 Y-36.064 Z-11.918
X46.782 Y-36.119 Z-11.842
X46.809 Y-36.164 Z-11.757
X46.828 Y-36.197 Z-11.665
X46.84 Y-36.217 Z-11.568
X46.844 Y-36.223 Z-11.469
G0 Z5.
X39.297 Y-23.312
Z-6.429
G1 Z-7.064 F3048.
Z-12.104 F1500.
X39.359 Y-23.386 F3048.
X39.605 Y-23.693
X39.772 Y-23.909
X39.916 Y-24.108
X39.979 Y-24.198
X40.186 Y-24.5
X40.199 Y-24.522
X40.262 Y-24.617
X40.369 Y-24.761
X40.489 Y-24.903
X40.64 Y-25.059
X40.834 Y-25.236
X41.045 Y-25.405
X41.307 Y-25.589
X41.769 Y-25.871
X42.289 Y-26.144
X43.122 Y-26.515
X43.617 Y-26.824
X44.336 Y-27.1
X45.234 Y-27.258
X46.144 Y-27.306
X46.486 Y-27.31
X46.712 Y-27.339
X46.932 Y-27.4
X47.141 Y-27.493
X47.334 Y-27.613
X47.508 Y-27.761
X47.659 Y-27.932
X47.784 Y-28.122
X47.88 Y-28.329
X47.946 Y-28.547
X47.98 Y-28.773
X47.981 Y-29.001
X47.949 Y-29.226
X47.886 Y-29.445
X47.792 Y-29.653
X47.669 Y-29.845
X47.52 Y-30.017
X47.347 Y-30.166
X47.121 Y-30.311
X47.001 Y-30.4
X46.888 Y-30.499
X46.245 Y-31.145
X45.994 Y-31.335
X45.746 Y-31.611
X45.5 Y-32.022
X45.262 Y-32.676
X45.245 Y-32.789
X45.212 Y-33.014
X45.148 Y-33.233
X45.053 Y-33.44
X44.929 Y-33.632
X44.78 Y-33.803
X44.607 Y-33.952
X44.414 Y-34.074
X44.206 Y-34.168
X43.987 Y-34.23
X43.761 Y-34.261
X43.533 Y-34.259
X43.308 Y-34.224
X42.436 Y-33.958
X42.187 Y-33.807
X41.885 Y-33.649
X41.5 Y-33.477
X41.021 Y-33.299
X40.394 Y-33.112
X39.804 Y-32.975
X39.534 Y-32.94
X39.262 Y-32.955
X38.998 Y-33.021
X38.752 Y-33.136
X38.531 Y-33.296
X38.117 Y-33.594
X38.053 Y-33.637
X37.497 Y-33.937
X37.266 Y-34.051
X36.838 Y-34.258
X36.669 Y-34.325
X36.295 Y-34.459
G3 X35.896 Y-35.077 R0.635
G1 X35.9 Y-35.177 Z-12.096
X35.904 Y-35.273 Z-12.073
X35.909 Y-35.365 Z-12.035
X35.912 Y-35.45 Z-11.983
X35.916 Y-35.526 Z-11.918
X35.919 Y-35.591 Z-11.842
X35.921 Y-35.643 Z-11.757
X35.923 Y-35.681 Z-11.665
X35.924 Y-35.704 Z-11.568
Y-35.712 Z-11.469
G0 Z5.
X40.199 Y-24.522
Z-6.429
G1 Z-7.064 F3048.
Z-12.104 F1500.
X40.322 Y-24.729 F3048.
X40.393 Y-24.863
X40.428 Y-24.936
X40.521 Y-25.143
X40.601 Y-25.351
X40.678 Y-25.558
X40.719 Y-25.672
X40.762 Y-25.777
X40.824 Y-25.914
X40.903 Y-26.062
X41.016 Y-26.244
X41.229 Y-26.544
X41.428 Y-26.787
X41.48 Y-26.844
X41.536 Y-26.903
X42.177 Y-27.551
X42.417 Y-27.898
X42.811 Y-28.283
X43.3 Y-28.606
X44.125 Y-28.946
X44.572 Y-29.036
X44.797 Y-29.068
X44.911 Y-29.082
X45.363 Y-29.134
X45.477 Y-29.143
X45.59 Y-29.159
X45.69 Y-29.161 Z-12.084
X45.788 Y-29.148 Z-12.064
X45.884 Y-29.119 Z-12.044
X45.973 Y-29.076 Z-12.024
X46.055 Y-29.02 Z-12.004
X46.127 Y-28.951 Z-11.984
X46.188 Y-28.872 Z-11.964
X46.235 Y-28.784 Z-11.944
X46.268 Y-28.69 Z-11.924
X46.286 Y-28.592 Z-11.904
G3 X46.02 Y-28.008 R0.635
G1 X41.69 Y-24.962
G3 X41.133 Y-24.876 R0.635
G1 X41.041 Y-24.913 Z-11.924
X40.956 Y-24.964 Z-11.944
X40.879 Y-25.028 Z-11.964
X40.814 Y-25.103 Z-11.984
X40.761 Y-25.188 Z-12.004
X40.722 Y-25.279 Z-12.024
X40.698 Y-25.376 Z-12.044
X40.689 Y-25.475 Z-12.064
X40.696 Y-25.575 Z-12.084
X40.719 Y-25.672 Z-12.104
X40.752 Y-25.765
X40.862 Y-26.179
X40.915 Y-26.386
X41.041 Y-27.008
X41.114 Y-27.629
Y-28.044
X41.13 Y-28.379
X41.216 Y-28.727
X41.403 Y-29.134
X41.705 Y-29.555
X42.171 Y-29.993
X42.88 Y-30.442
X43.304 Y-30.608
X43.413 Y-30.641
X43.523 Y-30.673
X43.963 Y-30.792
X44.186 Y-30.839
X44.4 Y-30.916
X44.601 Y-31.024
X44.785 Y-31.159
X44.947 Y-31.32
X45.084 Y-31.501
X45.139 Y-31.601
X45.187 Y-31.705
X45.227 Y-31.811
X45.26 Y-31.921
X45.284 Y-32.032
X45.301 Y-32.145
X45.326 Y-32.241 Z-12.084
X45.366 Y-32.332 Z-12.064
X45.42 Y-32.416 Z-12.044
X45.487 Y-32.49 Z-12.024
X45.564 Y-32.553 Z-12.004
X45.65 Y-32.603 Z-11.984
X45.743 Y-32.639 Z-11.964
X45.84 Y-32.66 Z-11.944
X45.939 Y-32.666 Z-11.924
X46.039 Y-32.656 Z-11.904
G3 X46.55 Y-31.918 R0.635
X46.363 Y-31.571 R0.635
G1 X42.186 Y-27.606
G3 X41.772 Y-27.432 R0.635
G1 X41.672 Y-27.437 Z-11.924
X41.575 Y-27.456 Z-11.944
X41.481 Y-27.491 Z-11.964
X41.395 Y-27.54 Z-11.984
X41.317 Y-27.602 Z-12.004
X41.249 Y-27.675 Z-12.024
X41.194 Y-27.758 Z-12.044
X41.153 Y-27.849 Z-12.064
X41.126 Y-27.945 Z-12.084
X41.114 Y-28.044 Z-12.104
Y-28.251
X41.041 Y-28.872
X40.915 Y-29.494
X40.862 Y-29.701
X40.81 Y-29.942
X40.806 Y-30.204
X40.86 Y-30.516
X40.896 Y-30.609
X40.938 Y-30.706
X41.137 Y-31.108
X41.423 Y-31.482
X41.873 Y-31.882
X42.566 Y-32.293
X42.781 Y-32.369
X42.887 Y-32.411
X42.983 Y-32.436 Z-12.084
X43.082 Y-32.446 Z-12.064
X43.182 Y-32.441 Z-12.044
X43.279 Y-32.419 Z-12.024
X43.372 Y-32.383 Z-12.004
X43.458 Y-32.333 Z-11.984
X43.535 Y-32.27 Z-11.964
X43.602 Y-32.196 Z-11.944
X43.656 Y-32.113 Z-11.924
X43.696 Y-32.021 Z-11.904
G3 X43.582 Y-31.401 R0.635
G1 X41.955 Y-29.476
G3 X41.654 Y-29.278 R0.635
G1 X41.556 Y-29.256 Z-11.924
X41.457 Y-29.251 Z-11.944
X41.358 Y-29.26 Z-11.964
X41.261 Y-29.285 Z-11.984
X41.17 Y-29.325 Z-12.004
X41.086 Y-29.379 Z-12.024
X41.012 Y-29.445 Z-12.044
X40.949 Y-29.522 Z-12.064
X40.898 Y-29.608 Z-12.084
X40.862 Y-29.701 Z-12.104
X40.752 Y-30.115
X40.678 Y-30.322
X40.6 Y-30.531
X40.521 Y-30.737
X40.428 Y-30.944
X40.393 Y-31.017
X40.322 Y-31.151
X40.186 Y-31.38
X39.979 Y-31.682
X39.916 Y-31.772
X39.766 Y-31.979
X39.605 Y-32.187
X39.359 Y-32.494
X39.27 Y-32.601
X39.152 Y-32.723
X38.738 Y-33.11
X38.615 Y-33.222
X38.531 Y-33.296
G3 X38.386 Y-34.017 R0.635
G1 X38.427 Y-34.108 Z-12.096
X38.466 Y-34.197 Z-12.073
X38.504 Y-34.281 Z-12.035
X38.539 Y-34.358 Z-11.983
X38.57 Y-34.427 Z-11.918
X38.596 Y-34.486 Z-11.842
X38.617 Y-34.534 Z-11.757
X38.633 Y-34.569 Z-11.665
X38.642 Y-34.59 Z-11.568
X38.646 Y-34.597 Z-11.469
G0 Z5.
X22.697 Y-26.047
Z-9.469
G1 Z-10.104 F3048.
Z-12.104
X27.466 Y-28.216
Y-27.629
X27.539 Y-27.008
X27.665 Y-26.386
X27.718 Y-26.179
X27.797 Y-25.81
X27.802 Y-25.534
X27.723 Y-25.085
X27.707 Y-24.857
X27.722 Y-24.63
X27.771 Y-24.407
X28.09 Y-23.553
X28.55 Y-22.854
X28.896 Y-22.01
X28.918 Y-21.898
X28.961 Y-21.674
X29.035 Y-21.459
X29.139 Y-21.256
X29.272 Y-21.071
X29.429 Y-20.906
X29.609 Y-20.765
X29.806 Y-20.652
X30.018 Y-20.568
X30.24 Y-20.515
X30.467 Y-20.495
X30.695 Y-20.507
X30.918 Y-20.552
X31.133 Y-20.628
X31.335 Y-20.735
X31.695 Y-20.996
X31.979 Y-21.16
X32.293 Y-21.258
X32.62 Y-21.287
X32.945 Y-21.246
X33.152 Y-21.211
X33.566 Y-21.161
X33.773 Y-21.151
X33.9 Y-21.15
G3 X34.483 Y-20.701 R0.635
G1 X34.511 Y-20.606 Z-12.096
X34.54 Y-20.513 Z-12.073
X34.566 Y-20.425 Z-12.035
X34.591 Y-20.343 Z-11.983
X34.613 Y-20.271 Z-11.918
X34.632 Y-20.209 Z-11.842
X34.647 Y-20.159 Z-11.757
X34.658 Y-20.123 Z-11.665
X34.665 Y-20.1 Z-11.568
X34.667 Y-20.093 Z-11.469
G0 Z5.
X28.724 Y-32.094
Z-9.469
G1 Z-10.104 F3048.
Z-12.104
G2 X27.718 Y-26.179 R6.712
G1 X27.828 Y-25.765
X27.902 Y-25.558
X27.98 Y-25.349
X28.059 Y-25.143
X28.152 Y-24.936
X28.187 Y-24.863
X28.258 Y-24.729
X28.394 Y-24.5
X28.601 Y-24.198
X28.664 Y-24.108
X28.814 Y-23.901
X28.975 Y-23.693
X29.221 Y-23.386
X29.31 Y-23.279
X29.428 Y-23.157
X29.842 Y-22.77
X29.965 Y-22.658
X30.049 Y-22.584
X30.463 Y-22.286
X30.527 Y-22.243
X31.083 Y-21.943
X31.314 Y-21.829
X31.742 Y-21.622
X31.911 Y-21.555
X32.325 Y-21.407
X32.532 Y-21.346
X32.945 Y-21.246
X33.016 Y-21.221
X33.084 Y-21.189
X33.143 Y-21.141 Z-12.099
X33.201 Y-21.094 Z-12.086
X33.257 Y-21.048 Z-12.063
X33.298 Y-20.978 Z-12.025
X33.337 Y-20.913 Z-11.977
X33.371 Y-20.855 Z-11.918
X33.384 Y-20.792 Z-11.842
X33.395 Y-20.742 Z-11.757
X33.403 Y-20.704 Z-11.665
X33.408 Y-20.682 Z-11.569
X33.409 Y-20.674 Z-11.469
G0 Z5.
X30.382 Y-38.067
Z-10.58
G1 Z-11.215 F3048.
X30.384 Y-38.06 Z-11.314
X30.39 Y-38.037 Z-11.411
X30.399 Y-38. Z-11.503
X30.412 Y-37.95 Z-11.588
X30.428 Y-37.887 Z-11.664
X30.447 Y-37.814 Z-11.729
X30.468 Y-37.731 Z-11.781
X30.491 Y-37.642 Z-11.819
X30.515 Y-37.548 Z-11.842
X30.54 Y-37.452 Z-11.85
G3 X31.037 Y-33.995 R16.211
G1 Y-33.903
X31.028 Y-33.849
X31. Y-33.802
X30.957 Y-33.767
X30.67 Y-33.611
X30.463 Y-33.491
X30.256 Y-33.344
X30.102 Y-33.222
X29.865 Y-33.015
X29.635 Y-32.802
X29.428 Y-32.597
X29.254 Y-32.394
X29.015 Y-32.094
X28.927 Y-31.979
X28.627 Y-31.565
X28.486 Y-31.358
X28.36 Y-31.151
X28.25 Y-30.944
X28.187 Y-30.813
X28.155 Y-30.737
X27.995 Y-30.322
X27.98 Y-30.284
X27.922 Y-30.115
X27.773 Y-29.563
X27.756 Y-29.494
X27.628 Y-28.872
X27.555 Y-28.251
Y-27.629
X27.628 Y-27.008
X27.756 Y-26.386
X27.773 Y-26.317
X27.922 Y-25.765
X27.98 Y-25.596
X28.074 Y-25.351
X28.155 Y-25.143
X28.187 Y-25.067
X28.25 Y-24.936
X28.36 Y-24.729
X28.486 Y-24.522
X28.627 Y-24.315
X28.927 Y-23.901
X29.015 Y-23.786
X29.254 Y-23.486
X29.432 Y-23.279
X29.642 Y-23.072
X29.865 Y-22.865
X30.102 Y-22.658
X30.256 Y-22.536
X30.463 Y-22.389
X30.67 Y-22.269
X31.098 Y-22.036
X31.29 Y-21.938
X31.704 Y-21.738
X31.911 Y-21.652
X32.325 Y-21.499
X32.532 Y-21.437
X32.945 Y-21.334
X33.152 Y-21.3
X33.566 Y-21.25
X33.773 Y-21.24
X34.187 Y-21.238
X34.6 Y-21.239
X34.807 Y-21.24
X35.014 Y-21.25
X35.428 Y-21.3
X35.635 Y-21.334
X36.048 Y-21.437
X36.255 Y-21.499
X36.669 Y-21.652
X36.876 Y-21.738
X37.29 Y-21.938
X37.497 Y-22.044
X37.91 Y-22.269
X38.117 Y-22.389
X38.324 Y-22.536
X38.478 Y-22.658
X38.715 Y-22.865
X38.945 Y-23.078
X39.152 Y-23.283
X39.326 Y-23.486
X39.565 Y-23.786
X39.653 Y-23.901
X39.953 Y-24.315
X40.094 Y-24.522
X40.22 Y-24.729
X40.33 Y-24.936
X40.393 Y-25.067
X40.425 Y-25.143
X40.585 Y-25.558
X40.6 Y-25.596
X40.658 Y-25.765
X40.807 Y-26.317
X40.824 Y-26.386
X40.952 Y-27.008
X41.025 Y-27.629
Y-28.251
X40.952 Y-28.872
X40.824 Y-29.494
X40.807 Y-29.563
X40.658 Y-30.115
X40.6 Y-30.284
X40.506 Y-30.529
X40.425 Y-30.737
X40.393 Y-30.813
X40.33 Y-30.944
X40.22 Y-31.151
X40.094 Y-31.358
X39.953 Y-31.565
X39.653 Y-31.979
X39.565 Y-32.094
X39.326 Y-32.394
X39.148 Y-32.601
X38.938 Y-32.808
X38.715 Y-33.015
X38.478 Y-33.222
X38.324 Y-33.344
X38.117 Y-33.491
X37.91 Y-33.611
X37.482 Y-33.844
X37.29 Y-33.942
X36.876 Y-34.142
X36.669 Y-34.228
X36.255 Y-34.381
X36.048 Y-34.443
X35.635 Y-34.546
X35.428 Y-34.58
X35.014 Y-34.63
X34.807 Y-34.64
X34.393 Y-34.642
X33.98 Y-34.641
X33.773 Y-34.64
X33.566 Y-34.63
X33.152 Y-34.58
X32.945 Y-34.546
X32.532 Y-34.443
X32.325 Y-34.381
X31.911 Y-34.228
X31.704 Y-34.142
X31.29 Y-33.942
X31.083 Y-33.836
X30.957 Y-33.767
X30.888 Y-33.738
X30.816 Y-33.717
X30.744 Y-33.708 Z-11.846
X30.673 Y-33.7 Z-11.833
X30.596 Y-33.714 Z-11.809
X30.522 Y-33.727 Z-11.775
X30.453 Y-33.74 Z-11.732
X30.392 Y-33.776 Z-11.672
X30.339 Y-33.807 Z-11.603
X30.295 Y-33.833 Z-11.526
X30.261 Y-33.853 Z-11.441
X30.244 Y-33.868 Z-11.368
X30.233 Y-33.878 Z-11.292
X30.23 Y-33.881 Z-11.215
G0 Z5.
X30.469 Y-38.011
Z-10.326
G1 Z-10.961 F3048.
X30.471 Y-38.004 Z-11.06
X30.476 Y-37.981 Z-11.157
X30.486 Y-37.944 Z-11.249
X30.499 Y-37.894 Z-11.334
X30.515 Y-37.831 Z-11.41
X30.534 Y-37.758 Z-11.475
X30.555 Y-37.675 Z-11.527
X30.578 Y-37.586 Z-11.565
X30.602 Y-37.492 Z-11.588
X30.626 Y-37.396 Z-11.596
G3 X31.124 Y-33.939 R16.211
G1 Y-33.848
X31.115 Y-33.795
X31.088 Y-33.749
X31.047 Y-33.715
X30.529 Y-33.429
X30.463 Y-33.386
X30.256 Y-33.232
X30. Y-33.015
X29.842 Y-32.877
X29.635 Y-32.686
X29.556 Y-32.601
X29.376 Y-32.394
X29.221 Y-32.21
X29.041 Y-31.979
X28.739 Y-31.565
X28.601 Y-31.372
X28.462 Y-31.151
X28.394 Y-31.033
X28.349 Y-30.944
X28.251 Y-30.737
X28.09 Y-30.322
X28.015 Y-30.115
X27.903 Y-29.701
X27.848 Y-29.494
X27.717 Y-28.872
X27.643 Y-28.251
Y-27.629
X27.717 Y-27.008
X27.848 Y-26.386
X27.903 Y-26.179
X28.015 Y-25.765
X28.09 Y-25.558
X28.251 Y-25.143
X28.349 Y-24.936
X28.394 Y-24.847
X28.462 Y-24.729
X28.601 Y-24.508
X28.739 Y-24.315
X29.041 Y-23.901
X29.221 Y-23.67
X29.376 Y-23.486
X29.556 Y-23.279
X29.635 Y-23.194
X29.842 Y-23.003
X30. Y-22.865
X30.256 Y-22.648
X30.463 Y-22.494
X30.529 Y-22.451
X31.083 Y-22.144
X31.294 Y-22.036
X31.497 Y-21.937
X31.72 Y-21.829
X31.911 Y-21.749
X32.325 Y-21.592
X32.532 Y-21.528
X32.992 Y-21.415
X33.152 Y-21.387
X33.359 Y-21.356
X33.566 Y-21.333
X33.773 Y-21.328
X34.187 Y-21.326
X34.6 Y-21.327
X34.807 Y-21.328
X35.014 Y-21.333
X35.221 Y-21.356
X35.428 Y-21.387
X35.588 Y-21.415
X36.048 Y-21.528
X36.255 Y-21.592
X36.669 Y-21.749
X36.86 Y-21.829
X37.083 Y-21.937
X37.29 Y-22.038
X37.497 Y-22.144
X38.051 Y-22.451
X38.117 Y-22.494
X38.324 Y-22.648
X38.58 Y-22.865
X38.738 Y-23.003
X38.945 Y-23.194
X39.024 Y-23.279
X39.204 Y-23.486
X39.359 Y-23.67
X39.539 Y-23.901
X39.841 Y-24.315
X39.979 Y-24.508
X40.118 Y-24.729
X40.186 Y-24.847
X40.231 Y-24.936
X40.329 Y-25.143
X40.49 Y-25.558
X40.565 Y-25.765
X40.677 Y-26.179
X40.732 Y-26.386
X40.863 Y-27.008
X40.937 Y-27.629
Y-28.251
X40.863 Y-28.872
X40.732 Y-29.494
X40.677 Y-29.701
X40.565 Y-30.115
X40.49 Y-30.322
X40.329 Y-30.737
X40.231 Y-30.944
X40.186 Y-31.033
X40.118 Y-31.151
X39.979 Y-31.372
X39.841 Y-31.565
X39.539 Y-31.979
X39.359 Y-32.21
X39.204 Y-32.394
X39.024 Y-32.601
X38.945 Y-32.686
X38.738 Y-32.877
X38.58 Y-33.015
X38.324 Y-33.232
X38.117 Y-33.386
X38.051 Y-33.429
X37.497 Y-33.736
X37.286 Y-33.844
X37.083 Y-33.943
X36.86 Y-34.051
X36.669 Y-34.131
X36.255 Y-34.288
X36.048 Y-34.352
X35.588 Y-34.465
X35.428 Y-34.493
X35.221 Y-34.524
X35.014 Y-34.547
X34.807 Y-34.552
X34.393 Y-34.554
X33.98 Y-34.553
X33.773 Y-34.552
X33.566 Y-34.547
X33.359 Y-34.524
X33.152 Y-34.493
X32.992 Y-34.465
X32.532 Y-34.352
X32.325 Y-34.288
X31.911 Y-34.131
X31.72 Y-34.051
X31.497 Y-33.943
X31.29 Y-33.842
X31.083 Y-33.736
X31.047 Y-33.715
X30.978 Y-33.685
X30.906 Y-33.664
X30.832 Y-33.655 Z-11.592
X30.759 Y-33.647 Z-11.578
X30.681 Y-33.66 Z-11.554
X30.608 Y-33.674 Z-11.519
X30.539 Y-33.686 Z-11.475
X30.477 Y-33.722 Z-11.414
X30.423 Y-33.754 Z-11.343
X30.38 Y-33.779 Z-11.263
X30.346 Y-33.799 Z-11.177
X30.331 Y-33.813 Z-11.107
X30.321 Y-33.821 Z-11.034
X30.318 Y-33.824 Z-10.961
G0 Z5.
X30.559 Y-37.951
Z-10.072
G1 Z-10.707 F3048.
X30.561 Y-37.943 Z-10.806
X30.566 Y-37.921 Z-10.903
X30.576 Y-37.884 Z-10.995
X30.589 Y-37.833 Z-11.08
X30.605 Y-37.771 Z-11.156
X30.624 Y-37.697 Z-11.221
X30.645 Y-37.615 Z-11.273
X30.668 Y-37.526 Z-11.311
X30.692 Y-37.432 Z-11.334
X30.716 Y-37.336 Z-11.342
G3 X31.213 Y-33.879 R16.211
G1 Y-33.79
X31.204 Y-33.739
X31.176 Y-33.694
X31.134 Y-33.662
X31.083 Y-33.635
X30.514 Y-33.316
X30.489 Y-33.299
X30.463 Y-33.28
X29.894 Y-32.808
X29.842 Y-32.761
X29.681 Y-32.601
X29.32 Y-32.187
X29.221 Y-32.067
X29.155 Y-31.979
X28.698 Y-31.358
X28.601 Y-31.2
X28.394 Y-30.83
X28.347 Y-30.737
X28.185 Y-30.322
X28.105 Y-30.115
X28.039 Y-29.908
X27.98 Y-29.667
X27.939 Y-29.494
X27.807 Y-28.872
X27.732 Y-28.251
X27.731 Y-27.836
X27.732 Y-27.629
X27.807 Y-27.008
X27.939 Y-26.386
X27.988 Y-26.179
X28.039 Y-25.972
X28.105 Y-25.765
X28.187 Y-25.553
X28.347 Y-25.143
X28.394 Y-25.05
X28.601 Y-24.68
X28.698 Y-24.522
X29.155 Y-23.901
X29.221 Y-23.813
X29.32 Y-23.693
X29.681 Y-23.279
X29.842 Y-23.119
X29.894 Y-23.072
X30.463 Y-22.6
X30.489 Y-22.581
X30.514 Y-22.564
X31.086 Y-22.243
X31.29 Y-22.138
X31.704 Y-21.936
X31.911 Y-21.846
X32.325 Y-21.685
X32.521 Y-21.622
X32.945 Y-21.517
X33.152 Y-21.48
X33.566 Y-21.428
X33.773 Y-21.417
X34.195 Y-21.415
X34.393
X34.807 Y-21.417
X35.014 Y-21.428
X35.428 Y-21.48
X35.635 Y-21.517
X36.059 Y-21.622
X36.255 Y-21.685
X36.669 Y-21.846
X36.876 Y-21.936
X37.29 Y-22.138
X37.497 Y-22.245
X38.066 Y-22.564
X38.091 Y-22.581
X38.117 Y-22.6
X38.686 Y-23.072
X38.738 Y-23.119
X38.899 Y-23.279
X39.26 Y-23.693
X39.359 Y-23.813
X39.425 Y-23.901
X39.882 Y-24.522
X39.979 Y-24.68
X40.186 Y-25.05
X40.233 Y-25.143
X40.395 Y-25.558
X40.475 Y-25.765
X40.541 Y-25.972
X40.6 Y-26.213
X40.641 Y-26.386
X40.773 Y-27.008
X40.848 Y-27.629
X40.849 Y-28.044
X40.848 Y-28.251
X40.773 Y-28.872
X40.641 Y-29.494
X40.592 Y-29.701
X40.541 Y-29.908
X40.475 Y-30.115
X40.393 Y-30.327
X40.233 Y-30.737
X40.186 Y-30.83
X39.979 Y-31.2
X39.882 Y-31.358
X39.425 Y-31.979
X39.359 Y-32.067
X39.26 Y-32.187
X38.899 Y-32.601
X38.738 Y-32.761
X38.686 Y-32.808
X38.117 Y-33.28
X38.091 Y-33.299
X38.066 Y-33.316
X37.494 Y-33.637
X37.29 Y-33.742
X36.876 Y-33.944
X36.669 Y-34.034
X36.255 Y-34.195
X36.059 Y-34.258
X35.635 Y-34.363
X35.428 Y-34.4
X35.014 Y-34.452
X34.807 Y-34.463
X34.385 Y-34.465
X34.187
X33.773 Y-34.463
X33.566 Y-34.452
X33.152 Y-34.4
X32.945 Y-34.363
X32.521 Y-34.258
X32.325 Y-34.195
X31.911 Y-34.034
X31.704 Y-33.944
X31.29 Y-33.742
X31.134 Y-33.662
X31.065 Y-33.634
X30.992 Y-33.614
X30.928 Y-33.608 Z-11.339
X30.864 Y-33.601 Z-11.329
X30.787 Y-33.615 Z-11.307
X30.713 Y-33.628 Z-11.275
X30.644 Y-33.641 Z-11.235
X30.585 Y-33.675 Z-11.181
X30.532 Y-33.706 Z-11.118
X30.487 Y-33.733 Z-11.047
X30.452 Y-33.754 Z-10.97
X30.429 Y-33.775 Z-10.885
X30.415 Y-33.788 Z-10.797
X30.41 Y-33.792 Z-10.707
G0 Z5.
X30.645 Y-37.892
Z-9.818
G1 Z-10.453 F3048.
X30.647 Y-37.885 Z-10.552
X30.653 Y-37.862 Z-10.649
X30.662 Y-37.825 Z-10.741
X30.675 Y-37.775 Z-10.826
X30.691 Y-37.712 Z-10.902
X30.71 Y-37.639 Z-10.967
X30.731 Y-37.557 Z-11.019
X30.754 Y-37.467 Z-11.057
X30.778 Y-37.373 Z-11.08
X30.802 Y-37.277 Z-11.088
G3 X31.3 Y-33.82 R16.211
G1 Y-33.733
X31.29 Y-33.683
X31.262 Y-33.638
X31.221 Y-33.607
X31.083 Y-33.536
X30.603 Y-33.267
X30.57 Y-33.247
X30.536 Y-33.222
X30.035 Y-32.808
X29.842 Y-32.642
X29.606 Y-32.394
X29.428 Y-32.182
X29.268 Y-31.979
X28.805 Y-31.358
X28.666 Y-31.151
X28.601 Y-31.034
X28.552 Y-30.944
X28.444 Y-30.737
X28.28 Y-30.322
X28.201 Y-30.115
X28.086 Y-29.701
X28.031 Y-29.494
X27.896 Y-28.872
X27.82 Y-28.251
X27.819 Y-27.836
X27.82 Y-27.629
X27.896 Y-27.008
X28.031 Y-26.386
X28.086 Y-26.179
X28.201 Y-25.765
X28.28 Y-25.558
X28.444 Y-25.143
X28.552 Y-24.936
X28.601 Y-24.846
X28.666 Y-24.729
X28.808 Y-24.518
X29.268 Y-23.901
X29.432 Y-23.693
X29.606 Y-23.486
X29.842 Y-23.238
X30.049 Y-23.06
X30.536 Y-22.658
X30.57 Y-22.633
X30.603 Y-22.613
X31.083 Y-22.344
X31.29 Y-22.238
X31.704 Y-22.035
X31.911 Y-21.942
X32.325 Y-21.778
X32.532 Y-21.711
X32.945 Y-21.607
X33.152 Y-21.569
X33.566 Y-21.516
X33.773 Y-21.506
X34.187 Y-21.503
X34.393
X34.807 Y-21.506
X35.014 Y-21.516
X35.428 Y-21.569
X35.635 Y-21.607
X36.048 Y-21.711
X36.255 Y-21.778
X36.669 Y-21.942
X36.878 Y-22.036
X37.301 Y-22.243
X37.497 Y-22.344
X37.977 Y-22.613
X38.01 Y-22.633
X38.044 Y-22.658
X38.545 Y-23.072
X38.738 Y-23.238
X38.974 Y-23.486
X39.152 Y-23.698
X39.312 Y-23.901
X39.775 Y-24.522
X39.914 Y-24.729
X39.979 Y-24.846
X40.028 Y-24.936
X40.136 Y-25.143
X40.3 Y-25.558
X40.379 Y-25.765
X40.494 Y-26.179
X40.549 Y-26.386
X40.684 Y-27.008
X40.76 Y-27.629
X40.761 Y-28.044
X40.76 Y-28.251
X40.684 Y-28.872
X40.549 Y-29.494
X40.494 Y-29.701
X40.379 Y-30.115
X40.3 Y-30.322
X40.136 Y-30.737
X40.028 Y-30.944
X39.979 Y-31.034
X39.914 Y-31.151
X39.772 Y-31.362
X39.312 Y-31.979
X39.148 Y-32.187
X38.974 Y-32.394
X38.738 Y-32.642
X38.531 Y-32.82
X38.044 Y-33.222
X38.01 Y-33.247
X37.977 Y-33.267
X37.497 Y-33.536
X37.29 Y-33.642
X36.876 Y-33.845
X36.669 Y-33.938
X36.255 Y-34.102
X36.048 Y-34.169
X35.635 Y-34.273
X35.428 Y-34.311
X35.014 Y-34.364
X34.807 Y-34.374
X34.393 Y-34.377
X34.187
X33.773 Y-34.374
X33.566 Y-34.364
X33.152 Y-34.311
X32.945 Y-34.273
X32.532 Y-34.169
X32.325 Y-34.102
X31.911 Y-33.938
X31.702 Y-33.844
X31.279 Y-33.637
X31.221 Y-33.607
X31.151 Y-33.579
X31.079 Y-33.559
X31.014 Y-33.553 Z-11.085
X30.951 Y-33.546 Z-11.075
X30.874 Y-33.56 Z-11.053
X30.8 Y-33.573 Z-11.021
X30.731 Y-33.586 Z-10.98
X30.671 Y-33.62 Z-10.927
X30.619 Y-33.651 Z-10.864
X30.574 Y-33.677 Z-10.793
X30.538 Y-33.698 Z-10.716
X30.515 Y-33.72 Z-10.631
X30.501 Y-33.733 Z-10.543
X30.497 Y-33.737 Z-10.453
G0 Z5.
X30.723 Y-37.829
Z-9.564
G1 Z-10.199 F3048.
X30.725 Y-37.822 Z-10.298
X30.73 Y-37.799 Z-10.395
X30.74 Y-37.762 Z-10.487
X30.753 Y-37.712 Z-10.572
X30.769 Y-37.649 Z-10.648
X30.788 Y-37.576 Z-10.713
X30.809 Y-37.493 Z-10.765
X30.832 Y-37.404 Z-10.803
X30.856 Y-37.31 Z-10.826
X30.88 Y-37.214 Z-10.834
G3 X31.377 Y-33.757 R16.211
G1 Y-33.671
X31.367 Y-33.62
X31.339 Y-33.577
X31.297 Y-33.546
X31.069 Y-33.429
X30.876 Y-33.325
X30.698 Y-33.222
X30.67 Y-33.204
X30.463 Y-33.052
X30.049 Y-32.707
X29.928 Y-32.601
X29.428 Y-32.037
X29.38 Y-31.979
X29.22 Y-31.772
X28.912 Y-31.358
X28.778 Y-31.151
X28.646 Y-30.944
X28.601 Y-30.857
X28.542 Y-30.737
X28.375 Y-30.322
X28.295 Y-30.115
X28.122 Y-29.494
X28.075 Y-29.286
X28.029 Y-29.079
X27.986 Y-28.872
X27.909 Y-28.251
X27.908 Y-27.836
X27.909 Y-27.629
X27.986 Y-27.008
X28.029 Y-26.801
X28.075 Y-26.594
X28.122 Y-26.386
X28.295 Y-25.765
X28.375 Y-25.558
X28.542 Y-25.143
X28.601 Y-25.023
X28.646 Y-24.936
X28.808 Y-24.683
X28.912 Y-24.522
X29.221 Y-24.106
X29.38 Y-23.901
X29.428 Y-23.843
X29.928 Y-23.279
X30.049 Y-23.173
X30.463 Y-22.828
X30.67 Y-22.676
X30.698 Y-22.658
X30.876 Y-22.555
X31.083 Y-22.442
X31.29 Y-22.337
X31.704 Y-22.134
X31.911 Y-22.034
X32.118 Y-21.945
X32.325 Y-21.867
X32.428 Y-21.829
X32.945 Y-21.697
X33.152 Y-21.659
X33.566 Y-21.605
X33.773 Y-21.594
X34.187 Y-21.592
X34.393
X34.807 Y-21.594
X35.014 Y-21.605
X35.428 Y-21.659
X35.635 Y-21.697
X36.152 Y-21.829
X36.255 Y-21.867
X36.462 Y-21.945
X36.673 Y-22.036
X36.876 Y-22.134
X37.29 Y-22.337
X37.511 Y-22.451
X37.704 Y-22.555
X37.882 Y-22.658
X37.91 Y-22.676
X38.117 Y-22.828
X38.531 Y-23.173
X38.652 Y-23.279
X39.152 Y-23.843
X39.2 Y-23.901
X39.36 Y-24.108
X39.668 Y-24.522
X39.802 Y-24.729
X39.934 Y-24.936
X39.979 Y-25.023
X40.038 Y-25.143
X40.205 Y-25.558
X40.285 Y-25.765
X40.458 Y-26.386
X40.505 Y-26.594
X40.551 Y-26.801
X40.594 Y-27.008
X40.671 Y-27.629
X40.672 Y-28.044
X40.671 Y-28.251
X40.594 Y-28.872
X40.551 Y-29.079
X40.505 Y-29.286
X40.458 Y-29.494
X40.285 Y-30.115
X40.205 Y-30.322
X40.038 Y-30.737
X39.979 Y-30.857
X39.934 Y-30.944
X39.772 Y-31.197
X39.668 Y-31.358
X39.359 Y-31.774
X39.2 Y-31.979
X39.152 Y-32.037
X38.652 Y-32.601
X38.531 Y-32.707
X38.117 Y-33.052
X37.91 Y-33.204
X37.882 Y-33.222
X37.704 Y-33.325
X37.497 Y-33.438
X37.29 Y-33.543
X36.876 Y-33.746
X36.669 Y-33.846
X36.462 Y-33.935
X36.255 Y-34.013
X36.152 Y-34.051
X35.635 Y-34.183
X35.428 Y-34.221
X35.014 Y-34.275
X34.807 Y-34.286
X34.393 Y-34.288
X34.187
X33.773 Y-34.286
X33.566 Y-34.275
X33.152 Y-34.221
X32.945 Y-34.183
X32.428 Y-34.051
X32.325 Y-34.013
X32.118 Y-33.935
X31.907 Y-33.844
X31.704 Y-33.746
X31.297 Y-33.546
X31.227 Y-33.519
X31.154 Y-33.501
X31.095 Y-33.496 Z-10.831
X31.037 Y-33.49 Z-10.823
X30.96 Y-33.504 Z-10.803
X30.887 Y-33.517 Z-10.773
X30.817 Y-33.53 Z-10.734
X30.759 Y-33.564 Z-10.684
X30.707 Y-33.594 Z-10.625
X30.662 Y-33.621 Z-10.559
X30.625 Y-33.643 Z-10.486
X30.597 Y-33.669 Z-10.395
X30.58 Y-33.685 Z-10.298
X30.575 Y-33.69 Z-10.199
G0 Z5.
X30.821 Y-37.777
Z-9.31
G1 Z-9.945 F3048.
X30.823 Y-37.77 Z-10.044
X30.829 Y-37.747 Z-10.141
X30.838 Y-37.71 Z-10.233
X30.851 Y-37.66 Z-10.318
X30.867 Y-37.597 Z-10.394
X30.886 Y-37.524 Z-10.459
X30.907 Y-37.441 Z-10.511
X30.93 Y-37.352 Z-10.549
X30.954 Y-37.258 Z-10.572
X30.979 Y-37.162 Z-10.58
G3 X31.476 Y-33.705 R16.211
G1 Y-33.62
X31.465 Y-33.569
X31.436 Y-33.525
X31.394 Y-33.494
X31.262 Y-33.429
X31.083 Y-33.339
X30.872 Y-33.222
X30.549 Y-33.015
X30.256 Y-32.77
X30.049 Y-32.593
X29.854 Y-32.394
X29.635 Y-32.144
X29.494 Y-31.979
X29.329 Y-31.772
X29.173 Y-31.565
X29.02 Y-31.358
X28.759 Y-30.944
X28.64 Y-30.737
X28.47 Y-30.322
X28.394 Y-30.135
X28.272 Y-29.701
X28.214 Y-29.494
X28.077 Y-28.872
X28.045 Y-28.665
X27.997 Y-28.251
Y-27.629
X28.045 Y-27.215
X28.077 Y-27.008
X28.214 Y-26.386
X28.33 Y-25.972
X28.394 Y-25.745
X28.47 Y-25.558
X28.64 Y-25.143
X28.759 Y-24.936
X29.02 Y-24.522
X29.221 Y-24.25
X29.329 Y-24.108
X29.494 Y-23.901
X29.673 Y-23.693
X29.854 Y-23.486
X30.049 Y-23.287
X30.301 Y-23.072
X30.549 Y-22.865
X30.876 Y-22.655
X31.083 Y-22.541
X31.29 Y-22.437
X31.704 Y-22.233
X31.911 Y-22.135
X32.132 Y-22.036
X32.325 Y-21.957
X32.532 Y-21.895
X32.945 Y-21.788
X33.152 Y-21.749
X33.566 Y-21.694
X33.773 Y-21.683
X34.187 Y-21.68
X34.393
X34.807 Y-21.683
X35.014 Y-21.694
X35.428 Y-21.749
X35.635 Y-21.788
X36.048 Y-21.895
X36.255 Y-21.957
X36.462 Y-22.042
X36.669 Y-22.135
X36.897 Y-22.243
X37.318 Y-22.451
X37.497 Y-22.541
X37.708 Y-22.658
X38.031 Y-22.865
X38.324 Y-23.11
X38.531 Y-23.287
X38.726 Y-23.486
X38.945 Y-23.736
X39.086 Y-23.901
X39.251 Y-24.108
X39.407 Y-24.315
X39.56 Y-24.522
X39.821 Y-24.936
X39.94 Y-25.143
X40.11 Y-25.558
X40.186 Y-25.745
X40.308 Y-26.179
X40.366 Y-26.386
X40.503 Y-27.008
X40.535 Y-27.215
X40.583 Y-27.629
Y-28.251
X40.535 Y-28.665
X40.503 Y-28.872
X40.366 Y-29.494
X40.25 Y-29.908
X40.186 Y-30.135
X40.11 Y-30.322
X39.94 Y-30.737
X39.821 Y-30.944
X39.56 Y-31.358
X39.359 Y-31.63
X39.251 Y-31.772
X39.086 Y-31.979
X38.907 Y-32.187
X38.726 Y-32.394
X38.531 Y-32.593
X38.279 Y-32.808
X38.031 Y-33.015
X37.704 Y-33.225
X37.497 Y-33.339
X37.29 Y-33.443
X36.876 Y-33.647
X36.669 Y-33.745
X36.448 Y-33.844
X36.255 Y-33.923
X36.048 Y-33.985
X35.635 Y-34.092
X35.428 Y-34.131
X35.014 Y-34.186
X34.807 Y-34.197
X34.393 Y-34.2
X34.187
X33.773 Y-34.197
X33.566 Y-34.186
X33.152 Y-34.131
X32.945 Y-34.092
X32.532 Y-33.985
X32.325 Y-33.923
X32.118 Y-33.838
X31.911 Y-33.745
X31.683 Y-33.637
X31.394 Y-33.494
X31.324 Y-33.468
X31.251 Y-33.45
X31.192 Y-33.444 Z-10.577
X31.134 Y-33.439 Z-10.569
X31.057 Y-33.452 Z-10.549
X30.984 Y-33.466 Z-10.519
X30.914 Y-33.478 Z-10.48
X30.856 Y-33.512 Z-10.429
X30.803 Y-33.543 Z-10.37
X30.758 Y-33.569 Z-10.304
X30.722 Y-33.591 Z-10.231
X30.694 Y-33.617 Z-10.14
X30.678 Y-33.632 Z-10.044
X30.672 Y-33.638 Z-9.945
G0 Z5.
X30.91 Y-37.719
Z-9.056
G1 Z-9.691 F3048.
X30.912 Y-37.711 Z-9.79
X30.918 Y-37.689 Z-9.887
X30.927 Y-37.652 Z-9.979
X30.94 Y-37.602 Z-10.064
X30.956 Y-37.539 Z-10.14
X30.975 Y-37.465 Z-10.205
X30.996 Y-37.383 Z-10.257
X31.019 Y-37.294 Z-10.295
X31.043 Y-37.2 Z-10.318
X31.067 Y-37.104 Z-10.326
G3 X31.565 Y-33.647 R16.211
G1 Y-33.563
X31.553 Y-33.513
X31.525 Y-33.47
X31.483 Y-33.439
X31.29 Y-33.344
X31.083 Y-33.239
X30.67 Y-32.98
X30.463 Y-32.833
X30.256 Y-32.659
X30.19 Y-32.601
X29.968 Y-32.394
X29.842 Y-32.253
X29.635 Y-32.013
X29.428 Y-31.754
X29.279 Y-31.565
X29.127 Y-31.358
X28.736 Y-30.737
X28.71 Y-30.685
X28.686 Y-30.633
X28.561 Y-30.322
X28.482 Y-30.115
X28.364 Y-29.701
X28.306 Y-29.494
X28.167 Y-28.872
X28.113 Y-28.458
X28.086 Y-28.251
X28.085 Y-27.836
X28.086 Y-27.629
X28.139 Y-27.215
X28.167 Y-27.008
X28.306 Y-26.386
X28.423 Y-25.972
X28.482 Y-25.765
X28.561 Y-25.558
X28.686 Y-25.247
X28.71 Y-25.195
X28.736 Y-25.143
X29.127 Y-24.522
X29.279 Y-24.315
X29.443 Y-24.108
X29.635 Y-23.867
X29.842 Y-23.627
X29.968 Y-23.486
X30.19 Y-23.279
X30.256 Y-23.221
X30.463 Y-23.047
X30.67 Y-22.9
X31.083 Y-22.641
X31.29 Y-22.536
X31.704 Y-22.332
X31.911 Y-22.237
X32.381 Y-22.036
X32.532 Y-21.985
X32.945 Y-21.878
X33.152 Y-21.838
X33.566 Y-21.783
X33.773 Y-21.772
X34.187 Y-21.769
X34.393
X34.807 Y-21.772
X35.014 Y-21.783
X35.428 Y-21.838
X35.635 Y-21.878
X36.048 Y-21.985
X36.199 Y-22.036
X36.685 Y-22.243
X36.876 Y-22.332
X37.29 Y-22.536
X37.497 Y-22.641
X37.91 Y-22.9
X38.117 Y-23.047
X38.324 Y-23.221
X38.39 Y-23.279
X38.612 Y-23.486
X38.738 Y-23.627
X38.945 Y-23.867
X39.152 Y-24.126
X39.301 Y-24.315
X39.453 Y-24.522
X39.844 Y-25.143
X39.87 Y-25.195
X39.894 Y-25.247
X40.019 Y-25.558
X40.098 Y-25.765
X40.216 Y-26.179
X40.274 Y-26.386
X40.413 Y-27.008
X40.467 Y-27.422
X40.494 Y-27.629
X40.495 Y-28.044
X40.494 Y-28.251
X40.441 Y-28.665
X40.413 Y-28.872
X40.274 Y-29.494
X40.157 Y-29.908
X40.098 Y-30.115
X40.019 Y-30.322
X39.894 Y-30.633
X39.87 Y-30.685
X39.844 Y-30.737
X39.453 Y-31.358
X39.301 Y-31.565
X39.137 Y-31.772
X38.945 Y-32.013
X38.738 Y-32.253
X38.612 Y-32.394
X38.39 Y-32.601
X38.324 Y-32.659
X38.117 Y-32.833
X37.91 Y-32.98
X37.497 Y-33.239
X37.29 Y-33.344
X36.876 Y-33.548
X36.669 Y-33.643
X36.199 Y-33.844
X36.048 Y-33.895
X35.635 Y-34.002
X35.428 Y-34.042
X35.014 Y-34.097
X34.807 Y-34.108
X34.393 Y-34.111
X34.187
X33.773 Y-34.108
X33.566 Y-34.097
X33.152 Y-34.042
X32.945 Y-34.002
X32.532 Y-33.895
X32.381 Y-33.844
X31.895 Y-33.637
X31.704 Y-33.548
X31.483 Y-33.439
X31.413 Y-33.412
X31.34 Y-33.394
X31.281 Y-33.389 Z-10.323
X31.222 Y-33.383 Z-10.315
X31.146 Y-33.397 Z-10.295
X31.072 Y-33.41 Z-10.265
X31.003 Y-33.422 Z-10.225
X30.944 Y-33.457 Z-10.175
X30.892 Y-33.487 Z-10.115
X30.847 Y-33.514 Z-10.049
X30.81 Y-33.535 Z-9.976
X30.783 Y-33.561 Z-9.885
X30.767 Y-33.576 Z-9.789
X30.761 Y-33.582 Z-9.691
G0 Z5.
X30.999 Y-37.662
Z-8.802
G1 Z-9.437 F3048.
X31.001 Y-37.655 Z-9.536
X31.007 Y-37.632 Z-9.633
X31.016 Y-37.595 Z-9.725
X31.029 Y-37.545 Z-9.81
X31.045 Y-37.482 Z-9.886
X31.064 Y-37.409 Z-9.951
X31.085 Y-37.326 Z-10.003
X31.108 Y-37.237 Z-10.041
X31.132 Y-37.143 Z-10.064
X31.157 Y-37.047 Z-10.072
G3 X31.654 Y-33.59 R16.211
G1 Y-33.508
X31.643 Y-33.458
X31.615 Y-33.416
X31.574 Y-33.386
X31.24 Y-33.222
X31.083 Y-33.13
X30.572 Y-32.808
X30.463 Y-32.722
X30.323 Y-32.601
X30.049 Y-32.342
X29.897 Y-32.187
X29.723 Y-31.979
X29.393 Y-31.565
X29.234 Y-31.358
X28.836 Y-30.737
X28.739 Y-30.529
X28.652 Y-30.322
X28.601 Y-30.19
X28.575 Y-30.115
X28.397 Y-29.494
X28.258 Y-28.872
X28.202 Y-28.458
X28.174 Y-28.251
X28.173 Y-28.044
Y-27.836
X28.174 Y-27.629
X28.229 Y-27.215
X28.258 Y-27.008
X28.397 Y-26.386
X28.575 Y-25.765
X28.601 Y-25.69
X28.652 Y-25.558
X28.739 Y-25.351
X28.836 Y-25.143
X29.234 Y-24.522
X29.393 Y-24.315
X29.723 Y-23.901
X29.897 Y-23.693
X30.049 Y-23.538
X30.323 Y-23.279
X30.463 Y-23.158
X30.572 Y-23.072
X31.083 Y-22.75
X31.24 Y-22.658
X31.704 Y-22.43
X31.911 Y-22.335
X32.325 Y-22.155
X32.532 Y-22.077
X32.738 Y-22.017
X32.945 Y-21.966
X33.152 Y-21.928
X33.566 Y-21.872
X33.773 Y-21.861
X34.187 Y-21.858
X34.393
X34.807 Y-21.861
X35.014 Y-21.872
X35.428 Y-21.928
X35.635 Y-21.966
X35.842 Y-22.017
X36.048 Y-22.077
X36.255 Y-22.155
X36.669 Y-22.335
X36.876 Y-22.43
X37.34 Y-22.658
X37.497 Y-22.75
X38.008 Y-23.072
X38.117 Y-23.158
X38.257 Y-23.279
X38.531 Y-23.538
X38.683 Y-23.693
X38.857 Y-23.901
X39.187 Y-24.315
X39.346 Y-24.522
X39.744 Y-25.143
X39.841 Y-25.351
X39.928 Y-25.558
X39.979 Y-25.69
X40.005 Y-25.765
X40.183 Y-26.386
X40.322 Y-27.008
X40.378 Y-27.422
X40.406 Y-27.629
X40.407 Y-27.836
Y-28.044
X40.406 Y-28.251
X40.351 Y-28.665
X40.322 Y-28.872
X40.183 Y-29.494
X40.005 Y-30.115
X39.979 Y-30.19
X39.928 Y-30.322
X39.841 Y-30.529
X39.744 Y-30.737
X39.346 Y-31.358
X39.187 Y-31.565
X38.857 Y-31.979
X38.683 Y-32.187
X38.531 Y-32.342
X38.257 Y-32.601
X38.117 Y-32.722
X38.008 Y-32.808
X37.497 Y-33.13
X37.34 Y-33.222
X36.876 Y-33.45
X36.669 Y-33.545
X36.255 Y-33.725
X36.048 Y-33.803
X35.842 Y-33.863
X35.635 Y-33.914
X35.428 Y-33.952
X35.014 Y-34.008
X34.807 Y-34.019
X34.393 Y-34.022
X34.187
X33.773 Y-34.019
X33.566 Y-34.008
X33.152 Y-33.952
X32.945 Y-33.914
X32.738 Y-33.863
X32.532 Y-33.803
X32.325 Y-33.725
X31.911 Y-33.545
X31.704 Y-33.45
X31.574 Y-33.386
X31.504 Y-33.36
X31.431 Y-33.342
X31.373 Y-33.336 Z-10.069
X31.315 Y-33.331 Z-10.061
X31.238 Y-33.345 Z-10.041
X31.165 Y-33.358 Z-10.012
X31.095 Y-33.37 Z-9.973
X31.037 Y-33.405 Z-9.923
X30.985 Y-33.435 Z-9.864
X30.94 Y-33.462 Z-9.798
X30.903 Y-33.483 Z-9.726
X30.875 Y-33.51 Z-9.634
X30.858 Y-33.526 Z-9.537
X30.852 Y-33.531 Z-9.437
G0 Z5.
X31.086 Y-37.603
Z-8.548
G1 Z-9.183 F3048.
X31.088 Y-37.596 Z-9.282
X31.093 Y-37.573 Z-9.379
X31.103 Y-37.536 Z-9.471
X31.116 Y-37.486 Z-9.556
X31.132 Y-37.423 Z-9.632
X31.151 Y-37.35 Z-9.697
X31.172 Y-37.268 Z-9.749
X31.195 Y-37.178 Z-9.787
X31.219 Y-37.084 Z-9.81
X31.243 Y-36.988 Z-9.818
G3 X31.74 Y-33.531 R16.211
G1 Y-33.45
X31.729 Y-33.402
X31.701 Y-33.36
X31.661 Y-33.331
X31.436 Y-33.222
X31.29 Y-33.148
X31.083 Y-33.036
X30.876 Y-32.916
X30.722 Y-32.808
X30.67 Y-32.77
X30.463 Y-32.607
X30.024 Y-32.187
X29.842 Y-31.986
X29.343 Y-31.358
X29.205 Y-31.151
X28.937 Y-30.737
X28.753 Y-30.322
X28.669 Y-30.115
X28.489 Y-29.494
X28.348 Y-28.872
X28.319 Y-28.665
X28.263 Y-28.251
X28.262 Y-28.044
Y-27.836
X28.263 Y-27.629
X28.319 Y-27.215
X28.348 Y-27.008
X28.489 Y-26.386
X28.669 Y-25.765
X28.753 Y-25.558
X28.937 Y-25.143
X29.221 Y-24.705
X29.343 Y-24.522
X29.842 Y-23.894
X30.024 Y-23.693
X30.463 Y-23.273
X30.67 Y-23.11
X30.722 Y-23.072
X30.876 Y-22.964
X31.083 Y-22.844
X31.29 Y-22.732
X31.436 Y-22.658
X31.704 Y-22.528
X31.87 Y-22.451
X32.339 Y-22.243
X32.532 Y-22.173
X33.031 Y-22.036
X33.152 Y-22.013
X33.566 Y-21.96
X33.773 Y-21.949
X34.187 Y-21.946
X34.393
X34.807 Y-21.949
X35.014 Y-21.96
X35.428 Y-22.013
X35.549 Y-22.036
X36.048 Y-22.173
X36.241 Y-22.243
X36.71 Y-22.451
X36.876 Y-22.528
X37.144 Y-22.658
X37.29 Y-22.732
X37.497 Y-22.844
X37.704 Y-22.964
X37.858 Y-23.072
X37.91 Y-23.11
X38.117 Y-23.273
X38.556 Y-23.693
X38.738 Y-23.894
X39.237 Y-24.522
X39.375 Y-24.729
X39.643 Y-25.143
X39.827 Y-25.558
X39.911 Y-25.765
X40.091 Y-26.386
X40.232 Y-27.008
X40.261 Y-27.215
X40.317 Y-27.629
X40.318 Y-27.836
Y-28.044
X40.317 Y-28.251
X40.261 Y-28.665
X40.232 Y-28.872
X40.091 Y-29.494
X39.911 Y-30.115
X39.827 Y-30.322
X39.643 Y-30.737
X39.359 Y-31.175
X39.237 Y-31.358
X38.738 Y-31.986
X38.556 Y-32.187
X38.117 Y-32.607
X37.91 Y-32.77
X37.858 Y-32.808
X37.704 Y-32.916
X37.497 Y-33.036
X37.29 Y-33.148
X37.144 Y-33.222
X36.876 Y-33.352
X36.71 Y-33.429
X36.241 Y-33.637
X36.048 Y-33.707
X35.549 Y-33.844
X35.428 Y-33.867
X35.014 Y-33.92
X34.807 Y-33.931
X34.393 Y-33.934
X34.187
X33.773 Y-33.931
X33.566 Y-33.92
X33.152 Y-33.867
X33.031 Y-33.844
X32.532 Y-33.707
X32.339 Y-33.637
X31.87 Y-33.429
X31.661 Y-33.331
X31.591 Y-33.305
X31.517 Y-33.288
X31.461 Y-33.283 Z-9.815
X31.406 Y-33.278 Z-9.808
X31.329 Y-33.291 Z-9.789
X31.255 Y-33.305 Z-9.76
X31.186 Y-33.317 Z-9.721
X31.128 Y-33.351 Z-9.672
X31.076 Y-33.381 Z-9.615
X31.031 Y-33.408 Z-9.551
X30.993 Y-33.43 Z-9.48
X30.97 Y-33.452 Z-9.409
X30.954 Y-33.468 Z-9.336
X30.943 Y-33.478 Z-9.26
X30.94 Y-33.481 Z-9.183
G0 Z5.
X-0.642 Y-63.148
Z-13.374
G1 Z-14.009 F3048.
X-0.64 Y-63.141 Z-14.108
X-0.634 Y-63.118 Z-14.205
X-0.625 Y-63.081 Z-14.297
X-0.612 Y-63.031 Z-14.382
X-0.596 Y-62.968 Z-14.458
X-0.577 Y-62.895 Z-14.523
X-0.556 Y-62.813 Z-14.575
X-0.533 Y-62.723 Z-14.613
X-0.509 Y-62.63 Z-14.636
X-0.484 Y-62.533 Z-14.644
G3 X0.013 Y-59.076 R16.211
G1 Y-58.962
X-0.349 Y-58.125
X-0.612 Y-57.253
X-0.802 Y-56.361
X-0.937 Y-55.459
X-1.031 Y-54.552
X-1.098 Y-53.643
X-1.144 Y-52.732
X-1.176 Y-51.821
X-1.198 Y-50.909
X-1.213 Y-49.997
X-1.224 Y-49.086
X-1.231 Y-48.174
X-1.236 Y-47.262
X-1.24 Y-46.35
X-1.244 Y-44.527
X-1.247 Y-40.879
X-1.253 Y-19.908
X-1.255 Y-8.966
X-1.256 Y-2.583
X-1.162 Y-2.137
X-0.784 Y-1.308
X-0.166 Y-0.637
X0.584 Y-0.119
X1.409 Y0.27
X2.275 Y0.555
X3.164 Y0.76
X4.064 Y0.906
X4.97 Y1.009
X5.879 Y1.081
X6.789 Y1.132
X7.7 Y1.166
X8.612 Y1.191
X9.523 Y1.207
X10.435 Y1.219
X11.347 Y1.227
X12.259 Y1.232
X13.171 Y1.236
X14.994 Y1.241
X17.73 Y1.244
X26.848 Y1.248
X41.437 Y1.251
X66.056 Y1.256
X66.499 Y1.148
X67.319 Y0.751
X67.981 Y0.123
X68.491 Y-0.633
X68.873 Y-1.461
X69.152 Y-2.328
X69.354 Y-3.218
X69.497 Y-4.118
X69.598 Y-5.024
X69.668 Y-5.934
X69.717 Y-6.844
X69.751 Y-7.755
X69.775 Y-8.667
X69.791 Y-9.578
X69.803 Y-10.49
X69.811 Y-11.402
X69.816 Y-12.314
X69.82 Y-13.225
X69.824 Y-15.049
X69.828 Y-17.785
X69.83 Y-23.255
X69.836 Y-53.345
X69.73 Y-53.789
X69.335 Y-54.611
X68.709 Y-55.273
X67.954 Y-55.784
X67.126 Y-56.167
X66.258 Y-56.447
X65.369 Y-56.649
X64.469 Y-56.792
X63.563 Y-56.894
X62.653 Y-56.964
X61.743 Y-57.014
X60.832 Y-57.048
X59.92 Y-57.072
X59.009 Y-57.088
X58.097 Y-57.099
X57.185 Y-57.107
X56.273 Y-57.113
X55.361 Y-57.117
X53.538 Y-57.121
X50.802 Y-57.124
X41.684 Y-57.128
X5.212 Y-57.136
X4.756 Y-57.127
X4.31 Y-57.034
X3.468 Y-56.684
X2.768 Y-56.099
X2.513 Y-55.862
X2.131 Y-55.625
X1.705 Y-55.463
X1.483 Y-55.411
X1.271 Y-55.328
X1.073 Y-55.215
X0.893 Y-55.076
X0.735 Y-54.911
X0.602 Y-54.726
X0.496 Y-54.524
X0.421 Y-54.309
X0.378 Y-54.085
X0.334 Y-53.174
X0.452 Y-52.27
X0.527 Y-51.362
X0.574 Y-50.451
X0.605 Y-49.54
X0.624 Y-48.628
X0.637 Y-47.716
X0.644 Y-46.805
X0.649 Y-45.893
X0.652 Y-44.981
X0.655 Y-43.157
X0.656 Y-39.51
X0.649 Y-5.773
X0.671 Y-4.861
X0.674 Y-3.95
Y-3.494
X0.706 Y-3.039
X0.781 Y-2.824
X0.881 Y-2.619
X1.138 Y-2.243
X1.833 Y-1.652
X2.684 Y-1.323
X3.571 Y-1.112
X4.471 Y-0.97
X5.378 Y-0.873
X6.287 Y-0.806
X7.198 Y-0.761
X8.109 Y-0.729
X9.021 Y-0.708
X9.933 Y-0.693
X10.844 Y-0.686
X11.756 Y-0.68
X12.668 Y-0.675
X14.492 Y-0.668
X17.227 Y-0.663
X21.786 Y-0.659
X48.229 Y-0.653
X62.818 Y-0.649
X63.729 Y-0.671
X64.641 Y-0.674
X65.097
X65.552 Y-0.705
X65.766 Y-0.782
X65.97 Y-0.885
X66.344 Y-1.146
X66.935 Y-1.84
X67.261 Y-2.692
X67.473 Y-3.579
X67.614 Y-4.479
X67.711 Y-5.386
X67.777 Y-6.296
X67.823 Y-7.206
X67.854 Y-8.118
X67.876 Y-9.029
X67.89 Y-9.941
X67.898 Y-10.853
X67.904 Y-11.764
X67.908 Y-12.676
X67.915 Y-14.5
X67.92 Y-17.235
X67.924 Y-21.794
X67.927 Y-32.736
X67.931 Y-50.06
X67.911 Y-50.972
X67.906 Y-51.884
Y-52.796
X67.833 Y-53.012
X67.633 Y-53.421
X67.556 Y-53.506
X67.237 Y-53.831
X66.486 Y-54.348
X65.618 Y-54.628
X64.726 Y-54.816
X63.823 Y-54.944
X62.915 Y-55.031
X62.005 Y-55.09
X61.095 Y-55.131
X60.183 Y-55.158
X59.272 Y-55.178
X58.36 Y-55.191
X57.448 Y-55.197
X56.536 Y-55.202
X54.713 Y-55.21
X52.889 Y-55.215
X50.154 Y-55.219
X43.771 Y-55.222
X38.3 Y-55.223
X7.298 Y-55.23
X6.387 Y-55.208
X5.475 Y-55.205
X5.025 Y-55.135
X4.184 Y-54.783
X3.46 Y-54.228
X3.056 Y-54.017
X2.846 Y-53.928
X2.652 Y-53.809
X2.476 Y-53.663
X2.323 Y-53.494
X2.197 Y-53.305
X2.098 Y-53.099
X2.03 Y-52.881
X1.994 Y-52.656
X1.979 Y-51.745
X2.156 Y-50.85
X2.279 Y-49.947
X2.364 Y-49.039
X2.424 Y-48.129
X2.466 Y-47.218
X2.495 Y-46.307
X2.516 Y-45.395
X2.53 Y-44.483
X2.54 Y-43.572
X2.546 Y-42.66
X2.551 Y-41.748
X2.554 Y-40.836
X2.556 Y-39.924
X2.559 Y-37.189
X2.56 Y-30.806
X2.554 Y-6.187
X2.568 Y-5.276
X2.577 Y-4.364
X2.581 Y-4.136
X2.617 Y-3.911
X2.686 Y-3.694
X2.785 Y-3.488
X2.912 Y-3.299
X3.065 Y-3.13
X3.241 Y-2.985
X3.436 Y-2.866
X3.645 Y-2.777
X4.527 Y-2.543
X5.438 Y-2.58
X6.349 Y-2.596
X7.261 Y-2.6
X8.173 Y-2.599
X9.997 Y-2.592
X13.644 Y-2.576
X15.467 Y-2.571
X16.379 Y-2.569
X20.027 Y-2.565
X30.968 Y-2.562
X61.97 Y-2.555
X62.882 Y-2.559
X63.793 Y-2.574
X64.249 Y-2.577
X64.477 Y-2.585
X64.701 Y-2.626
X64.918 Y-2.698
X65.121 Y-2.801
X65.308 Y-2.931
X65.474 Y-3.088
X65.616 Y-3.266
X65.731 Y-3.463
X65.816 Y-3.674
X66.034 Y-4.56
X65.999 Y-5.471
X65.985 Y-6.382
X65.982 Y-7.294
X65.983 Y-8.206
X65.991 Y-10.03
X66.007 Y-13.677
X66.012 Y-15.5
X66.017 Y-18.236
X66.02 Y-23.707
X66.026 Y-49.237
X66.021 Y-50.149
X66.007 Y-51.061
X66.004 Y-51.745
X65.97 Y-51.97
X65.905 Y-52.189
X65.809 Y-52.396
X65.684 Y-52.586
X65.534 Y-52.757
X65.36 Y-52.905
X65.167 Y-53.027
X64.959 Y-53.119
X64.081 Y-53.366
X63.17 Y-53.318
X62.259 Y-53.296
X61.347 Y-53.288
X60.435 Y-53.287
X59.523 Y-53.288
X54.053 Y-53.307
X51.317 Y-53.312
X46.758 Y-53.316
X13.021 Y-53.324
X7.55 Y-53.325
X6.639 Y-53.308
X6.183 Y-53.305
X5.732 Y-53.233
X4.883 Y-52.902
X4.493 Y-52.665
X4.305 Y-52.536
X4.138 Y-52.382
X3.994 Y-52.205
X3.877 Y-52.009
X3.789 Y-51.799
X3.732 Y-51.578
X3.707 Y-51.351
X3.74 Y-50.44
X3.939 Y-49.55
X4.083 Y-48.65
X4.188 Y-47.744
X4.265 Y-46.836
X4.321 Y-45.926
X4.361 Y-45.015
X4.39 Y-44.103
X4.412 Y-43.192
X4.427 Y-42.28
X4.438 Y-41.368
X4.446 Y-40.457
X4.452 Y-39.545
X4.456 Y-38.633
X4.461 Y-36.809
X4.463 Y-34.074
X4.464 Y-27.691
X4.46 Y-11.279
X4.459 Y-6.72
X4.466 Y-5.808
X4.474 Y-5.124
X4.509 Y-4.899
X4.576 Y-4.681
X4.674 Y-4.475
X4.8 Y-4.285
X4.952 Y-4.115
X5.127 Y-3.969
X5.321 Y-3.849
X5.53 Y-3.758
X5.75 Y-3.698
X5.976 Y-3.67
X6.887 Y-3.69
X7.383 Y-3.845
X8.048 Y-4.007
X8.946 Y-4.166
X9.852 Y-4.27
X10.761 Y-4.338
X11.672 Y-4.384
X12.583 Y-4.414
X13.495 Y-4.433
X14.407 Y-4.446
X15.318 Y-4.454
X16.23 Y-4.46
X17.142 Y-4.463
X18.966 Y-4.467
X22.613 Y-4.468
X48.144 Y-4.463
X61.821 Y-4.46
X62.733 Y-4.464
X63.189 Y-4.47
X63.416 Y-4.473
X63.644 Y-4.491
X63.866 Y-4.542
X64.079 Y-4.624
X64.277 Y-4.736
X64.458 Y-4.875
X64.617 Y-5.038
X64.751 Y-5.223
X64.857 Y-5.425
X64.933 Y-5.64
X64.977 Y-5.863
X64.989 Y-6.091
X64.907 Y-6.999
X64.752 Y-7.483
X64.591 Y-8.13
X64.427 Y-9.027
X64.32 Y-9.932
X64.249 Y-10.841
X64.203 Y-11.752
X64.172 Y-12.663
X64.152 Y-13.575
X64.138 Y-14.486
X64.13 Y-15.398
X64.124 Y-16.31
X64.12 Y-17.222
X64.117 Y-19.045
X64.115 Y-21.781
X64.118 Y-39.105
X64.12 Y-49.135
X64.116 Y-50.047
X64.11 Y-50.503
X64.108 Y-50.731
X64.092 Y-50.958
X64.043 Y-51.181
X63.964 Y-51.394
X63.854 Y-51.594
X63.717 Y-51.777
X63.555 Y-51.937
X63.372 Y-52.073
X63.172 Y-52.181
X62.958 Y-52.26
X62.735 Y-52.307
X62.507 Y-52.321
X61.598 Y-52.248
X61.145 Y-52.095
X60.546 Y-51.935
X59.712 Y-51.768
X58.809 Y-51.647
X57.9 Y-51.566
X56.99 Y-51.513
X56.079 Y-51.478
X55.168 Y-51.455
X54.256 Y-51.439
X53.344 Y-51.429
X52.432 Y-51.423
X51.52 Y-51.418
X50.609 Y-51.416
X48.785 Y-51.413
X45.138 Y-51.412
X25.99 Y-51.416
X7.753 Y-51.42
X6.842 Y-51.406
X6.392 Y-51.33
X6.176 Y-51.259
X5.972 Y-51.157
X5.784 Y-51.028
X5.617 Y-50.873
X5.474 Y-50.695
X5.358 Y-50.499
X5.271 Y-50.288
X5.215 Y-50.067
X5.192 Y-49.84
X5.228 Y-48.929
X5.415 Y-48.442
X5.606 Y-47.831
X5.804 Y-47.016
X5.962 Y-46.118
X6.075 Y-45.213
X6.156 Y-44.305
X6.215 Y-43.395
X6.258 Y-42.484
X6.289 Y-41.573
X6.312 Y-40.661
X6.328 Y-39.749
X6.34 Y-38.838
X6.348 Y-37.926
X6.354 Y-37.014
X6.359 Y-36.102
X6.364 Y-34.279
X6.367 Y-31.543
X6.368 Y-26.072
Y-21.513
X6.365 Y-6.924
X6.369 Y-6.24
X6.373 Y-6.013
X6.409 Y-5.788
X6.477 Y-5.57
X6.576 Y-5.365
X6.703 Y-5.175
X6.856 Y-5.006
X7.032 Y-4.861
X7.226 Y-4.742
X7.436 Y-4.652
X7.656 Y-4.593
X7.882 Y-4.567
X8.11 Y-4.573
X8.335 Y-4.612
X9.202 Y-4.893
X9.418 Y-5.031
X9.684 Y-5.177
X10.012 Y-5.331
X10.426 Y-5.494
X10.956 Y-5.665
X11.655 Y-5.841
X12.551 Y-6.007
X13.456 Y-6.12
X14.364 Y-6.199
X15.275 Y-6.252
X16.186 Y-6.29
X17.097 Y-6.316
X18.009 Y-6.334
X18.92 Y-6.346
X19.832 Y-6.354
X20.744 Y-6.36
X21.656 Y-6.364
X23.479 Y-6.369
X26.215 Y-6.371
X33.509
X39.892 Y-6.37
X61.776 Y-6.365
X62.231 Y-6.367
X62.459 Y-6.369
X62.687 Y-6.378
X62.911 Y-6.419
X63.127 Y-6.492
X63.331 Y-6.595
X63.517 Y-6.727
X63.683 Y-6.883
X63.824 Y-7.062
X63.939 Y-7.259
X64.024 Y-7.47
X64.078 Y-7.692
X64.1 Y-7.919
X64.089 Y-8.146
X64.045 Y-8.37
X63.745 Y-9.231
X63.611 Y-9.429
X63.467 Y-9.676
X63.317 Y-9.975
X63.156 Y-10.355
X62.989 Y-10.832
X62.815 Y-11.454
X62.635 Y-12.306
X62.503 Y-13.208
X62.413 Y-14.116
X62.35 Y-15.025
X62.307 Y-15.936
X62.277 Y-16.848
X62.256 Y-17.759
X62.242 Y-18.671
X62.232 Y-19.583
X62.225 Y-20.494
X62.22 Y-21.406
X62.217 Y-22.318
X62.214 Y-24.142
X62.212 Y-27.789
Y-33.26
X62.215 Y-48.761
X62.212 Y-49.672
X62.21 Y-49.9
X62.174 Y-50.125
X62.107 Y-50.343
X62.009 Y-50.549
X61.883 Y-50.739
X61.73 Y-50.909
X61.555 Y-51.055
X61.361 Y-51.174
X61.152 Y-51.265
X60.932 Y-51.324
X60.706 Y-51.352
X60.478 Y-51.347
X60.253 Y-51.309
X59.385 Y-51.031
X59.174 Y-50.892
X58.919 Y-50.747
X58.601 Y-50.592
X58.205 Y-50.43
X57.698 Y-50.259
X57.04 Y-50.083
X56.146 Y-49.904
X55.242 Y-49.782
X54.335 Y-49.697
X53.425 Y-49.639
X52.514 Y-49.598
X51.602 Y-49.57
X50.691 Y-49.551
X49.779 Y-49.537
X48.867 Y-49.528
X47.955 Y-49.521
X47.044 Y-49.517
X45.22 Y-49.512
X42.485 Y-49.509
X36.102
X29.719 Y-49.51
X8.748 Y-49.515
X7.836 Y-49.514
X7.608 Y-49.504
X7.384 Y-49.462
X7.168 Y-49.388
X6.965 Y-49.284
X6.78 Y-49.152
X6.615 Y-48.995
X6.474 Y-48.816
X6.36 Y-48.618
X6.276 Y-48.406
X6.223 Y-48.185
X6.202 Y-47.958
X6.214 Y-47.73
X6.259 Y-47.506
X6.563 Y-46.647
X6.707 Y-46.443
X6.857 Y-46.2
X7.018 Y-45.897
X7.187 Y-45.523
X7.366 Y-45.048
X7.549 Y-44.445
X7.741 Y-43.635
X7.893 Y-42.736
X8.001 Y-41.83
X8.078 Y-40.922
X8.133 Y-40.012
X8.173 Y-39.101
X8.201 Y-38.189
X8.222 Y-37.278
X8.237 Y-36.366
X8.247 Y-35.454
X8.255 Y-34.542
X8.26 Y-33.631
X8.264 Y-32.719
X8.269 Y-30.895
X8.272 Y-28.16
X8.273 Y-22.689
X8.272 Y-21.777
X8.27 Y-7.416
X8.272 Y-6.96
X8.306 Y-6.735
X8.371 Y-6.516
X8.468 Y-6.31
X8.593 Y-6.119
X8.744 Y-5.948
X8.917 Y-5.801
X9.111 Y-5.68
X9.319 Y-5.588
X9.539 Y-5.526
X9.765 Y-5.497
X9.993 Y-5.501
X10.218 Y-5.537
X10.435 Y-5.604
X10.641 Y-5.703
X10.83 Y-5.83
X11. Y-5.982
X11.165 Y-6.181
X11.271 Y-6.293
X11.407 Y-6.42
X11.577 Y-6.559
X11.775 Y-6.7
X12.025 Y-6.856
X12.326 Y-7.018
X12.7 Y-7.189
X13.162 Y-7.366
X13.758 Y-7.551
X14.544 Y-7.741
X15.442 Y-7.898
X16.347 Y-8.008
X17.255 Y-8.087
X18.166 Y-8.142
X19.076 Y-8.181
X19.988 Y-8.209
X20.899 Y-8.229
X21.811 Y-8.243
X22.723 Y-8.253
X23.635 Y-8.26
X24.547 Y-8.265
X25.458 Y-8.269
X27.282 Y-8.273
X30.017 Y-8.275
X37.312
X42.783 Y-8.274
X61.247 Y-8.27
X61.703 Y-8.272
X61.928 Y-8.307
X62.146 Y-8.373
X62.353 Y-8.469
X62.543 Y-8.595
X62.714 Y-8.746
X62.861 Y-8.92
X62.982 Y-9.113
X63.074 Y-9.322
X63.134 Y-9.542
X63.163 Y-9.768
X63.159 Y-9.996
X63.123 Y-10.221
X63.055 Y-10.438
X62.956 Y-10.644
X62.829 Y-10.833
X62.676 Y-11.002
X62.418 Y-11.216
X62.299 Y-11.327
X62.17 Y-11.466
X62.038 Y-11.627
X61.891 Y-11.831
X61.736 Y-12.08
X61.574 Y-12.379
X61.402 Y-12.754
X61.224 Y-13.216
X61.04 Y-13.805
X60.849 Y-14.587
X60.691 Y-15.485
X60.579 Y-16.39
X60.5 Y-17.298
X60.444 Y-18.208
X60.404 Y-19.119
X60.375 Y-20.031
X60.355 Y-20.942
X60.341 Y-21.854
X60.33 Y-22.766
X60.323 Y-23.678
X60.318 Y-24.589
X60.315 Y-25.501
X60.31 Y-27.325
X60.308 Y-30.06
Y-37.355
Y-38.267
X60.31 Y-48.524
X60.308 Y-48.98
X60.274 Y-49.206
X60.208 Y-49.424
X60.112 Y-49.631
X59.987 Y-49.821
X59.836 Y-49.992
X59.662 Y-50.139
X59.469 Y-50.26
X59.26 Y-50.352
X59.04 Y-50.413
X58.814 Y-50.442
X58.586 Y-50.439
X58.361 Y-50.403
X58.144 Y-50.335
X57.938 Y-50.236
X57.749 Y-50.109
X57.58 Y-49.956
X57.374 Y-49.708
X57.265 Y-49.593
X57.125 Y-49.463
X56.962 Y-49.329
X56.761 Y-49.185
X56.508 Y-49.027
X56.211 Y-48.868
X55.833 Y-48.694
X55.374 Y-48.518
X54.78 Y-48.333
X53.995 Y-48.143
X53.097 Y-47.985
X52.191 Y-47.874
X51.283 Y-47.796
X50.373 Y-47.74
X49.462 Y-47.7
X48.551 Y-47.672
X47.639 Y-47.651
X46.727 Y-47.637
X45.816 Y-47.627
X44.904 Y-47.62
X43.992 Y-47.615
X43.08 Y-47.611
X41.257 Y-47.607
X38.521 Y-47.605
X31.227
X22.109 Y-47.607
X8.887 Y-47.61
X8.659 Y-47.609
X8.432 Y-47.587
X8.211 Y-47.532
X8. Y-47.446
X7.803 Y-47.331
X7.625 Y-47.189
X7.469 Y-47.022
X7.339 Y-46.835
X7.236 Y-46.632
X7.164 Y-46.416
X7.124 Y-46.191
X7.12 Y-46.077
X7.124 Y-45.963
X7.149 Y-45.737
X7.206 Y-45.516
X7.294 Y-45.306
X7.411 Y-45.11
X7.555 Y-44.934
X7.723 Y-44.779
X7.847 Y-44.695
X7.964 Y-44.602
X8.087 Y-44.49
X8.213 Y-44.36
X8.348 Y-44.2
X8.5 Y-43.996
X8.655 Y-43.758
X8.821 Y-43.462
X8.995 Y-43.098
X9.178 Y-42.645
X9.366 Y-42.078
X9.561 Y-41.331
X9.735 Y-40.436
X9.858 Y-39.532
X9.947 Y-38.625
X10.011 Y-37.715
X10.057 Y-36.805
X10.091 Y-35.893
X10.115 Y-34.982
X10.133 Y-34.07
X10.146 Y-33.159
X10.155 Y-32.247
X10.161 Y-31.335
X10.166 Y-30.423
X10.172 Y-28.6
X10.176 Y-25.864
X10.177 Y-21.305
X10.176 Y-12.187
X10.175 Y-8.084
X10.176 Y-7.97
X10.183 Y-7.856
G3 X9.775 Y-7.243 R0.635
G1 X9.682 Y-7.208 Z-14.636
X9.592 Y-7.173 Z-14.613
X9.506 Y-7.14 Z-14.575
X9.427 Y-7.11 Z-14.523
X9.356 Y-7.083 Z-14.458
X9.295 Y-7.06 Z-14.382
X9.247 Y-7.041 Z-14.297
X9.211 Y-7.028 Z-14.205
X9.189 Y-7.019 Z-14.108
X9.182 Y-7.016 Z-14.009
G0 Z5.
X63.309 Y-9.993
Z-12.009
G1 Z-12.644 F3048.
Z-14.644
G2 X63.404 Y-10.254 R0.196
X63.156 Y-10.355 R0.196
G1 X62.998 Y-10.288
X62.672 Y-10.106
X62.446 Y-10.032
X62.175 Y-9.998
X61.86 Y-10.019
X61.502 Y-10.113
X61.103 Y-10.306
X60.792 Y-10.72
X60.487 Y-11.185
X60.197 Y-11.696
X59.921 Y-12.263
X59.646 Y-12.937
X59.384 Y-13.718
X59.149 Y-14.6
X58.968 Y-15.493
X58.828 Y-16.394
X58.721 Y-17.3
X58.64 Y-18.208
X58.579 Y-19.118
X58.533 Y-20.028
X58.499 Y-20.939
X58.473 Y-21.851
X58.454 Y-22.763
X58.44 Y-23.674
X58.43 Y-24.586
X58.422 Y-25.498
X58.416 Y-26.41
X58.412 Y-27.321
X58.407 Y-29.145
X58.404 Y-31.88
X58.403 Y-37.351
X58.405 Y-47.951
X58.399 Y-48.065
G3 X58.818 Y-48.671 R0.635
G1 X58.911 Y-48.705 Z-14.636
X59.002 Y-48.738 Z-14.613
X59.089 Y-48.769 Z-14.575
X59.169 Y-48.798 Z-14.523
X59.24 Y-48.824 Z-14.458
X59.301 Y-48.846 Z-14.382
X59.35 Y-48.863 Z-14.297
X59.386 Y-48.876 Z-14.205
X59.407 Y-48.884 Z-14.108
X59.415 Y-48.887 Z-14.009
G0 Z5.
X7.025 Y-45.881
Z-12.009
G1 Z-12.644 F3048.
Z-14.644
G2 X6.936 Y-45.617 R0.196
X7.187 Y-45.523 R0.196
G1 X7.333 Y-45.589
X7.632 Y-45.762
X7.862 Y-45.842
X8.138 Y-45.881
X8.459 Y-45.865
X8.823 Y-45.775
X9.23 Y-45.587
X9.551 Y-45.177
X9.863 Y-44.721
X10.16 Y-44.222
X10.442 Y-43.668
X10.726 Y-43.01
X10.997 Y-42.254
X11.249 Y-41.378
X11.446 Y-40.488
X11.598 Y-39.589
X11.716 Y-38.685
X11.806 Y-37.777
X11.874 Y-36.868
X11.926 Y-35.958
X11.966 Y-35.047
X11.996 Y-34.135
X12.018 Y-33.224
X12.035 Y-32.312
X12.048 Y-31.4
X12.057 Y-30.489
X12.064 Y-29.577
X12.069 Y-28.665
X12.073 Y-27.753
X12.077 Y-25.93
X12.081 Y-23.194
Y-17.723
X12.08 Y-8.833
X12.113 Y-8.608
X12.178 Y-8.389
X12.226 Y-8.286
X12.281 Y-8.186
X12.343 Y-8.09
X12.411 Y-7.999
X12.486 Y-7.913
G3 X12.535 Y-7.179 R0.635
G1 X12.483 Y-7.094 Z-14.636
X12.432 Y-7.012 Z-14.613
X12.384 Y-6.933 Z-14.575
X12.339 Y-6.861 Z-14.523
X12.299 Y-6.797 Z-14.458
X12.265 Y-6.741 Z-14.382
X12.238 Y-6.697 Z-14.297
X12.218 Y-6.665 Z-14.205
X12.206 Y-6.645 Z-14.108
X12.202 Y-6.638 Z-14.009
G0 Z5.
X56.211 Y-48.868
Z-8.969
G1 Z-9.604 F3048.
Z-14.644 F1500.
X56.274 Y-48.752 F3048.
X56.348 Y-48.621
X56.392 Y-48.466
X56.408 Y-48.277
X56.384 Y-48.051
X56.19 Y-47.872
X55.975 Y-47.698
X55.712 Y-47.512
X55.39 Y-47.313
X55.023 Y-47.118
X54.566 Y-46.911
X54.008 Y-46.701
X53.319 Y-46.49
X52.432 Y-46.28
X51.533 Y-46.126
X50.628 Y-46.012
X49.72 Y-45.928
X48.811 Y-45.867
X47.9 Y-45.821
X46.989 Y-45.788
X46.077 Y-45.764
X45.166 Y-45.746
X44.254 Y-45.733
X43.342 Y-45.723
X42.43 Y-45.716
X41.519 Y-45.711
X40.607 Y-45.708
X38.783 Y-45.703
X36.048 Y-45.701
X29.665 Y-45.7
X11.201 Y-45.704
G3 X10.616 Y-46.152 R0.635
G1 X10.587 Y-46.247 Z-14.636
X10.558 Y-46.34 Z-14.613
X10.531 Y-46.428 Z-14.575
X10.506 Y-46.509 Z-14.523
X10.484 Y-46.581 Z-14.458
X10.465 Y-46.643 Z-14.382
X10.45 Y-46.693 Z-14.297
X10.438 Y-46.729 Z-14.205
X10.432 Y-46.751 Z-14.108
X10.429 Y-46.759 Z-14.009
G0 Z5.
X59.921 Y-12.263
Z-8.969
G1 Z-9.604 F3048.
Z-14.644 F1500.
X59.794 Y-12.202 F3048.
X59.653 Y-12.25
X59.518 Y-12.316
X59.389 Y-12.393
X59.266 Y-12.481
X59.124 Y-12.595
X58.968 Y-12.738
X58.814 Y-12.9
X58.639 Y-13.107
X58.455 Y-13.357
X58.266 Y-13.651
X58.061 Y-14.02
X57.854 Y-14.456
X57.637 Y-14.998
X57.413 Y-15.685
X57.187 Y-16.568
X57.017 Y-17.464
X56.889 Y-18.367
X56.792 Y-19.273
X56.719 Y-20.182
X56.664 Y-21.092
X56.622 Y-22.003
X56.59 Y-22.914
X56.567 Y-23.826
X56.549 Y-24.737
X56.535 Y-25.649
X56.525 Y-26.561
X56.518 Y-27.473
X56.513 Y-28.385
X56.508 Y-29.296
X56.503 Y-31.12
X56.5 Y-33.855
X56.499 Y-39.326
X56.5 Y-46.051
G3 X56.948 Y-46.635 R0.635
G1 X57.042 Y-46.665 Z-14.636
X57.135 Y-46.693 Z-14.613
X57.223 Y-46.72 Z-14.575
X57.304 Y-46.745 Z-14.523
X57.377 Y-46.768 Z-14.458
X57.438 Y-46.787 Z-14.382
X57.488 Y-46.802 Z-14.297
X57.525 Y-46.813 Z-14.205
X57.547 Y-46.82 Z-14.108
X57.554 Y-46.822 Z-14.009
G0 Z5.
X10.442 Y-43.668
Z-8.969
G1 Z-9.604 F3048.
Z-14.644 F1500.
X10.568 Y-43.732 F3048.
X10.7 Y-43.803
X10.854 Y-43.845
X11.05 Y-43.86
X11.287 Y-43.833
X11.486 Y-43.624
X11.677 Y-43.393
X11.888 Y-43.101
X12.105 Y-42.757
X12.332 Y-42.339
X12.562 Y-41.843
X12.803 Y-41.224
X13.047 Y-40.453
X13.265 Y-39.568
X13.434 Y-38.672
X13.563 Y-37.77
X13.663 Y-36.863
X13.74 Y-35.955
X13.799 Y-35.045
X13.844 Y-34.134
X13.879 Y-33.223
X13.905 Y-32.311
X13.926 Y-31.4
X13.941 Y-30.488
X13.953 Y-29.576
X13.962 Y-28.665
X13.968 Y-27.753
X13.973 Y-26.841
X13.98 Y-25.017
X13.983 Y-23.194
X13.986 Y-19.547
X13.985 Y-9.859
X14.001 Y-9.631
X14.049 Y-9.408
X14.128 Y-9.195
X14.237 Y-8.994
X14.374 Y-8.812
X14.535 Y-8.651
X14.718 Y-8.515
X14.918 Y-8.406
X15.132 Y-8.327
X15.355 Y-8.28
X15.583 Y-8.265
X15.81 Y-8.283
X16.032 Y-8.333
X16.884 Y-8.659
X17.077 Y-8.789
X17.312 Y-8.927
X17.609 Y-9.075
X17.978 Y-9.232
X18.453 Y-9.398
X19.072 Y-9.571
X19.923 Y-9.751
X20.825 Y-9.883
X21.732 Y-9.973
X22.642 Y-10.036
X23.553 Y-10.08
X24.464 Y-10.11
X25.375 Y-10.132
X26.287 Y-10.146
X27.199 Y-10.157
X28.111 Y-10.164
X29.022 Y-10.169
X29.934 Y-10.173
X31.758 Y-10.177
X34.493 Y-10.179
X41.788
X59.112 Y-10.175
G3 X59.697 Y-9.728 R0.635
G1 X59.726 Y-9.633 Z-14.636
X59.755 Y-9.54 Z-14.613
X59.782 Y-9.452 Z-14.575
X59.807 Y-9.371 Z-14.523
X59.829 Y-9.298 Z-14.458
X59.848 Y-9.237 Z-14.382
X59.863 Y-9.187 Z-14.297
X59.875 Y-9.15 Z-14.205
X59.881 Y-9.128 Z-14.108
X59.884 Y-9.121 Z-14.009
G0 Z5.
X54.566 Y-46.911
Z-8.969
G1 Z-9.604 F3048.
Z-14.644 F1500.
X54.622 Y-46.786 F3048.
X54.687 Y-46.651
X54.721 Y-46.494
X54.726 Y-46.296
X54.686 Y-46.06
X54.476 Y-45.884
X54.233 Y-45.705
X53.922 Y-45.506
X53.575 Y-45.313
X53.13 Y-45.103
X52.604 Y-44.894
X51.938 Y-44.677
X51.072 Y-44.456
X50.176 Y-44.287
X49.273 Y-44.162
X48.366 Y-44.068
X47.456 Y-43.998
X46.546 Y-43.945
X45.635 Y-43.906
X44.724 Y-43.877
X43.812 Y-43.855
X42.901 Y-43.839
X41.989 Y-43.827
X41.077 Y-43.818
X40.165 Y-43.812
X39.253 Y-43.807
X37.43 Y-43.801
X34.694 Y-43.797
X30.135 Y-43.796
X13.381 Y-43.799
G3 X12.796 Y-44.247 R0.635
G1 X12.767 Y-44.341 Z-14.636
X12.738 Y-44.434 Z-14.613
X12.711 Y-44.522 Z-14.575
X12.686 Y-44.603 Z-14.523
X12.664 Y-44.676 Z-14.458
X12.645 Y-44.738 Z-14.382
X12.63 Y-44.787 Z-14.297
X12.618 Y-44.824 Z-14.205
X12.612 Y-44.846 Z-14.108
X12.609 Y-44.853 Z-14.009
G0 Z5.
X58.639 Y-13.107
Z-8.969
G1 Z-9.604 F3048.
Z-14.644 F1500.
X58.541 Y-13.025 F3048.
X58.428 Y-12.927
X58.294 Y-12.857
X58.114 Y-12.805
X58.004 Y-12.794
X57.839 Y-12.902
X57.657 Y-13.041
X57.476 Y-13.198
X57.269 Y-13.402
X57.069 Y-13.627
X56.85 Y-13.907
X56.622 Y-14.24
X56.395 Y-14.623
X56.159 Y-15.086
X55.915 Y-15.65
X55.677 Y-16.317
X55.432 Y-17.171
X55.237 Y-18.061
X55.087 Y-18.961
X54.971 Y-19.865
X54.882 Y-20.773
X54.814 Y-21.682
X54.761 Y-22.592
X54.72 Y-23.503
X54.69 Y-24.414
X54.666 Y-25.326
X54.648 Y-26.238
X54.634 Y-27.149
X54.624 Y-28.061
X54.616 Y-28.973
X54.61 Y-29.885
X54.606 Y-30.796
X54.6 Y-32.62
X54.596 Y-35.355
X54.594 Y-40.826
Y-43.904
G3 X55.042 Y-44.488 R0.635
G1 X55.137 Y-44.517 Z-14.636
X55.23 Y-44.546 Z-14.613
X55.318 Y-44.573 Z-14.575
X55.399 Y-44.598 Z-14.523
X55.471 Y-44.62 Z-14.458
X55.533 Y-44.639 Z-14.382
X55.583 Y-44.655 Z-14.297
X55.619 Y-44.666 Z-14.205
X55.641 Y-44.673 Z-14.108
X55.649 Y-44.675 Z-14.009
G0 Z5.
X12.562 Y-41.843
Z-8.969
G1 Z-9.604 F3048.
Z-14.644 F1500.
X12.689 Y-41.902 F3048.
X12.824 Y-41.968
X12.979 Y-42.004
X13.177 Y-42.011
X13.413 Y-41.974
X13.602 Y-41.756
X13.785 Y-41.516
X13.99 Y-41.208
X14.195 Y-40.85
X14.418 Y-40.4
X14.638 Y-39.871
X14.87 Y-39.196
X15.107 Y-38.327
X15.29 Y-37.434
X15.43 Y-36.533
X15.538 Y-35.628
X15.62 Y-34.72
X15.684 Y-33.81
X15.733 Y-32.9
X15.77 Y-31.989
X15.799 Y-31.077
X15.822 Y-30.166
X15.839 Y-29.254
X15.852 Y-28.342
X15.862 Y-27.43
X15.869 Y-26.519
X15.875 Y-25.607
X15.879 Y-24.695
X15.885 Y-22.871
X15.889 Y-20.136
X15.891 Y-15.577
X15.89 Y-10.904
X15.891 Y-10.676
X15.924 Y-10.45
X15.99 Y-10.232
X16.086 Y-10.025
X16.21 Y-9.834
X16.361 Y-9.663
X16.535 Y-9.516
X16.727 Y-9.394
X16.936 Y-9.302
X17.155 Y-9.24
X17.381 Y-9.21
X17.609 Y-9.213
X17.834 Y-9.249
X18.052 Y-9.317
X18.258 Y-9.415
X18.448 Y-9.541
X18.617 Y-9.693
X18.853 Y-9.977
X18.966 Y-10.096
X19.105 Y-10.225
X19.268 Y-10.357
X19.475 Y-10.505
X19.725 Y-10.66
X20.029 Y-10.822
X20.407 Y-10.995
X20.877 Y-11.174
X21.474 Y-11.358
X22.271 Y-11.549
X23.17 Y-11.705
X24.075 Y-11.814
X24.983 Y-11.892
X25.894 Y-11.948
X26.804 Y-11.987
X27.716 Y-12.016
X28.627 Y-12.036
X29.539 Y-12.05
X30.451 Y-12.06
X31.363 Y-12.068
X32.274 Y-12.073
X33.186 Y-12.076
X35.01 Y-12.081
X37.745 Y-12.083
X44.128
X57.577 Y-12.081
G3 X58.162 Y-11.633 R0.635
G1 X58.191 Y-11.538 Z-14.636
X58.22 Y-11.445 Z-14.613
X58.247 Y-11.357 Z-14.575
X58.272 Y-11.276 Z-14.523
X58.294 Y-11.204 Z-14.458
X58.313 Y-11.142 Z-14.382
X58.328 Y-11.092 Z-14.297
X58.34 Y-11.056 Z-14.205
X58.346 Y-11.034 Z-14.108
X58.349 Y-11.026 Z-14.009
G0 Z5.
X17.617 Y-9.079
Z-12.009
G1 Z-12.644 F3048.
Z-14.644
G2 X17.878 Y-8.984 R0.196
X17.978 Y-9.232 R0.196
G1 X17.912 Y-9.389
X17.732 Y-9.712
X17.658 Y-9.938
X17.624 Y-10.21
X17.645 Y-10.526
X17.74 Y-10.885
X17.933 Y-11.284
X18.35 Y-11.596
X18.818 Y-11.903
X19.323 Y-12.189
X19.897 Y-12.468
X20.574 Y-12.744
X21.356 Y-13.007
X22.237 Y-13.241
X23.131 Y-13.422
X24.032 Y-13.562
X24.938 Y-13.668
X25.846 Y-13.749
X26.756 Y-13.81
X27.666 Y-13.856
X28.577 Y-13.891
X29.489 Y-13.917
X30.4 Y-13.936
X31.312 Y-13.951
X32.224 Y-13.961
X33.136 Y-13.969
X34.047 Y-13.975
X34.959 Y-13.979
X36.783 Y-13.984
X39.518 Y-13.987
X44.989 Y-13.988
X54.791 Y-13.986
G3 X55.376 Y-13.539 R0.635
G1 X55.405 Y-13.444 Z-14.636
X55.433 Y-13.351 Z-14.613
X55.461 Y-13.263 Z-14.575
X55.486 Y-13.182 Z-14.523
X55.508 Y-13.109 Z-14.458
X55.527 Y-13.048 Z-14.382
X55.542 Y-12.998 Z-14.297
X55.553 Y-12.961 Z-14.205
X55.56 Y-12.939 Z-14.108
X55.563 Y-12.932 Z-14.009
G0 Z5.
X52.604 Y-44.894
Z-8.969
G1 Z-9.604 F3048.
Z-14.644 F1500.
X52.656 Y-44.763 F3048.
X52.714 Y-44.625
X52.741 Y-44.467
X52.738 Y-44.271
X52.688 Y-44.037
X52.46 Y-43.859
X52.2 Y-43.682
X51.878 Y-43.49
X51.49 Y-43.293
X51.007 Y-43.085
X50.421 Y-42.875
X49.662 Y-42.658
X48.771 Y-42.463
X47.87 Y-42.319
X46.965 Y-42.211
X46.057 Y-42.13
X45.147 Y-42.07
X44.236 Y-42.024
X43.325 Y-41.99
X42.414 Y-41.964
X41.502 Y-41.945
X40.59 Y-41.931
X39.679 Y-41.92
X38.767 Y-41.912
X37.855 Y-41.906
X36.943 Y-41.902
X35.12 Y-41.896
X32.384 Y-41.893
X27.825 Y-41.891
X15.516 Y-41.893
G3 X14.931 Y-42.341 R0.635
G1 X14.902 Y-42.436 Z-14.636
X14.873 Y-42.529 Z-14.613
X14.846 Y-42.617 Z-14.575
X14.821 Y-42.698 Z-14.523
X14.799 Y-42.77 Z-14.458
X14.78 Y-42.832 Z-14.382
X14.765 Y-42.882 Z-14.297
X14.753 Y-42.918 Z-14.205
X14.746 Y-42.94 Z-14.108
X14.744 Y-42.948 Z-14.009
G0 Z5.
X54.594 Y-42.992
Z-8.969
G1 Z-9.604 F3048.
Z-14.644 F1500.
X54.366 F3048.
X54.141 Y-42.959
X53.922 Y-42.895
X53.094 Y-42.514
X52.658 Y-42.224
X52.144 Y-41.929
X51.537 Y-41.629
X50.875 Y-41.354
X50.073 Y-41.079
X49.193 Y-40.84
X48.302 Y-40.65
X47.402 Y-40.501
X46.498 Y-40.383
X45.591 Y-40.292
X44.682 Y-40.221
X43.772 Y-40.166
X42.861 Y-40.123
X41.949 Y-40.09
X41.038 Y-40.065
X40.126 Y-40.045
X39.215 Y-40.031
X38.303 Y-40.019
X37.391 Y-40.011
X36.479 Y-40.004
X35.568 Y-39.999
X33.744 Y-39.993
X31.009 Y-39.989
X26.45 Y-39.987
X16.534 Y-39.988
X16.308 Y-39.956
X16.089 Y-39.891
X15.882 Y-39.796
X15.691 Y-39.672
X15.519 Y-39.522
X15.445 Y-39.435
X15.377 Y-39.344
X15.316 Y-39.247
X15.262 Y-39.147
X15.216 Y-39.043
X15.177 Y-38.936
X15.145 Y-38.826
G3 X14.555 Y-38.387 R0.635
G1 X14.455 Y-38.385 Z-14.636
X14.358 Y-38.383 Z-14.613
X14.266 Y-38.381 Z-14.575
X14.181 Y-38.379 Z-14.523
X14.106 Y-38.377 Z-14.458
X14.041 Y-38.376 Z-14.382
X13.989 Y-38.375 Z-14.297
X13.951 Y-38.374 Z-14.205
X13.928 Z-14.108
X13.92 Y-38.373 Z-14.009
G0 Z5.
X19.897 Y-12.468
Z-8.969
G1 Z-9.604 F3048.
Z-14.644 F1500.
X19.835 Y-12.595 F3048.
X19.884 Y-12.737
X19.95 Y-12.871
X20.027 Y-13.
X20.114 Y-13.123
X20.229 Y-13.265
X20.372 Y-13.421
X20.533 Y-13.575
X20.741 Y-13.75
X20.991 Y-13.934
X21.285 Y-14.123
X21.654 Y-14.328
X22.09 Y-14.535
X22.633 Y-14.752
X23.32 Y-14.976
X24.204 Y-15.203
X25.099 Y-15.373
X26.002 Y-15.501
X26.909 Y-15.598
X27.818 Y-15.671
X28.728 Y-15.726
X29.639 Y-15.768
X30.55 Y-15.8
X31.461 Y-15.824
X32.373 Y-15.842
X33.285 Y-15.855
X34.197 Y-15.865
X35.108 Y-15.873
X36.02 Y-15.879
X36.932 Y-15.883
X38.756 Y-15.888
X41.491 Y-15.891
X46.05 Y-15.893
X53.914 Y-15.891
X54.14 Y-15.924
X54.359 Y-15.989
X54.566 Y-16.084
X54.757 Y-16.208
X54.929 Y-16.358
X55.003 Y-16.444
X55.071 Y-16.536
X55.132 Y-16.632
X55.186 Y-16.733
X55.232 Y-16.837
X55.271 Y-16.944
X55.303 Y-17.053
X55.326 Y-17.165
G3 X55.884 Y-17.646 R0.635
G1 X55.983 Y-17.655 Z-14.636
X56.079 Y-17.664 Z-14.613
X56.171 Y-17.672 Z-14.575
X56.255 Y-17.68 Z-14.523
X56.331 Y-17.687 Z-14.458
X56.395 Y-17.693 Z-14.382
X56.447 Y-17.698 Z-14.297
X56.485 Y-17.702 Z-14.205
X56.508 Y-17.704 Z-14.108
X56.516 Z-14.009
G0 Z5.
X50.875 Y-41.354
Z-8.969
G1 Z-9.604 F3048.
Z-14.644 F1500.
X50.93 Y-41.224 F3048.
X50.874 Y-41.084
X50.801 Y-40.953
X50.717 Y-40.829
X50.625 Y-40.71
X50.505 Y-40.575
X50.351 Y-40.422
X50.17 Y-40.264
X49.949 Y-40.095
X49.67 Y-39.908
X49.346 Y-39.72
X48.934 Y-39.515
X48.435 Y-39.305
X47.804 Y-39.087
X46.983 Y-38.86
X46.09 Y-38.674
X45.189 Y-38.533
X44.284 Y-38.426
X43.376 Y-38.345
X42.466 Y-38.282
X41.555 Y-38.235
X40.644 Y-38.198
X39.733 Y-38.17
X38.821 Y-38.149
X37.91 Y-38.132
X36.998 Y-38.12
X36.086 Y-38.11
X35.175 Y-38.103
X34.263 Y-38.097
X33.351 Y-38.093
X31.527 Y-38.088
X28.792 Y-38.084
X24.233 Y-38.082
X17.508 Y-38.083
X17.283 Y-38.05
X17.064 Y-37.986
X16.857 Y-37.891
X16.665 Y-37.767
X16.494 Y-37.617
X16.345 Y-37.444
X16.223 Y-37.251
X16.13 Y-37.043
X16.068 Y-36.824
X16.037 Y-36.598
X16.04 Y-36.37
X16.074 Y-36.145
X16.342 Y-35.273
X16.49 Y-35.014
X16.646 Y-34.694
X16.813 Y-34.289
X16.988 Y-33.771
X17.171 Y-33.088
X17.351 Y-32.194
X17.477 Y-31.291
X17.566 Y-30.384
X17.629 Y-29.474
X17.675 Y-28.564
X17.708 Y-27.652
X17.732 Y-26.741
X17.749 Y-25.829
X17.762 Y-24.918
X17.771 Y-24.006
X17.778 Y-23.094
X17.783 Y-22.182
X17.789 Y-20.359
X17.792 Y-18.535
X17.795 Y-17.623
X17.796 Y-13.292
G3 X17.348 Y-12.707 R0.635
G1 X17.253 Y-12.678 Z-14.636
X17.161 Y-12.65 Z-14.613
X17.073 Y-12.623 Z-14.575
X16.991 Y-12.597 Z-14.523
X16.919 Y-12.575 Z-14.458
X16.857 Y-12.556 Z-14.382
X16.807 Y-12.541 Z-14.297
X16.771 Y-12.53 Z-14.205
X16.749 Y-12.523 Z-14.108
X16.741 Y-12.52 Z-14.009
G0 Z5.
X20.741 Y-13.75
Z-8.969
G1 Z-9.604 F3048.
Z-14.644 F1500.
X20.659 Y-13.848 F3048.
X20.56 Y-13.961
X20.491 Y-14.095
X20.438 Y-14.275
X20.428 Y-14.385
X20.537 Y-14.55
X20.676 Y-14.733
X20.833 Y-14.913
X21.037 Y-15.12
X21.262 Y-15.32
X21.542 Y-15.539
X21.875 Y-15.767
X22.257 Y-15.994
X22.72 Y-16.23
X23.284 Y-16.473
X23.951 Y-16.712
X24.804 Y-16.957
X25.695 Y-17.152
X26.594 Y-17.303
X27.498 Y-17.418
X28.406 Y-17.508
X29.315 Y-17.576
X30.225 Y-17.629
X31.136 Y-17.67
X32.048 Y-17.701
X32.959 Y-17.725
X33.871 Y-17.743
X34.782 Y-17.757
X35.694 Y-17.767
X36.606 Y-17.775
X37.518 Y-17.781
X38.43 Y-17.786
X40.253 Y-17.791
X42.989 Y-17.795
X47.548 Y-17.797
X52.791
X53.019
X53.244 Y-17.831
X53.463 Y-17.896
X53.669 Y-17.992
X53.86 Y-18.116
X54.031 Y-18.267
X54.179 Y-18.44
X54.301 Y-18.633
X54.393 Y-18.841
X54.455 Y-19.061
X54.485 Y-19.287
X54.482 Y-19.515
X54.446 Y-19.74
X54.177 Y-20.611
X54.036 Y-20.845
X53.883 Y-21.141
X53.722 Y-21.508
X53.551 Y-21.979
X53.372 Y-22.59
X53.185 Y-23.422
X53.042 Y-24.322
X52.942 Y-25.229
X52.871 Y-26.138
X52.82 Y-27.048
X52.784 Y-27.959
X52.757 Y-28.871
X52.738 Y-29.782
X52.725 Y-30.694
X52.715 Y-31.606
X52.707 Y-32.517
X52.702 Y-33.429
X52.697 Y-34.797
X52.691 Y-35.709
X52.69 Y-37.532
X52.689 Y-40.154
G3 X53.137 Y-40.739 R0.635
G1 X53.232 Y-40.768 Z-14.636
X53.324 Y-40.796 Z-14.613
X53.412 Y-40.824 Z-14.575
X53.493 Y-40.849 Z-14.523
X53.566 Y-40.871 Z-14.458
X53.628 Y-40.89 Z-14.382
X53.677 Y-40.905 Z-14.297
X53.714 Y-40.917 Z-14.205
X53.736 Y-40.923 Z-14.108
X53.743 Y-40.926 Z-14.009
G0 Z5.
X49.949 Y-40.095
Z-8.969
G1 Z-9.604 F3048.
Z-14.644 F1500.
X50.027 Y-39.992 F3048.
X50.12 Y-39.875
X50.184 Y-39.736
X50.229 Y-39.554
X50.241 Y-39.329
X50.094 Y-39.149
X49.91 Y-38.952
X49.705 Y-38.759
X49.441 Y-38.539
X49.149 Y-38.327
X48.788 Y-38.098
X48.369 Y-37.869
X47.849 Y-37.627
X47.244 Y-37.39
X46.478 Y-37.146
X45.593 Y-36.925
X44.697 Y-36.755
X43.795 Y-36.624
X42.889 Y-36.522
X41.98 Y-36.443
X41.071 Y-36.382
X40.16 Y-36.334
X39.249 Y-36.298
X38.338 Y-36.269
X37.426 Y-36.248
X36.514 Y-36.231
X35.603 Y-36.218
X34.691 Y-36.208
X33.779 Y-36.2
X32.867 Y-36.194
X31.956 Y-36.19
X30.132 Y-36.184
X27.397 Y-36.18
X22.837 Y-36.178
X18.62
X18.392 Y-36.177
X18.167 Y-36.143
X17.949 Y-36.077
X17.742 Y-35.981
X17.551 Y-35.856
X17.38 Y-35.706
X17.233 Y-35.532
X17.112 Y-35.339
X17.019 Y-35.13
X16.958 Y-34.911
X16.929 Y-34.685
X16.932 Y-34.457
X16.968 Y-34.232
X17.036 Y-34.014
X17.134 Y-33.808
X17.261 Y-33.619
X17.413 Y-33.449
X17.563 Y-33.325
X17.679 Y-33.215
X17.81 Y-33.074
X17.942 Y-32.913
X18.088 Y-32.708
X18.245 Y-32.456
X18.408 Y-32.153
X18.582 Y-31.772
X18.762 Y-31.3
X18.95 Y-30.696
X19.144 Y-29.891
X19.3 Y-28.992
X19.412 Y-28.087
X19.492 Y-27.179
X19.549 Y-26.269
X19.591 Y-25.358
X19.621 Y-24.447
X19.643 Y-23.535
X19.659 Y-22.624
X19.67 Y-21.712
X19.679 Y-20.8
X19.693 Y-19.889
X19.697 Y-18.977
X19.7 Y-17.381
X19.701 Y-14.76
G3 X19.253 Y-14.175 R0.635
G1 X19.158 Y-14.146 Z-14.636
X19.066 Y-14.117 Z-14.613
X18.978 Y-14.09 Z-14.575
X18.896 Y-14.065 Z-14.523
X18.824 Y-14.043 Z-14.458
X18.762 Y-14.024 Z-14.382
X18.712 Y-14.008 Z-14.297
X18.676 Y-13.997 Z-14.205
X18.654 Y-13.99 Z-14.108
X18.646 Y-13.988 Z-14.009
G0 Z5.
X16.962 Y-33.926
Z-12.009
G1 Z-12.644 F3048.
Z-14.644
G3 X16.709 Y-34.041 R0.196
X16.813 Y-34.289 R0.196
G1 X16.959 Y-34.349
X17.259 Y-34.509
X17.495 Y-34.582
X17.776 Y-34.612
X18.102 Y-34.584
X18.469 Y-34.48
X18.878 Y-34.273
X19.198 Y-33.841
X19.51 Y-33.358
X19.803 Y-32.833
X20.084 Y-32.243
X20.363 Y-31.547
X20.628 Y-30.739
X20.856 Y-29.856
X21.034 Y-28.962
X21.171 Y-28.06
X21.276 Y-27.155
X21.357 Y-26.246
X21.419 Y-25.337
X21.465 Y-24.426
X21.5 Y-23.515
X21.528 Y-22.603
X21.55 Y-21.692
X21.582 Y-20.781
X21.596 Y-19.869
X21.601 Y-18.957
X21.604 Y-17.589
G3 X21.157 Y-17.004 R0.635
G1 X21.062 Y-16.975 Z-14.636
X20.97 Y-16.946 Z-14.613
X20.882 Y-16.919 Z-14.575
X20.801 Y-16.894 Z-14.523
X20.728 Y-16.871 Z-14.458
X20.666 Y-16.852 Z-14.382
X20.617 Y-16.837 Z-14.297
X20.58 Y-16.826 Z-14.205
X20.558 Y-16.819 Z-14.108
X20.551 Y-16.816 Z-14.009
G0 Z5.
X52.677 Y-17.797
Z-8.969
G1 Z-9.604 F3048.
Z-14.644 F1500.
Y-18.025 F3048.
X52.546 Y-18.927
X52.41 Y-19.829
X52.098 Y-20.685
X51.828 Y-21.556
X51.602 Y-22.44
X51.418 Y-23.333
X51.272 Y-24.233
X51.157 Y-25.137
X51.068 Y-26.045
X50.999 Y-26.954
X50.947 Y-27.864
X50.906 Y-28.775
X50.876 Y-29.687
X50.852 Y-30.598
X50.835 Y-31.51
X50.822 Y-32.421
X50.8 Y-33.333
X50.794 Y-34.245
X50.79 Y-35.157
X50.786 Y-36.296
X50.785 Y-38.006
G3 X51.232 Y-38.591 R0.635
G1 X51.327 Y-38.62 Z-14.636
X51.42 Y-38.649 Z-14.613
X51.507 Y-38.676 Z-14.575
X51.589 Y-38.701 Z-14.523
X51.661 Y-38.723 Z-14.458
X51.723 Y-38.742 Z-14.382
X51.773 Y-38.758 Z-14.297
X51.809 Y-38.769 Z-14.205
X51.831 Y-38.776 Z-14.108
X51.839 Y-38.778 Z-14.009
G0 Z5.
X48.369 Y-37.869
Z-8.969
G1 Z-9.604 F3048.
Z-14.644 F1500.
X48.435 Y-37.75 F3048.
X48.51 Y-37.62
X48.556 Y-37.466
X48.575 Y-37.269
X48.554 Y-37.033
X48.372 Y-36.856
X48.142 Y-36.66
X47.862 Y-36.45
X47.542 Y-36.24
X47.141 Y-36.013
X46.671 Y-35.786
X46.093 Y-35.55
X45.366 Y-35.307
X44.485 Y-35.073
X43.591 Y-34.893
X42.69 Y-34.754
X41.784 Y-34.646
X40.876 Y-34.562
X39.967 Y-34.497
X39.057 Y-34.446
X38.9 Y-34.439
X38.623 Y-34.451
X38.353 Y-34.511
X38.098 Y-34.617
X37.497 Y-34.927
X37.29 Y-35.022
X36.876 Y-35.204
X36.669 Y-35.275
X36.255 Y-35.384
X36.048 Y-35.435
X35.635 Y-35.533
X35.428 Y-35.565
X35.014 Y-35.608
X34.807 Y-35.615
X33.773
X33.566 Y-35.608
X33.152 Y-35.565
X32.945 Y-35.533
X32.532 Y-35.435
X32.325 Y-35.384
X31.911 Y-35.275
X31.704 Y-35.204
X31.67 Y-35.189
X31.457 Y-35.107
X30.967 Y-34.95
X30.312 Y-34.784
X29.415 Y-34.618
X28.51 Y-34.507
X27.601 Y-34.433
X26.691 Y-34.382
X25.78 Y-34.348
X24.87 Y-34.284
X23.958 Y-34.274
X23.047 Y-34.273
X20.881
G3 X20.296 Y-34.72 R0.635
G1 X20.267 Y-34.815 Z-14.636
X20.239 Y-34.908 Z-14.613
X20.211 Y-34.996 Z-14.575
X20.186 Y-35.077 Z-14.523
X20.164 Y-35.149 Z-14.458
X20.145 Y-35.211 Z-14.382
X20.13 Y-35.261 Z-14.297
X20.118 Y-35.297 Z-14.205
X20.112 Y-35.319 Z-14.108
X20.109 Y-35.327 Z-14.009
G0 Z5.
X31.67 Y-35.189
Z-8.969
G1 Z-9.604 F3048.
Z-14.644 F1500.
X31.29 Y-35.022 F3048.
X31.083 Y-34.927
X30.588 Y-34.672
X30.463 Y-34.607
X29.842 Y-34.25
X29.587 Y-34.051
X29.497 Y-33.982
X29.31 Y-33.85
X29.076 Y-33.707
X28.786 Y-33.554
X28.428 Y-33.393
X27.924 Y-33.204
X27.272 Y-33.007
X26.524 Y-32.832
X25.625 Y-32.682
X25.186 Y-32.559
X24.287 Y-32.404
X23.376 Y-32.373
X22.692 Y-32.37
X22.008 Y-32.369
X21.783 Y-32.336
X21.564 Y-32.271
X21.357 Y-32.175
X21.166 Y-32.051
X21.08 Y-31.976
X21. Y-31.895
X20.926 Y-31.808
X20.859 Y-31.716
X20.798 Y-31.62
G3 X20.107 Y-31.365 R0.635
G1 X20.011 Y-31.391 Z-14.636
X19.918 Y-31.416 Z-14.613
X19.829 Y-31.44 Z-14.575
X19.747 Y-31.462 Z-14.523
X19.674 Y-31.482 Z-14.458
X19.611 Y-31.499 Z-14.382
X19.561 Y-31.513 Z-14.297
X19.524 Y-31.523 Z-14.205
X19.502 Y-31.529 Z-14.108
X19.494 Y-31.531 Z-14.009
G0 Z5.
X29.587 Y-34.051
Z-8.969
G1 Z-9.604 F3048.
Z-14.644 F1500.
X29.428 Y-33.917 F3048.
X29.221 Y-33.734
X28.808 Y-33.361
X28.675 Y-33.222
X28.601 Y-33.143
X28.496 Y-33.015
X28.329 Y-32.808
X28.256 Y-32.721
X28.135 Y-32.591
X27.983 Y-32.449
X27.761 Y-32.266
X27.459 Y-32.047
X27.135 Y-31.843
X26.73 Y-31.623
X25.903 Y-31.239
X25.523 Y-30.987
X24.968 Y-30.739
X24.08 Y-30.531
X23.625 Y-30.504
X23.397 Y-30.495
X22.942 Y-30.484
X22.717 Y-30.446
X22.5 Y-30.376
X22.295 Y-30.276
X22.107 Y-30.147
X21.939 Y-29.993
X21.795 Y-29.817
X21.677 Y-29.621
X21.589 Y-29.411
X21.532 Y-29.19
X21.507 Y-28.964
X21.514 Y-28.736
X21.555 Y-28.512
X21.843 Y-27.646
X21.978 Y-27.454
X22.122 Y-27.219
X22.277 Y-26.925
X22.441 Y-26.559
X22.615 Y-26.094
X22.796 Y-25.494
X22.987 Y-24.675
X23.137 Y-23.775
X23.247 Y-22.87
X23.328 Y-21.962
X23.459 Y-21.06
X23.494 Y-20.149
X23.504 Y-19.237
X23.506 Y-18.667
X23.539 Y-18.441
X23.605 Y-18.223
X23.701 Y-18.016
X23.825 Y-17.825
X23.976 Y-17.654
X24.149 Y-17.506
X24.342 Y-17.385
X24.551 Y-17.293
X24.77 Y-17.231
X24.996 Y-17.201
X25.224 Y-17.204
X25.449 Y-17.24
X25.667 Y-17.307
X25.873 Y-17.405
X26.062 Y-17.532
X26.417 Y-17.85
X26.585 Y-17.983
X26.789 Y-18.124
X27.048 Y-18.279
X27.361 Y-18.44
X27.76 Y-18.614
X28.257 Y-18.794
X28.908 Y-18.984
X29.794 Y-19.182
X30.695 Y-19.324
X31.601 Y-19.425
X32.51 Y-19.499
X33.42 Y-19.553
X34.331 Y-19.592
X35.242 Y-19.621
X36.154 Y-19.643
X37.065 Y-19.658
X37.977 Y-19.67
X38.889 Y-19.679
X39.801 Y-19.685
X40.712 Y-19.69
X42.536 Y-19.696
X45.272 Y-19.7
X48.007 Y-19.702
X50.287
X50.512 Y-19.735
X50.731 Y-19.799
X50.938 Y-19.895
X51.129 Y-20.018
X51.301 Y-20.169
X51.449 Y-20.342
X51.571 Y-20.534
X51.664 Y-20.742
X51.727 Y-20.961
X51.757 Y-21.187
X51.755 Y-21.415
X51.72 Y-21.641
X51.653 Y-21.858
X51.556 Y-22.065
X51.43 Y-22.255
X51.278 Y-22.425
X51.134 Y-22.546
X51.014 Y-22.66
X50.886 Y-22.8
X50.741 Y-22.979
X50.588 Y-23.195
X50.424 Y-23.46
X50.249 Y-23.791
X50.066 Y-24.196
X49.873 Y-24.707
X49.672 Y-25.368
X49.464 Y-26.247
X49.311 Y-27.146
X49.2 Y-28.051
X49.118 Y-28.959
X49.057 Y-29.869
X49.01 Y-30.779
X48.938 Y-31.688
X48.913 Y-32.6
X48.896 Y-33.512
X48.885 Y-35.107
Y-35.221
G3 X49.33 Y-35.808 R0.635
G1 X49.425 Y-35.837 Z-14.636
X49.517 Y-35.866 Z-14.613
X49.605 Y-35.894 Z-14.575
X49.686 Y-35.919 Z-14.523
X49.759 Y-35.941 Z-14.458
X49.82 Y-35.961 Z-14.382
X49.87 Y-35.976 Z-14.297
X49.906 Y-35.988 Z-14.205
X49.929 Y-35.995 Z-14.108
X49.936 Y-35.997 Z-14.009
G0 Z5.
X28.329 Y-32.808
Z-8.969
G1 Z-9.604 F3048.
Z-14.644 F1500.
X28.187 Y-32.62 F3048.
X27.98 Y-32.33
X27.88 Y-32.187
X27.773 Y-32.028
X27.486 Y-31.565
X27.368 Y-31.358
X27.36 Y-31.339
X27.31 Y-31.237
X27.2 Y-31.061
X27.055 Y-30.86
X26.905 Y-30.678
X26.758 Y-30.521
X26.094 Y-29.897
X25.871 Y-29.601
X25.514 Y-29.28
X25.071 Y-29.013
X24.381 Y-28.76
X24.156 Y-28.724
X23.93 Y-28.693
X23.711 Y-28.63
X23.503 Y-28.536
X23.311 Y-28.414
X23.139 Y-28.265
X22.989 Y-28.093
X22.866 Y-27.901
X22.771 Y-27.694
X22.707 Y-27.475
X22.675 Y-27.249
X22.676 Y-27.021
X22.709 Y-26.796
X22.775 Y-26.578
X22.87 Y-26.371
X23.369 Y-25.607
X23.501 Y-25.461
X23.645 Y-25.281
X23.805 Y-25.053
X23.966 Y-24.787
X24.144 Y-24.447
X24.386 Y-23.905
X24.702 Y-23.049
X25.017 Y-22.449
X25.278 Y-21.582
X25.37 Y-20.675
X25.385 Y-20.219
X25.397 Y-19.649
X25.427 Y-19.424
X25.49 Y-19.204
X25.536 Y-19.1
X25.59 Y-19.
X25.651 Y-18.904
X25.719 Y-18.812
X25.793 Y-18.725
X25.873 Y-18.644
G3 X25.966 Y-17.914 R0.635
G1 X25.919 Y-17.826 Z-14.636
X25.873 Y-17.741 Z-14.613
X25.83 Y-17.66 Z-14.575
X25.79 Y-17.585 Z-14.523
X25.754 Y-17.518 Z-14.458
X25.724 Y-17.461 Z-14.382
X25.699 Y-17.415 Z-14.297
X25.681 Y-17.382 Z-14.205
X25.67 Y-17.361 Z-14.108
X25.666 Y-17.354 Z-14.009
G0 Z5.
X27.36 Y-31.339
Z-8.969
G1 Z-9.604 F3048.
Z-14.644 F1500.
X27.28 Y-31.151 F3048.
X27.153 Y-30.822
X26.946 Y-30.259
X26.899 Y-30.115
X26.82 Y-29.794
X26.558 Y-28.921
X26.433 Y-28.482
X26.292 Y-28.179
X26.043 Y-27.835
X25.7 Y-27.514
X25.314 Y-27.271
X25.107 Y-27.175
X24.916 Y-27.051
X24.745 Y-26.901
X24.597 Y-26.727
X24.475 Y-26.534
X24.382 Y-26.326
X24.32 Y-26.107
X24.291 Y-25.881
X24.293 Y-25.653
X24.329 Y-25.428
X24.396 Y-25.21
X24.494 Y-25.004
X24.999 Y-24.245
X25.159 Y-24.114
X25.341 Y-23.943
X25.539 Y-23.733
X26.119 Y-23.03
X26.388 Y-22.802
X26.661 Y-22.46
X26.943 Y-21.922
X27.187 Y-21.108
X27.198 Y-20.995
X27.239 Y-20.541
X27.292 Y-20.319
X27.375 Y-20.107
X27.488 Y-19.909
X27.629 Y-19.729
X27.793 Y-19.571
X27.979 Y-19.439
X28.181 Y-19.334
X28.397 Y-19.26
X28.621 Y-19.217
X28.848 Y-19.207
X29.075 Y-19.229
X29.297 Y-19.284
X29.508 Y-19.369
X30.295 Y-19.83
X30.46 Y-19.959
X30.66 Y-20.097
X30.908 Y-20.245
X31.218 Y-20.404
X31.262 Y-20.423
X31.513 Y-20.508
X31.774 Y-20.551
X32.039 Y-20.549
X32.299 Y-20.503
X32.532 Y-20.445
X32.945 Y-20.347
X33.152 Y-20.315
X33.566 Y-20.272
X33.773 Y-20.265
X34.807
X35.014 Y-20.272
X35.428 Y-20.315
X35.635 Y-20.347
X36.048 Y-20.445
X36.255 Y-20.496
X36.669 Y-20.605
X36.876 Y-20.676
X36.91 Y-20.691
X37.123 Y-20.773
X37.635 Y-20.934
X38.323 Y-21.103
X39.221 Y-21.264
X40.126 Y-21.372
X41.035 Y-21.445
X41.945 Y-21.495
X42.857 Y-21.53
X43.768 Y-21.554
X44.68 Y-21.57
X45.591 Y-21.6
X46.503 Y-21.605
X47.415 Y-21.607
X49.238
X49.352 Y-21.61
X49.466 Y-21.621
X49.506 Y-21.623
X49.507
X49.561 Y-21.62
X49.615 Y-21.613
X49.687 Y-21.587 Z-14.639
X49.757 Y-21.562 Z-14.626
X49.825 Y-21.537 Z-14.603
X49.887 Y-21.485 Z-14.565
X49.944 Y-21.436 Z-14.517
X49.996 Y-21.393 Z-14.458
X50.029 Y-21.337 Z-14.382
X50.056 Y-21.293 Z-14.297
X50.076 Y-21.261 Z-14.205
X50.088 Y-21.241 Z-14.109
X50.092 Y-21.234 Z-14.009
G0 Z5.
X36.91 Y-20.691
Z-8.969
G1 Z-9.604 F3048.
Z-14.644 F1500.
X37.29 Y-20.858 F3048.
X37.497 Y-20.953
X37.992 Y-21.208
X38.117 Y-21.273
X38.738 Y-21.63
X38.993 Y-21.829
X39.083 Y-21.898
X39.274 Y-22.031
X39.511 Y-22.176
X39.806 Y-22.33
X40.169 Y-22.491
X40.629 Y-22.661
X41.223 Y-22.839
X42.028 Y-23.024
X42.928 Y-23.171
X43.834 Y-23.279
X44.742 Y-23.354
X45.645 Y-23.481
X46.557 Y-23.506
X47.583 Y-23.511
X48.38 Y-23.512
X48.606 Y-23.544
X48.825 Y-23.609
X49.032 Y-23.705
X49.127 Y-23.767
X49.218 Y-23.835
X49.304 Y-23.91
X49.384 Y-23.991
X49.458 Y-24.078
X49.526 Y-24.17
G3 X50.233 Y-24.374 R0.635
G1 X50.327 Y-24.341 Z-14.636
X50.419 Y-24.309 Z-14.613
X50.505 Y-24.278 Z-14.575
X50.586 Y-24.25 Z-14.523
X50.657 Y-24.225 Z-14.458
X50.718 Y-24.204 Z-14.382
X50.767 Y-24.186 Z-14.297
X50.803 Y-24.174 Z-14.205
X50.825 Y-24.166 Z-14.108
X50.833 Y-24.164 Z-14.009
G0 Z5.
X38.993 Y-21.829
Z-8.969
G1 Z-9.604 F3048.
Z-14.644 F1500.
X39.152 Y-21.963 F3048.
X39.359 Y-22.146
X39.772 Y-22.519
X39.905 Y-22.658
X39.979 Y-22.737
X40.084 Y-22.865
X40.186 Y-22.992
X40.338 Y-23.162
X40.46 Y-23.29
X40.616 Y-23.434
X40.816 Y-23.595
X41.041 Y-23.754
X41.324 Y-23.928
X41.664 Y-24.108
X42.08 Y-24.296
X42.792 Y-24.563
X43.45 Y-24.763
X44.338 Y-24.973
X44.765 Y-25.132
X45.652 Y-25.343
X46.562 Y-25.402
X47.132 Y-25.409
X47.36 Y-25.411
X47.587 Y-25.426
X47.81 Y-25.474
X48.024 Y-25.553
X48.224 Y-25.662
X48.406 Y-25.799
X48.567 Y-25.96
X48.704 Y-26.143
X48.812 Y-26.344
X48.891 Y-26.558
X48.938 Y-26.781
X48.953 Y-27.008
X48.936 Y-27.235
X48.885 Y-27.458
X48.56 Y-28.309
X48.427 Y-28.503
X48.276 Y-28.758
X48.103 Y-29.099
X47.932 Y-29.497
X47.625 Y-30.356
X47.377 Y-30.808
X47.136 Y-31.56
X47.028 Y-32.465
X47.012 Y-32.921
X47.004 Y-33.263
X46.996 Y-33.719
X46.993 Y-33.947
X46.957 Y-34.172
X46.89 Y-34.39
X46.792 Y-34.595
X46.729 Y-34.69
X46.659 Y-34.78
X46.583 Y-34.865
X46.501 Y-34.944
X46.413 Y-35.017
X46.321 Y-35.084
X46.224 Y-35.144
G3 X45.961 Y-35.831 R0.635
G1 X45.985 Y-35.928 Z-14.636
X46.01 Y-36.021 Z-14.613
X46.033 Y-36.11 Z-14.575
X46.054 Y-36.193 Z-14.523
X46.073 Y-36.266 Z-14.458
X46.089 Y-36.329 Z-14.382
X46.102 Y-36.379 Z-14.297
X46.112 Y-36.416 Z-14.205
X46.118 Y-36.439 Z-14.108
X46.12 Y-36.446 Z-14.009
G0 Z5.
X40.186 Y-22.992
Z-8.969
G1 Z-9.604 F3048.
Z-14.644 F1500.
X40.251 Y-23.072 F3048.
X40.393 Y-23.26
X40.6 Y-23.55
X40.7 Y-23.693
X40.807 Y-23.852
X41.094 Y-24.315
X41.13 Y-24.378
X41.191 Y-24.474
X41.286 Y-24.61
X41.412 Y-24.766
X41.562 Y-24.931
X41.736 Y-25.099
X41.995 Y-25.319
X42.359 Y-25.59
X42.741 Y-25.838
X43.536 Y-26.284
X43.976 Y-26.628
X44.593 Y-26.943
X45.469 Y-27.195
X45.923 Y-27.242
X46.15 Y-27.257
X46.378 Y-27.269
X46.605 Y-27.283
X46.828 Y-27.33
X47.043 Y-27.408
X47.243 Y-27.516
X47.426 Y-27.652
X47.588 Y-27.812
X47.725 Y-27.995
X47.835 Y-28.194
X47.915 Y-28.408
X47.964 Y-28.631
X47.98 Y-28.858
X47.963 Y-29.085
X47.914 Y-29.308
X47.834 Y-29.521
X47.724 Y-29.721
X47.586 Y-29.903
X47.424 Y-30.063
X47.018 Y-30.363
X46.903 Y-30.459
X46.251 Y-31.097
X46.004 Y-31.281
X45.756 Y-31.552
X45.51 Y-31.956
X45.272 Y-32.595
X45.254 Y-32.707
X45.219 Y-32.933
X45.153 Y-33.151
X45.057 Y-33.357
X44.931 Y-33.548
X44.78 Y-33.718
X44.606 Y-33.865
X44.413 Y-33.986
X44.204 Y-34.078
X43.984 Y-34.139
X43.758 Y-34.168
X43.53 Y-34.164
X43.305 Y-34.127
X42.435 Y-33.854
X42.14 Y-33.694
X41.775 Y-33.525
X41.318 Y-33.349
X41.047 Y-33.264
X40.725 Y-33.198
X40.396 Y-33.2
X40.074 Y-33.27
X39.774 Y-33.405
X39.508 Y-33.599
X39.359 Y-33.734
X39.152 Y-33.917
X38.993 Y-34.051
X38.738 Y-34.25
X38.117 Y-34.607
X38.098 Y-34.617
X38.035 Y-34.658
X37.977 Y-34.706
X37.931 Y-34.767 Z-14.639
X37.887 Y-34.827 Z-14.626
X37.843 Y-34.885 Z-14.603
X37.82 Y-34.962 Z-14.565
X37.799 Y-35.034 Z-14.517
X37.78 Y-35.099 Z-14.458
X37.777 Y-35.136 Z-14.418
X37.776 Y-35.169 Z-14.374
Y-35.17 Z-14.373
X37.78 Y-35.219 Z-14.29
X37.783 Y-35.255 Z-14.2
X37.785 Y-35.277 Z-14.106
X37.786 Y-35.284 Z-14.009
G0 Z5.
X41.13 Y-24.378
Z-8.969
G1 Z-9.604 F3048.
Z-14.644 F1500.
X41.212 Y-24.522 F3048.
X41.22 Y-24.541
X41.3 Y-24.729
X41.427 Y-25.058
X41.634 Y-25.621
X41.675 Y-25.728
X41.783 Y-25.967
X41.915 Y-26.217
X42.045 Y-26.427
X42.209 Y-26.659
X42.496 Y-27.014
X42.983 Y-27.784
X43.291 Y-28.121
X43.811 Y-28.508
X44.507 Y-28.842
X44.728 Y-28.899
X44.839 Y-28.924
X44.95 Y-28.948
X45.398 Y-29.035
X45.51 Y-29.053
X45.61 Y-29.058 Z-14.624
X45.709 Y-29.048 Z-14.604
X45.805 Y-29.022 Z-14.584
X45.896 Y-28.981 Z-14.564
X45.979 Y-28.926 Z-14.544
X46.053 Y-28.859 Z-14.524
X46.115 Y-28.782 Z-14.504
X46.165 Y-28.696 Z-14.484
X46.201 Y-28.602 Z-14.464
X46.221 Y-28.505 Z-14.444
G3 X46.013 Y-27.949 R0.635
G1 X42.667 Y-24.972
G3 X42.069 Y-24.836 R0.635
G1 X41.976 Y-24.871 Z-14.464
X41.89 Y-24.92 Z-14.484
X41.812 Y-24.982 Z-14.504
X41.744 Y-25.055 Z-14.524
X41.689 Y-25.139 Z-14.544
X41.648 Y-25.229 Z-14.564
X41.621 Y-25.325 Z-14.584
X41.61 Y-25.424 Z-14.604
X41.614 Y-25.524 Z-14.624
X41.634 Y-25.621 Z-14.644
X41.681 Y-25.765
X41.783 Y-26.179
X41.831 Y-26.386
X41.901 Y-26.801
X41.974 Y-27.422
X41.998 Y-27.629
Y-28.251
Y-28.43
X42.064 Y-28.775
X42.207 Y-29.131
X42.453 Y-29.512
X42.881 Y-29.957
X43.398 Y-30.322
X43.502 Y-30.369
X43.607 Y-30.414
X44.03 Y-30.583
X44.247 Y-30.651
X44.453 Y-30.75
X44.642 Y-30.877
X44.811 Y-31.03
X44.956 Y-31.206
X45.075 Y-31.401
X45.165 Y-31.61
X45.223 Y-31.831
X45.25 Y-32.057
X45.243 Y-32.285
X45.205 Y-32.51
X45.134 Y-32.726
X45.033 Y-32.931
X44.904 Y-33.119
X44.749 Y-33.286
X44.572 Y-33.43
X44.376 Y-33.546
X44.166 Y-33.634
X43.945 Y-33.69
X43.718 Y-33.714
X43.491 Y-33.706
X43.266 Y-33.665
X43.05 Y-33.592
X42.847 Y-33.489
X42.66 Y-33.358
X42.495 Y-33.202
X42.457 Y-33.154
X42.238 Y-32.928
X41.979 Y-32.75
X41.69 Y-32.627
X41.382 Y-32.563
X41.068 Y-32.56
X40.759 Y-32.62
X40.468 Y-32.74
X40.207 Y-32.914
X39.984 Y-33.136
X39.979 Y-33.143
X39.905 Y-33.222
X39.772 Y-33.361
X39.508 Y-33.599
G3 X39.373 Y-34.323 R0.635
G1 X39.415 Y-34.413 Z-14.636
X39.456 Y-34.501 Z-14.613
X39.495 Y-34.585 Z-14.575
X39.531 Y-34.662 Z-14.523
X39.563 Y-34.73 Z-14.458
X39.59 Y-34.789 Z-14.382
X39.612 Y-34.836 Z-14.297
X39.628 Y-34.871 Z-14.205
X39.638 Y-34.892 Z-14.108
X39.641 Y-34.899 Z-14.009
G0 Z5.
X47.797 Y-29.793
Z-12.009
G1 Z-12.644 F3048.
Z-14.644
G3 X45.27 Y-26.354 R3.018
X41.998 Y-28.251 R3.018
G1 X41.926 Y-28.872
X41.901 Y-29.079
X41.831 Y-29.494
X41.783 Y-29.701
X41.681 Y-30.115
X41.634 Y-30.259
X41.427 Y-30.822
X41.3 Y-31.151
X41.22 Y-31.339
X41.212 Y-31.358
X41.094 Y-31.565
X40.807 Y-32.028
X40.7 Y-32.187
X40.6 Y-32.33
X40.393 Y-32.62
X40.251 Y-32.808
X40.029 Y-33.082
X39.984 Y-33.136
G3 X39.961 Y-33.872 R0.635
G1 X40.016 Y-33.955 Z-14.636
X40.069 Y-34.036 Z-14.613
X40.12 Y-34.112 Z-14.575
X40.167 Y-34.183 Z-14.523
X40.209 Y-34.246 Z-14.458
X40.245 Y-34.3 Z-14.382
X40.274 Y-34.344 Z-14.297
X40.295 Y-34.375 Z-14.205
X40.308 Y-34.395 Z-14.108
X40.312 Y-34.401 Z-14.009
G0 Z5.
X29.083 Y-33.684
Z-12.009
G1 Z-12.644 F3048.
Z-14.644
G2 X26.82 Y-29.794 R7.14
G1 X26.797 Y-29.701
X26.749 Y-29.494
X26.679 Y-29.079
X26.606 Y-28.458
X26.582 Y-28.251
Y-27.629
X26.63 Y-27.215
X26.64 Y-27.065
X26.587 Y-26.746
X26.508 Y-26.532
X26.433 Y-26.317
X26.39 Y-26.093
X26.379 Y-25.865
X26.401 Y-25.638
X26.455 Y-25.417
X26.54 Y-25.205
X26.998 Y-24.417
X27.635 Y-23.764
X28.023 Y-23.431
X28.408 Y-22.946
X28.78 Y-22.229
X28.844 Y-22.01
X28.872 Y-21.9
X28.926 Y-21.678
X29.01 Y-21.466
X29.124 Y-21.269
X29.264 Y-21.09
X29.429 Y-20.932
X29.615 Y-20.8
X29.818 Y-20.696
X30.034 Y-20.623
X30.258 Y-20.58
X30.486 Y-20.571
X30.712 Y-20.594
X30.9 Y-20.641
X31.184 Y-20.713
X31.476 Y-20.719
X31.762 Y-20.656
G3 X32.169 Y-20.043 R0.635
G1 X32.166 Y-19.944 Z-14.636
X32.163 Y-19.847 Z-14.613
X32.16 Y-19.755 Z-14.575
X32.157 Y-19.67 Z-14.523
X32.155 Y-19.594 Z-14.458
X32.153 Y-19.529 Z-14.382
X32.151 Y-19.477 Z-14.297
X32.15 Y-19.439 Z-14.205
X32.149 Y-19.416 Z-14.108
Y-19.408 Z-14.009
G0 Z5.
X26.63 Y-27.215
Z-8.969
G1 Z-9.604 F3048.
Z-14.644 F1500.
X26.679 Y-26.801 F3048.
X26.749 Y-26.386
X26.797 Y-26.179
X26.899 Y-25.765
X26.946 Y-25.621
X27.153 Y-25.058
X27.28 Y-24.729
X27.36 Y-24.541
X27.368 Y-24.522
X27.486 Y-24.315
X27.773 Y-23.852
X27.88 Y-23.693
X27.98 Y-23.55
X28.187 Y-23.26
X28.329 Y-23.072
X28.496 Y-22.865
X28.601 Y-22.737
X28.675 Y-22.658
X28.808 Y-22.519
X29.221 Y-22.146
X29.428 Y-21.963
X29.587 Y-21.829
X29.842 Y-21.63
X30.463 Y-21.273
X30.876 Y-21.059
X31.083 Y-20.953
X31.29 Y-20.858
X31.704 Y-20.676
X31.911 Y-20.605
X32.299 Y-20.503
G3 X32.751 Y-19.921 R0.635
G1 X32.755 Y-19.822 Z-14.636
X32.759 Y-19.725 Z-14.613
X32.763 Y-19.633 Z-14.575
X32.766 Y-19.548 Z-14.523
X32.769 Y-19.473 Z-14.458
X32.772 Y-19.408 Z-14.382
X32.774 Y-19.356 Z-14.297
X32.776 Y-19.318 Z-14.205
X32.777 Y-19.295 Z-14.108
Y-19.287 Z-14.009
G0 Z5.
X45.272 Y-32.595
Z-8.969
G1 Z-9.604 F3048.
Z-14.644 F1500.
X45.059 Y-32.515 F3048.
X44.259 Y-32.078
X43.897 Y-31.801
X43.713 Y-31.665
X43.62 Y-31.6
X43.554 Y-31.564
X43.485 Y-31.535
X43.414 Y-31.523 Z-14.64
X43.344 Y-31.511 Z-14.628
X43.276 Y-31.499 Z-14.607
X43.197 Y-31.514 Z-14.572
X43.123 Y-31.527 Z-14.526
X43.056 Y-31.539 Z-14.47
X43.006 Y-31.567 Z-14.407
X42.963 Y-31.591 Z-14.336
X42.929 Y-31.61 Z-14.26
X42.904 Y-31.624 Z-14.179
X42.889 Y-31.632 Z-14.095
X42.884 Y-31.635 Z-14.01
G0 Z5.
X30.212 Y-38.561
Z-13.12
G1 Z-13.755 F3048.
X30.213 Y-38.553 Z-13.854
X30.215 Y-38.53 Z-13.951
X30.218 Y-38.492 Z-14.043
X30.222 Y-38.44 Z-14.128
X30.227 Y-38.375 Z-14.204
X30.233 Y-38.3 Z-14.269
X30.239 Y-38.215 Z-14.321
X30.246 Y-38.123 Z-14.359
X30.254 Y-38.026 Z-14.382
X30.262 Y-37.927 Z-14.39
G3 X30.156 Y-34.437 R16.211
G1 X30.144 Y-34.371
X30.111 Y-34.314
X30.061 Y-34.271
X29.842 Y-34.142
X29.724 Y-34.051
X29.635 Y-33.981
X29.221 Y-33.617
X29.012 Y-33.429
X28.803 Y-33.222
X28.601 Y-33.004
X28.394 Y-32.747
X28.287 Y-32.601
X27.98 Y-32.175
X27.849 Y-31.979
X27.566 Y-31.532
X27.47 Y-31.358
X27.36 Y-31.108
X27.292 Y-30.944
X27.215 Y-30.737
X27.062 Y-30.322
X26.992 Y-30.115
X26.889 Y-29.701
X26.842 Y-29.494
X26.743 Y-28.872
X26.692 Y-28.458
X26.67 Y-28.251
Y-27.629
X26.692 Y-27.422
X26.743 Y-27.008
X26.842 Y-26.386
X26.889 Y-26.179
X26.992 Y-25.765
X27.062 Y-25.558
X27.215 Y-25.143
X27.292 Y-24.936
X27.36 Y-24.772
X27.47 Y-24.522
X27.566 Y-24.348
X27.849 Y-23.901
X27.988 Y-23.693
X28.287 Y-23.279
X28.394 Y-23.133
X28.601 Y-22.876
X28.808 Y-22.653
X29.015 Y-22.448
X29.244 Y-22.243
X29.635 Y-21.899
X29.724 Y-21.829
X29.842 Y-21.738
X30.463 Y-21.373
X30.67 Y-21.263
X31.083 Y-21.052
X31.191 Y-21.
X31.704 Y-20.771
X31.911 Y-20.7
X32.118 Y-20.638
X32.325 Y-20.585
X32.945 Y-20.437
X33.152 Y-20.405
X33.566 Y-20.361
X33.773 Y-20.353
X34.6
X34.807
X35.014 Y-20.361
X35.428 Y-20.405
X35.635 Y-20.437
X36.259 Y-20.586
X36.462 Y-20.638
X36.669 Y-20.7
X36.876 Y-20.771
X37.389 Y-21.
X37.497 Y-21.052
X37.91 Y-21.263
X38.117 Y-21.373
X38.738 Y-21.738
X38.856 Y-21.829
X38.945 Y-21.899
X39.359 Y-22.263
X39.568 Y-22.451
X39.777 Y-22.658
X39.979 Y-22.876
X40.186 Y-23.133
X40.293 Y-23.279
X40.6 Y-23.705
X40.731 Y-23.901
X41.014 Y-24.348
X41.11 Y-24.522
X41.22 Y-24.772
X41.288 Y-24.936
X41.365 Y-25.143
X41.518 Y-25.558
X41.588 Y-25.765
X41.691 Y-26.179
X41.738 Y-26.386
X41.837 Y-27.008
X41.888 Y-27.422
X41.91 Y-27.629
Y-28.251
X41.888 Y-28.458
X41.837 Y-28.872
X41.738 Y-29.494
X41.691 Y-29.701
X41.588 Y-30.115
X41.518 Y-30.322
X41.365 Y-30.737
X41.288 Y-30.944
X41.22 Y-31.108
X41.11 Y-31.358
X41.014 Y-31.532
X40.731 Y-31.979
X40.592 Y-32.187
X40.293 Y-32.601
X40.186 Y-32.747
X39.979 Y-33.004
X39.772 Y-33.227
X39.565 Y-33.432
X39.336 Y-33.637
X38.945 Y-33.981
X38.856 Y-34.051
X38.738 Y-34.142
X38.117 Y-34.507
X37.91 Y-34.617
X37.497 Y-34.828
X37.389 Y-34.88
X36.876 Y-35.109
X36.669 Y-35.18
X36.462 Y-35.242
X36.255 Y-35.295
X35.635 Y-35.443
X35.428 Y-35.475
X35.014 Y-35.519
X34.807 Y-35.527
X33.98
X33.773
X33.566 Y-35.519
X33.152 Y-35.475
X32.945 Y-35.443
X32.321 Y-35.294
X32.118 Y-35.242
X31.911 Y-35.18
X31.704 Y-35.109
X31.191 Y-34.88
X31.083 Y-34.828
X30.67 Y-34.617
X30.463 Y-34.507
X30.061 Y-34.271
X29.993 Y-34.239
X29.922 Y-34.215
X29.839 Y-34.204 Z-14.384
X29.758 Y-34.194 Z-14.368
X29.68 Y-34.208 Z-14.341
X29.607 Y-34.221 Z-14.303
X29.538 Y-34.233 Z-14.256
X29.485 Y-34.264 Z-14.201
X29.438 Y-34.292 Z-14.139
X29.399 Y-34.315 Z-14.069
X29.368 Y-34.333 Z-13.995
X29.346 Y-34.346 Z-13.916
X29.334 Y-34.356 Z-13.836
X29.33 Y-34.36 Z-13.755
G0 Z5.
X30.293 Y-38.508
Z-12.866
G1 Z-13.501 F3048.
X30.294 Y-38.5 Z-13.6
X30.296 Y-38.477 Z-13.697
X30.299 Y-38.439 Z-13.789
X30.303 Y-38.387 Z-13.874
X30.308 Y-38.322 Z-13.95
X30.314 Y-38.247 Z-14.015
X30.321 Y-38.162 Z-14.067
X30.328 Y-38.071 Z-14.105
X30.336 Y-37.974 Z-14.128
X30.344 Y-37.875 Z-14.136
G3 X30.244 Y-34.384 R16.211
G1 X30.233 Y-34.319
X30.2 Y-34.262
X30.151 Y-34.219
X29.842 Y-34.033
X29.617 Y-33.844
X29.221 Y-33.5
X29.142 Y-33.429
X29.015 Y-33.31
X28.601 Y-32.862
X28.557 Y-32.808
X28.394 Y-32.592
X28.099 Y-32.187
X27.98 Y-32.023
X27.951 Y-31.979
X27.688 Y-31.565
X27.571 Y-31.358
X27.36 Y-30.865
X27.308 Y-30.737
X27.153 Y-30.315
X27.085 Y-30.115
X26.946 Y-29.559
X26.933 Y-29.494
X26.831 Y-28.872
X26.758 Y-28.251
Y-27.629
X26.831 Y-27.008
X26.933 Y-26.386
X26.946 Y-26.321
X27.085 Y-25.765
X27.155 Y-25.558
X27.308 Y-25.143
X27.36 Y-25.015
X27.571 Y-24.522
X27.688 Y-24.315
X27.951 Y-23.901
X27.98 Y-23.857
X28.249 Y-23.486
X28.4 Y-23.279
X28.557 Y-23.072
X28.601 Y-23.018
X29.015 Y-22.57
X29.142 Y-22.451
X29.221 Y-22.38
X29.635 Y-22.021
X29.842 Y-21.847
X30.463 Y-21.473
X30.571 Y-21.415
X30.876 Y-21.255
X31.083 Y-21.15
X31.29 Y-21.054
X31.704 Y-20.866
X31.911 Y-20.797
X32.325 Y-20.678
X32.532 Y-20.625
X32.945 Y-20.527
X33.152 Y-20.494
X33.566 Y-20.45
X33.773 Y-20.442
X34.6 Y-20.441
X34.807 Y-20.442
X35.014 Y-20.45
X35.428 Y-20.494
X35.635 Y-20.527
X36.048 Y-20.625
X36.255 Y-20.678
X36.669 Y-20.797
X36.876 Y-20.866
X37.29 Y-21.054
X37.497 Y-21.15
X37.704 Y-21.255
X38.009 Y-21.415
X38.117 Y-21.473
X38.738 Y-21.847
X38.963 Y-22.036
X39.359 Y-22.38
X39.438 Y-22.451
X39.565 Y-22.57
X39.979 Y-23.018
X40.023 Y-23.072
X40.186 Y-23.288
X40.481 Y-23.693
X40.6 Y-23.857
X40.629 Y-23.901
X40.892 Y-24.315
X41.009 Y-24.522
X41.22 Y-25.015
X41.272 Y-25.143
X41.427 Y-25.565
X41.495 Y-25.765
X41.634 Y-26.321
X41.647 Y-26.386
X41.749 Y-27.008
X41.822 Y-27.629
Y-28.251
X41.749 Y-28.872
X41.647 Y-29.494
X41.634 Y-29.559
X41.495 Y-30.115
X41.425 Y-30.322
X41.272 Y-30.737
X41.22 Y-30.865
X41.009 Y-31.358
X40.892 Y-31.565
X40.629 Y-31.979
X40.6 Y-32.023
X40.331 Y-32.394
X40.18 Y-32.601
X40.023 Y-32.808
X39.979 Y-32.862
X39.565 Y-33.31
X39.438 Y-33.429
X39.359 Y-33.5
X38.945 Y-33.859
X38.738 Y-34.033
X38.117 Y-34.407
X38.009 Y-34.465
X37.704 Y-34.625
X37.497 Y-34.73
X37.29 Y-34.826
X36.876 Y-35.014
X36.669 Y-35.083
X36.255 Y-35.202
X36.048 Y-35.255
X35.635 Y-35.353
X35.428 Y-35.386
X35.014 Y-35.43
X34.807 Y-35.438
X33.98 Y-35.439
X33.773 Y-35.438
X33.566 Y-35.43
X33.152 Y-35.386
X32.945 Y-35.353
X32.532 Y-35.255
X32.325 Y-35.202
X31.911 Y-35.083
X31.704 Y-35.014
X31.29 Y-34.826
X31.083 Y-34.73
X30.876 Y-34.625
X30.571 Y-34.465
X30.463 Y-34.407
X30.151 Y-34.219
X30.083 Y-34.186
X30.012 Y-34.162
X29.926 Y-34.15 Z-14.13
X29.842 Y-34.139 Z-14.112
X29.764 Y-34.153 Z-14.084
X29.691 Y-34.166 Z-14.045
X29.623 Y-34.178 Z-13.997
X29.568 Y-34.211 Z-13.938
X29.52 Y-34.238 Z-13.871
X29.481 Y-34.261 Z-13.797
X29.45 Y-34.279 Z-13.718
X29.43 Y-34.291 Z-13.635
X29.422 Y-34.298 Z-13.568
X29.419 Y-34.301 Z-13.501
G0 Z5.
X30.376 Y-38.457
Z-12.612
G1 Z-13.247 F3048.
X30.377 Y-38.449 Z-13.346
X30.379 Y-38.426 Z-13.443
X30.382 Y-38.388 Z-13.535
X30.386 Y-38.336 Z-13.62
X30.391 Y-38.272 Z-13.696
X30.397 Y-38.196 Z-13.761
X30.404 Y-38.112 Z-13.813
X30.411 Y-38.02 Z-13.851
X30.419 Y-37.923 Z-13.874
X30.427 Y-37.824 Z-13.882
G3 X30.329 Y-34.333 R16.211
G1 X30.318 Y-34.269
X30.287 Y-34.213
X30.238 Y-34.17
X30.041 Y-34.051
X29.842 Y-33.92
X29.635 Y-33.746
X29.508 Y-33.637
X29.221 Y-33.383
X29.053 Y-33.222
X28.845 Y-33.015
X28.601 Y-32.72
X28.187 Y-32.16
X28.057 Y-31.979
X27.98 Y-31.868
X27.918 Y-31.772
X27.773 Y-31.543
X27.671 Y-31.358
X27.489 Y-30.944
X27.401 Y-30.737
X27.323 Y-30.529
X27.247 Y-30.322
X27.177 Y-30.115
X27.073 Y-29.701
X27.024 Y-29.494
X26.92 Y-28.872
X26.847 Y-28.251
Y-27.629
X26.92 Y-27.008
X27.024 Y-26.386
X27.073 Y-26.179
X27.177 Y-25.765
X27.247 Y-25.558
X27.323 Y-25.351
X27.401 Y-25.143
X27.489 Y-24.936
X27.671 Y-24.522
X27.773 Y-24.337
X27.918 Y-24.108
X27.98 Y-24.012
X28.057 Y-23.901
X28.207 Y-23.693
X28.601 Y-23.16
X28.845 Y-22.865
X29.053 Y-22.658
X29.221 Y-22.497
X29.508 Y-22.243
X29.635 Y-22.134
X29.842 Y-21.96
X30.049 Y-21.824
X30.463 Y-21.573
X30.761 Y-21.415
X30.876 Y-21.354
X31.083 Y-21.248
X31.168 Y-21.208
X31.704 Y-20.962
X31.911 Y-20.891
X32.325 Y-20.769
X32.532 Y-20.715
X32.738 Y-20.664
X32.945 Y-20.615
X33.129 Y-20.586
X33.566 Y-20.538
X33.773 Y-20.53
X34.393
X34.807
X35.014 Y-20.538
X35.451 Y-20.586
X35.635 Y-20.615
X35.842 Y-20.664
X36.048 Y-20.715
X36.255 Y-20.769
X36.669 Y-20.891
X36.876 Y-20.962
X37.412 Y-21.208
X37.497 Y-21.248
X37.704 Y-21.354
X37.91 Y-21.463
X38.117 Y-21.573
X38.539 Y-21.829
X38.738 Y-21.96
X38.945 Y-22.134
X39.072 Y-22.243
X39.359 Y-22.497
X39.527 Y-22.658
X39.735 Y-22.865
X39.979 Y-23.16
X40.393 Y-23.72
X40.523 Y-23.901
X40.6 Y-24.012
X40.662 Y-24.108
X40.807 Y-24.337
X40.909 Y-24.522
X41.091 Y-24.936
X41.179 Y-25.143
X41.257 Y-25.351
X41.333 Y-25.558
X41.403 Y-25.765
X41.507 Y-26.179
X41.556 Y-26.386
X41.66 Y-27.008
X41.733 Y-27.629
Y-28.251
X41.66 Y-28.872
X41.556 Y-29.494
X41.507 Y-29.701
X41.403 Y-30.115
X41.333 Y-30.322
X41.257 Y-30.529
X41.179 Y-30.737
X41.091 Y-30.944
X40.909 Y-31.358
X40.807 Y-31.543
X40.662 Y-31.772
X40.6 Y-31.868
X40.523 Y-31.979
X40.373 Y-32.187
X39.979 Y-32.72
X39.735 Y-33.015
X39.527 Y-33.222
X39.359 Y-33.383
X39.072 Y-33.637
X38.945 Y-33.746
X38.738 Y-33.92
X38.531 Y-34.056
X38.117 Y-34.307
X37.819 Y-34.465
X37.704 Y-34.526
X37.497 Y-34.632
X37.412 Y-34.672
X36.876 Y-34.918
X36.669 Y-34.989
X36.255 Y-35.111
X36.048 Y-35.165
X35.842 Y-35.216
X35.635 Y-35.265
X35.451 Y-35.294
X35.014 Y-35.342
X34.807 Y-35.35
X34.187
X33.773
X33.566 Y-35.342
X33.129 Y-35.294
X32.945 Y-35.265
X32.738 Y-35.216
X32.532 Y-35.165
X32.325 Y-35.111
X31.911 Y-34.989
X31.704 Y-34.918
X31.168 Y-34.672
X31.083 Y-34.632
X30.876 Y-34.526
X30.67 Y-34.417
X30.463 Y-34.307
X30.238 Y-34.17
X30.17 Y-34.138
X30.099 Y-34.113
X30.012 Y-34.101 Z-13.876
X29.927 Y-34.089 Z-13.858
X29.849 Y-34.103 Z-13.829
X29.775 Y-34.116 Z-13.79
X29.707 Y-34.128 Z-13.741
X29.651 Y-34.161 Z-13.681
X29.603 Y-34.189 Z-13.612
X29.564 Y-34.212 Z-13.536
X29.534 Y-34.23 Z-13.454
X29.515 Y-34.241 Z-13.368
X29.508 Y-34.247 Z-13.308
X29.506 Y-34.249 Z-13.247
G0 Z5.
X30.471 Y-38.41
Z-12.358
G1 Z-12.993 F3048.
X30.472 Y-38.403 Z-13.092
X30.474 Y-38.379 Z-13.189
X30.477 Y-38.341 Z-13.281
X30.481 Y-38.289 Z-13.366
X30.486 Y-38.225 Z-13.442
X30.492 Y-38.149 Z-13.507
X30.499 Y-38.065 Z-13.559
X30.506 Y-37.973 Z-13.597
X30.513 Y-37.876 Z-13.62
X30.521 Y-37.777 Z-13.628
G3 X30.418 Y-34.286 R16.211
G1 X30.407 Y-34.224
X30.375 Y-34.169
X30.327 Y-34.127
X30.049 Y-33.962
X29.886 Y-33.844
X29.408 Y-33.429
X29.221 Y-33.262
X28.8 Y-32.808
X28.62 Y-32.601
X28.314 Y-32.187
X28.187 Y-32.012
X27.98 Y-31.713
X27.886 Y-31.565
X27.773 Y-31.364
X27.566 Y-30.904
X27.495 Y-30.737
X27.338 Y-30.322
X27.27 Y-30.115
X27.153 Y-29.651
X27.116 Y-29.494
X27.008 Y-28.872
X26.935 Y-28.251
Y-27.629
X27.008 Y-27.008
X27.116 Y-26.386
X27.153 Y-26.229
X27.27 Y-25.765
X27.338 Y-25.558
X27.495 Y-25.143
X27.566 Y-24.976
X27.773 Y-24.516
X27.886 Y-24.315
X27.98 Y-24.167
X28.187 Y-23.868
X28.314 Y-23.693
X28.62 Y-23.279
X28.808 Y-23.064
X29.221 Y-22.618
X29.428 Y-22.433
X29.886 Y-22.036
X30.049 Y-21.918
X30.463 Y-21.672
X30.557 Y-21.622
X31.083 Y-21.348
X31.29 Y-21.248
X31.704 Y-21.057
X31.858 Y-21.
X32.325 Y-20.86
X32.532 Y-20.806
X32.945 Y-20.707
X33.152 Y-20.666
X33.359 Y-20.64
X33.566 Y-20.624
X33.773 Y-20.619
X34.393 Y-20.618
X34.807 Y-20.619
X35.014 Y-20.624
X35.221 Y-20.64
X35.428 Y-20.666
X35.635 Y-20.707
X36.048 Y-20.806
X36.255 Y-20.86
X36.722 Y-21.
X36.876 Y-21.057
X37.29 Y-21.248
X37.497 Y-21.348
X38.023 Y-21.622
X38.117 Y-21.672
X38.531 Y-21.918
X38.694 Y-22.036
X39.172 Y-22.451
X39.359 Y-22.618
X39.78 Y-23.072
X39.96 Y-23.279
X40.266 Y-23.693
X40.393 Y-23.868
X40.6 Y-24.167
X40.694 Y-24.315
X40.807 Y-24.516
X41.014 Y-24.976
X41.085 Y-25.143
X41.242 Y-25.558
X41.31 Y-25.765
X41.427 Y-26.229
X41.464 Y-26.386
X41.572 Y-27.008
X41.645 Y-27.629
Y-28.251
X41.572 Y-28.872
X41.464 Y-29.494
X41.427 Y-29.651
X41.31 Y-30.115
X41.242 Y-30.322
X41.085 Y-30.737
X41.014 Y-30.904
X40.807 Y-31.364
X40.694 Y-31.565
X40.6 Y-31.713
X40.393 Y-32.012
X40.266 Y-32.187
X39.96 Y-32.601
X39.772 Y-32.816
X39.359 Y-33.262
X39.152 Y-33.447
X38.694 Y-33.844
X38.531 Y-33.962
X38.117 Y-34.208
X38.023 Y-34.258
X37.497 Y-34.532
X37.29 Y-34.632
X36.876 Y-34.823
X36.722 Y-34.88
X36.255 Y-35.02
X36.048 Y-35.074
X35.635 Y-35.173
X35.428 Y-35.214
X35.221 Y-35.24
X35.014 Y-35.256
X34.807 Y-35.261
X34.187 Y-35.262
X33.773 Y-35.261
X33.566 Y-35.256
X33.359 Y-35.24
X33.152 Y-35.214
X32.945 Y-35.173
X32.532 Y-35.074
X32.325 Y-35.02
X31.858 Y-34.88
X31.704 Y-34.823
X31.29 Y-34.632
X31.083 Y-34.532
X30.528 Y-34.243
X30.463 Y-34.208
X30.327 Y-34.127
X30.259 Y-34.095
X30.188 Y-34.071
X30.104 Y-34.06 Z-13.622
X30.022 Y-34.049 Z-13.605
X29.944 Y-34.063 Z-13.578
X29.87 Y-34.077 Z-13.54
X29.802 Y-34.089 Z-13.492
X29.748 Y-34.12 Z-13.436
X29.701 Y-34.148 Z-13.372
X29.662 Y-34.171 Z-13.301
X29.631 Y-34.189 Z-13.225
X29.61 Y-34.202 Z-13.145
X29.599 Y-34.211 Z-13.069
X29.596 Y-34.214 Z-12.993
G0 Z5.
X30.546 Y-38.348
Z-12.104
G1 Z-12.739 F3048.
Y-38.34 Z-12.838
X30.548 Y-38.317 Z-12.935
X30.551 Y-38.279 Z-13.027
X30.555 Y-38.227 Z-13.112
X30.56 Y-38.163 Z-13.188
X30.566 Y-38.087 Z-13.253
X30.572 Y-38.002 Z-13.305
X30.579 Y-37.911 Z-13.343
X30.587 Y-37.814 Z-13.366
X30.594 Y-37.715 Z-13.374
G3 X30.484 Y-34.224 R16.211
G1 X30.473 Y-34.163
X30.443 Y-34.109
X30.395 Y-34.07
X30.256 Y-33.989
X30.042 Y-33.844
X29.842 Y-33.694
X29.428 Y-33.332
X29.305 Y-33.222
X29.221 Y-33.144
X28.808 Y-32.693
X28.601 Y-32.432
X28.394 Y-32.151
X28.272 Y-31.979
X27.98 Y-31.552
X27.871 Y-31.358
X27.68 Y-30.944
X27.589 Y-30.737
X27.435 Y-30.322
X27.359 Y-30.115
X27.306 Y-29.908
X27.256 Y-29.701
X27.207 Y-29.494
X27.097 Y-28.872
X27.024 Y-28.251
Y-27.629
X27.097 Y-27.008
X27.207 Y-26.386
X27.256 Y-26.179
X27.306 Y-25.972
X27.36 Y-25.764
X27.435 Y-25.558
X27.589 Y-25.143
X27.68 Y-24.936
X27.871 Y-24.522
X27.98 Y-24.328
X28.272 Y-23.901
X28.394 Y-23.729
X28.601 Y-23.448
X28.808 Y-23.187
X29.221 Y-22.736
X29.305 Y-22.658
X29.428 Y-22.548
X29.842 Y-22.186
X30.049 Y-22.031
X30.256 Y-21.891
X30.463 Y-21.771
X31.083 Y-21.447
X31.146 Y-21.415
X31.29 Y-21.345
X31.497 Y-21.247
X31.704 Y-21.153
X31.911 Y-21.079
X32.325 Y-20.951
X32.532 Y-20.896
X32.958 Y-20.793
X33.152 Y-20.763
X33.566 Y-20.716
X33.773 Y-20.708
X34.393 Y-20.707
X34.807 Y-20.708
X35.014 Y-20.716
X35.428 Y-20.763
X35.622 Y-20.793
X36.048 Y-20.896
X36.255 Y-20.951
X36.669 Y-21.079
X36.876 Y-21.153
X37.083 Y-21.247
X37.29 Y-21.345
X37.434 Y-21.415
X37.91 Y-21.663
X38.117 Y-21.771
X38.324 Y-21.891
X38.538 Y-22.036
X38.738 Y-22.186
X39.152 Y-22.548
X39.275 Y-22.658
X39.359 Y-22.736
X39.772 Y-23.187
X39.979 Y-23.448
X40.186 Y-23.729
X40.308 Y-23.901
X40.6 Y-24.328
X40.709 Y-24.522
X40.9 Y-24.936
X40.991 Y-25.143
X41.145 Y-25.558
X41.221 Y-25.765
X41.274 Y-25.972
X41.324 Y-26.179
X41.373 Y-26.386
X41.483 Y-27.008
X41.556 Y-27.629
Y-28.251
X41.483 Y-28.872
X41.373 Y-29.494
X41.324 Y-29.701
X41.274 Y-29.908
X41.22 Y-30.116
X41.145 Y-30.322
X40.991 Y-30.737
X40.9 Y-30.944
X40.709 Y-31.358
X40.6 Y-31.552
X40.308 Y-31.979
X40.186 Y-32.151
X39.979 Y-32.432
X39.772 Y-32.693
X39.359 Y-33.144
X39.275 Y-33.222
X39.152 Y-33.332
X38.738 Y-33.694
X38.531 Y-33.849
X38.324 Y-33.989
X38.117 Y-34.109
X37.497 Y-34.433
X37.434 Y-34.465
X37.29 Y-34.535
X37.083 Y-34.633
X36.876 Y-34.727
X36.669 Y-34.801
X36.255 Y-34.929
X36.048 Y-34.984
X35.622 Y-35.087
X35.428 Y-35.117
X35.014 Y-35.164
X34.807 Y-35.172
X34.187 Y-35.173
X33.773 Y-35.172
X33.566 Y-35.164
X33.152 Y-35.117
X32.958 Y-35.087
X32.532 Y-34.984
X32.325 Y-34.929
X31.911 Y-34.801
X31.704 Y-34.727
X31.497 Y-34.633
X31.29 Y-34.535
X31.146 Y-34.465
X30.492 Y-34.124
X30.463 Y-34.109
X30.395 Y-34.07
X30.327 Y-34.038
X30.255 Y-34.015
X30.175 Y-34.005 Z-13.369
X30.096 Y-33.995 Z-13.353
X30.018 Y-34.009 Z-13.327
X29.945 Y-34.022 Z-13.29
X29.876 Y-34.034 Z-13.244
X29.812 Y-34.072 Z-13.176
X29.757 Y-34.104 Z-13.098
X29.714 Y-34.129 Z-13.01
X29.684 Y-34.147 Z-12.916
X29.67 Y-34.16 Z-12.828
X29.665 Y-34.164 Z-12.739
G0 Z5.
X30.682 Y-38.304
Z-11.85
G1 Z-12.485 F3048.
X30.683 Y-38.296 Z-12.584
X30.684 Y-38.273 Z-12.681
X30.687 Y-38.235 Z-12.773
X30.69 Y-38.183 Z-12.858
X30.695 Y-38.118 Z-12.934
X30.7 Y-38.043 Z-12.999
X30.706 Y-37.958 Z-13.051
X30.713 Y-37.866 Z-13.089
X30.719 Y-37.769 Z-13.112
X30.726 Y-37.67 Z-13.12
G3 X30.594 Y-34.18 R16.211
G1 X30.583 Y-34.121
X30.552 Y-34.069
X30.504 Y-34.031
X30.463 Y-34.009
X30.256 Y-33.878
X29.914 Y-33.637
X29.842 Y-33.58
X29.635 Y-33.398
X29.428 Y-33.213
X29.221 Y-33.022
X29.015 Y-32.795
X28.848 Y-32.601
X28.683 Y-32.394
X28.601 Y-32.289
X28.526 Y-32.187
X28.394 Y-32.001
X28.101 Y-31.565
X27.98 Y-31.383
X27.773 Y-30.941
X27.683 Y-30.737
X27.528 Y-30.322
X27.455 Y-30.115
X27.36 Y-29.764
X27.344 Y-29.701
X27.299 Y-29.494
X27.185 Y-28.872
X27.112 Y-28.251
Y-27.629
X27.185 Y-27.008
X27.299 Y-26.386
X27.344 Y-26.179
X27.36 Y-26.116
X27.455 Y-25.765
X27.528 Y-25.558
X27.683 Y-25.143
X27.775 Y-24.936
X27.98 Y-24.497
X28.101 Y-24.315
X28.394 Y-23.879
X28.526 Y-23.693
X28.601 Y-23.591
X28.683 Y-23.486
X28.848 Y-23.279
X29.015 Y-23.085
X29.221 Y-22.858
X29.438 Y-22.658
X29.671 Y-22.451
X29.842 Y-22.3
X29.914 Y-22.243
X30.256 Y-22.002
X30.463 Y-21.871
X31.083 Y-21.546
X31.351 Y-21.415
X31.497 Y-21.344
X31.704 Y-21.247
X31.803 Y-21.208
X32.325 Y-21.042
X32.471 Y-21.
X32.945 Y-20.886
X33.152 Y-20.852
X33.566 Y-20.805
X33.773 Y-20.796
X34.393 Y-20.795
X34.807 Y-20.796
X35.014 Y-20.805
X35.428 Y-20.852
X35.635 Y-20.886
X36.109 Y-21.
X36.255 Y-21.042
X36.777 Y-21.208
X36.876 Y-21.247
X37.083 Y-21.344
X37.29 Y-21.444
X37.497 Y-21.546
X38.117 Y-21.871
X38.324 Y-22.002
X38.666 Y-22.243
X38.738 Y-22.3
X38.945 Y-22.482
X39.152 Y-22.667
X39.359 Y-22.858
X39.565 Y-23.085
X39.732 Y-23.279
X39.897 Y-23.486
X39.979 Y-23.591
X40.054 Y-23.693
X40.186 Y-23.879
X40.479 Y-24.315
X40.6 Y-24.497
X40.807 Y-24.939
X40.897 Y-25.143
X41.052 Y-25.558
X41.125 Y-25.765
X41.22 Y-26.116
X41.236 Y-26.179
X41.281 Y-26.386
X41.395 Y-27.008
X41.468 Y-27.629
Y-28.251
X41.395 Y-28.872
X41.281 Y-29.494
X41.236 Y-29.701
X41.22 Y-29.764
X41.125 Y-30.115
X41.052 Y-30.322
X40.897 Y-30.737
X40.805 Y-30.944
X40.6 Y-31.383
X40.479 Y-31.565
X40.186 Y-32.001
X40.054 Y-32.187
X39.979 Y-32.289
X39.897 Y-32.394
X39.732 Y-32.601
X39.565 Y-32.795
X39.359 Y-33.022
X39.142 Y-33.222
X38.909 Y-33.429
X38.738 Y-33.58
X38.666 Y-33.637
X38.324 Y-33.878
X38.117 Y-34.009
X37.497 Y-34.334
X37.229 Y-34.465
X37.083 Y-34.536
X36.876 Y-34.633
X36.777 Y-34.672
X36.255 Y-34.838
X36.109 Y-34.88
X35.635 Y-34.994
X35.428 Y-35.028
X35.014 Y-35.075
X34.807 Y-35.084
X34.187 Y-35.085
X33.773 Y-35.084
X33.566 Y-35.075
X33.152 Y-35.028
X32.945 Y-34.994
X32.471 Y-34.88
X32.325 Y-34.838
X31.803 Y-34.672
X31.704 Y-34.633
X31.497 Y-34.536
X31.29 Y-34.436
X31.083 Y-34.334
X30.504 Y-34.031
X30.434 Y-34.002
X30.362 Y-33.982
X30.294 Y-33.975 Z-13.116
X30.227 Y-33.967 Z-13.105
X30.15 Y-33.981 Z-13.082
X30.076 Y-33.994 Z-13.05
X30.007 Y-34.007 Z-13.008
X29.947 Y-34.042 Z-12.951
X29.894 Y-34.073 Z-12.886
X29.849 Y-34.099 Z-12.812
X29.814 Y-34.12 Z-12.732
X29.794 Y-34.138 Z-12.652
X29.782 Y-34.15 Z-12.569
X29.778 Y-34.154 Z-12.485
G0 Z5.
X30.766 Y-38.249
Z-11.596
G1 Z-12.231 F3048.
Y-38.241 Z-12.33
X30.768 Y-38.218 Z-12.427
X30.77 Y-38.18 Z-12.519
X30.774 Y-38.128 Z-12.604
X30.779 Y-38.063 Z-12.68
X30.784 Y-37.988 Z-12.745
X30.79 Y-37.903 Z-12.797
X30.797 Y-37.811 Z-12.835
X30.804 Y-37.715 Z-12.858
X30.811 Y-37.616 Z-12.866
G3 X30.682 Y-34.125 R16.211
G1 X30.672 Y-34.066
X30.641 Y-34.015
X30.594 Y-33.977
X30.463 Y-33.907
X30.256 Y-33.779
X30.049 Y-33.629
X29.842 Y-33.464
X29.635 Y-33.28
X29.345 Y-33.015
X29.221 Y-32.898
X29.14 Y-32.808
X29.015 Y-32.665
X28.634 Y-32.187
X28.601 Y-32.143
X28.486 Y-31.979
X28.187 Y-31.539
X28.068 Y-31.358
X27.98 Y-31.198
X27.865 Y-30.944
X27.773 Y-30.727
X27.566 Y-30.175
X27.549 Y-30.115
X27.389 Y-29.494
X27.36 Y-29.366
X27.274 Y-28.872
X27.201 Y-28.251
Y-27.629
X27.274 Y-27.008
X27.36 Y-26.514
X27.389 Y-26.386
X27.549 Y-25.765
X27.566 Y-25.705
X27.777 Y-25.143
X27.865 Y-24.936
X27.98 Y-24.682
X28.068 Y-24.522
X28.205 Y-24.315
X28.486 Y-23.901
X28.601 Y-23.737
X28.634 Y-23.693
X29.015 Y-23.215
X29.14 Y-23.072
X29.221 Y-22.982
X29.345 Y-22.865
X29.635 Y-22.6
X29.842 Y-22.416
X30.059 Y-22.243
X30.256 Y-22.101
X30.463 Y-21.973
X30.67 Y-21.862
X31.128 Y-21.622
X31.704 Y-21.347
X31.911 Y-21.266
X32.325 Y-21.132
X32.532 Y-21.076
X32.945 Y-20.976
X33.152 Y-20.942
X33.566 Y-20.894
X33.773 Y-20.885
X34.393 Y-20.884
X34.807 Y-20.885
X35.014 Y-20.894
X35.428 Y-20.942
X35.635 Y-20.976
X36.048 Y-21.076
X36.255 Y-21.132
X36.669 Y-21.266
X36.876 Y-21.347
X37.452 Y-21.622
X37.91 Y-21.862
X38.117 Y-21.973
X38.324 Y-22.101
X38.531 Y-22.251
X38.738 Y-22.416
X38.945 Y-22.6
X39.235 Y-22.865
X39.359 Y-22.982
X39.44 Y-23.072
X39.565 Y-23.215
X39.946 Y-23.693
X39.979 Y-23.737
X40.094 Y-23.901
X40.393 Y-24.341
X40.512 Y-24.522
X40.6 Y-24.682
X40.715 Y-24.936
X40.807 Y-25.153
X41.014 Y-25.705
X41.031 Y-25.765
X41.191 Y-26.386
X41.22 Y-26.514
X41.306 Y-27.008
X41.379 Y-27.629
Y-28.251
X41.306 Y-28.872
X41.22 Y-29.366
X41.191 Y-29.494
X41.031 Y-30.115
X41.014 Y-30.175
X40.803 Y-30.737
X40.715 Y-30.944
X40.6 Y-31.198
X40.512 Y-31.358
X40.375 Y-31.565
X40.094 Y-31.979
X39.979 Y-32.143
X39.946 Y-32.187
X39.565 Y-32.665
X39.44 Y-32.808
X39.359 Y-32.898
X39.235 Y-33.015
X38.945 Y-33.28
X38.738 Y-33.464
X38.521 Y-33.637
X38.324 Y-33.779
X38.117 Y-33.907
X37.91 Y-34.018
X37.452 Y-34.258
X36.876 Y-34.533
X36.669 Y-34.614
X36.255 Y-34.748
X36.048 Y-34.804
X35.635 Y-34.904
X35.428 Y-34.938
X35.014 Y-34.986
X34.807 Y-34.995
X34.187 Y-34.996
X33.773 Y-34.995
X33.566 Y-34.986
X33.152 Y-34.938
X32.945 Y-34.904
X32.532 Y-34.804
X32.325 Y-34.748
X31.911 Y-34.614
X31.704 Y-34.533
X31.128 Y-34.258
X30.628 Y-33.996
X30.594 Y-33.977
X30.525 Y-33.948
X30.452 Y-33.927
X30.382 Y-33.92 Z-12.862
X30.313 Y-33.912 Z-12.85
X30.236 Y-33.926 Z-12.827
X30.162 Y-33.939 Z-12.793
X30.093 Y-33.951 Z-12.751
X30.032 Y-33.987 Z-12.692
X29.979 Y-34.018 Z-12.625
X29.935 Y-34.044 Z-12.549
X29.9 Y-34.064 Z-12.467
X29.882 Y-34.081 Z-12.39
X29.871 Y-34.091 Z-12.311
X29.867 Y-34.095 Z-12.231
G0 Z5.
X30.863 Y-38.196
Z-11.342
G1 Z-11.977 F3048.
Y-38.188 Z-12.076
X30.865 Y-38.165 Z-12.173
X30.868 Y-38.127 Z-12.265
X30.871 Y-38.075 Z-12.35
X30.876 Y-38.01 Z-12.426
X30.881 Y-37.934 Z-12.491
X30.887 Y-37.85 Z-12.543
X30.893 Y-37.758 Z-12.581
X30.9 Y-37.661 Z-12.604
X30.907 Y-37.562 Z-12.612
G3 X30.773 Y-34.072 R16.211
G1 X30.762 Y-34.014
X30.731 Y-33.963
X30.685 Y-33.927
X30.53 Y-33.844
X30.463 Y-33.805
X30.2 Y-33.637
X29.939 Y-33.429
X29.842 Y-33.348
X29.428 Y-32.966
X29.257 Y-32.808
X29.221 Y-32.769
X29.08 Y-32.601
X28.751 Y-32.187
X28.601 Y-31.991
X28.31 Y-31.565
X28.187 Y-31.383
X28.06 Y-31.151
X27.98 Y-30.999
X27.956 Y-30.944
X27.871 Y-30.737
X27.715 Y-30.322
X27.642 Y-30.115
X27.534 Y-29.701
X27.481 Y-29.494
X27.4 Y-29.079
X27.362 Y-28.872
X27.289 Y-28.251
Y-27.629
X27.362 Y-27.008
X27.4 Y-26.801
X27.481 Y-26.386
X27.534 Y-26.179
X27.642 Y-25.765
X27.715 Y-25.558
X27.871 Y-25.143
X27.956 Y-24.936
X27.98 Y-24.881
X28.06 Y-24.729
X28.187 Y-24.497
X28.31 Y-24.315
X28.601 Y-23.889
X28.751 Y-23.693
X29.08 Y-23.279
X29.221 Y-23.111
X29.257 Y-23.072
X29.706 Y-22.658
X29.842 Y-22.532
X29.939 Y-22.451
X30.2 Y-22.243
X30.463 Y-22.075
X30.53 Y-22.036
X30.67 Y-21.961
X31.083 Y-21.744
X31.333 Y-21.622
X31.766 Y-21.415
X31.911 Y-21.355
X32.118 Y-21.281
X32.366 Y-21.208
X32.532 Y-21.166
X32.945 Y-21.066
X33.152 Y-21.032
X33.566 Y-20.983
X33.773 Y-20.974
X34.393 Y-20.972
X34.807 Y-20.974
X35.014 Y-20.983
X35.428 Y-21.032
X35.635 Y-21.066
X36.048 Y-21.166
X36.214 Y-21.208
X36.462 Y-21.281
X36.669 Y-21.355
X36.814 Y-21.415
X37.29 Y-21.643
X37.497 Y-21.744
X37.91 Y-21.961
X38.05 Y-22.036
X38.117 Y-22.075
X38.38 Y-22.243
X38.641 Y-22.451
X38.738 Y-22.532
X39.152 Y-22.914
X39.323 Y-23.072
X39.359 Y-23.111
X39.5 Y-23.279
X39.829 Y-23.693
X39.979 Y-23.889
X40.27 Y-24.315
X40.393 Y-24.497
X40.52 Y-24.729
X40.6 Y-24.881
X40.624 Y-24.936
X40.709 Y-25.143
X40.865 Y-25.558
X40.938 Y-25.765
X41.046 Y-26.179
X41.099 Y-26.386
X41.18 Y-26.801
X41.218 Y-27.008
X41.291 Y-27.629
Y-28.251
X41.218 Y-28.872
X41.18 Y-29.079
X41.099 Y-29.494
X41.046 Y-29.701
X40.938 Y-30.115
X40.865 Y-30.322
X40.709 Y-30.737
X40.624 Y-30.944
X40.6 Y-30.999
X40.52 Y-31.151
X40.393 Y-31.383
X40.27 Y-31.565
X39.979 Y-31.991
X39.829 Y-32.187
X39.5 Y-32.601
X39.359 Y-32.769
X39.323 Y-32.808
X38.874 Y-33.222
X38.738 Y-33.348
X38.641 Y-33.429
X38.38 Y-33.637
X38.117 Y-33.805
X38.05 Y-33.844
X37.91 Y-33.919
X37.497 Y-34.136
X37.247 Y-34.258
X36.814 Y-34.465
X36.669 Y-34.525
X36.462 Y-34.599
X36.214 Y-34.672
X36.048 Y-34.714
X35.635 Y-34.814
X35.428 Y-34.848
X35.014 Y-34.897
X34.807 Y-34.906
X34.187 Y-34.908
X33.773 Y-34.906
X33.566 Y-34.897
X33.152 Y-34.848
X32.945 Y-34.814
X32.532 Y-34.714
X32.366 Y-34.672
X32.118 Y-34.599
X31.911 Y-34.525
X31.766 Y-34.465
X31.29 Y-34.237
X31.083 Y-34.136
X30.685 Y-33.927
X30.615 Y-33.899
X30.543 Y-33.878
X30.476 Y-33.871 Z-12.608
X30.41 Y-33.864 Z-12.598
X30.333 Y-33.878 Z-12.575
X30.259 Y-33.891 Z-12.543
X30.19 Y-33.904 Z-12.501
X30.13 Y-33.939 Z-12.445
X30.077 Y-33.97 Z-12.381
X30.032 Y-33.996 Z-12.308
X29.997 Y-34.017 Z-12.228
X29.976 Y-34.036 Z-12.147
X29.963 Y-34.048 Z-12.063
X29.959 Y-34.052 Z-11.977
G0 Z5.
X30.206 Y-38.182
Z-11.088
G1 Z-11.723 F3048.
X30.208 Y-38.174 Z-11.822
X30.214 Y-38.152 Z-11.919
X30.223 Y-38.115 Z-12.011
X30.236 Y-38.064 Z-12.096
X30.252 Y-38.002 Z-12.172
X30.271 Y-37.928 Z-12.237
X30.292 Y-37.846 Z-12.289
X30.315 Y-37.757 Z-12.327
X30.339 Y-37.663 Z-12.35
X30.364 Y-37.567 Z-12.358
G3 X30.861 Y-34.11 R16.211
G1 Y-34.015
X30.852 Y-33.959
X30.823 Y-33.911
X30.78 Y-33.876
X30.67 Y-33.817
X30.463 Y-33.701
X30.256 Y-33.566
X30.08 Y-33.429
X30.049 Y-33.405
X29.833 Y-33.222
X29.599 Y-33.015
X29.388 Y-32.808
X29.221 Y-32.631
X28.808 Y-32.117
X28.701 Y-31.979
X28.601 Y-31.837
X28.394 Y-31.535
X28.279 Y-31.358
X28.061 Y-30.944
X27.98 Y-30.777
X27.773 Y-30.229
X27.735 Y-30.115
X27.626 Y-29.701
X27.573 Y-29.494
X27.451 Y-28.872
X27.378 Y-28.251
X27.373 Y-28.044
Y-27.836
X27.378 Y-27.629
X27.451 Y-27.008
X27.573 Y-26.386
X27.626 Y-26.179
X27.735 Y-25.765
X27.773 Y-25.651
X27.98 Y-25.103
X28.061 Y-24.936
X28.279 Y-24.522
X28.394 Y-24.345
X28.601 Y-24.043
X28.701 Y-23.901
X28.808 Y-23.763
X29.221 Y-23.249
X29.388 Y-23.072
X29.599 Y-22.865
X29.842 Y-22.649
X30.049 Y-22.475
X30.08 Y-22.451
X30.256 Y-22.314
X30.463 Y-22.179
X30.67 Y-22.063
X30.876 Y-21.952
X31.111 Y-21.829
X31.29 Y-21.741
X31.704 Y-21.542
X31.911 Y-21.457
X32.118 Y-21.382
X32.325 Y-21.308
X32.532 Y-21.256
X32.945 Y-21.156
X33.152 Y-21.121
X33.566 Y-21.072
X33.773 Y-21.062
X34.393 Y-21.061
X34.807 Y-21.062
X35.014 Y-21.072
X35.428 Y-21.121
X35.635 Y-21.156
X36.048 Y-21.256
X36.255 Y-21.308
X36.554 Y-21.415
X36.669 Y-21.457
X36.876 Y-21.542
X37.29 Y-21.741
X37.469 Y-21.829
X37.704 Y-21.952
X37.91 Y-22.063
X38.117 Y-22.179
X38.324 Y-22.314
X38.5 Y-22.451
X38.531 Y-22.475
X38.747 Y-22.658
X38.981 Y-22.865
X39.192 Y-23.072
X39.359 Y-23.249
X39.772 Y-23.763
X39.879 Y-23.901
X39.979 Y-24.043
X40.186 Y-24.345
X40.301 Y-24.522
X40.519 Y-24.936
X40.6 Y-25.103
X40.807 Y-25.651
X40.845 Y-25.765
X40.954 Y-26.179
X41.007 Y-26.386
X41.129 Y-27.008
X41.202 Y-27.629
X41.207 Y-27.836
Y-28.044
X41.202 Y-28.251
X41.129 Y-28.872
X41.007 Y-29.494
X40.954 Y-29.701
X40.845 Y-30.115
X40.807 Y-30.229
X40.6 Y-30.777
X40.519 Y-30.944
X40.301 Y-31.358
X40.186 Y-31.535
X39.979 Y-31.837
X39.879 Y-31.979
X39.772 Y-32.117
X39.359 Y-32.631
X39.192 Y-32.808
X38.981 Y-33.015
X38.738 Y-33.231
X38.531 Y-33.405
X38.5 Y-33.429
X38.324 Y-33.566
X38.117 Y-33.701
X37.91 Y-33.817
X37.704 Y-33.928
X37.469 Y-34.051
X37.29 Y-34.139
X36.876 Y-34.338
X36.669 Y-34.423
X36.462 Y-34.498
X36.255 Y-34.572
X36.048 Y-34.624
X35.635 Y-34.724
X35.428 Y-34.759
X35.014 Y-34.808
X34.807 Y-34.818
X34.187 Y-34.819
X33.773 Y-34.818
X33.566 Y-34.808
X33.152 Y-34.759
X32.945 Y-34.724
X32.532 Y-34.624
X32.325 Y-34.572
X32.026 Y-34.465
X31.911 Y-34.423
X31.704 Y-34.338
X31.29 Y-34.139
X31.111 Y-34.051
X30.876 Y-33.928
X30.78 Y-33.876
X30.711 Y-33.847
X30.638 Y-33.826
X30.568 Y-33.818 Z-12.354
X30.499 Y-33.81 Z-12.342
X30.421 Y-33.824 Z-12.319
X30.348 Y-33.837 Z-12.285
X30.279 Y-33.85 Z-12.242
X30.218 Y-33.885 Z-12.184
X30.165 Y-33.917 Z-12.116
X30.12 Y-33.943 Z-12.04
X30.086 Y-33.963 Z-11.958
X30.068 Y-33.979 Z-11.881
X30.057 Y-33.99 Z-11.803
X30.053 Y-33.993 Z-11.723
G0 Z5.
X-0.642 Y-63.148
Z-15.914
G1 Z-16.549 F3048.
X-0.64 Y-63.141 Z-16.648
X-0.634 Y-63.118 Z-16.745
X-0.625 Y-63.081 Z-16.837
X-0.612 Y-63.031 Z-16.922
X-0.596 Y-62.968 Z-16.998
X-0.577 Y-62.895 Z-17.063
X-0.556 Y-62.813 Z-17.115
X-0.533 Y-62.723 Z-17.153
X-0.509 Y-62.63 Z-17.176
X-0.484 Y-62.533 Z-17.184
G3 X0.013 Y-59.076 R16.211
G1 Y-58.962
X-0.349 Y-58.125
X-0.612 Y-57.253
X-0.802 Y-56.361
X-0.937 Y-55.459
X-1.031 Y-54.552
X-1.098 Y-53.643
X-1.144 Y-52.732
X-1.176 Y-51.821
X-1.198 Y-50.909
X-1.213 Y-49.997
X-1.224 Y-49.086
X-1.231 Y-48.174
X-1.236 Y-47.262
X-1.24 Y-46.35
X-1.244 Y-44.527
X-1.247 Y-40.879
X-1.253 Y-19.908
X-1.255 Y-8.966
X-1.256 Y-2.583
X-1.162 Y-2.137
X-0.784 Y-1.308
X-0.166 Y-0.637
X0.584 Y-0.119
X1.409 Y0.27
X2.275 Y0.555
X3.164 Y0.76
X4.064 Y0.906
X4.97 Y1.009
X5.879 Y1.081
X6.789 Y1.132
X7.7 Y1.166
X8.612 Y1.191
X9.523 Y1.207
X10.435 Y1.219
X11.347 Y1.227
X12.259 Y1.232
X13.171 Y1.236
X14.994 Y1.241
X17.73 Y1.244
X26.848 Y1.248
X41.437 Y1.251
X66.056 Y1.256
X66.499 Y1.148
X67.319 Y0.751
X67.981 Y0.123
X68.491 Y-0.633
X68.873 Y-1.461
X69.152 Y-2.328
X69.354 Y-3.218
X69.497 Y-4.118
X69.598 Y-5.024
X69.668 Y-5.934
X69.717 Y-6.844
X69.751 Y-7.755
X69.775 Y-8.667
X69.791 Y-9.578
X69.803 Y-10.49
X69.811 Y-11.402
X69.816 Y-12.314
X69.82 Y-13.225
X69.824 Y-15.049
X69.828 Y-17.785
X69.83 Y-23.255
X69.836 Y-53.345
X69.73 Y-53.789
X69.335 Y-54.611
X68.709 Y-55.273
X67.954 Y-55.784
X67.126 Y-56.167
X66.258 Y-56.447
X65.369 Y-56.649
X64.469 Y-56.792
X63.563 Y-56.894
X62.653 Y-56.964
X61.743 Y-57.014
X60.832 Y-57.048
X59.92 Y-57.072
X59.009 Y-57.088
X58.097 Y-57.099
X57.185 Y-57.107
X56.273 Y-57.113
X55.361 Y-57.117
X53.538 Y-57.121
X50.802 Y-57.124
X41.684 Y-57.128
X5.212 Y-57.136
X4.756 Y-57.127
X4.31 Y-57.034
X3.468 Y-56.684
X2.768 Y-56.099
X2.513 Y-55.862
X2.131 Y-55.625
X1.705 Y-55.463
X1.483 Y-55.411
X1.271 Y-55.328
X1.073 Y-55.215
X0.893 Y-55.076
X0.735 Y-54.911
X0.602 Y-54.726
X0.496 Y-54.524
X0.421 Y-54.309
X0.378 Y-54.085
X0.334 Y-53.174
X0.452 Y-52.27
X0.527 Y-51.362
X0.574 Y-50.451
X0.605 Y-49.54
X0.624 Y-48.628
X0.637 Y-47.716
X0.644 Y-46.805
X0.649 Y-45.893
X0.652 Y-44.981
X0.655 Y-43.157
X0.656 Y-39.51
X0.649 Y-5.773
X0.671 Y-4.861
X0.674 Y-3.95
Y-3.494
X0.706 Y-3.039
X0.781 Y-2.824
X0.881 Y-2.619
X1.138 Y-2.243
X1.833 Y-1.652
X2.684 Y-1.323
X3.571 Y-1.112
X4.471 Y-0.97
X5.378 Y-0.873
X6.287 Y-0.806
X7.198 Y-0.761
X8.109 Y-0.729
X9.021 Y-0.708
X9.933 Y-0.693
X10.844 Y-0.686
X11.756 Y-0.68
X12.668 Y-0.675
X14.492 Y-0.668
X17.227 Y-0.663
X21.786 Y-0.659
X48.229 Y-0.653
X62.818 Y-0.649
X63.729 Y-0.671
X64.641 Y-0.674
X65.097
X65.552 Y-0.705
X65.766 Y-0.782
X65.97 Y-0.885
X66.344 Y-1.146
X66.935 Y-1.84
X67.261 Y-2.692
X67.473 Y-3.579
X67.614 Y-4.479
X67.711 Y-5.386
X67.777 Y-6.296
X67.823 Y-7.206
X67.854 Y-8.118
X67.876 Y-9.029
X67.89 Y-9.941
X67.898 Y-10.853
X67.904 Y-11.764
X67.908 Y-12.676
X67.915 Y-14.5
X67.92 Y-17.235
X67.924 Y-21.794
X67.927 Y-32.736
X67.931 Y-50.06
X67.911 Y-50.972
X67.906 Y-51.884
Y-52.796
X67.833 Y-53.012
X67.633 Y-53.421
X67.556 Y-53.506
X67.237 Y-53.831
X66.486 Y-54.348
X65.618 Y-54.628
X64.726 Y-54.816
X63.823 Y-54.944
X62.915 Y-55.031
X62.005 Y-55.09
X61.095 Y-55.131
X60.183 Y-55.158
X59.272 Y-55.178
X58.36 Y-55.191
X57.448 Y-55.197
X56.536 Y-55.202
X54.713 Y-55.21
X52.889 Y-55.215
X50.154 Y-55.219
X43.771 Y-55.222
X38.3 Y-55.223
X7.298 Y-55.23
X6.387 Y-55.208
X5.475 Y-55.205
X5.025 Y-55.135
X4.184 Y-54.783
X3.46 Y-54.228
X3.056 Y-54.017
X2.846 Y-53.928
X2.652 Y-53.809
X2.476 Y-53.663
X2.323 Y-53.494
X2.197 Y-53.305
X2.098 Y-53.099
X2.03 Y-52.881
X1.994 Y-52.656
X1.979 Y-51.745
X2.156 Y-50.85
X2.279 Y-49.947
X2.364 Y-49.039
X2.424 Y-48.129
X2.466 Y-47.218
X2.495 Y-46.307
X2.516 Y-45.395
X2.53 Y-44.483
X2.54 Y-43.572
X2.546 Y-42.66
X2.551 Y-41.748
X2.554 Y-40.836
X2.556 Y-39.924
X2.559 Y-37.189
X2.56 Y-30.806
X2.554 Y-6.187
X2.568 Y-5.276
X2.577 Y-4.364
X2.581 Y-4.136
X2.617 Y-3.911
X2.686 Y-3.694
X2.785 Y-3.488
X2.912 Y-3.299
X3.065 Y-3.13
X3.241 Y-2.985
X3.436 Y-2.866
X3.645 Y-2.777
X4.527 Y-2.543
X5.438 Y-2.58
X6.349 Y-2.596
X7.261 Y-2.6
X8.173 Y-2.599
X9.997 Y-2.592
X13.644 Y-2.576
X15.467 Y-2.571
X16.379 Y-2.569
X20.027 Y-2.565
X30.968 Y-2.562
X61.97 Y-2.555
X62.882 Y-2.559
X63.793 Y-2.574
X64.249 Y-2.577
X64.477 Y-2.585
X64.701 Y-2.626
X64.918 Y-2.698
X65.121 Y-2.801
X65.308 Y-2.931
X65.474 Y-3.088
X65.616 Y-3.266
X65.731 Y-3.463
X65.816 Y-3.674
X66.034 Y-4.56
X65.999 Y-5.471
X65.985 Y-6.382
X65.982 Y-7.294
X65.983 Y-8.206
X65.991 Y-10.03
X66.007 Y-13.677
X66.012 Y-15.5
X66.017 Y-18.236
X66.02 Y-23.707
X66.026 Y-49.237
X66.021 Y-50.149
X66.007 Y-51.061
X66.004 Y-51.745
X65.97 Y-51.97
X65.905 Y-52.189
X65.809 Y-52.396
X65.684 Y-52.586
X65.534 Y-52.757
X65.36 Y-52.905
X65.167 Y-53.027
X64.959 Y-53.119
X64.081 Y-53.366
X63.17 Y-53.318
X62.259 Y-53.296
X61.347 Y-53.288
X60.435 Y-53.287
X59.523 Y-53.288
X54.053 Y-53.307
X51.317 Y-53.312
X46.758 Y-53.316
X13.021 Y-53.324
X7.55 Y-53.325
X6.639 Y-53.308
X6.183 Y-53.305
X5.732 Y-53.233
X4.883 Y-52.902
X4.493 Y-52.665
X4.305 Y-52.536
X4.138 Y-52.382
X3.994 Y-52.205
X3.877 Y-52.009
X3.789 Y-51.799
X3.732 Y-51.578
X3.707 Y-51.351
X3.74 Y-50.44
X3.939 Y-49.55
X4.083 Y-48.65
X4.188 Y-47.744
X4.265 Y-46.836
X4.321 Y-45.926
X4.361 Y-45.015
X4.39 Y-44.103
X4.412 Y-43.192
X4.427 Y-42.28
X4.438 Y-41.368
X4.446 Y-40.457
X4.452 Y-39.545
X4.456 Y-38.633
X4.461 Y-36.809
X4.463 Y-34.074
X4.464 Y-27.691
X4.46 Y-11.279
X4.459 Y-6.72
X4.466 Y-5.808
X4.474 Y-5.124
X4.509 Y-4.899
X4.576 Y-4.681
X4.674 Y-4.475
X4.8 Y-4.285
X4.952 Y-4.115
X5.127 Y-3.969
X5.321 Y-3.849
X5.53 Y-3.758
X5.75 Y-3.698
X5.976 Y-3.67
X6.887 Y-3.69
X7.383 Y-3.845
X8.048 Y-4.007
X8.946 Y-4.166
X9.852 Y-4.27
X10.761 Y-4.338
X11.672 Y-4.384
X12.583 Y-4.414
X13.495 Y-4.433
X14.407 Y-4.446
X15.318 Y-4.454
X16.23 Y-4.46
X17.142 Y-4.463
X18.966 Y-4.467
X22.613 Y-4.468
X48.144 Y-4.463
X61.821 Y-4.46
X62.733 Y-4.464
X63.189 Y-4.47
X63.416 Y-4.473
X63.644 Y-4.491
X63.866 Y-4.542
X64.079 Y-4.624
X64.277 Y-4.736
X64.458 Y-4.875
X64.617 Y-5.038
X64.751 Y-5.223
X64.857 Y-5.425
X64.933 Y-5.64
X64.977 Y-5.863
X64.989 Y-6.091
X64.907 Y-6.999
X64.752 Y-7.483
X64.591 Y-8.13
X64.427 Y-9.027
X64.32 Y-9.932
X64.249 Y-10.841
X64.203 Y-11.752
X64.172 Y-12.663
X64.152 Y-13.575
X64.138 Y-14.486
X64.13 Y-15.398
X64.124 Y-16.31
X64.12 Y-17.222
X64.117 Y-19.045
X64.115 Y-21.781
X64.118 Y-39.105
X64.12 Y-49.135
X64.116 Y-50.047
X64.11 Y-50.503
X64.108 Y-50.731
X64.092 Y-50.958
X64.043 Y-51.181
X63.964 Y-51.394
X63.854 Y-51.594
X63.717 Y-51.777
X63.555 Y-51.937
X63.372 Y-52.073
X63.172 Y-52.181
X62.958 Y-52.26
X62.735 Y-52.307
X62.507 Y-52.321
X61.598 Y-52.248
X61.145 Y-52.095
X60.546 Y-51.935
X59.712 Y-51.768
X58.809 Y-51.647
X57.9 Y-51.566
X56.99 Y-51.513
X56.079 Y-51.478
X55.168 Y-51.455
X54.256 Y-51.439
X53.344 Y-51.429
X52.432 Y-51.423
X51.52 Y-51.418
X50.609 Y-51.416
X48.785 Y-51.413
X45.138 Y-51.412
X25.99 Y-51.416
X7.753 Y-51.42
X6.842 Y-51.406
X6.392 Y-51.33
X6.176 Y-51.259
X5.972 Y-51.157
X5.784 Y-51.028
X5.617 Y-50.873
X5.474 Y-50.695
X5.358 Y-50.499
X5.271 Y-50.288
X5.215 Y-50.067
X5.192 Y-49.84
X5.228 Y-48.929
X5.415 Y-48.442
X5.606 Y-47.831
X5.804 Y-47.016
X5.962 Y-46.118
X6.075 Y-45.213
X6.156 Y-44.305
X6.215 Y-43.395
X6.258 Y-42.484
X6.289 Y-41.573
X6.312 Y-40.661
X6.328 Y-39.749
X6.34 Y-38.838
X6.348 Y-37.926
X6.354 Y-37.014
X6.359 Y-36.102
X6.364 Y-34.279
X6.367 Y-31.543
X6.368 Y-26.072
Y-21.513
X6.365 Y-6.924
X6.369 Y-6.24
X6.373 Y-6.013
X6.409 Y-5.788
X6.477 Y-5.57
X6.576 Y-5.365
X6.703 Y-5.175
X6.856 Y-5.006
X7.032 Y-4.861
X7.226 Y-4.742
X7.436 Y-4.652
X7.656 Y-4.593
X7.882 Y-4.567
X8.11 Y-4.573
X8.335 Y-4.612
X9.202 Y-4.893
X9.418 Y-5.031
X9.684 Y-5.177
X10.012 Y-5.331
X10.426 Y-5.494
X10.956 Y-5.665
X11.655 Y-5.841
X12.551 Y-6.007
X13.456 Y-6.12
X14.364 Y-6.199
X15.275 Y-6.252
X16.186 Y-6.29
X17.097 Y-6.316
X18.009 Y-6.334
X18.92 Y-6.346
X19.832 Y-6.354
X20.744 Y-6.36
X21.656 Y-6.364
X23.479 Y-6.369
X26.215 Y-6.371
X33.509
X39.892 Y-6.37
X61.776 Y-6.365
X62.231 Y-6.367
X62.459 Y-6.369
X62.687 Y-6.378
X62.911 Y-6.419
X63.127 Y-6.492
X63.331 Y-6.595
X63.517 Y-6.727
X63.683 Y-6.883
X63.824 Y-7.062
X63.939 Y-7.259
X64.024 Y-7.47
X64.078 Y-7.692
X64.1 Y-7.919
X64.089 Y-8.146
X64.045 Y-8.37
X63.745 Y-9.231
X63.611 Y-9.429
X63.467 Y-9.676
X63.317 Y-9.975
X63.156 Y-10.355
X62.989 Y-10.832
X62.815 Y-11.454
X62.635 Y-12.306
X62.503 Y-13.208
X62.413 Y-14.116
X62.35 Y-15.025
X62.307 Y-15.936
X62.277 Y-16.848
X62.256 Y-17.759
X62.242 Y-18.671
X62.232 Y-19.583
X62.225 Y-20.494
X62.22 Y-21.406
X62.217 Y-22.318
X62.214 Y-24.142
X62.212 Y-27.789
Y-33.26
X62.215 Y-48.761
X62.212 Y-49.672
X62.21 Y-49.9
X62.174 Y-50.125
X62.107 Y-50.343
X62.009 Y-50.549
X61.883 Y-50.739
X61.73 Y-50.909
X61.555 Y-51.055
X61.361 Y-51.174
X61.152 Y-51.265
X60.932 Y-51.324
X60.706 Y-51.352
X60.478 Y-51.347
X60.253 Y-51.309
X59.385 Y-51.031
X59.174 Y-50.892
X58.919 Y-50.747
X58.601 Y-50.592
X58.205 Y-50.43
X57.698 Y-50.259
X57.04 Y-50.083
X56.146 Y-49.904
X55.242 Y-49.782
X54.335 Y-49.697
X53.425 Y-49.639
X52.514 Y-49.598
X51.602 Y-49.57
X50.691 Y-49.551
X49.779 Y-49.537
X48.867 Y-49.528
X47.955 Y-49.521
X47.044 Y-49.517
X45.22 Y-49.512
X42.485 Y-49.509
X36.102
X29.719 Y-49.51
X8.748 Y-49.515
X7.836 Y-49.514
X7.608 Y-49.504
X7.384 Y-49.462
X7.168 Y-49.388
X6.965 Y-49.284
X6.78 Y-49.152
X6.615 Y-48.995
X6.474 Y-48.816
X6.36 Y-48.618
X6.276 Y-48.406
X6.223 Y-48.185
X6.202 Y-47.958
X6.214 Y-47.73
X6.259 Y-47.506
X6.563 Y-46.647
X6.707 Y-46.443
X6.857 Y-46.2
X7.018 Y-45.897
X7.187 Y-45.523
X7.366 Y-45.048
X7.549 Y-44.445
X7.741 Y-43.635
X7.893 Y-42.736
X8.001 Y-41.83
X8.078 Y-40.922
X8.133 Y-40.012
X8.173 Y-39.101
X8.201 Y-38.189
X8.222 Y-37.278
X8.237 Y-36.366
X8.247 Y-35.454
X8.255 Y-34.542
X8.26 Y-33.631
X8.264 Y-32.719
X8.269 Y-30.895
X8.272 Y-28.16
X8.273 Y-22.689
X8.272 Y-21.777
X8.27 Y-7.416
X8.272 Y-6.96
X8.306 Y-6.735
X8.371 Y-6.516
X8.468 Y-6.31
X8.593 Y-6.119
X8.744 Y-5.948
X8.917 Y-5.801
X9.111 Y-5.68
X9.319 Y-5.588
X9.539 Y-5.526
X9.765 Y-5.497
X9.993 Y-5.501
X10.218 Y-5.537
X10.435 Y-5.604
X10.641 Y-5.703
X10.83 Y-5.83
X11. Y-5.982
X11.165 Y-6.181
X11.271 Y-6.293
X11.407 Y-6.42
X11.577 Y-6.559
X11.775 Y-6.7
X12.025 Y-6.856
X12.326 Y-7.018
X12.7 Y-7.189
X13.162 Y-7.366
X13.758 Y-7.551
X14.544 Y-7.741
X15.442 Y-7.898
X16.347 Y-8.008
X17.255 Y-8.087
X18.166 Y-8.142
X19.076 Y-8.181
X19.988 Y-8.209
X20.899 Y-8.229
X21.811 Y-8.243
X22.723 Y-8.253
X23.635 Y-8.26
X24.547 Y-8.265
X25.458 Y-8.269
X27.282 Y-8.273
X30.017 Y-8.275
X37.312
X42.783 Y-8.274
X61.247 Y-8.27
X61.703 Y-8.272
X61.928 Y-8.307
X62.146 Y-8.373
X62.353 Y-8.469
X62.543 Y-8.595
X62.714 Y-8.746
X62.861 Y-8.92
X62.982 Y-9.113
X63.074 Y-9.322
X63.134 Y-9.542
X63.163 Y-9.768
X63.159 Y-9.996
X63.123 Y-10.221
X63.055 Y-10.438
X62.956 Y-10.644
X62.829 Y-10.833
X62.676 Y-11.002
X62.418 Y-11.216
X62.299 Y-11.327
X62.17 Y-11.466
X62.038 Y-11.627
X61.891 Y-11.831
X61.736 Y-12.08
X61.574 Y-12.379
X61.402 Y-12.754
X61.224 Y-13.216
X61.04 Y-13.805
X60.849 Y-14.587
X60.691 Y-15.485
X60.579 Y-16.39
X60.5 Y-17.298
X60.444 Y-18.208
X60.404 Y-19.119
X60.375 Y-20.031
X60.355 Y-20.942
X60.341 Y-21.854
X60.33 Y-22.766
X60.323 Y-23.678
X60.318 Y-24.589
X60.315 Y-25.501
X60.31 Y-27.325
X60.308 Y-30.06
Y-37.355
Y-38.267
X60.31 Y-48.524
X60.308 Y-48.98
X60.274 Y-49.206
X60.208 Y-49.424
X60.112 Y-49.631
X59.987 Y-49.821
X59.836 Y-49.992
X59.662 Y-50.139
X59.469 Y-50.26
X59.26 Y-50.352
X59.04 Y-50.413
X58.814 Y-50.442
X58.586 Y-50.439
X58.361 Y-50.403
X58.144 Y-50.335
X57.938 Y-50.236
X57.749 Y-50.109
X57.58 Y-49.956
X57.374 Y-49.708
X57.265 Y-49.593
X57.125 Y-49.463
X56.962 Y-49.329
X56.761 Y-49.185
X56.508 Y-49.027
X56.211 Y-48.868
X55.833 Y-48.694
X55.374 Y-48.518
X54.78 Y-48.333
X53.995 Y-48.143
X53.097 Y-47.985
X52.191 Y-47.874
X51.283 Y-47.796
X50.373 Y-47.74
X49.462 Y-47.7
X48.551 Y-47.672
X47.639 Y-47.651
X46.727 Y-47.637
X45.816 Y-47.627
X44.904 Y-47.62
X43.992 Y-47.615
X43.08 Y-47.611
X41.257 Y-47.607
X38.521 Y-47.605
X31.227
X22.109 Y-47.607
X8.887 Y-47.61
X8.659 Y-47.609
X8.432 Y-47.587
X8.211 Y-47.532
X8. Y-47.446
X7.803 Y-47.331
X7.625 Y-47.189
X7.469 Y-47.022
X7.339 Y-46.835
X7.236 Y-46.632
X7.164 Y-46.416
X7.124 Y-46.191
X7.12 Y-46.077
X7.124 Y-45.963
X7.149 Y-45.737
X7.206 Y-45.516
X7.294 Y-45.306
X7.411 Y-45.11
X7.555 Y-44.934
X7.723 Y-44.779
X7.847 Y-44.695
X7.964 Y-44.602
X8.087 Y-44.49
X8.213 Y-44.36
X8.348 Y-44.2
X8.5 Y-43.996
X8.655 Y-43.758
X8.821 Y-43.462
X8.995 Y-43.098
X9.178 Y-42.645
X9.366 Y-42.078
X9.561 Y-41.331
X9.735 Y-40.436
X9.858 Y-39.532
X9.947 Y-38.625
X10.011 Y-37.715
X10.057 Y-36.805
X10.091 Y-35.893
X10.115 Y-34.982
X10.133 Y-34.07
X10.146 Y-33.159
X10.155 Y-32.247
X10.161 Y-31.335
X10.166 Y-30.423
X10.172 Y-28.6
X10.176 Y-25.864
X10.177 Y-21.305
X10.176 Y-12.187
X10.175 Y-8.084
X10.176 Y-7.97
X10.183 Y-7.856
G3 X9.775 Y-7.243 R0.635
G1 X9.682 Y-7.208 Z-17.176
X9.592 Y-7.173 Z-17.153
X9.506 Y-7.14 Z-17.115
X9.427 Y-7.11 Z-17.063
X9.356 Y-7.083 Z-16.998
X9.295 Y-7.06 Z-16.922
X9.247 Y-7.041 Z-16.837
X9.211 Y-7.028 Z-16.745
X9.189 Y-7.019 Z-16.648
X9.182 Y-7.016 Z-16.549
G0 Z5.
X63.309 Y-9.993
Z-14.549
G1 Z-15.184 F3048.
Z-17.184
G2 X63.404 Y-10.254 R0.196
X63.156 Y-10.355 R0.196
G1 X62.998 Y-10.288
X62.672 Y-10.106
X62.446 Y-10.032
X62.175 Y-9.998
X61.86 Y-10.019
X61.502 Y-10.113
X61.103 Y-10.306
X60.792 Y-10.72
X60.487 Y-11.185
X60.197 Y-11.696
X59.921 Y-12.263
X59.646 Y-12.937
X59.384 Y-13.718
X59.149 Y-14.6
X58.968 Y-15.493
X58.828 Y-16.394
X58.721 Y-17.3
X58.64 Y-18.208
X58.579 Y-19.118
X58.533 Y-20.028
X58.499 Y-20.939
X58.473 Y-21.851
X58.454 Y-22.763
X58.44 Y-23.674
X58.43 Y-24.586
X58.422 Y-25.498
X58.416 Y-26.41
X58.412 Y-27.321
X58.407 Y-29.145
X58.404 Y-31.88
X58.403 Y-37.351
X58.405 Y-47.951
X58.399 Y-48.065
G3 X58.818 Y-48.671 R0.635
G1 X58.911 Y-48.705 Z-17.176
X59.002 Y-48.738 Z-17.153
X59.089 Y-48.769 Z-17.115
X59.169 Y-48.798 Z-17.063
X59.24 Y-48.824 Z-16.998
X59.301 Y-48.846 Z-16.922
X59.35 Y-48.863 Z-16.837
X59.386 Y-48.876 Z-16.745
X59.407 Y-48.884 Z-16.648
X59.415 Y-48.887 Z-16.549
G0 Z5.
X7.025 Y-45.881
Z-14.549
G1 Z-15.184 F3048.
Z-17.184
G2 X6.936 Y-45.617 R0.196
X7.187 Y-45.523 R0.196
G1 X7.333 Y-45.589
X7.632 Y-45.762
X7.862 Y-45.842
X8.138 Y-45.881
X8.459 Y-45.865
X8.823 Y-45.775
X9.23 Y-45.587
X9.551 Y-45.177
X9.863 Y-44.721
X10.16 Y-44.222
X10.442 Y-43.668
X10.726 Y-43.01
X10.997 Y-42.254
X11.249 Y-41.378
X11.446 Y-40.488
X11.598 Y-39.589
X11.716 Y-38.685
X11.806 Y-37.777
X11.874 Y-36.868
X11.926 Y-35.958
X11.966 Y-35.047
X11.996 Y-34.135
X12.018 Y-33.224
X12.035 Y-32.312
X12.048 Y-31.4
X12.057 Y-30.489
X12.064 Y-29.577
X12.069 Y-28.665
X12.073 Y-27.753
X12.077 Y-25.93
X12.081 Y-23.194
Y-17.723
X12.08 Y-8.833
X12.113 Y-8.608
X12.178 Y-8.389
X12.226 Y-8.286
X12.281 Y-8.186
X12.343 Y-8.09
X12.411 Y-7.999
X12.486 Y-7.913
G3 X12.535 Y-7.179 R0.635
G1 X12.483 Y-7.094 Z-17.176
X12.432 Y-7.012 Z-17.153
X12.384 Y-6.933 Z-17.115
X12.339 Y-6.861 Z-17.063
X12.299 Y-6.797 Z-16.998
X12.265 Y-6.741 Z-16.922
X12.238 Y-6.697 Z-16.837
X12.218 Y-6.665 Z-16.745
X12.206 Y-6.645 Z-16.648
X12.202 Y-6.638 Z-16.549
G0 Z5.
X56.211 Y-48.868
Z-11.509
G1 Z-12.144 F3048.
Z-17.184 F1500.
X56.274 Y-48.752 F3048.
X56.348 Y-48.621
X56.392 Y-48.466
X56.408 Y-48.277
X56.384 Y-48.051
X56.19 Y-47.872
X55.975 Y-47.698
X55.712 Y-47.512
X55.39 Y-47.313
X55.023 Y-47.118
X54.566 Y-46.911
X54.008 Y-46.701
X53.319 Y-46.49
X52.432 Y-46.28
X51.533 Y-46.126
X50.628 Y-46.012
X49.72 Y-45.928
X48.811 Y-45.867
X47.9 Y-45.821
X46.989 Y-45.788
X46.077 Y-45.764
X45.166 Y-45.746
X44.254 Y-45.733
X43.342 Y-45.723
X42.43 Y-45.716
X41.519 Y-45.711
X40.607 Y-45.708
X38.783 Y-45.703
X36.048 Y-45.701
X29.665 Y-45.7
X11.201 Y-45.704
G3 X10.616 Y-46.152 R0.635
G1 X10.587 Y-46.247 Z-17.176
X10.558 Y-46.34 Z-17.153
X10.531 Y-46.428 Z-17.115
X10.506 Y-46.509 Z-17.063
X10.484 Y-46.581 Z-16.998
X10.465 Y-46.643 Z-16.922
X10.45 Y-46.693 Z-16.837
X10.438 Y-46.729 Z-16.745
X10.432 Y-46.751 Z-16.648
X10.429 Y-46.759 Z-16.549
G0 Z5.
X59.921 Y-12.263
Z-11.509
G1 Z-12.144 F3048.
Z-17.184 F1500.
X59.794 Y-12.202 F3048.
X59.653 Y-12.25
X59.518 Y-12.316
X59.389 Y-12.393
X59.266 Y-12.481
X59.124 Y-12.595
X58.968 Y-12.738
X58.814 Y-12.9
X58.639 Y-13.107
X58.455 Y-13.357
X58.266 Y-13.651
X58.061 Y-14.02
X57.854 Y-14.456
X57.637 Y-14.998
X57.413 Y-15.685
X57.187 Y-16.568
X57.017 Y-17.464
X56.889 Y-18.367
X56.792 Y-19.273
X56.719 Y-20.182
X56.664 Y-21.092
X56.622 Y-22.003
X56.59 Y-22.914
X56.567 Y-23.826
X56.549 Y-24.737
X56.535 Y-25.649
X56.525 Y-26.561
X56.518 Y-27.473
X56.513 Y-28.385
X56.508 Y-29.296
X56.503 Y-31.12
X56.5 Y-33.855
X56.499 Y-39.326
X56.5 Y-46.051
G3 X56.948 Y-46.635 R0.635
G1 X57.042 Y-46.665 Z-17.176
X57.135 Y-46.693 Z-17.153
X57.223 Y-46.72 Z-17.115
X57.304 Y-46.745 Z-17.063
X57.377 Y-46.768 Z-16.998
X57.438 Y-46.787 Z-16.922
X57.488 Y-46.802 Z-16.837
X57.525 Y-46.813 Z-16.745
X57.547 Y-46.82 Z-16.648
X57.554 Y-46.822 Z-16.549
G0 Z5.
X10.442 Y-43.668
Z-11.509
G1 Z-12.144 F3048.
Z-17.184 F1500.
X10.568 Y-43.732 F3048.
X10.7 Y-43.803
X10.854 Y-43.845
X11.05 Y-43.86
X11.287 Y-43.833
X11.486 Y-43.624
X11.677 Y-43.393
X11.888 Y-43.101
X12.105 Y-42.757
X12.332 Y-42.339
X12.562 Y-41.843
X12.803 Y-41.224
X13.047 Y-40.453
X13.265 Y-39.568
X13.434 Y-38.672
X13.563 Y-37.77
X13.663 Y-36.863
X13.74 Y-35.955
X13.799 Y-35.045
X13.844 Y-34.134
X13.879 Y-33.223
X13.905 Y-32.311
X13.926 Y-31.4
X13.941 Y-30.488
X13.953 Y-29.576
X13.962 Y-28.665
X13.968 Y-27.753
X13.973 Y-26.841
X13.98 Y-25.017
X13.983 Y-23.194
X13.986 Y-19.547
X13.985 Y-9.859
X14.001 Y-9.631
X14.049 Y-9.408
X14.128 Y-9.195
X14.237 Y-8.994
X14.374 Y-8.812
X14.535 Y-8.651
X14.718 Y-8.515
X14.918 Y-8.406
X15.132 Y-8.327
X15.355 Y-8.28
X15.583 Y-8.265
X15.81 Y-8.283
X16.032 Y-8.333
X16.884 Y-8.659
X17.077 Y-8.789
X17.312 Y-8.927
X17.609 Y-9.075
X17.978 Y-9.232
X18.453 Y-9.398
X19.072 Y-9.571
X19.923 Y-9.751
X20.825 Y-9.883
X21.732 Y-9.973
X22.642 Y-10.036
X23.553 Y-10.08
X24.464 Y-10.11
X25.375 Y-10.132
X26.287 Y-10.146
X27.199 Y-10.157
X28.111 Y-10.164
X29.022 Y-10.169
X29.934 Y-10.173
X31.758 Y-10.177
X34.493 Y-10.179
X41.788
X59.112 Y-10.175
G3 X59.697 Y-9.728 R0.635
G1 X59.726 Y-9.633 Z-17.176
X59.755 Y-9.54 Z-17.153
X59.782 Y-9.452 Z-17.115
X59.807 Y-9.371 Z-17.063
X59.829 Y-9.298 Z-16.998
X59.848 Y-9.237 Z-16.922
X59.863 Y-9.187 Z-16.837
X59.875 Y-9.15 Z-16.745
X59.881 Y-9.128 Z-16.648
X59.884 Y-9.121 Z-16.549
G0 Z5.
X54.566 Y-46.911
Z-11.509
G1 Z-12.144 F3048.
Z-17.184 F1500.
X54.622 Y-46.786 F3048.
X54.687 Y-46.651
X54.721 Y-46.494
X54.726 Y-46.296
X54.686 Y-46.06
X54.476 Y-45.884
X54.233 Y-45.705
X53.922 Y-45.506
X53.575 Y-45.313
X53.13 Y-45.103
X52.604 Y-44.894
X51.938 Y-44.677
X51.072 Y-44.456
X50.176 Y-44.287
X49.273 Y-44.162
X48.366 Y-44.068
X47.456 Y-43.998
X46.546 Y-43.945
X45.635 Y-43.906
X44.724 Y-43.877
X43.812 Y-43.855
X42.901 Y-43.839
X41.989 Y-43.827
X41.077 Y-43.818
X40.165 Y-43.812
X39.253 Y-43.807
X37.43 Y-43.801
X34.694 Y-43.797
X30.135 Y-43.796
X13.381 Y-43.799
G3 X12.796 Y-44.247 R0.635
G1 X12.767 Y-44.341 Z-17.176
X12.738 Y-44.434 Z-17.153
X12.711 Y-44.522 Z-17.115
X12.686 Y-44.603 Z-17.063
X12.664 Y-44.676 Z-16.998
X12.645 Y-44.738 Z-16.922
X12.63 Y-44.787 Z-16.837
X12.618 Y-44.824 Z-16.745
X12.612 Y-44.846 Z-16.648
X12.609 Y-44.853 Z-16.549
G0 Z5.
X58.639 Y-13.107
Z-11.509
G1 Z-12.144 F3048.
Z-17.184 F1500.
X58.541 Y-13.025 F3048.
X58.428 Y-12.927
X58.294 Y-12.857
X58.114 Y-12.805
X58.004 Y-12.794
X57.839 Y-12.902
X57.657 Y-13.041
X57.476 Y-13.198
X57.269 Y-13.402
X57.069 Y-13.627
X56.85 Y-13.907
X56.622 Y-14.24
X56.395 Y-14.623
X56.159 Y-15.086
X55.915 Y-15.65
X55.677 Y-16.317
X55.432 Y-17.171
X55.237 Y-18.061
X55.087 Y-18.961
X54.971 Y-19.865
X54.882 Y-20.773
X54.814 Y-21.682
X54.761 Y-22.592
X54.72 Y-23.503
X54.69 Y-24.414
X54.666 Y-25.326
X54.648 Y-26.238
X54.634 Y-27.149
X54.624 Y-28.061
X54.616 Y-28.973
X54.61 Y-29.885
X54.606 Y-30.796
X54.6 Y-32.62
X54.596 Y-35.355
X54.594 Y-40.826
Y-43.904
G3 X55.042 Y-44.488 R0.635
G1 X55.137 Y-44.517 Z-17.176
X55.23 Y-44.546 Z-17.153
X55.318 Y-44.573 Z-17.115
X55.399 Y-44.598 Z-17.063
X55.471 Y-44.62 Z-16.998
X55.533 Y-44.639 Z-16.922
X55.583 Y-44.655 Z-16.837
X55.619 Y-44.666 Z-16.745
X55.641 Y-44.673 Z-16.648
X55.649 Y-44.675 Z-16.549
G0 Z5.
X12.562 Y-41.843
Z-11.509
G1 Z-12.144 F3048.
Z-17.184 F1500.
X12.689 Y-41.902 F3048.
X12.824 Y-41.968
X12.979 Y-42.004
X13.177 Y-42.011
X13.413 Y-41.974
X13.602 Y-41.756
X13.785 Y-41.516
X13.99 Y-41.208
X14.195 Y-40.85
X14.418 Y-40.4
X14.638 Y-39.871
X14.87 Y-39.196
X15.107 Y-38.327
X15.29 Y-37.434
X15.43 Y-36.533
X15.538 Y-35.628
X15.62 Y-34.72
X15.684 Y-33.81
X15.733 Y-32.9
X15.77 Y-31.989
X15.799 Y-31.077
X15.822 Y-30.166
X15.839 Y-29.254
X15.852 Y-28.342
X15.862 Y-27.43
X15.869 Y-26.519
X15.875 Y-25.607
X15.879 Y-24.695
X15.885 Y-22.871
X15.889 Y-20.136
X15.891 Y-15.577
X15.89 Y-10.904
X15.891 Y-10.676
X15.924 Y-10.45
X15.99 Y-10.232
X16.086 Y-10.025
X16.21 Y-9.834
X16.361 Y-9.663
X16.535 Y-9.516
X16.727 Y-9.394
X16.936 Y-9.302
X17.155 Y-9.24
X17.381 Y-9.21
X17.609 Y-9.213
X17.834 Y-9.249
X18.052 Y-9.317
X18.258 Y-9.415
X18.448 Y-9.541
X18.617 Y-9.693
X18.853 Y-9.977
X18.966 Y-10.096
X19.105 Y-10.225
X19.268 Y-10.357
X19.475 Y-10.505
X19.725 Y-10.66
X20.029 Y-10.822
X20.407 Y-10.995
X20.877 Y-11.174
X21.474 Y-11.358
X22.271 Y-11.549
X23.17 Y-11.705
X24.075 Y-11.814
X24.983 Y-11.892
X25.894 Y-11.948
X26.804 Y-11.987
X27.716 Y-12.016
X28.627 Y-12.036
X29.539 Y-12.05
X30.451 Y-12.06
X31.363 Y-12.068
X32.274 Y-12.073
X33.186 Y-12.076
X35.01 Y-12.081
X37.745 Y-12.083
X44.128
X57.577 Y-12.081
G3 X58.162 Y-11.633 R0.635
G1 X58.191 Y-11.538 Z-17.176
X58.22 Y-11.445 Z-17.153
X58.247 Y-11.357 Z-17.115
X58.272 Y-11.276 Z-17.063
X58.294 Y-11.204 Z-16.998
X58.313 Y-11.142 Z-16.922
X58.328 Y-11.092 Z-16.837
X58.34 Y-11.056 Z-16.745
X58.346 Y-11.034 Z-16.648
X58.349 Y-11.026 Z-16.549
G0 Z5.
X17.617 Y-9.079
Z-14.549
G1 Z-15.184 F3048.
Z-17.184
G2 X17.878 Y-8.984 R0.196
X17.978 Y-9.232 R0.196
G1 X17.912 Y-9.389
X17.732 Y-9.712
X17.658 Y-9.938
X17.624 Y-10.21
X17.645 Y-10.526
X17.74 Y-10.885
X17.933 Y-11.284
X18.35 Y-11.596
X18.818 Y-11.903
X19.323 Y-12.189
X19.897 Y-12.468
X20.574 Y-12.744
X21.356 Y-13.007
X22.237 Y-13.241
X23.131 Y-13.422
X24.032 Y-13.562
X24.938 Y-13.668
X25.846 Y-13.749
X26.756 Y-13.81
X27.666 Y-13.856
X28.577 Y-13.891
X29.489 Y-13.917
X30.4 Y-13.936
X31.312 Y-13.951
X32.224 Y-13.961
X33.136 Y-13.969
X34.047 Y-13.975
X34.959 Y-13.979
X36.783 Y-13.984
X39.518 Y-13.987
X44.989 Y-13.988
X54.791 Y-13.986
G3 X55.376 Y-13.539 R0.635
G1 X55.405 Y-13.444 Z-17.176
X55.433 Y-13.351 Z-17.153
X55.461 Y-13.263 Z-17.115
X55.486 Y-13.182 Z-17.063
X55.508 Y-13.109 Z-16.998
X55.527 Y-13.048 Z-16.922
X55.542 Y-12.998 Z-16.837
X55.553 Y-12.961 Z-16.745
X55.56 Y-12.939 Z-16.648
X55.563 Y-12.932 Z-16.549
G0 Z5.
X52.604 Y-44.894
Z-11.509
G1 Z-12.144 F3048.
Z-17.184 F1500.
X52.656 Y-44.763 F3048.
X52.714 Y-44.625
X52.741 Y-44.467
X52.738 Y-44.271
X52.688 Y-44.037
X52.46 Y-43.859
X52.2 Y-43.682
X51.878 Y-43.49
X51.49 Y-43.293
X51.007 Y-43.085
X50.421 Y-42.875
X49.662 Y-42.658
X48.771 Y-42.463
X47.87 Y-42.319
X46.965 Y-42.211
X46.057 Y-42.13
X45.147 Y-42.07
X44.236 Y-42.024
X43.325 Y-41.99
X42.414 Y-41.964
X41.502 Y-41.945
X40.59 Y-41.931
X39.679 Y-41.92
X38.767 Y-41.912
X37.855 Y-41.906
X36.943 Y-41.902
X35.12 Y-41.896
X32.384 Y-41.893
X27.825 Y-41.891
X15.516 Y-41.893
G3 X14.931 Y-42.341 R0.635
G1 X14.902 Y-42.436 Z-17.176
X14.873 Y-42.529 Z-17.153
X14.846 Y-42.617 Z-17.115
X14.821 Y-42.698 Z-17.063
X14.799 Y-42.77 Z-16.998
X14.78 Y-42.832 Z-16.922
X14.765 Y-42.882 Z-16.837
X14.753 Y-42.918 Z-16.745
X14.746 Y-42.94 Z-16.648
X14.744 Y-42.948 Z-16.549
G0 Z5.
X54.594 Y-42.992
Z-11.509
G1 Z-12.144 F3048.
Z-17.184 F1500.
X54.366 F3048.
X54.141 Y-42.959
X53.922 Y-42.895
X53.094 Y-42.514
X52.658 Y-42.224
X52.144 Y-41.929
X51.537 Y-41.629
X50.875 Y-41.354
X50.073 Y-41.079
X49.193 Y-40.84
X48.302 Y-40.65
X47.402 Y-40.501
X46.498 Y-40.383
X45.591 Y-40.292
X44.682 Y-40.221
X43.772 Y-40.166
X42.861 Y-40.123
X41.949 Y-40.09
X41.038 Y-40.065
X40.126 Y-40.045
X39.215 Y-40.031
X38.303 Y-40.019
X37.391 Y-40.011
X36.479 Y-40.004
X35.568 Y-39.999
X33.744 Y-39.993
X31.009 Y-39.989
X26.45 Y-39.987
X16.534 Y-39.988
X16.308 Y-39.956
X16.089 Y-39.891
X15.882 Y-39.796
X15.691 Y-39.672
X15.519 Y-39.522
X15.445 Y-39.435
X15.377 Y-39.344
X15.316 Y-39.247
X15.262 Y-39.147
X15.216 Y-39.043
X15.177 Y-38.936
X15.145 Y-38.826
G3 X14.555 Y-38.387 R0.635
G1 X14.455 Y-38.385 Z-17.176
X14.358 Y-38.383 Z-17.153
X14.266 Y-38.381 Z-17.115
X14.181 Y-38.379 Z-17.063
X14.106 Y-38.377 Z-16.998
X14.041 Y-38.376 Z-16.922
X13.989 Y-38.375 Z-16.837
X13.951 Y-38.374 Z-16.745
X13.928 Z-16.648
X13.92 Y-38.373 Z-16.549
G0 Z5.
X19.897 Y-12.468
Z-11.509
G1 Z-12.144 F3048.
Z-17.184 F1500.
X19.835 Y-12.595 F3048.
X19.884 Y-12.737
X19.95 Y-12.871
X20.027 Y-13.
X20.114 Y-13.123
X20.229 Y-13.265
X20.372 Y-13.421
X20.533 Y-13.575
X20.741 Y-13.75
X20.991 Y-13.934
X21.285 Y-14.123
X21.654 Y-14.328
X22.09 Y-14.535
X22.633 Y-14.752
X23.32 Y-14.976
X24.204 Y-15.203
X25.099 Y-15.373
X26.002 Y-15.501
X26.909 Y-15.598
X27.818 Y-15.671
X28.728 Y-15.726
X29.639 Y-15.768
X30.55 Y-15.8
X31.461 Y-15.824
X32.373 Y-15.842
X33.285 Y-15.855
X34.197 Y-15.865
X35.108 Y-15.873
X36.02 Y-15.879
X36.932 Y-15.883
X38.756 Y-15.888
X41.491 Y-15.891
X46.05 Y-15.893
X53.914 Y-15.891
X54.14 Y-15.924
X54.359 Y-15.989
X54.566 Y-16.084
X54.757 Y-16.208
X54.929 Y-16.358
X55.003 Y-16.444
X55.071 Y-16.536
X55.132 Y-16.632
X55.186 Y-16.733
X55.232 Y-16.837
X55.271 Y-16.944
X55.303 Y-17.053
X55.326 Y-17.165
G3 X55.884 Y-17.646 R0.635
G1 X55.983 Y-17.655 Z-17.176
X56.079 Y-17.664 Z-17.153
X56.171 Y-17.672 Z-17.115
X56.255 Y-17.68 Z-17.063
X56.331 Y-17.687 Z-16.998
X56.395 Y-17.693 Z-16.922
X56.447 Y-17.698 Z-16.837
X56.485 Y-17.702 Z-16.745
X56.508 Y-17.704 Z-16.648
X56.516 Z-16.549
G0 Z5.
X50.875 Y-41.354
Z-11.509
G1 Z-12.144 F3048.
Z-17.184 F1500.
X50.93 Y-41.224 F3048.
X50.874 Y-41.084
X50.801 Y-40.953
X50.717 Y-40.829
X50.625 Y-40.71
X50.505 Y-40.575
X50.351 Y-40.422
X50.17 Y-40.264
X49.949 Y-40.095
X49.67 Y-39.908
X49.346 Y-39.72
X48.934 Y-39.515
X48.435 Y-39.305
X47.804 Y-39.087
X46.983 Y-38.86
X46.09 Y-38.674
X45.189 Y-38.533
X44.284 Y-38.426
X43.376 Y-38.345
X42.466 Y-38.282
X41.555 Y-38.235
X40.644 Y-38.198
X39.733 Y-38.17
X38.821 Y-38.149
X37.91 Y-38.132
X36.998 Y-38.12
X36.086 Y-38.11
X35.175 Y-38.103
X34.263 Y-38.097
X33.351 Y-38.093
X31.527 Y-38.088
X28.792 Y-38.084
X24.233 Y-38.082
X17.508 Y-38.083
X17.283 Y-38.05
X17.064 Y-37.986
X16.857 Y-37.891
X16.665 Y-37.767
X16.494 Y-37.617
X16.345 Y-37.444
X16.223 Y-37.251
X16.13 Y-37.043
X16.068 Y-36.824
X16.037 Y-36.598
X16.04 Y-36.37
X16.074 Y-36.145
X16.342 Y-35.273
X16.49 Y-35.014
X16.646 Y-34.694
X16.813 Y-34.289
X16.988 Y-33.771
X17.171 Y-33.088
X17.351 Y-32.194
X17.477 Y-31.291
X17.566 Y-30.384
X17.629 Y-29.474
X17.675 Y-28.564
X17.708 Y-27.652
X17.732 Y-26.741
X17.749 Y-25.829
X17.762 Y-24.918
X17.771 Y-24.006
X17.778 Y-23.094
X17.783 Y-22.182
X17.789 Y-20.359
X17.792 Y-18.535
X17.795 Y-17.623
X17.796 Y-13.292
G3 X17.348 Y-12.707 R0.635
G1 X17.253 Y-12.678 Z-17.176
X17.161 Y-12.65 Z-17.153
X17.073 Y-12.623 Z-17.115
X16.991 Y-12.597 Z-17.063
X16.919 Y-12.575 Z-16.998
X16.857 Y-12.556 Z-16.922
X16.807 Y-12.541 Z-16.837
X16.771 Y-12.53 Z-16.745
X16.749 Y-12.523 Z-16.648
X16.741 Y-12.52 Z-16.549
G0 Z5.
X20.741 Y-13.75
Z-11.509
G1 Z-12.144 F3048.
Z-17.184 F1500.
X20.659 Y-13.848 F3048.
X20.56 Y-13.961
X20.491 Y-14.095
X20.438 Y-14.275
X20.428 Y-14.385
X20.537 Y-14.55
X20.676 Y-14.733
X20.833 Y-14.913
X21.037 Y-15.12
X21.262 Y-15.32
X21.542 Y-15.539
X21.875 Y-15.767
X22.257 Y-15.994
X22.72 Y-16.23
X23.284 Y-16.473
X23.951 Y-16.712
X24.804 Y-16.957
X25.695 Y-17.152
X26.594 Y-17.303
X27.498 Y-17.418
X28.406 Y-17.508
X29.315 Y-17.576
X30.225 Y-17.629
X31.136 Y-17.67
X32.048 Y-17.701
X32.959 Y-17.725
X33.871 Y-17.743
X34.782 Y-17.757
X35.694 Y-17.767
X36.606 Y-17.775
X37.518 Y-17.781
X38.43 Y-17.786
X40.253 Y-17.791
X42.989 Y-17.795
X47.548 Y-17.797
X52.791
X53.019
X53.244 Y-17.831
X53.463 Y-17.896
X53.669 Y-17.992
X53.86 Y-18.116
X54.031 Y-18.267
X54.179 Y-18.44
X54.301 Y-18.633
X54.393 Y-18.841
X54.455 Y-19.061
X54.485 Y-19.287
X54.482 Y-19.515
X54.446 Y-19.74
X54.177 Y-20.611
X54.036 Y-20.845
X53.883 Y-21.141
X53.722 Y-21.508
X53.551 Y-21.979
X53.372 Y-22.59
X53.185 Y-23.422
X53.042 Y-24.322
X52.942 Y-25.229
X52.871 Y-26.138
X52.82 Y-27.048
X52.784 Y-27.959
X52.757 Y-28.871
X52.738 Y-29.782
X52.725 Y-30.694
X52.715 Y-31.606
X52.707 Y-32.517
X52.702 Y-33.429
X52.697 Y-34.797
X52.691 Y-35.709
X52.69 Y-37.532
X52.689 Y-40.154
G3 X53.137 Y-40.739 R0.635
G1 X53.232 Y-40.768 Z-17.176
X53.324 Y-40.796 Z-17.153
X53.412 Y-40.824 Z-17.115
X53.493 Y-40.849 Z-17.063
X53.566 Y-40.871 Z-16.998
X53.628 Y-40.89 Z-16.922
X53.677 Y-40.905 Z-16.837
X53.714 Y-40.917 Z-16.745
X53.736 Y-40.923 Z-16.648
X53.743 Y-40.926 Z-16.549
G0 Z5.
X49.949 Y-40.095
Z-11.509
G1 Z-12.144 F3048.
Z-17.184 F1500.
X50.027 Y-39.992 F3048.
X50.12 Y-39.875
X50.184 Y-39.736
X50.229 Y-39.554
X50.241 Y-39.329
X50.094 Y-39.149
X49.91 Y-38.952
X49.705 Y-38.759
X49.441 Y-38.539
X49.149 Y-38.327
X48.788 Y-38.098
X48.369 Y-37.869
X47.849 Y-37.627
X47.244 Y-37.39
X46.478 Y-37.146
X45.593 Y-36.925
X44.697 Y-36.755
X43.795 Y-36.624
X42.889 Y-36.522
X41.98 Y-36.443
X41.071 Y-36.382
X40.16 Y-36.334
X39.249 Y-36.298
X38.338 Y-36.269
X37.426 Y-36.248
X36.691 Y-36.234
X36.554 Y-36.237
X36.417 Y-36.253
X36.282 Y-36.28
X36.048 Y-36.335
X35.635 Y-36.431
X35.428 Y-36.459
X35.014 Y-36.495
X34.807 Y-36.501
X33.773
X33.566 Y-36.495
X33.152 Y-36.459
X32.945 Y-36.431
X32.719 Y-36.4
X31.81 Y-36.33
X30.9 Y-36.282
X29.989 Y-36.249
X29.077 Y-36.227
X28.165 Y-36.211
X27.254 Y-36.201
X26.342 Y-36.193
X25.43 Y-36.188
X24.518 Y-36.185
X22.695 Y-36.181
X21.783 Y-36.178
X18.591
X18.363 Y-36.175
X18.138 Y-36.14
X17.92 Y-36.072
X17.715 Y-35.975
X17.525 Y-35.848
X17.355 Y-35.696
X17.209 Y-35.521
X17.089 Y-35.327
X16.998 Y-35.118
X16.939 Y-34.898
X16.911 Y-34.672
X16.916 Y-34.444
X16.954 Y-34.219
X17.023 Y-34.002
X17.123 Y-33.797
X17.251 Y-33.609
X17.405 Y-33.441
X17.552 Y-33.32
X17.667 Y-33.212
X17.797 Y-33.075
X17.927 Y-32.918
X18.072 Y-32.719
X18.228 Y-32.472
X18.389 Y-32.177
X18.563 Y-31.805
X18.741 Y-31.348
X18.928 Y-30.762
X19.121 Y-29.985
X19.285 Y-29.088
X19.401 Y-28.184
X19.484 Y-27.276
X19.544 Y-26.366
X19.587 Y-25.455
X19.618 Y-24.544
X19.641 Y-23.632
X19.657 Y-22.721
X19.669 Y-21.809
X19.678 Y-20.897
X19.693 Y-19.985
X19.696 Y-19.074
X19.7 Y-17.364
X19.701 Y-14.743
G3 X19.253 Y-14.158 R0.635
G1 X19.158 Y-14.129 Z-17.176
X19.066 Y-14.1 Z-17.153
X18.978 Y-14.073 Z-17.115
X18.896 Y-14.048 Z-17.063
X18.824 Y-14.026 Z-16.998
X18.762 Y-14.007 Z-16.922
X18.712 Y-13.991 Z-16.837
X18.676 Y-13.98 Z-16.745
X18.654 Y-13.973 Z-16.648
X18.646 Y-13.971 Z-16.549
G0 Z5.
X32.945 Y-36.431
Z-11.509
G1 Z-12.144 F3048.
Z-17.184 F1500.
X32.508 Y-36.33 F3048.
X32.325 Y-36.286
X31.911 Y-36.184
X31.704 Y-36.132
X31.29 Y-35.995
X31.083 Y-35.913
X30.463 Y-35.604
X30.266 Y-35.501
X29.853 Y-35.31
X29.483 Y-35.158
X29.01 Y-34.998
X28.384 Y-34.831
X27.51 Y-34.656
X26.607 Y-34.535
X25.698 Y-34.453
X24.788 Y-34.397
X23.877 Y-34.358
X22.968 Y-34.289
X22.057 Y-34.275
X21.145 Y-34.273
X19.435
X19.321 Y-34.27
X19.208 Y-34.258
X19.168 Y-34.257
X19.113 Y-34.26
X19.058 Y-34.267
X18.987 Y-34.293 Z-17.179
X18.916 Y-34.318 Z-17.166
X18.848 Y-34.343 Z-17.143
X18.786 Y-34.396 Z-17.105
X18.729 Y-34.444 Z-17.057
X18.678 Y-34.488 Z-16.998
X18.645 Y-34.543 Z-16.922
X18.618 Y-34.588 Z-16.837
X18.598 Y-34.62 Z-16.745
X18.586 Y-34.64 Z-16.649
X18.582 Y-34.647 Z-16.549
G0 Z5.
X30.266 Y-35.501
Z-11.509
G1 Z-12.144 F3048.
Z-17.184 F1500.
X29.842 Y-35.278 F3048.
X29.635 Y-35.163
X29.502 Y-35.087
X29.428 Y-35.037
X29.207 Y-34.88
X29.015 Y-34.719
X28.96 Y-34.672
X28.493 Y-34.258
X28.315 Y-34.116
X28.128 Y-33.977
X27.891 Y-33.823
X27.614 Y-33.667
X27.264 Y-33.499
X26.836 Y-33.326
X26.241 Y-33.129
X25.414 Y-32.912
X24.519 Y-32.739
X23.682 Y-32.487
X22.775 Y-32.395
X21.864 Y-32.373
X21.066 Y-32.37
X20.268 Y-32.368
X20.042 Y-32.335
X19.824 Y-32.271
X19.72 Y-32.223
X19.621 Y-32.168
X19.525 Y-32.106
X19.434 Y-32.037
X19.349 Y-31.962
X19.268 Y-31.881
X19.194 Y-31.794
G3 X18.474 Y-31.64 R0.635
G1 X18.383 Y-31.68 Z-17.176
X18.294 Y-31.718 Z-17.153
X18.21 Y-31.755 Z-17.115
X18.132 Y-31.788 Z-17.063
X18.062 Y-31.819 Z-16.998
X18.003 Y-31.844 Z-16.922
X17.955 Y-31.865 Z-16.837
X17.92 Y-31.88 Z-16.745
X17.899 Y-31.889 Z-16.648
X17.891 Y-31.892 Z-16.549
G0 Z5.
X28.493 Y-34.258
Z-11.509
G1 Z-12.144 F3048.
Z-17.184 F1500.
X28.259 Y-34.051 F3048.
X28.187 Y-33.983
X27.98 Y-33.775
X27.852 Y-33.637
X27.683 Y-33.429
X27.534 Y-33.222
X27.386 Y-33.015
X27.316 Y-32.926
X27.193 Y-32.781
X27.056 Y-32.64
X26.881 Y-32.482
X26.596 Y-32.254
X26.207 Y-31.983
X25.887 Y-31.789
X25.535 Y-31.605
X25.11 Y-31.418
X24.255 Y-31.103
X23.79 Y-30.844
X23.051 Y-30.604
X22.146 Y-30.492
X21.69 Y-30.48
X21.235 Y-30.474
X21.009 Y-30.439
X20.792 Y-30.371
X20.586 Y-30.273
X20.396 Y-30.147
X20.226 Y-29.995
X20.08 Y-29.82
X19.961 Y-29.626
X19.87 Y-29.417
X19.81 Y-29.197
X19.783 Y-28.97
X19.788 Y-28.742
X19.826 Y-28.518
X20.104 Y-27.649
X20.239 Y-27.439
X20.382 Y-27.182
X20.536 Y-26.856
X20.697 Y-26.451
X20.868 Y-25.927
X21.046 Y-25.231
X21.215 Y-24.335
X21.332 Y-23.43
X21.413 Y-22.522
X21.472 Y-21.612
X21.571 Y-20.706
X21.595 Y-19.794
X21.601 Y-18.883
X21.604 Y-17.629
G3 X21.157 Y-17.044 R0.635
G1 X21.062 Y-17.014 Z-17.176
X20.97 Y-16.985 Z-17.153
X20.882 Y-16.958 Z-17.115
X20.801 Y-16.933 Z-17.063
X20.728 Y-16.911 Z-16.998
X20.666 Y-16.892 Z-16.922
X20.617 Y-16.876 Z-16.837
X20.58 Y-16.865 Z-16.745
X20.558 Y-16.858 Z-16.648
X20.551 Y-16.856 Z-16.549
G0 Z5.
X27.386 Y-33.015
Z-11.509
G1 Z-12.144 F3048.
Z-17.184 F1500.
X27.239 Y-32.808 F3048.
X27.099 Y-32.601
X26.819 Y-32.187
X26.739 Y-32.063
X26.693 Y-31.979
X26.59 Y-31.772
X26.558 Y-31.699
X26.508 Y-31.596
X26.435 Y-31.465
X26.339 Y-31.317
X26.148 Y-31.061
X25.952 Y-30.828
X25.757 Y-30.626
X25.505 Y-30.395
X24.794 Y-29.825
X24.501 Y-29.494
X24.128 Y-29.209
X23.519 Y-28.905
X22.64 Y-28.662
X22.413 Y-28.644
X22.185 Y-28.627
X21.963 Y-28.579
X21.749 Y-28.498
X21.55 Y-28.388
X21.368 Y-28.251
X21.207 Y-28.089
X21.072 Y-27.906
X20.964 Y-27.705
X20.886 Y-27.491
X20.84 Y-27.267
X20.826 Y-27.04
X20.844 Y-26.813
X20.895 Y-26.591
X20.978 Y-26.378
X21.09 Y-26.179
X21.646 Y-25.457
X21.786 Y-25.284
X21.931 Y-25.079
X22.09 Y-24.819
X22.254 Y-24.509
X22.433 Y-24.11
X22.666 Y-23.489
X22.857 Y-22.856
X23.065 Y-21.968
X23.309 Y-21.314
X23.458 Y-20.415
X23.497 Y-19.504
X23.503 Y-18.706
X23.505 Y-18.478
X23.538 Y-18.252
X23.604 Y-18.034
X23.7 Y-17.828
X23.825 Y-17.637
X23.976 Y-17.466
X24.15 Y-17.319
X24.247 Y-17.258
X24.347 Y-17.205
X24.452 Y-17.159
X24.559 Y-17.12
X24.669 Y-17.09
X24.78 Y-17.067
X24.893 Y-17.052
X25.007 Y-17.046
G3 X25.565 Y-16.566 R0.635
G1 X25.589 Y-16.469 Z-17.176
X25.612 Y-16.375 Z-17.153
X25.635 Y-16.286 Z-17.115
X25.655 Y-16.203 Z-17.063
X25.673 Y-16.13 Z-16.998
X25.689 Y-16.067 Z-16.922
X25.701 Y-16.016 Z-16.837
X25.71 Y-15.979 Z-16.745
X25.716 Y-15.957 Z-16.648
X25.718 Y-15.949 Z-16.549
G0 Z5.
X26.868 Y-32.42
Z-14.549
G1 Z-15.184 F3048.
Z-17.184
G2 X26.558 Y-31.699 R11.253
G1 X26.5 Y-31.565
X26.418 Y-31.358
X26.261 Y-30.944
X26.185 Y-30.737
X26.04 Y-30.322
X25.974 Y-30.115
X25.967 Y-30.081
X25.937 Y-29.97
X25.874 Y-29.781
X25.803 Y-29.608
X25.726 Y-29.45
X25.625 Y-29.272
X25.125 Y-28.509
X24.992 Y-28.203
X24.783 Y-27.898
X24.438 Y-27.558
X23.921 Y-27.213
X23.71 Y-27.126
X23.603 Y-27.088
X23.494 Y-27.053
X23.276 Y-26.986
X23.07 Y-26.888
X22.881 Y-26.762
X22.711 Y-26.61
X22.565 Y-26.435
X22.445 Y-26.24
X22.355 Y-26.031
X22.295 Y-25.811
X22.268 Y-25.585
X22.273 Y-25.357
X22.311 Y-25.132
X22.38 Y-24.915
X22.48 Y-24.71
X22.993 Y-23.957
X23.136 Y-23.842
X23.353 Y-23.643
X23.556 Y-23.431
X23.72 Y-23.237
X23.895 Y-23.
X24.086 Y-22.704
X24.53 Y-21.908
X24.798 Y-21.575
X25.051 Y-21.096
X25.293 Y-20.301
X25.34 Y-19.848
X25.354 Y-19.62
X25.367 Y-19.393
X25.413 Y-19.169
X25.49 Y-18.955
X25.597 Y-18.754
X25.732 Y-18.57
X25.891 Y-18.407
X26.072 Y-18.269
X26.272 Y-18.158
X26.485 Y-18.077
X26.707 Y-18.027
X26.935 Y-18.01
X27.162 Y-18.025
X28.054 Y-18.216
X28.297 Y-18.361
X28.601 Y-18.515
X28.983 Y-18.679
X29.471 Y-18.853
X30.104 Y-19.034
X30.974 Y-19.223
X31.876 Y-19.36
X32.654 Y-19.442
X32.782 Y-19.451
X32.91 Y-19.449
X33.038 Y-19.437
X33.152 Y-19.421
X33.566 Y-19.385
X33.773 Y-19.379
X34.807
X35.014 Y-19.385
X35.428 Y-19.421
X35.635 Y-19.449
X35.861 Y-19.48
X36.77 Y-19.548
X37.681 Y-19.594
X38.592 Y-19.627
X39.503 Y-19.649
X40.415 Y-19.665
X41.327 Y-19.676
X42.238 Y-19.684
X43.15 Y-19.69
X44.062 Y-19.694
X45.886 Y-19.698
X49.533 Y-19.702
X51.926
X52.154 Y-19.704
X52.38 Y-19.739
X52.598 Y-19.806
X52.804 Y-19.904
X52.993 Y-20.03
X53.163 Y-20.182
X53.31 Y-20.357
X53.43 Y-20.55
X53.521 Y-20.76
X53.581 Y-20.979
X53.609 Y-21.206
X53.604 Y-21.434
X53.566 Y-21.658
X53.497 Y-21.876
X53.398 Y-22.081
X53.27 Y-22.269
X53.116 Y-22.438
X52.927 Y-22.593
X52.808 Y-22.704
X52.687 Y-22.832
X52.552 Y-22.996
X52.404 Y-23.201
X52.253 Y-23.44
X52.087 Y-23.744
X51.917 Y-24.109
X51.736 Y-24.575
X51.55 Y-25.161
X51.357 Y-25.938
X51.195 Y-26.836
X51.08 Y-27.74
X50.997 Y-28.648
X50.938 Y-29.558
X50.895 Y-30.469
X50.865 Y-31.38
X50.842 Y-32.292
X50.804 Y-33.203
X50.795 Y-34.114
X50.786 Y-35.938
X50.785 Y-37.99
G3 X51.232 Y-38.574 R0.635
G1 X51.327 Y-38.604 Z-17.176
X51.42 Y-38.632 Z-17.153
X51.507 Y-38.659 Z-17.115
X51.589 Y-38.684 Z-17.063
X51.661 Y-38.707 Z-16.998
X51.723 Y-38.726 Z-16.922
X51.773 Y-38.741 Z-16.837
X51.809 Y-38.752 Z-16.745
X51.831 Y-38.759 Z-16.648
X51.839 Y-38.762 Z-16.549
G0 Z5.
X35.635 Y-19.449
Z-11.509
G1 Z-12.144 F3048.
Z-17.184 F1500.
X36.072 Y-19.55 F3048.
X36.255 Y-19.594
X36.669 Y-19.696
X36.876 Y-19.748
X37.29 Y-19.885
X37.497 Y-19.967
X38.117 Y-20.276
X38.314 Y-20.379
X38.727 Y-20.57
X39.099 Y-20.722
X39.576 Y-20.883
X40.208 Y-21.051
X41.092 Y-21.226
X41.996 Y-21.346
X42.904 Y-21.427
X43.814 Y-21.483
X44.725 Y-21.521
X45.636 Y-21.548
X46.548 Y-21.566
X47.459 Y-21.599
X48.371 Y-21.605
X49.283 Y-21.606
X51.106 Y-21.607
X51.22 Y-21.612
G3 X51.822 Y-21.187 R0.635
G1 X51.855 Y-21.094 Z-17.176
X51.887 Y-21.002 Z-17.153
X51.918 Y-20.915 Z-17.115
X51.946 Y-20.835 Z-17.063
X51.971 Y-20.764 Z-16.998
X51.993 Y-20.703 Z-16.922
X52.01 Y-20.654 Z-16.837
X52.022 Y-20.618 Z-16.745
X52.03 Y-20.596 Z-16.648
X52.033 Y-20.588 Z-16.549
G0 Z5.
X38.314 Y-20.379
Z-11.509
G1 Z-12.144 F3048.
Z-17.184 F1500.
X38.738 Y-20.602 F3048.
X38.945 Y-20.717
X39.078 Y-20.793
X39.152 Y-20.843
X39.373 Y-21.
X39.565 Y-21.161
X39.62 Y-21.208
X40.087 Y-21.622
X40.265 Y-21.764
X40.452 Y-21.903
X40.689 Y-22.057
X40.967 Y-22.213
X41.318 Y-22.381
X41.747 Y-22.554
X42.297 Y-22.736
X43.015 Y-22.923
X43.91 Y-23.097
X44.814 Y-23.219
X45.721 Y-23.311
X46.626 Y-23.422
X47.535 Y-23.493
X48.447 Y-23.508
X49.473 Y-23.511
X50.271 Y-23.512
X50.496 Y-23.545
X50.605 Y-23.577
X50.712 Y-23.617
X50.816 Y-23.665
X50.915 Y-23.72
X51.011 Y-23.782
X51.102 Y-23.851
G3 X51.838 Y-23.847 R0.635
G1 X51.919 Y-23.789 Z-17.176
X51.997 Y-23.732 Z-17.153
X52.072 Y-23.678 Z-17.115
X52.141 Y-23.628 Z-17.063
X52.202 Y-23.584 Z-16.998
X52.255 Y-23.546 Z-16.922
X52.297 Y-23.516 Z-16.837
X52.328 Y-23.494 Z-16.745
X52.347 Y-23.48 Z-16.648
X52.353 Y-23.476 Z-16.549
G0 Z5.
X40.087 Y-21.622
Z-11.509
G1 Z-12.144 F3048.
Z-17.184 F1500.
X40.321 Y-21.829 F3048.
X40.393 Y-21.897
X40.6 Y-22.105
X40.728 Y-22.243
X40.897 Y-22.451
X41.046 Y-22.658
X41.194 Y-22.865
X41.264 Y-22.954
X41.378 Y-23.087
X41.515 Y-23.228
X41.692 Y-23.387
X41.901 Y-23.553
X42.143 Y-23.721
X42.452 Y-23.907
X42.809 Y-24.092
X43.287 Y-24.302
X43.965 Y-24.549
X44.749 Y-24.78
X45.639 Y-24.981
X46.513 Y-25.241
X47.415 Y-25.372
X48.326 Y-25.407
X48.896 Y-25.412
X49.238 Y-25.413
X49.465 Y-25.43
X49.688 Y-25.48
X49.901 Y-25.561
X50.1 Y-25.672
X50.281 Y-25.81
X50.441 Y-25.973
X50.576 Y-26.157
X50.683 Y-26.358
X50.76 Y-26.573
X50.805 Y-26.796
X50.818 Y-27.023
X50.799 Y-27.251
X50.747 Y-27.473
X50.414 Y-28.321
X50.283 Y-28.517
X50.144 Y-28.755
X49.994 Y-29.056
X49.836 Y-29.43
X49.663 Y-29.925
X49.47 Y-30.62
X49.292 Y-31.468
X49.162 Y-32.371
X48.948 Y-33.257
X48.898 Y-34.167
X48.886 Y-35.079
X48.882 Y-36.105
X48.849 Y-36.33
X48.784 Y-36.549
X48.736 Y-36.652
X48.681 Y-36.752
X48.619 Y-36.847
X48.55 Y-36.938
X48.51 Y-37.002
X48.478 Y-37.07
X48.463 Y-37.145 Z-17.179
X48.448 Y-37.218 Z-17.166
X48.434 Y-37.289 Z-17.143
Y-37.304 Z-17.137
X48.448 Y-37.385 Z-17.096
X48.461 Y-37.458 Z-17.044
X48.473 Y-37.524 Z-16.982
X48.501 Y-37.577 Z-16.908
X48.523 Y-37.619 Z-16.826
X48.54 Y-37.649 Z-16.737
X48.55 Y-37.668 Z-16.644
X48.553 Y-37.674 Z-16.549
G0 Z5.
X41.194 Y-22.865
Z-11.509
G1 Z-12.144 F3048.
Z-17.184 F1500.
X41.341 Y-23.072 F3048.
X41.481 Y-23.279
X41.761 Y-23.693
X41.841 Y-23.817
X41.887 Y-23.901
X41.99 Y-24.108
X42.042 Y-24.21
X42.119 Y-24.341
X42.22 Y-24.491
X42.334 Y-24.639
X42.481 Y-24.807
X42.666 Y-24.992
X42.869 Y-25.171
X43.13 Y-25.373
X43.564 Y-25.666
X44.037 Y-25.943
X44.477 Y-26.164
X45.317 Y-26.521
X45.819 Y-26.827
X46.578 Y-27.109
X47.478 Y-27.258
X47.933 Y-27.282
X48.389 Y-27.296
X48.614 Y-27.336
X48.83 Y-27.407
X49.034 Y-27.508
X49.222 Y-27.638
X49.389 Y-27.793
X49.532 Y-27.971
X49.648 Y-28.167
X49.734 Y-28.378
X49.79 Y-28.599
X49.814 Y-28.825
X49.804 Y-29.053
X49.763 Y-29.277
X49.689 Y-29.493
X49.586 Y-29.696
X49.454 Y-29.882
X48.827 Y-30.544
X48.628 Y-30.783
X48.43 Y-31.056
X48.279 Y-31.295
X48.125 Y-31.576
X47.74 Y-32.402
X47.61 Y-32.589
X47.357 Y-33.041
X47.124 Y-33.743
X47.008 Y-34.648
X46.993 Y-35.217
X46.954 Y-35.442
X46.884 Y-35.659
X46.783 Y-35.863
X46.654 Y-36.051
X46.499 Y-36.219
X46.322 Y-36.362
X46.126 Y-36.479
X45.916 Y-36.567
X45.695 Y-36.623
X45.468 Y-36.647
X45.241 Y-36.639
X45.016 Y-36.598
X44.8 Y-36.525
X43.987 Y-36.114
X43.827 Y-35.986
X43.633 Y-35.85
X43.389 Y-35.701
X43.089 Y-35.543
X42.711 Y-35.374
X42.236 Y-35.197
X41.616 Y-35.011
X40.78 Y-34.817
X40.356 Y-34.747
X40.047 Y-34.726
X39.74 Y-34.766
X39.447 Y-34.864
X39.178 Y-35.018
X39.152 Y-35.037
X39.078 Y-35.087
X38.945 Y-35.163
X38.738 Y-35.278
X38.117 Y-35.604
X37.493 Y-35.915
X37.29 Y-35.995
X36.876 Y-36.132
X36.669 Y-36.184
X36.282 Y-36.28
G3 X35.822 Y-36.854 R0.635
G1 X35.816 Y-36.953 Z-17.176
X35.81 Y-37.05 Z-17.153
X35.805 Y-37.142 Z-17.115
X35.8 Y-37.227 Z-17.063
X35.796 Y-37.303 Z-16.998
X35.792 Y-37.367 Z-16.922
X35.789 Y-37.419 Z-16.837
X35.787 Y-37.457 Z-16.745
X35.786 Y-37.48 Z-16.648
X35.785 Y-37.488 Z-16.549
G0 Z5.
X25.967 Y-30.081
Z-11.509
G1 Z-12.144 F3048.
Z-17.184 F1500.
X25.886 Y-29.701 F3048.
X25.847 Y-29.494
X25.77 Y-28.872
X25.697 Y-28.251
X25.591 Y-27.345
X25.57 Y-27.055
X25.483 Y-26.733
X25.324 Y-26.409
X25.07 Y-26.072
X24.9 Y-25.92
X24.721 Y-25.779
X24.564 Y-25.614
X24.432 Y-25.428
X24.328 Y-25.225
X24.254 Y-25.01
X24.212 Y-24.786
X24.203 Y-24.558
X24.226 Y-24.331
X24.281 Y-24.11
X24.367 Y-23.899
X24.483 Y-23.703
X25.054 Y-22.992
X25.742 Y-22.393
X25.839 Y-22.333
X26.154 Y-22.112
X26.497 Y-21.758
X26.78 Y-21.323
X26.952 Y-20.9
X27.012 Y-20.68
X27.066 Y-20.459
X27.15 Y-20.247
X27.264 Y-20.049
X27.405 Y-19.87
X27.57 Y-19.713
X27.756 Y-19.581
X27.959 Y-19.477
X28.174 Y-19.404
X28.398 Y-19.361
X28.626 Y-19.352
X28.853 Y-19.375
X29.074 Y-19.43
X29.918 Y-19.776
X30.143 Y-19.908
X30.39 Y-19.992
X30.649 Y-20.025
X30.909 Y-20.006
X31.16 Y-19.936
X31.29 Y-19.885
X31.704 Y-19.748
X31.911 Y-19.696
X32.325 Y-19.594
X32.738 Y-19.497
X32.945 Y-19.449
X33.038 Y-19.437
G3 X33.556 Y-18.914 R0.635
G1 X33.572 Y-18.816 Z-17.176
X33.588 Y-18.72 Z-17.153
X33.603 Y-18.629 Z-17.115
X33.617 Y-18.546 Z-17.063
X33.629 Y-18.471 Z-16.998
X33.639 Y-18.407 Z-16.922
X33.648 Y-18.356 Z-16.837
X33.654 Y-18.318 Z-16.745
X33.658 Y-18.295 Z-16.648
X33.659 Y-18.287 Z-16.549
G0 Z5.
X41.68 Y-23.386
Z-14.549
G1 Z-15.184 F3048.
Z-17.184
G2 X41.99 Y-24.108 R11.253
G1 X42.08 Y-24.315
X42.162 Y-24.522
X42.319 Y-24.936
X42.395 Y-25.143
X42.507 Y-25.465
X42.55 Y-25.57
X42.611 Y-25.71
X42.694 Y-25.872
X42.791 Y-26.035
X42.916 Y-26.217
X43.142 Y-26.504
X43.42 Y-26.815
X43.671 Y-27.062
X44.361 Y-27.658
X44.66 Y-28.021
X45.137 Y-28.414
X45.743 Y-28.743
X46.612 Y-29.018
X46.725 Y-29.035
X46.838 Y-29.05
X47.29 Y-29.108
X47.516 Y-29.14
X47.625 Y-29.172
X47.732 Y-29.211
X47.836 Y-29.259
X47.936 Y-29.313
X48.032 Y-29.375
X48.121 Y-29.419 Z-17.164
X48.216 Y-29.448 Z-17.144
X48.315 Y-29.462 Z-17.124
X48.414 Y-29.461 Z-17.104
X48.512 Y-29.444 Z-17.084
X48.607 Y-29.412 Z-17.064
X48.695 Y-29.366 Z-17.044
X48.775 Y-29.306 Z-17.024
X48.844 Y-29.235 Z-17.004
X48.902 Y-29.153 Z-16.984
G3 X48.712 Y-28.303 R0.635
G1 X43.47 Y-24.75
G3 X42.925 Y-24.67 R0.635
G1 X42.832 Y-24.707 Z-17.004
X42.747 Y-24.758 Z-17.024
X42.67 Y-24.822 Z-17.044
X42.604 Y-24.897 Z-17.064
X42.551 Y-24.981 Z-17.084
X42.512 Y-25.072 Z-17.104
X42.488 Y-25.169 Z-17.124
X42.479 Y-25.268 Z-17.144
X42.485 Y-25.367 Z-17.164
X42.507 Y-25.465 Z-17.184
X42.54 Y-25.558
X42.606 Y-25.765
X42.694 Y-26.179
X42.733 Y-26.386
X42.773 Y-26.707
X42.812 Y-26.932
X42.867 Y-27.173
X42.929 Y-27.383
X43.014 Y-27.615
X43.124 Y-27.864
X43.233 Y-28.073
X43.361 Y-28.285
X43.529 Y-28.527
X43.813 Y-28.883
X44.331 Y-29.633
X44.64 Y-29.979
X45.151 Y-30.368
X45.786 Y-30.682
X45.896 Y-30.712
X46.117 Y-30.769
X46.338 Y-30.824
X46.549 Y-30.911
X46.745 Y-31.026
X46.923 Y-31.169
X47.079 Y-31.336
X47.209 Y-31.523
X47.311 Y-31.727
X47.382 Y-31.943
X47.422 Y-32.168
X47.429 Y-32.396
X47.404 Y-32.622
X47.346 Y-32.843
X47.258 Y-33.053
X47.14 Y-33.248
X46.996 Y-33.424
X46.323 Y-34.039
X45.928 Y-34.269
X45.738 Y-34.394
X45.532 Y-34.491
X45.313 Y-34.557
X45.088 Y-34.591
X44.86 Y-34.593
X44.634 Y-34.561
X44.415 Y-34.498
X44.208 Y-34.405
X44.111 Y-34.343
X43.544 Y-34.044
X42.964 Y-33.786
X42.456 Y-33.599
X42.064 Y-33.482
X41.968 Y-33.46
X41.649 Y-33.42
X41.329 Y-33.445
X41.021 Y-33.534
X40.737 Y-33.684
X40.488 Y-33.887
X40.393 Y-33.983
X40.321 Y-34.051
X39.62 Y-34.672
X39.565 Y-34.719
X39.373 Y-34.88
X39.178 Y-35.018
G3 X38.96 Y-35.722 R0.635
G1 X38.991 Y-35.816 Z-17.176
X39.022 Y-35.908 Z-17.153
X39.051 Y-35.995 Z-17.115
X39.077 Y-36.076 Z-17.063
X39.101 Y-36.148 Z-16.998
X39.121 Y-36.209 Z-16.922
X39.137 Y-36.259 Z-16.837
X39.149 Y-36.295 Z-16.745
X39.157 Y-36.317 Z-16.648
X39.159 Y-36.325 Z-16.549
G0 Z5.
X42.676 Y-25.928
Z-14.549
G1 Z-15.184 F3048.
Z-17.184
G2 X42.773 Y-26.707 R11.253
G1 X42.81 Y-27.008
X42.883 Y-27.629
Y-28.251
X42.81 Y-28.872
X42.759 Y-29.286
X42.734 Y-29.618
X42.783 Y-30.029
X42.919 Y-30.452
X43.192 Y-30.951
X43.396 Y-31.197
X43.516 Y-31.319
X43.587 Y-31.385
X44.171 Y-31.902
X44.563 Y-32.134
X44.771 Y-32.229
X44.876 Y-32.273
X44.979 Y-32.321
X45.073 Y-32.353 Z-17.164
X45.171 Y-32.37 Z-17.144
X45.271 Y-32.371 Z-17.124
X45.369 Y-32.357 Z-17.104
X45.464 Y-32.327 Z-17.084
X45.554 Y-32.283 Z-17.064
X45.635 Y-32.226 Z-17.044
X45.706 Y-32.156 Z-17.024
X45.766 Y-32.076 Z-17.004
X45.812 Y-31.988 Z-16.984
G3 X45.728 Y-31.346 R0.635
G1 X43.886 Y-28.995
G3 X43.486 Y-28.76 R0.635
G1 X43.386 Y-28.752 Z-17.004
X43.287 Y-28.76 Z-17.024
X43.19 Y-28.783 Z-17.044
X43.098 Y-28.821 Z-17.064
X43.013 Y-28.873 Z-17.084
X42.937 Y-28.937 Z-17.104
X42.872 Y-29.013 Z-17.124
X42.82 Y-29.098 Z-17.144
X42.782 Y-29.19 Z-17.164
X42.759 Y-29.286 Z-17.184
X42.733 Y-29.494
X42.694 Y-29.701
X42.606 Y-30.115
X42.54 Y-30.322
X42.395 Y-30.737
X42.319 Y-30.944
X42.162 Y-31.358
X42.08 Y-31.565
X41.99 Y-31.772
X41.887 Y-31.979
X41.841 Y-32.063
X41.761 Y-32.187
X41.427 Y-32.681
X41.341 Y-32.808
X41.014 Y-33.268
X40.897 Y-33.429
X40.728 Y-33.637
X40.6 Y-33.775
X40.488 Y-33.887
G3 X40.393 Y-34.617 R0.635
G1 X40.439 Y-34.705 Z-17.176
X40.485 Y-34.79 Z-17.153
X40.528 Y-34.872 Z-17.115
X40.568 Y-34.947 Z-17.063
X40.603 Y-35.014 Z-16.998
X40.634 Y-35.071 Z-16.922
X40.658 Y-35.117 Z-16.837
X40.676 Y-35.15 Z-16.745
X40.687 Y-35.171 Z-16.648
X40.69 Y-35.178 Z-16.549
G0 Z5.
X25.697 Y-28.251
Z-11.509
G1 Z-12.144 F3048.
Z-17.184 F1500.
Y-27.629 F3048.
X25.77 Y-27.008
X25.847 Y-26.386
X25.886 Y-26.179
X25.974 Y-25.765
X26.069 Y-25.319
X26.202 Y-24.883
X26.32 Y-24.697
X26.369 Y-24.613
X26.413 Y-24.526
X26.452 Y-24.437
X26.478 Y-24.34 Z-17.164
X26.489 Y-24.241 Z-17.144
X26.484 Y-24.142 Z-17.124
X26.464 Y-24.044 Z-17.104
X26.428 Y-23.951 Z-17.084
X26.379 Y-23.865 Z-17.064
X26.316 Y-23.787 Z-17.044
X26.242 Y-23.72 Z-17.024
X26.159 Y-23.666 Z-17.004
X26.068 Y-23.625 Z-16.984
G3 X25.257 Y-24.008 R0.635
G1 X24.779 Y-25.336
G3 X24.802 Y-25.822 R0.635
X25.162 Y-26.148 R0.635
G1 X25.258 Y-26.175 Z-17.004
X25.357 Y-26.185 Z-17.024
X25.457 Y-26.18 Z-17.044
X25.554 Y-26.16 Z-17.064
X25.648 Y-26.125 Z-17.084
X25.734 Y-26.075 Z-17.104
X25.812 Y-26.013 Z-17.124
X25.879 Y-25.939 Z-17.144
X25.933 Y-25.856 Z-17.164
X25.974 Y-25.765 Z-17.184
X26.04 Y-25.558
X26.185 Y-25.143
X26.261 Y-24.936
X26.418 Y-24.522
X26.5 Y-24.315
X26.59 Y-24.108
X26.693 Y-23.901
X26.739 Y-23.817
X26.819 Y-23.693
X27.153 Y-23.199
X27.239 Y-23.072
X27.566 Y-22.612
X27.683 Y-22.451
X27.852 Y-22.243
X27.98 Y-22.105
X28.187 Y-21.897
X28.259 Y-21.829
X28.96 Y-21.208
X29.015 Y-21.161
X29.207 Y-21.
X29.428 Y-20.843
X29.502 Y-20.793
X29.635 Y-20.717
X29.842 Y-20.602
X30.463 Y-20.276
X31.087 Y-19.965
X31.16 Y-19.936
X31.227 Y-19.902
X31.29 Y-19.861
X31.342 Y-19.805 Z-17.179
X31.393 Y-19.75 Z-17.166
X31.442 Y-19.697 Z-17.143
X31.473 Y-19.622 Z-17.105
X31.502 Y-19.553 Z-17.057
X31.528 Y-19.491 Z-16.998
X31.534 Y-19.436 Z-16.935
X31.539 Y-19.39 Z-16.865
X31.543 Y-19.353 Z-16.789
X31.542 Y-19.327 Z-16.711
Y-19.311 Z-16.631
X31.541 Y-19.306 Z-16.549
G0 Z5.
X28.616 Y-39.074
Z-15.66
G1 Z-16.295 F3048.
X28.618 Y-39.066 Z-16.394
X28.624 Y-39.043 Z-16.491
X28.633 Y-39.006 Z-16.583
X28.646 Y-38.956 Z-16.668
X28.662 Y-38.893 Z-16.744
X28.681 Y-38.82 Z-16.809
X28.702 Y-38.738 Z-16.861
X28.725 Y-38.648 Z-16.899
X28.749 Y-38.555 Z-16.922
X28.774 Y-38.458 Z-16.93
G3 X29.271 Y-35.001 R16.211
G1 Y-34.908
X29.266 Y-34.856
X29.245 Y-34.808
X29.21 Y-34.769
X29.093 Y-34.672
X28.391 Y-34.051
X28.183 Y-33.844
X27.978 Y-33.637
X27.797 Y-33.429
X27.773 Y-33.399
X27.348 Y-32.808
X27.204 Y-32.601
X26.923 Y-32.187
X26.8 Y-31.979
X26.691 Y-31.772
X26.593 Y-31.565
X26.512 Y-31.358
X26.325 Y-30.865
X26.279 Y-30.737
X26.118 Y-30.281
X26.067 Y-30.115
X26.017 Y-29.908
X25.971 Y-29.701
X25.936 Y-29.494
X25.858 Y-28.872
X25.785 Y-28.251
Y-27.629
X25.858 Y-27.008
X25.936 Y-26.386
X25.971 Y-26.179
X26.017 Y-25.972
X26.067 Y-25.765
X26.118 Y-25.599
X26.279 Y-25.143
X26.325 Y-25.015
X26.532 Y-24.469
X26.593 Y-24.315
X26.691 Y-24.108
X26.8 Y-23.901
X26.923 Y-23.693
X27.204 Y-23.279
X27.36 Y-23.056
X27.773 Y-22.481
X27.797 Y-22.451
X27.98 Y-22.241
X28.187 Y-22.032
X28.394 Y-21.826
X29.093 Y-21.208
X29.221 Y-21.102
X29.428 Y-20.95
X29.635 Y-20.82
X29.68 Y-20.793
X29.842 Y-20.701
X30.463 Y-20.376
X31.083 Y-20.064
X31.32 Y-19.965
X31.497 Y-19.901
X31.704 Y-19.838
X32.325 Y-19.684
X32.896 Y-19.55
X32.945 Y-19.539
X33.152 Y-19.51
X33.566 Y-19.473
X33.773 Y-19.468
X34.807
X35.014 Y-19.473
X35.428 Y-19.51
X35.635 Y-19.539
X36.048 Y-19.635
X36.255 Y-19.684
X36.876 Y-19.838
X37.083 Y-19.901
X37.26 Y-19.965
X37.497 Y-20.064
X38.124 Y-20.379
X38.738 Y-20.701
X38.9 Y-20.793
X38.945 Y-20.82
X39.152 Y-20.95
X39.359 Y-21.102
X39.487 Y-21.208
X40.189 Y-21.829
X40.397 Y-22.036
X40.602 Y-22.243
X40.783 Y-22.451
X40.807 Y-22.481
X41.232 Y-23.072
X41.376 Y-23.279
X41.657 Y-23.693
X41.78 Y-23.901
X41.889 Y-24.108
X41.987 Y-24.315
X42.068 Y-24.522
X42.255 Y-25.015
X42.301 Y-25.143
X42.462 Y-25.599
X42.513 Y-25.765
X42.563 Y-25.972
X42.609 Y-26.179
X42.644 Y-26.386
X42.722 Y-27.008
X42.795 Y-27.629
Y-28.251
X42.722 Y-28.872
X42.644 Y-29.494
X42.609 Y-29.701
X42.563 Y-29.908
X42.513 Y-30.115
X42.462 Y-30.281
X42.301 Y-30.737
X42.255 Y-30.865
X42.048 Y-31.411
X41.987 Y-31.565
X41.889 Y-31.772
X41.78 Y-31.979
X41.657 Y-32.187
X41.376 Y-32.601
X41.22 Y-32.824
X40.807 Y-33.399
X40.783 Y-33.429
X40.6 Y-33.639
X40.393 Y-33.848
X40.186 Y-34.054
X39.487 Y-34.672
X39.359 Y-34.778
X39.152 Y-34.93
X38.945 Y-35.06
X38.9 Y-35.087
X38.738 Y-35.179
X38.117 Y-35.504
X37.497 Y-35.816
X37.26 Y-35.915
X37.083 Y-35.979
X36.876 Y-36.042
X36.255 Y-36.196
X35.684 Y-36.33
X35.635 Y-36.341
X35.428 Y-36.37
X35.014 Y-36.407
X34.807 Y-36.412
X33.773
X33.566 Y-36.407
X33.152 Y-36.37
X32.945 Y-36.341
X32.532 Y-36.245
X32.325 Y-36.196
X31.704 Y-36.042
X31.497 Y-35.979
X31.32 Y-35.915
X31.083 Y-35.816
X30.456 Y-35.501
X29.842 Y-35.179
X29.68 Y-35.087
X29.635 Y-35.06
X29.428 Y-34.93
X29.221 Y-34.778
X29.21 Y-34.769
X29.148 Y-34.727
X29.081 Y-34.692
X29.007 Y-34.674 Z-16.925
X28.934 Y-34.657 Z-16.912
X28.864 Y-34.639 Z-16.889
X28.824 Y-34.638 Z-16.872
X28.743 Y-34.653 Z-16.826
X28.669 Y-34.666 Z-16.769
X28.604 Y-34.677 Z-16.7
X28.559 Y-34.701 Z-16.629
X28.522 Y-34.719 Z-16.551
X28.496 Y-34.732 Z-16.469
X28.48 Y-34.741 Z-16.383
X28.474 Y-34.743 Z-16.295
G0 Z5.
X28.704 Y-39.025
Z-15.406
G1 Z-16.041 F3048.
X28.706 Y-39.018 Z-16.14
X28.712 Y-38.995 Z-16.237
X28.721 Y-38.958 Z-16.329
X28.734 Y-38.908 Z-16.414
X28.75 Y-38.845 Z-16.49
X28.769 Y-38.772 Z-16.555
X28.79 Y-38.689 Z-16.607
X28.813 Y-38.6 Z-16.645
X28.837 Y-38.506 Z-16.668
X28.862 Y-38.41 Z-16.676
G3 X29.359 Y-34.953 R16.211
G1 Y-34.861
X29.353 Y-34.808
X29.331 Y-34.76
X29.293 Y-34.721
X29.221 Y-34.667
X28.757 Y-34.258
X28.523 Y-34.051
X28.394 Y-33.933
X28.187 Y-33.74
X28.092 Y-33.637
X27.911 Y-33.429
X27.758 Y-33.222
X27.456 Y-32.808
X27.36 Y-32.672
X27.027 Y-32.187
X26.946 Y-32.064
X26.783 Y-31.772
X26.69 Y-31.565
X26.606 Y-31.358
X26.449 Y-30.944
X26.372 Y-30.737
X26.226 Y-30.322
X26.16 Y-30.115
X26.067 Y-29.701
X26.025 Y-29.494
X25.997 Y-29.286
X25.947 Y-28.872
X25.874 Y-28.251
Y-27.629
X25.947 Y-27.008
X25.997 Y-26.594
X26.025 Y-26.386
X26.067 Y-26.179
X26.16 Y-25.765
X26.226 Y-25.558
X26.372 Y-25.143
X26.449 Y-24.936
X26.606 Y-24.522
X26.69 Y-24.315
X26.783 Y-24.108
X26.946 Y-23.816
X27.027 Y-23.693
X27.36 Y-23.208
X27.456 Y-23.072
X27.773 Y-22.637
X27.911 Y-22.451
X28.092 Y-22.243
X28.187 Y-22.14
X28.394 Y-21.947
X28.523 Y-21.829
X29.015 Y-21.394
X29.227 Y-21.208
X29.507 Y-21.
X29.635 Y-20.922
X29.842 Y-20.801
X30.463 Y-20.475
X31.083 Y-20.163
X31.29 Y-20.082
X31.602 Y-19.965
X31.704 Y-19.928
X32.392 Y-19.758
X32.945 Y-19.629
X33.152 Y-19.6
X33.566 Y-19.562
X33.773 Y-19.556
X34.807
X35.014 Y-19.562
X35.428 Y-19.6
X35.635 Y-19.629
X36.188 Y-19.758
X36.876 Y-19.928
X36.978 Y-19.965
X37.29 Y-20.082
X37.497 Y-20.163
X38.117 Y-20.475
X38.738 Y-20.801
X38.945 Y-20.922
X39.073 Y-21.
X39.359 Y-21.213
X39.823 Y-21.622
X40.057 Y-21.829
X40.186 Y-21.947
X40.393 Y-22.14
X40.488 Y-22.243
X40.669 Y-22.451
X40.822 Y-22.658
X41.124 Y-23.072
X41.22 Y-23.208
X41.553 Y-23.693
X41.634 Y-23.816
X41.797 Y-24.108
X41.89 Y-24.315
X41.974 Y-24.522
X42.131 Y-24.936
X42.208 Y-25.143
X42.354 Y-25.558
X42.42 Y-25.765
X42.513 Y-26.179
X42.555 Y-26.386
X42.583 Y-26.594
X42.633 Y-27.008
X42.706 Y-27.629
Y-28.251
X42.633 Y-28.872
X42.583 Y-29.286
X42.555 Y-29.494
X42.513 Y-29.701
X42.42 Y-30.115
X42.354 Y-30.322
X42.208 Y-30.737
X42.131 Y-30.944
X41.974 Y-31.358
X41.89 Y-31.565
X41.797 Y-31.772
X41.634 Y-32.064
X41.553 Y-32.187
X41.22 Y-32.672
X41.124 Y-32.808
X40.807 Y-33.243
X40.669 Y-33.429
X40.488 Y-33.637
X40.393 Y-33.74
X40.186 Y-33.933
X40.057 Y-34.051
X39.565 Y-34.486
X39.353 Y-34.672
X39.073 Y-34.88
X38.945 Y-34.958
X38.738 Y-35.079
X38.117 Y-35.405
X37.497 Y-35.717
X37.29 Y-35.798
X36.978 Y-35.915
X36.876 Y-35.952
X36.188 Y-36.122
X35.635 Y-36.251
X35.428 Y-36.28
X35.014 Y-36.318
X34.807 Y-36.324
X33.773
X33.566 Y-36.318
X33.152 Y-36.28
X32.945 Y-36.251
X32.392 Y-36.122
X31.704 Y-35.952
X31.602 Y-35.915
X31.29 Y-35.798
X31.083 Y-35.717
X30.463 Y-35.405
X29.842 Y-35.079
X29.635 Y-34.958
X29.507 Y-34.88
X29.293 Y-34.721
X29.229 Y-34.682
X29.16 Y-34.651
X29.086 Y-34.637 Z-16.671
X29.012 Y-34.623 Z-16.658
X28.941 Y-34.609 Z-16.635
X28.933 Z-16.632
X28.853 Y-34.623 Z-16.593
X28.779 Y-34.637 Z-16.542
X28.713 Y-34.648 Z-16.482
X28.659 Y-34.678 Z-16.407
X28.615 Y-34.701 Z-16.323
X28.583 Y-34.719 Z-16.233
X28.564 Y-34.729 Z-16.138
X28.557 Y-34.733 Z-16.041
G0 Z5.
X28.792 Y-38.975
Z-15.152
G1 Z-15.787 F3048.
X28.794 Y-38.967 Z-15.886
X28.8 Y-38.945 Z-15.983
X28.81 Y-38.908 Z-16.075
X28.823 Y-38.857 Z-16.16
X28.839 Y-38.795 Z-16.236
X28.857 Y-38.721 Z-16.301
X28.878 Y-38.639 Z-16.353
X28.901 Y-38.55 Z-16.391
X28.925 Y-38.456 Z-16.414
X28.95 Y-38.36 Z-16.422
G3 X29.447 Y-34.903 R16.211
G1 Y-34.812
X29.441 Y-34.76
X29.417 Y-34.713
X29.379 Y-34.677
X29.372 Y-34.672
X29.221 Y-34.552
X28.808 Y-34.186
X28.601 Y-34.003
X28.439 Y-33.844
X27.98 Y-33.373
X27.866 Y-33.222
X27.563 Y-32.808
X27.417 Y-32.601
X27.153 Y-32.216
X27.132 Y-32.187
X27.001 Y-31.979
X26.881 Y-31.772
X26.786 Y-31.565
X26.739 Y-31.459
X26.532 Y-30.916
X26.466 Y-30.737
X26.318 Y-30.322
X26.252 Y-30.115
X26.157 Y-29.701
X26.118 Y-29.513
X26.035 Y-28.872
X25.986 Y-28.458
X25.962 Y-28.251
Y-27.629
X25.986 Y-27.422
X26.035 Y-27.008
X26.118 Y-26.367
X26.157 Y-26.179
X26.252 Y-25.765
X26.318 Y-25.558
X26.466 Y-25.143
X26.542 Y-24.936
X26.739 Y-24.421
X26.786 Y-24.315
X26.881 Y-24.108
X27.001 Y-23.901
X27.132 Y-23.693
X27.36 Y-23.363
X27.417 Y-23.279
X27.566 Y-23.067
X27.866 Y-22.658
X27.98 Y-22.507
X28.439 Y-22.036
X28.601 Y-21.877
X29.123 Y-21.415
X29.221 Y-21.328
X29.372 Y-21.208
X29.686 Y-21.
X29.842 Y-20.902
X30.463 Y-20.575
X31.083 Y-20.261
X31.31 Y-20.172
X31.704 Y-20.023
X31.918 Y-19.965
X32.325 Y-19.864
X32.945 Y-19.719
X33.152 Y-19.689
X33.566 Y-19.651
X33.773 Y-19.645
X34.807
X35.014 Y-19.651
X35.428 Y-19.689
X35.635 Y-19.719
X36.255 Y-19.864
X36.669 Y-19.967
X36.876 Y-20.023
X37.29 Y-20.179
X37.497 Y-20.261
X38.139 Y-20.586
X38.738 Y-20.902
X38.894 Y-21.
X39.208 Y-21.208
X39.359 Y-21.328
X39.772 Y-21.694
X39.979 Y-21.877
X40.141 Y-22.036
X40.6 Y-22.507
X40.714 Y-22.658
X41.017 Y-23.072
X41.163 Y-23.279
X41.427 Y-23.664
X41.448 Y-23.693
X41.579 Y-23.901
X41.699 Y-24.108
X41.794 Y-24.315
X41.841 Y-24.421
X42.048 Y-24.964
X42.114 Y-25.143
X42.262 Y-25.558
X42.328 Y-25.765
X42.423 Y-26.179
X42.462 Y-26.367
X42.545 Y-27.008
X42.594 Y-27.422
X42.618 Y-27.629
Y-28.251
X42.594 Y-28.458
X42.545 Y-28.872
X42.462 Y-29.513
X42.423 Y-29.701
X42.328 Y-30.115
X42.262 Y-30.322
X42.114 Y-30.737
X42.038 Y-30.944
X41.841 Y-31.459
X41.794 Y-31.565
X41.699 Y-31.772
X41.579 Y-31.979
X41.448 Y-32.187
X41.22 Y-32.517
X41.163 Y-32.601
X41.014 Y-32.813
X40.714 Y-33.222
X40.6 Y-33.373
X40.141 Y-33.844
X39.979 Y-34.003
X39.457 Y-34.465
X39.359 Y-34.552
X39.208 Y-34.672
X38.894 Y-34.88
X38.738 Y-34.978
X38.117 Y-35.305
X37.497 Y-35.619
X37.27 Y-35.708
X36.876 Y-35.857
X36.662 Y-35.915
X36.255 Y-36.016
X35.635 Y-36.161
X35.428 Y-36.191
X35.014 Y-36.229
X34.807 Y-36.235
X33.773
X33.566 Y-36.229
X33.152 Y-36.191
X32.945 Y-36.161
X32.325 Y-36.016
X31.911 Y-35.913
X31.704 Y-35.857
X31.29 Y-35.701
X31.083 Y-35.619
X30.441 Y-35.294
X29.842 Y-34.978
X29.686 Y-34.88
X29.379 Y-34.677
X29.313 Y-34.642
X29.243 Y-34.615
X29.144 Y-34.599 Z-16.414
X29.048 Y-34.584 Z-16.39
X28.969 Y-34.598 Z-16.358
X28.896 Y-34.611 Z-16.314
X28.828 Y-34.623 Z-16.261
X28.775 Y-34.654 Z-16.197
X28.729 Y-34.68 Z-16.126
X28.693 Y-34.701 Z-16.047
X28.666 Y-34.717 Z-15.963
X28.65 Y-34.726 Z-15.876
X28.645 Y-34.729 Z-15.788
G0 Z5.
X28.881 Y-38.932
Z-14.898
G1 Z-15.533 F3048.
X28.883 Y-38.924 Z-15.632
X28.888 Y-38.902 Z-15.729
X28.898 Y-38.865 Z-15.821
X28.911 Y-38.814 Z-15.906
X28.927 Y-38.752 Z-15.982
X28.946 Y-38.678 Z-16.047
X28.967 Y-38.596 Z-16.099
X28.99 Y-38.507 Z-16.137
X29.014 Y-38.413 Z-16.16
X29.038 Y-38.317 Z-16.168
G3 X29.535 Y-34.86 R16.211
G1 Y-34.771
X29.53 Y-34.72
X29.509 Y-34.674
X29.474 Y-34.636
X29.428 Y-34.601
X29.221 Y-34.435
X28.787 Y-34.051
X28.553 Y-33.844
X28.149 Y-33.429
X27.974 Y-33.222
X27.82 Y-33.015
X27.669 Y-32.808
X27.566 Y-32.662
X27.238 Y-32.187
X27.153 Y-32.06
X26.981 Y-31.772
X26.883 Y-31.565
X26.795 Y-31.358
X26.636 Y-30.944
X26.559 Y-30.737
X26.411 Y-30.322
X26.344 Y-30.115
X26.248 Y-29.701
X26.206 Y-29.494
X26.124 Y-28.872
X26.051 Y-28.251
Y-27.629
X26.124 Y-27.008
X26.206 Y-26.386
X26.248 Y-26.179
X26.344 Y-25.765
X26.411 Y-25.558
X26.559 Y-25.143
X26.636 Y-24.936
X26.795 Y-24.522
X26.883 Y-24.315
X26.981 Y-24.108
X27.153 Y-23.82
X27.238 Y-23.693
X27.566 Y-23.218
X27.669 Y-23.072
X27.82 Y-22.865
X27.98 Y-22.65
X28.149 Y-22.451
X28.553 Y-22.036
X29.021 Y-21.622
X29.221 Y-21.445
X29.428 Y-21.279
X29.52 Y-21.208
X29.635 Y-21.133
X29.848 Y-21.
X30.463 Y-20.675
X30.631 Y-20.586
X31.083 Y-20.36
X31.29 Y-20.276
X31.704 Y-20.115
X31.911 Y-20.058
X32.325 Y-19.954
X32.738 Y-19.857
X32.945 Y-19.808
X33.152 Y-19.778
X33.566 Y-19.739
X33.773 Y-19.733
X34.807
X35.014 Y-19.739
X35.428 Y-19.778
X35.635 Y-19.808
X36.048 Y-19.905
X36.296 Y-19.965
X36.669 Y-20.058
X36.876 Y-20.115
X37.29 Y-20.276
X37.497 Y-20.36
X37.949 Y-20.586
X38.341 Y-20.793
X38.738 Y-21.004
X38.945 Y-21.133
X39.06 Y-21.208
X39.152 Y-21.279
X39.359 Y-21.445
X39.793 Y-21.829
X40.027 Y-22.036
X40.431 Y-22.451
X40.606 Y-22.658
X40.76 Y-22.865
X40.911 Y-23.072
X41.014 Y-23.218
X41.342 Y-23.693
X41.427 Y-23.82
X41.599 Y-24.108
X41.697 Y-24.315
X41.785 Y-24.522
X41.944 Y-24.936
X42.021 Y-25.143
X42.169 Y-25.558
X42.236 Y-25.765
X42.332 Y-26.179
X42.374 Y-26.386
X42.456 Y-27.008
X42.529 Y-27.629
Y-28.251
X42.456 Y-28.872
X42.374 Y-29.494
X42.332 Y-29.701
X42.236 Y-30.115
X42.169 Y-30.322
X42.021 Y-30.737
X41.944 Y-30.944
X41.785 Y-31.358
X41.697 Y-31.565
X41.599 Y-31.772
X41.427 Y-32.06
X41.342 Y-32.187
X41.014 Y-32.662
X40.911 Y-32.808
X40.76 Y-33.015
X40.6 Y-33.23
X40.431 Y-33.429
X40.027 Y-33.844
X39.559 Y-34.258
X39.359 Y-34.435
X39.152 Y-34.601
X39.06 Y-34.672
X38.945 Y-34.747
X38.732 Y-34.88
X38.117 Y-35.205
X37.949 Y-35.294
X37.497 Y-35.52
X37.29 Y-35.604
X36.876 Y-35.765
X36.669 Y-35.822
X36.255 Y-35.926
X35.842 Y-36.023
X35.635 Y-36.072
X35.428 Y-36.102
X35.014 Y-36.141
X34.807 Y-36.147
X33.773
X33.566 Y-36.141
X33.152 Y-36.102
X32.945 Y-36.072
X32.532 Y-35.975
X32.284 Y-35.915
X31.911 Y-35.822
X31.704 Y-35.765
X31.29 Y-35.604
X31.083 Y-35.52
X30.631 Y-35.294
X30.239 Y-35.087
X29.842 Y-34.876
X29.635 Y-34.747
X29.52 Y-34.672
X29.474 Y-34.636
X29.41 Y-34.596
X29.343 Y-34.564
X29.268 Y-34.548 Z-16.163
X29.195 Y-34.533 Z-16.15
X29.124 Y-34.518 Z-16.127
X29.104 Y-34.517 Z-16.119
X29.023 Y-34.532 Z-16.077
X28.949 Y-34.545 Z-16.024
X28.884 Y-34.557 Z-15.961
X28.833 Y-34.584 Z-15.887
X28.792 Y-34.605 Z-15.806
X28.762 Y-34.621 Z-15.718
X28.744 Y-34.63 Z-15.627
X28.738 Y-34.634 Z-15.533
G0 Z5.
X28.967 Y-38.881
Z-14.644
G1 Z-15.279 F3048.
X28.969 Y-38.873 Z-15.378
X28.974 Y-38.851 Z-15.475
X28.984 Y-38.814 Z-15.567
X28.997 Y-38.763 Z-15.652
X29.013 Y-38.701 Z-15.728
X29.032 Y-38.627 Z-15.793
X29.053 Y-38.545 Z-15.845
X29.076 Y-38.456 Z-15.883
X29.1 Y-38.362 Z-15.906
X29.124 Y-38.266 Z-15.914
G3 X29.621 Y-34.809 R16.211
G1 Y-34.721
X29.616 Y-34.67
X29.595 Y-34.623
X29.56 Y-34.585
X29.221 Y-34.317
X29.153 Y-34.258
X28.601 Y-33.769
X28.466 Y-33.637
X28.265 Y-33.429
X28.187 Y-33.343
X27.924 Y-33.015
X27.773 Y-32.805
X27.566 Y-32.507
X27.345 Y-32.187
X27.209 Y-31.979
X27.082 Y-31.772
X26.946 Y-31.495
X26.891 Y-31.358
X26.651 Y-30.737
X26.504 Y-30.322
X26.437 Y-30.115
X26.325 Y-29.641
X26.296 Y-29.494
X26.212 Y-28.872
X26.139 Y-28.251
Y-27.629
X26.212 Y-27.008
X26.296 Y-26.386
X26.325 Y-26.239
X26.437 Y-25.765
X26.504 Y-25.558
X26.651 Y-25.143
X26.891 Y-24.522
X26.946 Y-24.385
X27.082 Y-24.108
X27.209 Y-23.901
X27.345 Y-23.693
X27.631 Y-23.279
X27.776 Y-23.072
X27.924 Y-22.865
X28.187 Y-22.537
X28.265 Y-22.451
X28.466 Y-22.243
X28.601 Y-22.111
X29.153 Y-21.622
X29.221 Y-21.563
X29.635 Y-21.236
X29.676 Y-21.208
X29.842 Y-21.106
X30.463 Y-20.774
X30.821 Y-20.586
X31.083 Y-20.458
X31.29 Y-20.373
X31.704 Y-20.208
X31.824 Y-20.172
X32.325 Y-20.045
X32.738 Y-19.943
X32.945 Y-19.897
X33.152 Y-19.868
X33.566 Y-19.828
X33.773 Y-19.822
X34.807
X35.014 Y-19.828
X35.428 Y-19.868
X35.635 Y-19.897
X35.842 Y-19.943
X36.255 Y-20.045
X36.756 Y-20.172
X36.876 Y-20.208
X37.306 Y-20.379
X37.497 Y-20.458
X37.759 Y-20.586
X38.153 Y-20.793
X38.738 Y-21.106
X38.904 Y-21.208
X38.945 Y-21.236
X39.359 Y-21.563
X39.427 Y-21.622
X39.979 Y-22.111
X40.114 Y-22.243
X40.315 Y-22.451
X40.393 Y-22.537
X40.656 Y-22.865
X40.807 Y-23.075
X41.014 Y-23.373
X41.235 Y-23.693
X41.371 Y-23.901
X41.498 Y-24.108
X41.634 Y-24.385
X41.689 Y-24.522
X41.929 Y-25.143
X42.076 Y-25.558
X42.143 Y-25.765
X42.255 Y-26.239
X42.284 Y-26.386
X42.368 Y-27.008
X42.441 Y-27.629
Y-28.251
X42.368 Y-28.872
X42.284 Y-29.494
X42.255 Y-29.641
X42.143 Y-30.115
X42.076 Y-30.322
X41.929 Y-30.737
X41.689 Y-31.358
X41.634 Y-31.495
X41.498 Y-31.772
X41.371 Y-31.979
X41.235 Y-32.187
X40.949 Y-32.601
X40.804 Y-32.808
X40.656 Y-33.015
X40.393 Y-33.343
X40.315 Y-33.429
X40.114 Y-33.637
X39.979 Y-33.769
X39.427 Y-34.258
X39.359 Y-34.317
X38.945 Y-34.644
X38.904 Y-34.672
X38.738 Y-34.774
X38.117 Y-35.106
X37.759 Y-35.294
X37.497 Y-35.422
X37.29 Y-35.507
X36.876 Y-35.672
X36.756 Y-35.708
X36.255 Y-35.835
X35.842 Y-35.937
X35.635 Y-35.983
X35.428 Y-36.012
X35.014 Y-36.052
X34.807 Y-36.058
X33.773
X33.566 Y-36.052
X33.152 Y-36.012
X32.945 Y-35.983
X32.738 Y-35.937
X32.325 Y-35.835
X31.824 Y-35.708
X31.704 Y-35.672
X31.274 Y-35.501
X31.083 Y-35.422
X30.821 Y-35.294
X30.427 Y-35.087
X29.842 Y-34.774
X29.676 Y-34.672
X29.635 Y-34.644
X29.56 Y-34.585
X29.497 Y-34.544
X29.43 Y-34.511
X29.355 Y-34.494 Z-15.909
X29.282 Y-34.478 Z-15.896
X29.212 Y-34.462 Z-15.873
X29.184 Y-34.461 Z-15.862
X29.103 Y-34.476 Z-15.819
X29.029 Y-34.489 Z-15.764
X28.964 Y-34.501 Z-15.699
X28.915 Y-34.526 Z-15.626
X28.876 Y-34.547 Z-15.546
X28.847 Y-34.561 Z-15.46
X28.83 Y-34.57 Z-15.371
X28.824 Y-34.573 Z-15.279
G0 Z5.
X29.057 Y-38.85
Z-14.39
G1 Z-15.025 F3048.
X29.059 Y-38.842 Z-15.124
X29.065 Y-38.819 Z-15.221
X29.074 Y-38.783 Z-15.313
X29.087 Y-38.732 Z-15.398
X29.103 Y-38.669 Z-15.474
X29.122 Y-38.596 Z-15.539
X29.143 Y-38.514 Z-15.591
X29.166 Y-38.425 Z-15.629
X29.19 Y-38.331 Z-15.652
X29.215 Y-38.234 Z-15.66
G3 X29.712 Y-34.777 R16.211
G1 Y-34.677
X29.706 Y-34.618
X29.681 Y-34.565
X29.64 Y-34.523
X29.221 Y-34.2
X29.015 Y-34.019
X28.587 Y-33.637
X28.382 Y-33.429
X28.208 Y-33.222
X27.98 Y-32.939
X27.882 Y-32.808
X27.738 Y-32.601
X27.36 Y-32.052
X27.311 Y-31.979
X27.194 Y-31.772
X27.082 Y-31.565
X26.986 Y-31.358
X26.745 Y-30.737
X26.666 Y-30.529
X26.594 Y-30.322
X26.532 Y-30.128
X26.43 Y-29.701
X26.386 Y-29.494
X26.301 Y-28.872
X26.228 Y-28.251
Y-27.629
X26.301 Y-27.008
X26.386 Y-26.386
X26.43 Y-26.179
X26.532 Y-25.752
X26.594 Y-25.558
X26.666 Y-25.351
X26.745 Y-25.143
X26.986 Y-24.522
X27.082 Y-24.315
X27.194 Y-24.108
X27.311 Y-23.901
X27.36 Y-23.828
X27.773 Y-23.228
X27.882 Y-23.072
X27.98 Y-22.941
X28.208 Y-22.658
X28.382 Y-22.451
X28.587 Y-22.243
X29.051 Y-21.829
X29.221 Y-21.68
X29.635 Y-21.36
X29.845 Y-21.208
X30.463 Y-20.874
X31.021 Y-20.586
X31.083 Y-20.556
X31.29 Y-20.47
X31.704 Y-20.301
X31.911 Y-20.241
X32.325 Y-20.135
X32.532 Y-20.085
X33.044 Y-19.965
X33.152 Y-19.952
X33.566 Y-19.916
X33.773 Y-19.91
X34.807
X35.014 Y-19.916
X35.428 Y-19.952
X35.536 Y-19.965
X36.048 Y-20.085
X36.255 Y-20.135
X36.669 Y-20.241
X36.876 Y-20.301
X37.29 Y-20.47
X37.497 Y-20.556
X37.559 Y-20.586
X38.117 Y-20.874
X38.738 Y-21.209
X38.945 Y-21.36
X39.359 Y-21.68
X39.565 Y-21.861
X39.993 Y-22.243
X40.198 Y-22.451
X40.372 Y-22.658
X40.6 Y-22.941
X40.698 Y-23.072
X40.842 Y-23.279
X41.22 Y-23.828
X41.269 Y-23.901
X41.386 Y-24.108
X41.498 Y-24.315
X41.594 Y-24.522
X41.835 Y-25.143
X41.914 Y-25.351
X41.986 Y-25.558
X42.048 Y-25.752
X42.15 Y-26.179
X42.194 Y-26.386
X42.279 Y-27.008
X42.352 Y-27.629
Y-28.251
X42.279 Y-28.872
X42.194 Y-29.494
X42.15 Y-29.701
X42.048 Y-30.128
X41.986 Y-30.322
X41.914 Y-30.529
X41.835 Y-30.737
X41.594 Y-31.358
X41.498 Y-31.565
X41.386 Y-31.772
X41.269 Y-31.979
X41.22 Y-32.052
X40.807 Y-32.652
X40.698 Y-32.808
X40.6 Y-32.939
X40.372 Y-33.222
X40.198 Y-33.429
X39.993 Y-33.637
X39.529 Y-34.051
X39.359 Y-34.2
X38.945 Y-34.52
X38.735 Y-34.672
X38.117 Y-35.006
X37.559 Y-35.294
X37.497 Y-35.324
X37.29 Y-35.41
X36.876 Y-35.579
X36.669 Y-35.639
X36.255 Y-35.745
X36.048 Y-35.795
X35.536 Y-35.915
X35.428 Y-35.928
X35.014 Y-35.964
X34.807 Y-35.97
X33.773
X33.566 Y-35.964
X33.152 Y-35.928
X33.044 Y-35.915
X32.532 Y-35.795
X32.325 Y-35.745
X31.911 Y-35.639
X31.704 Y-35.579
X31.29 Y-35.41
X31.083 Y-35.324
X31.021 Y-35.294
X30.463 Y-35.006
X29.842 Y-34.671
X29.64 Y-34.523
X29.575 Y-34.485
X29.507 Y-34.454
X29.432 Y-34.44 Z-15.655
X29.359 Y-34.426 Z-15.642
X29.287 Y-34.413 Z-15.619
X29.283 Z-15.617
X29.203 Y-34.427 Z-15.579
X29.129 Y-34.441 Z-15.529
X29.063 Y-34.452 Z-15.47
X29.008 Y-34.483 Z-15.394
X28.963 Y-34.507 Z-15.31
X28.93 Y-34.524 Z-15.219
X28.911 Y-34.535 Z-15.123
X28.904 Y-34.539 Z-15.025
G0 Z5.
X29.148 Y-38.808
Z-14.136
G1 Z-14.771 F3048.
X29.15 Y-38.801 Z-14.87
X29.156 Y-38.778 Z-14.967
X29.165 Y-38.741 Z-15.059
X29.178 Y-38.691 Z-15.144
X29.194 Y-38.628 Z-15.22
X29.213 Y-38.555 Z-15.285
X29.234 Y-38.473 Z-15.337
X29.257 Y-38.383 Z-15.375
X29.281 Y-38.29 Z-15.398
X29.306 Y-38.193 Z-15.406
G3 X29.803 Y-34.736 R16.211
G1 Y-34.637
X29.794 Y-34.577
X29.767 Y-34.522
X29.725 Y-34.477
X29.221 Y-34.083
X29.183 Y-34.051
X28.601 Y-33.527
X28.501 Y-33.429
X28.394 Y-33.305
X27.98 Y-32.788
X27.845 Y-32.601
X27.559 Y-32.187
X27.419 Y-31.979
X27.285 Y-31.772
X27.153 Y-31.518
X27.083 Y-31.358
X26.919 Y-30.944
X26.84 Y-30.737
X26.686 Y-30.322
X26.621 Y-30.115
X26.522 Y-29.701
X26.477 Y-29.494
X26.389 Y-28.872
X26.316 Y-28.251
Y-27.629
X26.389 Y-27.008
X26.477 Y-26.386
X26.522 Y-26.179
X26.621 Y-25.765
X26.686 Y-25.558
X26.84 Y-25.143
X26.946 Y-24.869
X27.083 Y-24.522
X27.153 Y-24.362
X27.285 Y-24.108
X27.419 Y-23.901
X27.566 Y-23.682
X27.845 Y-23.279
X27.98 Y-23.092
X28.394 Y-22.575
X28.501 Y-22.451
X28.601 Y-22.353
X29.183 Y-21.829
X29.221 Y-21.797
X29.842 Y-21.311
X29.933 Y-21.256
X30.463 Y-20.973
X31.083 Y-20.657
X31.23 Y-20.586
X31.739 Y-20.379
X32.118 Y-20.279
X32.325 Y-20.226
X32.546 Y-20.172
X32.945 Y-20.078
X33.152 Y-20.047
X33.566 Y-20.006
X33.773 Y-19.999
X34.807
X35.014 Y-20.006
X35.428 Y-20.047
X35.635 Y-20.078
X36.048 Y-20.175
X36.255 Y-20.226
X36.669 Y-20.333
X36.841 Y-20.379
X37.35 Y-20.586
X37.497 Y-20.657
X38.117 Y-20.973
X38.647 Y-21.256
X38.738 Y-21.311
X39.359 Y-21.797
X39.397 Y-21.829
X39.979 Y-22.353
X40.079 Y-22.451
X40.186 Y-22.575
X40.6 Y-23.092
X40.735 Y-23.279
X41.021 Y-23.693
X41.161 Y-23.901
X41.295 Y-24.108
X41.427 Y-24.362
X41.497 Y-24.522
X41.661 Y-24.936
X41.74 Y-25.143
X41.894 Y-25.558
X41.959 Y-25.765
X42.058 Y-26.179
X42.103 Y-26.386
X42.191 Y-27.008
X42.264 Y-27.629
Y-28.251
X42.191 Y-28.872
X42.103 Y-29.494
X42.058 Y-29.701
X41.959 Y-30.115
X41.894 Y-30.322
X41.74 Y-30.737
X41.634 Y-31.011
X41.497 Y-31.358
X41.427 Y-31.518
X41.295 Y-31.772
X41.161 Y-31.979
X41.014 Y-32.198
X40.735 Y-32.601
X40.6 Y-32.788
X40.186 Y-33.305
X40.079 Y-33.429
X39.979 Y-33.527
X39.397 Y-34.051
X39.359 Y-34.083
X38.738 Y-34.569
X38.647 Y-34.624
X38.117 Y-34.907
X37.497 Y-35.223
X37.35 Y-35.294
X36.841 Y-35.501
X36.462 Y-35.601
X36.255 Y-35.654
X36.034 Y-35.708
X35.635 Y-35.802
X35.428 Y-35.833
X35.014 Y-35.874
X34.807 Y-35.881
X33.773
X33.566 Y-35.874
X33.152 Y-35.833
X32.945 Y-35.802
X32.532 Y-35.705
X32.325 Y-35.654
X31.911 Y-35.547
X31.739 Y-35.501
X31.23 Y-35.294
X31.083 Y-35.223
X30.463 Y-34.907
X29.933 Y-34.624
X29.842 Y-34.569
X29.725 Y-34.477
X29.662 Y-34.437
X29.594 Y-34.404
X29.52 Y-34.388 Z-15.401
X29.447 Y-34.372 Z-15.388
X29.376 Y-34.356 Z-15.365
X29.351 Y-34.355 Z-15.355
X29.27 Y-34.37 Z-15.312
X29.197 Y-34.383 Z-15.258
X29.131 Y-34.395 Z-15.194
X29.081 Y-34.421 Z-15.121
X29.041 Y-34.442 Z-15.04
X29.012 Y-34.457 Z-14.954
X28.995 Y-34.466 Z-14.863
X28.989 Y-34.469 Z-14.771
G0 Z5.
X29.852 Y-38.73
Z-13.882
G1 Z-14.517 F3048.
X29.853 Y-38.722 Z-14.616
X29.855 Y-38.699 Z-14.713
X29.859 Y-38.661 Z-14.805
X29.864 Y-38.609 Z-14.89
X29.871 Y-38.545 Z-14.966
X29.878 Y-38.47 Z-15.031
X29.887 Y-38.385 Z-15.083
X29.896 Y-38.293 Z-15.121
X29.906 Y-38.197 Z-15.144
X29.916 Y-38.098 Z-15.152
G3 X29.891 Y-34.606 R16.211
G1 X29.881 Y-34.542
X29.853 Y-34.484
X29.809 Y-34.437
X29.322 Y-34.051
X29.221 Y-33.968
X29.015 Y-33.785
X28.85 Y-33.637
X28.601 Y-33.402
X28.446 Y-33.222
X28.107 Y-32.808
X27.98 Y-32.641
X27.666 Y-32.187
X27.566 Y-32.04
X27.36 Y-31.711
X27.272 Y-31.565
X27.179 Y-31.358
X27.014 Y-30.944
X26.946 Y-30.769
X26.739 Y-30.201
X26.712 Y-30.115
X26.658 Y-29.908
X26.611 Y-29.701
X26.568 Y-29.494
X26.478 Y-28.872
X26.405 Y-28.251
Y-27.629
X26.478 Y-27.008
X26.568 Y-26.386
X26.611 Y-26.179
X26.658 Y-25.972
X26.712 Y-25.765
X26.739 Y-25.679
X26.946 Y-25.111
X27.014 Y-24.936
X27.179 Y-24.522
X27.272 Y-24.315
X27.36 Y-24.169
X27.566 Y-23.84
X27.666 Y-23.693
X27.98 Y-23.239
X28.107 Y-23.072
X28.446 Y-22.658
X28.601 Y-22.478
X28.85 Y-22.243
X29.081 Y-22.036
X29.221 Y-21.912
X29.322 Y-21.829
X29.845 Y-21.415
X30.049 Y-21.294
X30.206 Y-21.208
X30.463 Y-21.073
X31.083 Y-20.755
X31.29 Y-20.655
X31.442 Y-20.586
X31.704 Y-20.485
X31.911 Y-20.425
X32.325 Y-20.316
X32.532 Y-20.265
X32.945 Y-20.168
X33.152 Y-20.136
X33.566 Y-20.094
X33.773 Y-20.087
X34.807
X35.014 Y-20.094
X35.428 Y-20.136
X35.635 Y-20.168
X36.048 Y-20.265
X36.255 Y-20.316
X36.669 Y-20.425
X36.876 Y-20.485
X37.138 Y-20.586
X37.29 Y-20.655
X37.497 Y-20.755
X38.117 Y-21.073
X38.374 Y-21.208
X38.531 Y-21.294
X38.738 Y-21.417
X39.258 Y-21.829
X39.359 Y-21.912
X39.565 Y-22.095
X39.73 Y-22.243
X39.979 Y-22.478
X40.134 Y-22.658
X40.473 Y-23.072
X40.6 Y-23.239
X40.914 Y-23.693
X41.014 Y-23.84
X41.22 Y-24.169
X41.308 Y-24.315
X41.401 Y-24.522
X41.566 Y-24.936
X41.634 Y-25.111
X41.841 Y-25.679
X41.868 Y-25.765
X41.922 Y-25.972
X41.969 Y-26.179
X42.012 Y-26.386
X42.102 Y-27.008
X42.175 Y-27.629
Y-28.251
X42.102 Y-28.872
X42.012 Y-29.494
X41.969 Y-29.701
X41.922 Y-29.908
X41.868 Y-30.115
X41.841 Y-30.201
X41.634 Y-30.769
X41.566 Y-30.944
X41.401 Y-31.358
X41.308 Y-31.565
X41.22 Y-31.711
X41.014 Y-32.04
X40.914 Y-32.187
X40.6 Y-32.641
X40.473 Y-32.808
X40.134 Y-33.222
X39.979 Y-33.402
X39.73 Y-33.637
X39.499 Y-33.844
X39.359 Y-33.968
X39.258 Y-34.051
X38.735 Y-34.465
X38.531 Y-34.586
X38.374 Y-34.672
X38.117 Y-34.807
X37.497 Y-35.125
X37.29 Y-35.225
X37.138 Y-35.294
X36.876 Y-35.395
X36.669 Y-35.455
X36.255 Y-35.564
X36.048 Y-35.615
X35.635 Y-35.712
X35.428 Y-35.744
X35.014 Y-35.786
X34.807 Y-35.793
X33.773
X33.566 Y-35.786
X33.152 Y-35.744
X32.945 Y-35.712
X32.532 Y-35.615
X32.325 Y-35.564
X31.911 Y-35.455
X31.704 Y-35.395
X31.442 Y-35.294
X31.29 Y-35.225
X31.083 Y-35.125
X30.463 Y-34.807
X30.206 Y-34.672
X30.049 Y-34.586
X29.842 Y-34.463
X29.809 Y-34.437
X29.746 Y-34.396
X29.679 Y-34.363
X29.604 Y-34.346 Z-15.147
X29.531 Y-34.33 Z-15.134
X29.461 Y-34.314 Z-15.111
X29.432 Y-34.313 Z-15.099
X29.351 Y-34.327 Z-15.056
X29.277 Y-34.341 Z-15.001
X29.212 Y-34.352 Z-14.935
X29.163 Y-34.377 Z-14.863
X29.124 Y-34.398 Z-14.783
X29.096 Y-34.412 Z-14.697
X29.079 Y-34.421 Z-14.608
X29.073 Y-34.424 Z-14.517
G0 Z5.
X30.041 Y-38.673
Z-13.628
G1 Z-14.263 F3048.
Y-38.666 Z-14.362
X30.043 Y-38.642 Z-14.459
X30.046 Y-38.604 Z-14.551
X30.05 Y-38.552 Z-14.636
X30.055 Y-38.488 Z-14.712
X30.061 Y-38.412 Z-14.777
X30.067 Y-38.328 Z-14.829
X30.074 Y-38.236 Z-14.867
X30.082 Y-38.139 Z-14.89
X30.089 Y-38.04 Z-14.898
G3 X29.979 Y-34.549 R16.211
G1 X29.968 Y-34.483
X29.934 Y-34.424
X29.882 Y-34.38
X29.842 Y-34.357
X29.428 Y-34.03
X29.214 Y-33.844
X28.758 Y-33.429
X28.601 Y-33.277
X28.555 Y-33.222
X28.187 Y-32.771
X28.062 Y-32.601
X27.916 Y-32.394
X27.773 Y-32.187
X27.637 Y-31.979
X27.36 Y-31.523
X27.276 Y-31.358
X27.108 Y-30.944
X27.027 Y-30.737
X26.876 Y-30.322
X26.806 Y-30.115
X26.705 Y-29.701
X26.659 Y-29.494
X26.566 Y-28.872
X26.493 Y-28.251
Y-27.629
X26.566 Y-27.008
X26.659 Y-26.386
X26.705 Y-26.179
X26.806 Y-25.765
X26.876 Y-25.558
X27.027 Y-25.143
X27.108 Y-24.936
X27.276 Y-24.522
X27.36 Y-24.357
X27.637 Y-23.901
X27.773 Y-23.692
X27.916 Y-23.486
X28.062 Y-23.279
X28.187 Y-23.109
X28.555 Y-22.658
X28.601 Y-22.603
X28.758 Y-22.451
X29.221 Y-22.029
X29.428 Y-21.85
X29.842 Y-21.523
X30.256 Y-21.283
X30.396 Y-21.208
X30.463 Y-21.173
X31.083 Y-20.854
X31.211 Y-20.793
X31.497 Y-20.663
X31.677 Y-20.586
X31.704 Y-20.577
X31.911 Y-20.518
X32.325 Y-20.406
X32.432 Y-20.379
X32.945 Y-20.257
X33.152 Y-20.226
X33.566 Y-20.183
X33.773 Y-20.176
X34.807
X35.014 Y-20.183
X35.428 Y-20.226
X35.635 Y-20.257
X36.148 Y-20.379
X36.255 Y-20.406
X36.669 Y-20.518
X36.876 Y-20.577
X36.903 Y-20.586
X37.083 Y-20.663
X37.369 Y-20.793
X37.497 Y-20.854
X38.117 Y-21.173
X38.184 Y-21.208
X38.324 Y-21.283
X38.738 Y-21.523
X39.152 Y-21.85
X39.366 Y-22.036
X39.822 Y-22.451
X39.979 Y-22.603
X40.025 Y-22.658
X40.393 Y-23.109
X40.518 Y-23.279
X40.664 Y-23.486
X40.807 Y-23.693
X40.943 Y-23.901
X41.22 Y-24.357
X41.304 Y-24.522
X41.472 Y-24.936
X41.553 Y-25.143
X41.704 Y-25.558
X41.774 Y-25.765
X41.875 Y-26.179
X41.921 Y-26.386
X42.014 Y-27.008
X42.087 Y-27.629
Y-28.251
X42.014 Y-28.872
X41.921 Y-29.494
X41.875 Y-29.701
X41.774 Y-30.115
X41.704 Y-30.322
X41.553 Y-30.737
X41.472 Y-30.944
X41.304 Y-31.358
X41.22 Y-31.523
X40.943 Y-31.979
X40.807 Y-32.188
X40.664 Y-32.394
X40.518 Y-32.601
X40.393 Y-32.771
X40.025 Y-33.222
X39.979 Y-33.277
X39.822 Y-33.429
X39.359 Y-33.851
X39.152 Y-34.03
X38.738 Y-34.357
X38.324 Y-34.597
X38.184 Y-34.672
X38.117 Y-34.707
X37.497 Y-35.026
X37.369 Y-35.087
X37.083 Y-35.217
X36.903 Y-35.294
X36.876 Y-35.303
X36.669 Y-35.362
X36.255 Y-35.474
X36.148 Y-35.501
X35.635 Y-35.623
X35.428 Y-35.654
X35.014 Y-35.697
X34.807 Y-35.704
X33.773
X33.566 Y-35.697
X33.152 Y-35.654
X32.945 Y-35.623
X32.432 Y-35.501
X32.325 Y-35.474
X31.911 Y-35.362
X31.704 Y-35.303
X31.677 Y-35.294
X31.497 Y-35.217
X31.211 Y-35.087
X31.083 Y-35.026
X30.463 Y-34.707
X30.396 Y-34.672
X30.256 Y-34.597
X29.882 Y-34.38
X29.813 Y-34.349
X29.742 Y-34.325
X29.662 Y-34.315 Z-14.893
X29.583 Y-34.305 Z-14.877
X29.505 Y-34.319 Z-14.851
X29.431 Y-34.332 Z-14.814
X29.363 Y-34.344 Z-14.768
X29.298 Y-34.382 Z-14.7
X29.244 Y-34.414 Z-14.622
X29.201 Y-34.439 Z-14.534
X29.17 Y-34.457 Z-14.44
X29.156 Y-34.47 Z-14.352
X29.151 Y-34.474 Z-14.263
G0 Z5.
X-0.642 Y-63.199
Z-18.454
G1 Z-19.089 F3048.
X-0.64 Y-63.191 Z-19.188
X-0.634 Y-63.169 Z-19.285
X-0.625 Y-63.132 Z-19.377
X-0.612 Y-63.081 Z-19.462
X-0.596 Y-63.019 Z-19.538
X-0.577 Y-62.945 Z-19.603
X-0.556 Y-62.863 Z-19.655
X-0.533 Y-62.774 Z-19.693
X-0.509 Y-62.68 Z-19.716
X-0.484 Y-62.584 Z-19.724
G3 X0.013 Y-59.127 R16.211
G1 Y-58.992
X-0.036 Y-58.917
X-0.108 Y-58.864
X-0.194 Y-58.839
G3 X-0.452 Y-58.865 R0.635
G1 X-0.519 Y-58.882
X-0.588 Y-58.892
X-0.971 Y-58.926
X-1.417 Y-58.966
G2 X-2.105 Y-58.401 R0.635
G3 X-2.38 Y-57.666 R1.583
G1 X-2.431 Y-57.598
X-2.521 Y-57.459
X-2.638 Y-57.263
X-2.739 Y-57.044
X-2.817 Y-56.837
X-2.845 Y-56.757
X-2.88 Y-56.63
X-2.927 Y-56.423
X-2.963 Y-56.009
X-2.98 Y-55.802
Y-0.078
X-2.963 Y0.129
X-2.961 Y0.179 Z-19.714
X-2.965 Y0.25 Z-19.7
X-2.977 Y0.319 Z-19.686
X-2.996 Y0.387 Z-19.671
X-3.015 Y0.451 Z-19.658
X-3.026 Y0.517 Z-19.645
X-3.071 Y0.888 Z-19.57
X-3.099 Y1.114 Z-19.524
X-3.221 Y2.126
G2 X-2.668 Y2.832 R0.635
X-2.355 Y2.791 R0.635
G1 X-2.277 Y2.754 Z-19.541
X-2.205 Y2.706 Z-19.559
X-2.161 Y2.675 Z-19.57
X-2.065 Y2.621 Z-19.592
X-1.962 Y2.581 Z-19.614
X-1.855 Y2.557 Z-19.636
X-1.746 Y2.548 Z-19.658
X-1.636 Y2.555 Z-19.68
X-1.528 Y2.577 Z-19.702
X-1.425 Y2.615 Z-19.724
X-1.19 Y2.729
X-1.086 Y2.773
X-0.983 Y2.811
X-0.776 Y2.868
X-0.569 Y2.919
X-0.155 Y2.963
X0.051 Y2.98
X68.529
X68.616 Y2.986 Z-19.706
X68.701 Y3.003 Z-19.689
X68.783 Y3.033 Z-19.671
X68.865 Y3.062 Z-19.654
X68.949 Y3.08 Z-19.637
X69.036 Y3.086 Z-19.619
X69.284 Z-19.57
X69.511 Y3.087 Z-19.524
X70.052 Y3.088
G2 X70.631 Y2.717 R0.635
G1 X70.656 Y2.654 Z-19.538
X70.674 Y2.588 Z-19.551
X70.685 Y2.521 Z-19.565
X70.687 Y2.498 Z-19.57
X70.714 Y2.346 Z-19.6
X70.755 Y2.198 Z-19.631
X70.81 Y2.054 Z-19.662
X70.878 Y1.916 Z-19.693
X70.96 Y1.786 Z-19.724
X71.011 Y1.718
X71.101 Y1.579
X71.218 Y1.383
X71.319 Y1.164
X71.397 Y0.957
X71.425 Y0.877
X71.46 Y0.75
X71.507 Y0.543
X71.543 Y0.129
X71.56 Y-0.078
Y-55.802
X71.543 Y-56.009
X71.541 Y-56.059 Z-19.714
X71.545 Y-56.13 Z-19.7
X71.557 Y-56.199 Z-19.686
X71.576 Y-56.267 Z-19.671
X71.595 Y-56.331 Z-19.658
X71.606 Y-56.397 Z-19.645
X71.651 Y-56.768 Z-19.57
X71.679 Y-56.994 Z-19.524
X71.801 Y-58.006
G2 X71.248 Y-58.712 R0.635
X70.935 Y-58.671 R0.635
G1 X70.857 Y-58.634 Z-19.541
X70.785 Y-58.586 Z-19.559
X70.699 Y-58.529 Z-19.579
X70.607 Y-58.484 Z-19.6
X70.509 Y-58.452 Z-19.621
X70.408 Y-58.433 Z-19.641
X70.305 Y-58.428 Z-19.662
X70.202 Y-58.437 Z-19.683
X70.102 Y-58.459 Z-19.703
X70.005 Y-58.495 Z-19.724
X69.77 Y-58.609
X69.666 Y-58.653
X69.563 Y-58.691
X69.356 Y-58.748
X69.149 Y-58.799
X68.735 Y-58.843
X68.529 Y-58.86
X0.051
X-0.155 Y-58.843
X-0.194 Y-58.839
X-0.269 Y-58.838
X-0.344 Y-58.846
X-0.415 Y-58.872 Z-19.719
X-0.486 Y-58.897 Z-19.706
X-0.554 Y-58.921 Z-19.683
X-0.616 Y-58.973 Z-19.645
X-0.674 Y-59.021 Z-19.597
X-0.725 Y-59.064 Z-19.538
X-0.759 Y-59.119 Z-19.462
X-0.786 Y-59.164 Z-19.377
X-0.806 Y-59.196 Z-19.285
X-0.818 Y-59.216 Z-19.189
X-0.823 Y-59.222 Z-19.089
G0 Z5.
X-0.642 Y-62.987
Z-18.2
G1 Z-18.835 F3048.
X-0.64 Y-62.979 Z-18.934
X-0.634 Y-62.956 Z-19.031
X-0.625 Y-62.919 Z-19.123
X-0.612 Y-62.869 Z-19.208
X-0.596 Y-62.806 Z-19.284
X-0.577 Y-62.733 Z-19.349
X-0.556 Y-62.651 Z-19.401
X-0.533 Y-62.561 Z-19.439
X-0.509 Y-62.468 Z-19.462
X-0.484 Y-62.371 Z-19.47
G3 X0.013 Y-58.914 R16.211
G1 Y-58.786
X-0.026 Y-58.72
X-0.086 Y-58.672
X-0.159 Y-58.648
X-0.246 Y-58.643 Z-19.452
X-0.333 Y-58.65 Z-19.435
X-0.419 Y-58.669 Z-19.417
X-0.492 Y-58.685 Z-19.402
X-0.566 Y-58.693 Z-19.387
X-0.924 Y-58.711 Z-19.316
X-1.151 Y-58.722 Z-19.27
X-3.193 Y-58.82
G2 X-3.858 Y-58.217 R0.635
X-3.254 Y-57.552 R0.635
X-3.087 Y-57.566 R0.635
G1 X-3.063 Y-57.571 Z-19.275
X-2.984 Y-57.585 Z-19.291
X-2.903 Y-57.583 Z-19.307
X-2.824 Y-57.566 Z-19.324
X-2.749 Y-57.535 Z-19.34
X-2.681 Y-57.491 Z-19.356
X-2.622 Y-57.435 Z-19.372
X-2.575 Y-57.37 Z-19.389
X-2.54 Y-57.297 Z-19.405
X-2.52 Y-57.218 Z-19.421
X-2.514 Y-57.138 Z-19.437
X-2.523 Y-57.057 Z-19.454
X-2.547 Y-56.98 Z-19.47
X-2.553 Y-56.967
X-2.724 Y-56.41
X-2.761 Y-56.009
X-2.779 Y-55.802
Y-0.172
X-2.785 Y-0.085 Z-19.452
X-2.803 Y0.001 Z-19.435
X-2.832 Y0.083 Z-19.417
X-2.856 Y0.147 Z-19.404
X-2.873 Y0.212 Z-19.39
X-2.883 Y0.28 Z-19.376
X-2.91 Y0.583 Z-19.316
X-2.931 Y0.809 Z-19.27
X-3.096 Y2.632
G2 X-2.521 Y3.322 R0.635
X-1.898 Y2.979 R0.635
G1 X-1.875 Y2.926 Z-19.282
X-1.855 Y2.872 Z-19.293
X-1.823 Y2.79 Z-19.311
X-1.778 Y2.714 Z-19.329
X-1.722 Y2.647 Z-19.346
X-1.654 Y2.59 Z-19.364
X-1.579 Y2.545 Z-19.382
X-1.497 Y2.512 Z-19.399
X-1.411 Y2.494 Z-19.417
X-1.323 Y2.49 Z-19.435
X-1.236 Y2.5 Z-19.452
X-1.151 Y2.524 Z-19.47
X-1.138 Y2.53
X-0.582 Y2.714
X-0.155 Y2.769
X0.051 Y2.779
X68.435
X68.436
X68.523 Y2.785 Z-19.452
X68.608 Y2.802 Z-19.435
X68.69 Y2.832 Z-19.417
X68.761 Y2.858 Z-19.402
X68.834 Y2.875 Z-19.387
X68.909 Y2.884 Z-19.372
X69.19 Y2.9 Z-19.316
X69.417 Y2.912 Z-19.27
X71.499 Y3.028
G2 X72.168 Y2.429 R0.635
X71.629 Y1.766 R0.635
G1 X71.554 Y1.759 Z-19.285
X71.471 Y1.749 Z-19.302
X71.391 Y1.725 Z-19.319
X71.316 Y1.687 Z-19.335
X71.249 Y1.637 Z-19.352
X71.192 Y1.575 Z-19.369
X71.147 Y1.505 Z-19.386
X71.114 Y1.428 Z-19.403
X71.096 Y1.346 Z-19.42
X71.091 Y1.263 Z-19.436
X71.102 Y1.18 Z-19.453
X71.127 Y1.1 Z-19.47
X71.133 Y1.087
X71.304 Y0.53
X71.341 Y0.129
X71.359 Y-0.078
Y-55.708
X71.365 Y-55.795 Z-19.452
X71.383 Y-55.881 Z-19.435
X71.412 Y-55.963 Z-19.417
X71.436 Y-56.027 Z-19.404
X71.453 Y-56.092 Z-19.39
X71.463 Y-56.16 Z-19.376
X71.49 Y-56.463 Z-19.316
X71.511 Y-56.689 Z-19.27
X71.676 Y-58.512
G2 X71.101 Y-59.202 R0.635
X70.478 Y-58.859 R0.635
G1 X70.455 Y-58.806 Z-19.282
X70.435 Y-58.752 Z-19.293
X70.403 Y-58.67 Z-19.311
X70.358 Y-58.594 Z-19.329
X70.302 Y-58.527 Z-19.346
X70.234 Y-58.47 Z-19.364
X70.159 Y-58.425 Z-19.382
X70.077 Y-58.392 Z-19.399
X69.991 Y-58.374 Z-19.417
X69.903 Y-58.37 Z-19.435
X69.816 Y-58.38 Z-19.452
X69.731 Y-58.404 Z-19.47
X69.718 Y-58.41
X69.162 Y-58.594
X68.735 Y-58.649
X68.529 Y-58.659
X0.051
X-0.159 Y-58.648
X-0.234 Y-58.646
X-0.309 Y-58.652
X-0.381 Y-58.676 Z-19.465
X-0.452 Y-58.7 Z-19.452
X-0.521 Y-58.723 Z-19.429
X-0.585 Y-58.773 Z-19.391
X-0.643 Y-58.82 Z-19.343
X-0.696 Y-58.862 Z-19.284
X-0.731 Y-58.916 Z-19.208
X-0.759 Y-58.96 Z-19.123
X-0.78 Y-58.992 Z-19.031
X-0.792 Y-59.011 Z-18.935
X-0.796 Y-59.018 Z-18.835
G0 Z5.
X-0.642 Y-62.772
Z-17.946
G1 Z-18.581 F3048.
X-0.64 Y-62.765 Z-18.68
X-0.634 Y-62.742 Z-18.777
X-0.625 Y-62.705 Z-18.869
X-0.612 Y-62.655 Z-18.954
X-0.596 Y-62.592 Z-19.03
X-0.577 Y-62.519 Z-19.095
X-0.556 Y-62.437 Z-19.147
X-0.533 Y-62.347 Z-19.185
X-0.509 Y-62.253 Z-19.208
X-0.484 Y-62.157 Z-19.216
G3 X0.013 Y-58.7 R16.211
G1 Y-58.557
X-0.028 Y-58.479
X-0.095 Y-58.422
X-0.179 Y-58.395
X-0.266 Y-58.39 Z-19.198
X-0.353 Y-58.398 Z-19.181
X-0.438 Y-58.417 Z-19.163
X-0.491 Y-58.43 Z-19.152
X-0.935 Y-58.522 Z-19.062
X-1.157 Y-58.568 Z-19.016
X-1.622 Y-58.664
G2 X-2.372 Y-58.171 R0.635
X-2.378 Y-57.947 R0.635
G1 X-2.357 Y-57.854 Z-19.035
X-2.322 Y-57.765 Z-19.054
X-2.278 Y-57.659 Z-19.077
X-2.246 Y-57.549 Z-19.1
X-2.226 Y-57.435 Z-19.124
X-2.219 Y-57.32 Z-19.147
X-2.226 Y-57.205 Z-19.17
X-2.245 Y-57.092 Z-19.193
X-2.277 Y-56.981 Z-19.216
X-2.333 Y-56.837
X-2.476 Y-56.41
X-2.479 Y-56.397
X-2.518 Y-56.009
X-2.537 Y-55.802
Y-0.286
X-2.543 Y-0.199 Z-19.198
X-2.561 Y-0.113 Z-19.181
X-2.59 Y-0.031 Z-19.163
X-2.619 Y0.051 Z-19.146
X-2.637 Y0.137 Z-19.128
X-2.683 Y0.467 Z-19.062
X-2.713 Y0.692 Z-19.016
X-2.877 Y1.885
G2 X-2.334 Y2.6 R0.635
X-1.966 Y2.54 R0.635
G1 X-1.892 Y2.497 Z-19.033
X-1.824 Y2.444 Z-19.051
X-1.782 Y2.409 Z-19.062
X-1.691 Y2.348 Z-19.084
X-1.591 Y2.301 Z-19.106
X-1.487 Y2.268 Z-19.128
X-1.378 Y2.25 Z-19.15
X-1.268 Y2.249 Z-19.172
X-1.159 Y2.263 Z-19.194
X-1.053 Y2.292 Z-19.216
X-0.983 Y2.32
X-0.58 Y2.465
X-0.569 Y2.467
X-0.155 Y2.518
X0.051 Y2.537
X68.229
X68.316 Y2.543 Z-19.198
X68.401 Y2.56 Z-19.181
X68.483 Y2.59 Z-19.163
X68.566 Y2.619 Z-19.146
X68.652 Y2.637 Z-19.128
X68.981 Y2.682 Z-19.062
X69.206 Y2.712 Z-19.016
X70.474 Y2.884
G2 X71.189 Y2.34 R0.635
X71.127 Y1.97 R0.635
G1 X71.083 Y1.895 Z-19.033
X71.03 Y1.828 Z-19.051
X70.995 Y1.786 Z-19.062
X70.933 Y1.695 Z-19.084
X70.885 Y1.596 Z-19.106
X70.852 Y1.492 Z-19.128
X70.834 Y1.383 Z-19.15
X70.832 Y1.273 Z-19.172
X70.845 Y1.164 Z-19.194
X70.874 Y1.058 Z-19.216
X70.913 Y0.957
X71.056 Y0.53
X71.059 Y0.517
X71.098 Y0.129
X71.117 Y-0.078
Y-55.594
X71.123 Y-55.681 Z-19.198
X71.141 Y-55.767 Z-19.181
X71.17 Y-55.849 Z-19.163
X71.199 Y-55.931 Z-19.146
X71.217 Y-56.017 Z-19.128
X71.263 Y-56.347 Z-19.062
X71.293 Y-56.572 Z-19.016
X71.457 Y-57.765
G2 X70.914 Y-58.48 R0.635
X70.546 Y-58.42 R0.635
G1 X70.472 Y-58.377 Z-19.033
X70.404 Y-58.324 Z-19.051
X70.362 Y-58.289 Z-19.062
X70.271 Y-58.228 Z-19.084
X70.171 Y-58.181 Z-19.106
X70.067 Y-58.148 Z-19.128
X69.958 Y-58.13 Z-19.15
X69.848 Y-58.129 Z-19.172
X69.739 Y-58.143 Z-19.194
X69.633 Y-58.172 Z-19.216
X69.563 Y-58.2
X69.16 Y-58.345
X69.149 Y-58.347
X68.735 Y-58.398
X68.529 Y-58.417
X0.051
X-0.155 Y-58.398
X-0.179 Y-58.395
X-0.254 Y-58.393
X-0.329 Y-58.4
X-0.401 Y-58.424 Z-19.211
X-0.472 Y-58.448 Z-19.198
X-0.54 Y-58.471 Z-19.175
X-0.603 Y-58.522 Z-19.137
X-0.662 Y-58.569 Z-19.089
X-0.714 Y-58.612 Z-19.03
X-0.749 Y-58.666 Z-18.954
X-0.776 Y-58.71 Z-18.869
X-0.797 Y-58.742 Z-18.777
X-0.809 Y-58.762 Z-18.681
X-0.814 Y-58.768 Z-18.581
G0 Z5.
X-0.642 Y-62.512
Z-17.692
G1 Z-18.327 F3048.
X-0.64 Y-62.504 Z-18.426
X-0.634 Y-62.482 Z-18.523
X-0.625 Y-62.445 Z-18.615
X-0.612 Y-62.394 Z-18.7
X-0.596 Y-62.332 Z-18.776
X-0.577 Y-62.258 Z-18.841
X-0.556 Y-62.176 Z-18.893
X-0.533 Y-62.087 Z-18.931
X-0.509 Y-61.993 Z-18.954
X-0.484 Y-61.897 Z-18.962
G3 X0.013 Y-58.44 R16.211
G1 Y-58.359
X-0.018 Y-58.234
X-0.102 Y-58.137
X-0.222 Y-58.09
X-0.314 Y-58.087 Z-18.944
X-0.404 Y-58.098 Z-18.925
X-0.493 Y-58.122 Z-18.907
X-0.961 Y-58.284 Z-18.808
X-1.175 Y-58.358 Z-18.762
X-1.549 Y-58.487
G2 X-2.357 Y-58.095 R0.635
X-2.323 Y-57.601 R0.635
G1 X-2.28 Y-57.527 Z-18.779
X-2.226 Y-57.459 Z-18.797
X-2.191 Y-57.418 Z-18.808
X-2.129 Y-57.327 Z-18.83
X-2.081 Y-57.228 Z-18.852
X-2.047 Y-57.123 Z-18.874
X-2.029 Y-57.015 Z-18.896
X-2.026 Y-56.905 Z-18.918
X-2.039 Y-56.796 Z-18.94
X-2.068 Y-56.69 Z-18.962
X-2.171 Y-56.423
X-2.175 Y-56.41
X-2.224 Y-55.96
X-2.241 Y-55.802
Y-0.493
X-2.247 Y-0.406 Z-18.944
X-2.264 Y-0.32 Z-18.927
X-2.294 Y-0.238 Z-18.909
X-2.492 Y0.23 Z-18.808
X-2.58 Y0.439 Z-18.762
X-3.505 Y2.626
G3 X-4.337 Y2.963 R0.635
X-4.675 Y2.131 R0.635
X-4.084 Y1.743 R0.635
X-1.594 Y1.958 R16.211
G1 X-1.103 Y2.047 Z-18.862
X-0.616 Y2.15 Z-18.962
X-0.569 Y2.163
X-0.155 Y2.219
X0.051 Y2.24
X68.115
X68.202 Y2.246 Z-18.944
X68.287 Y2.264 Z-18.927
X68.369 Y2.294 Z-18.909
X68.837 Y2.492 Z-18.808
X69.046 Y2.58 Z-18.762
X71.078 Y3.439
G3 X71.416 Y4.271 R0.635
X70.584 Y4.609 R0.635
X70.197 Y3.991 R0.635
X70.517 Y1.512 R16.211
G1 X70.627 Y1.026 Z-18.862
X70.751 Y0.543 Z-18.962
X70.755 Y0.53
X70.804 Y0.08
X70.821 Y-0.078
Y-55.387
X70.827 Y-55.474 Z-18.944
X70.844 Y-55.56 Z-18.927
X70.874 Y-55.642 Z-18.909
X71.072 Y-56.11 Z-18.808
X71.16 Y-56.319 Z-18.762
X72.085 Y-58.506
G3 X72.917 Y-58.843 R0.635
X73.255 Y-58.011 R0.635
X72.664 Y-57.623 R0.635
X70.174 Y-57.838 R16.211
G1 X69.683 Y-57.927 Z-18.862
X69.196 Y-58.03 Z-18.962
X69.149 Y-58.043
X68.735 Y-58.099
X68.529 Y-58.12
X0.672 Y-58.121
X0.597 Y-58.128
X0.524 Y-58.143
X0.455 Y-58.176 Z-18.957
X0.388 Y-58.209 Z-18.944
X0.323 Y-58.24 Z-18.921
X0.266 Y-58.299 Z-18.883
X0.214 Y-58.352 Z-18.835
X0.167 Y-58.401 Z-18.776
X0.139 Y-58.459 Z-18.7
X0.117 Y-58.506 Z-18.615
X0.101 Y-58.54 Z-18.523
X0.091 Y-58.561 Z-18.427
X0.087 Y-58.568 Z-18.327
G0 Z5.
X73.43 Y-54.941
Z-17.438
G1 Z-18.073 F3048.
X73.423 Y-54.944 Z-18.172
X73.402 Y-54.955 Z-18.269
X73.369 Y-54.972 Z-18.361
X73.322 Y-54.996 Z-18.446
X73.265 Y-55.026 Z-18.522
X73.197 Y-55.06 Z-18.587
X73.121 Y-55.099 Z-18.639
X73.039 Y-55.141 Z-18.677
X72.953 Y-55.185 Z-18.7
X72.865 Y-55.23 Z-18.708
G3 X69.944 Y-57.145 R16.211
G1 X69.666 Y-57.39
X69.653 Y-57.4
X69.119 Y-57.657
X69.109 Y-57.66
X68.735 Y-57.718
X68.529 Y-57.744
X0.672
X0.585 Y-57.75 Z-18.69
X0.5 Y-57.768 Z-18.673
X0.418 Y-57.798 Z-18.655
X-0.052 Y-57.992 Z-18.554
X-0.262 Y-58.078 Z-18.508
X-2.736 Y-59.1
G3 X-3.081 Y-59.929 R0.635
X-2.251 Y-60.274 R0.635
X-1.864 Y-59.766 R0.635
X-1.745 Y-57.269 R16.211
G1 X-1.767 Y-56.771 Z-18.608
X-1.805 Y-56.274 Z-18.708
X-1.864 Y-55.802
Y-0.7
X-1.87 Y-0.613 Z-18.69
X-1.888 Y-0.528 Z-18.673
X-1.918 Y-0.445 Z-18.655
X-2.117 Y0.022 Z-18.554
X-2.206 Y0.231 Z-18.508
X-3.236 Y2.64
G3 X-4.069 Y2.975 R0.635
X-4.404 Y2.142 R0.635
X-3.88 Y1.759 R0.635
X-1.381 Y1.713 R16.211
G1 X-0.884 Y1.75 Z-18.608
X-0.388 Y1.802 Z-18.708
X-0.155 Y1.838
X0.051 Y1.864
X67.908
X67.995 Y1.87 Z-18.69
X68.08 Y1.888 Z-18.673
X68.162 Y1.918 Z-18.655
X68.632 Y2.112 Z-18.554
X68.842 Y2.198 Z-18.508
X71.316 Y3.22
G3 X71.661 Y4.049 R0.635
X70.831 Y4.394 R0.635
X70.444 Y3.886 R0.635
X70.325 Y1.389 R16.211
G1 X70.347 Y0.891 Z-18.608
X70.385 Y0.394 Z-18.708
X70.444 Y-0.078
Y-54.973
X70.451 Y-55.048
X70.467 Y-55.121
X70.5 Y-55.19 Z-18.703
X70.533 Y-55.257 Z-18.69
X70.564 Y-55.323 Z-18.667
X70.622 Y-55.379 Z-18.629
X70.676 Y-55.431 Z-18.581
X70.725 Y-55.478 Z-18.522
X70.783 Y-55.506 Z-18.446
X70.83 Y-55.528 Z-18.361
X70.864 Y-55.544 Z-18.269
X70.885 Y-55.554 Z-18.173
X70.892 Y-55.558 Z-18.073
G0 Z5.
X-0.642 Y-61.619
Z-17.184
G1 Z-17.819 F3048.
X-0.64 Y-61.611 Z-17.918
X-0.634 Y-61.588 Z-18.015
X-0.625 Y-61.551 Z-18.107
X-0.612 Y-61.501 Z-18.192
X-0.596 Y-61.438 Z-18.268
X-0.577 Y-61.365 Z-18.333
X-0.556 Y-61.283 Z-18.385
X-0.533 Y-61.193 Z-18.423
X-0.509 Y-61.1 Z-18.446
X-0.484 Y-61.003 Z-18.454
G3 X0.013 Y-57.546 R16.211
G1 Y-57.465
X-0.017 Y-57.333
X-0.102 Y-57.228
X-0.224 Y-57.172
G3 X-0.514 Y-57.192 R0.635
G1 X-0.945 Y-57.325
G2 X-1.238 Y-57.169 R0.235
X-1.248 Y-57.079 R0.235
G3 X-1.233 Y-56.751 R3.646
G1 Y-56.75
G3 X-1.262 Y-56.294 R3.646
G1 X-1.341 Y-55.802
X-1.343 Y-55.594
Y-0.907
X-1.349 Y-0.82 Z-18.436
X-1.366 Y-0.734 Z-18.419
X-1.396 Y-0.652 Z-18.401
X-1.436 Y-0.575 Z-18.384
X-1.656 Y-0.217 Z-18.3
X-1.775 Y-0.023 Z-18.254
X-3.068 Y2.081
G3 X-3.941 Y2.29 R0.635
X-4.15 Y1.416 R0.635
X-3.643 Y1.115 R0.635
X-1.144 Y1.175 R16.211
G1 X-0.648 Y1.233 Z-18.354
X-0.155 Y1.306 Z-18.454
X0.026 Y1.342
X67.701 Y1.343
X67.786 Y1.348 Z-18.437
X67.869 Y1.365 Z-18.42
X67.949 Y1.393 Z-18.403
X68.024 Y1.431 Z-18.386
X68.395 Y1.65 Z-18.3
X68.59 Y1.766 Z-18.254
X70.775 Y3.059
G3 X70.998 Y3.929 R0.635
X70.129 Y4.152 R0.635
X69.82 Y3.663 R0.635
X69.787 Y1.163 R16.211
G1 X69.826 Y0.666 Z-18.354
X69.881 Y0.171 Z-18.454
X69.921 Y-0.078
X69.923 Y-0.286
Y-54.973
X69.929 Y-55.06 Z-18.436
X69.946 Y-55.146 Z-18.419
X69.976 Y-55.228 Z-18.401
X70.016 Y-55.305 Z-18.384
X70.236 Y-55.663 Z-18.3
X70.355 Y-55.857 Z-18.254
X71.648 Y-57.961
G3 X72.521 Y-58.17 R0.635
X72.73 Y-57.296 R0.635
X72.223 Y-56.995 R0.635
X69.724 Y-57.055 R16.211
G1 X69.229 Y-57.113 Z-18.354
X68.735 Y-57.186 Z-18.454
X68.554 Y-57.222
X1.293 Y-57.223
X1.218 Y-57.23
X1.144 Y-57.245
X1.076 Y-57.278 Z-18.449
X1.009 Y-57.311 Z-18.436
X0.943 Y-57.342 Z-18.413
X0.887 Y-57.401 Z-18.375
X0.835 Y-57.454 Z-18.327
X0.788 Y-57.503 Z-18.268
X0.76 Y-57.561 Z-18.192
X0.738 Y-57.608 Z-18.107
X0.721 Y-57.642 Z-18.015
X0.711 Y-57.663 Z-17.919
X0.708 Y-57.67 Z-17.819
G0 Z5.
X-0.642 Y-60.87
Z-16.93
G1 Z-17.565 F3048.
X-0.64 Y-60.862 Z-17.664
X-0.634 Y-60.84 Z-17.761
X-0.625 Y-60.803 Z-17.853
X-0.612 Y-60.752 Z-17.938
X-0.596 Y-60.69 Z-18.014
X-0.577 Y-60.616 Z-18.078
X-0.556 Y-60.534 Z-18.131
X-0.533 Y-60.445 Z-18.169
X-0.509 Y-60.351 Z-18.192
X-0.484 Y-60.255 Z-18.2
G3 X0.013 Y-56.798 R16.211
G1 Y-56.57
X0.144 Y-55.667
X0.279 Y-54.766
X0.37 Y-53.858
X0.431 Y-52.949
X0.473 Y-52.038
X0.501 Y-51.126
X0.52 Y-50.215
X0.534 Y-49.303
X0.543 Y-48.391
X0.549 Y-47.48
X0.553 Y-46.568
X0.558 Y-44.744
X0.561 Y-42.009
X0.562 Y-34.714
Y-6.448
Y-4.624
X0.64 Y-3.716
X0.694 Y-2.806
X0.917 Y-2.096
X0.969 Y-1.643
X0.977 Y-1.415
X1.018 Y-1.191
X1.09 Y-0.974
X1.193 Y-0.771
X1.323 Y-0.584
X1.48 Y-0.418
X1.658 Y-0.276
X1.855 Y-0.161
X2.066 Y-0.075
X2.287 Y-0.02
X3.194 Y0.069
X3.904 Y-0.098
X4.803 Y-0.249
X5.71 Y-0.35
X6.619 Y-0.417
X7.529 Y-0.463
X8.441 Y-0.495
X9.352 Y-0.516
X10.264 Y-0.531
X11.176 Y-0.541
X12.088 Y-0.547
X12.999 Y-0.552
X13.911 Y-0.555
X15.735 Y-0.559
X19.382 Y-0.562
X44.001
X45.825
X64.061
X64.969 Y-0.648
X65.879 Y-0.699
X66.598 Y-0.922
X66.824 Y-0.947
X66.938 Y-0.955
X67.166 Y-0.967
X67.389 Y-1.011
X67.604 Y-1.087
X67.806 Y-1.193
X67.991 Y-1.326
X68.154 Y-1.485
X68.294 Y-1.666
X68.406 Y-1.864
X68.488 Y-2.077
X68.539 Y-2.299
X68.614 Y-3.208
X68.446 Y-3.971
X68.307 Y-4.873
X68.214 Y-5.78
X68.152 Y-6.689
X68.109 Y-7.6
X68.08 Y-8.511
X68.06 Y-9.423
X68.047 Y-10.335
X68.038 Y-11.247
X68.031 Y-12.158
X68.027 Y-13.07
X68.022 Y-14.894
X68.019 Y-17.629
X68.018 Y-24.924
Y-29.483
Y-51.366
X67.932 Y-52.274
X67.881 Y-53.184
X67.659 Y-53.901
X67.634 Y-54.128
X67.626 Y-54.241
X67.615 Y-54.469
X67.572 Y-54.693
X67.497 Y-54.908
X67.392 Y-55.111
X67.259 Y-55.296
X67.101 Y-55.46
X66.921 Y-55.6
X66.723 Y-55.713
X66.511 Y-55.796
X66.289 Y-55.848
X65.381 Y-55.927
X64.638 Y-55.76
X63.738 Y-55.616
X62.831 Y-55.52
X61.922 Y-55.456
X61.011 Y-55.412
X60.1 Y-55.382
X59.188 Y-55.362
X58.276 Y-55.348
X57.364 Y-55.338
X56.453 Y-55.332
X55.541 Y-55.327
X53.717 Y-55.322
X50.982 Y-55.319
X43.687 Y-55.318
X42.776
X6.303
X5.395 Y-55.232
X4.485 Y-55.181
X4.049 Y-55.046
X3.153 Y-54.877
X2.926 Y-54.869
X2.47 Y-54.857
X2.245 Y-54.82
X2.028 Y-54.75
X1.823 Y-54.65
X1.635 Y-54.522
X1.466 Y-54.368
X1.322 Y-54.192
X1.204 Y-53.997
X1.116 Y-53.787
X1.058 Y-53.566
X1.033 Y-53.339
X1.04 Y-53.112
X1.2 Y-52.214
X1.337 Y-51.959
X1.484 Y-51.637
X1.639 Y-51.23
X1.803 Y-50.701
X1.974 Y-49.991
X2.131 Y-49.092
X2.236 Y-48.187
X2.308 Y-47.278
X2.357 Y-46.367
X2.391 Y-45.456
X2.415 Y-44.544
X2.431 Y-43.633
X2.442 Y-42.721
X2.45 Y-41.809
X2.455 Y-40.897
X2.459 Y-39.986
X2.463 Y-38.162
X2.466 Y-35.427
X2.467 Y-27.22
Y-5.337
X2.498 Y-4.425
X2.559 Y-3.516
X2.752 Y-2.625
X2.78 Y-2.398
X2.841 Y-2.179
X2.932 Y-1.97
X3.053 Y-1.776
X3.199 Y-1.602
X3.37 Y-1.45
X3.56 Y-1.325
X3.766 Y-1.228
X3.984 Y-1.161
X4.209 Y-1.126
X4.437 Y-1.124
X5.341 Y-1.247
X5.67 Y-1.402
X6.089 Y-1.568
X6.621 Y-1.74
X7.326 Y-1.919
X8.222 Y-2.086
X9.127 Y-2.201
X10.035 Y-2.281
X10.945 Y-2.337
X11.856 Y-2.376
X12.768 Y-2.403
X13.679 Y-2.422
X14.591 Y-2.436
X15.503 Y-2.445
X16.415 Y-2.452
X17.326 Y-2.456
X19.15 Y-2.462
X21.885 Y-2.466
X28.268 Y-2.467
X59.27
X63.829
X64.738 Y-2.539
X65.644 Y-2.636
X65.868 Y-2.681
X66.093 Y-2.719
X66.31 Y-2.789
X66.514 Y-2.889
X66.702 Y-3.018
X66.87 Y-3.172
X67.014 Y-3.349
X67.131 Y-3.545
X67.219 Y-3.755
X67.276 Y-3.976
X67.301 Y-4.202
X67.293 Y-4.43
X67.131 Y-5.327
X66.961 Y-5.788
X66.784 Y-6.382
X66.6 Y-7.183
X66.454 Y-8.083
X66.352 Y-8.989
X66.281 Y-9.898
X66.231 Y-10.808
X66.196 Y-11.72
X66.171 Y-12.631
X66.154 Y-13.543
X66.142 Y-14.454
X66.133 Y-15.366
X66.127 Y-16.278
X66.123 Y-17.19
X66.118 Y-19.013
X66.114 Y-21.749
X66.113 Y-28.132
Y-45.456
Y-50.927
X65.999 Y-52.747
X65.896 Y-53.191
X65.858 Y-53.416
X65.788 Y-53.633
X65.688 Y-53.838
X65.56 Y-54.026
X65.406 Y-54.194
X65.23 Y-54.339
X65.034 Y-54.456
X64.824 Y-54.545
X64.604 Y-54.602
X64.377 Y-54.627
X64.149 Y-54.62
X63.252 Y-54.459
X62.811 Y-54.291
X62.244 Y-54.115
X61.488 Y-53.933
X60.59 Y-53.776
X59.684 Y-53.667
X58.776 Y-53.591
X57.865 Y-53.538
X56.954 Y-53.501
X56.043 Y-53.475
X55.131 Y-53.456
X54.22 Y-53.443
X53.308 Y-53.434
X52.396 Y-53.428
X51.484 Y-53.423
X49.661 Y-53.418
X46.925 Y-53.414
X40.543 Y-53.413
X24.13
X6.805
X5.895 Y-53.361
X4.985 Y-53.303
X4.092 Y-53.118
X3.641 Y-53.054
X3.414 Y-53.031
X3.193 Y-52.975
X2.982 Y-52.888
X2.786 Y-52.772
X2.609 Y-52.629
X2.453 Y-52.462
X2.324 Y-52.274
X2.222 Y-52.07
X2.151 Y-51.854
X2.112 Y-51.629
X2.105 Y-51.401
X2.131 Y-51.175
X2.189 Y-50.954
X2.545 Y-50.115
X2.676 Y-49.956
X2.814 Y-49.765
X2.965 Y-49.524
X3.121 Y-49.236
X3.289 Y-48.874
X3.461 Y-48.429
X3.642 Y-47.854
X3.829 Y-47.096
X3.99 Y-46.198
X4.102 Y-45.293
X4.181 Y-44.385
X4.237 Y-43.475
X4.276 Y-42.564
X4.304 Y-41.652
X4.324 Y-40.741
X4.338 Y-39.829
X4.348 Y-38.917
X4.355 Y-38.006
X4.36 Y-37.094
X4.364 Y-36.182
X4.368 Y-34.358
X4.371 Y-31.623
X4.372 Y-24.328
Y-6.092
X4.382 Y-5.18
X4.421 Y-4.269
X4.485 Y-3.818
X4.521 Y-3.593
X4.589 Y-3.375
X4.688 Y-3.17
X4.815 Y-2.981
X4.967 Y-2.811
X5.143 Y-2.666
X5.337 Y-2.547
X5.547 Y-2.457
X5.767 Y-2.398
X5.993 Y-2.371
X6.221 Y-2.377
X6.446 Y-2.416
X7.313 Y-2.697
X7.533 Y-2.845
X7.809 Y-3.007
X8.135 Y-3.171
X8.55 Y-3.348
X9.064 Y-3.528
X9.731 Y-3.716
X10.623 Y-3.907
X11.525 Y-4.041
X12.432 Y-4.136
X13.341 Y-4.203
X14.252 Y-4.251
X15.163 Y-4.286
X16.074 Y-4.31
X16.986 Y-4.328
X17.898 Y-4.341
X18.81 Y-4.35
X19.721 Y-4.356
X20.633 Y-4.361
X22.457 Y-4.367
X25.192 Y-4.37
X30.663 Y-4.372
X33.399
X63.488
X64.399 Y-4.426
X64.625 Y-4.45
X64.852 Y-4.478
X65.071 Y-4.538
X65.281 Y-4.629
X65.474 Y-4.749
X65.649 Y-4.895
X65.801 Y-5.065
X65.927 Y-5.255
X66.025 Y-5.461
X66.092 Y-5.679
X66.127 Y-5.904
X66.129 Y-6.132
X66.099 Y-6.358
X65.851 Y-7.235
X65.706 Y-7.449
X65.549 Y-7.718
X65.388 Y-8.039
X65.215 Y-8.446
X65.038 Y-8.954
X64.853 Y-9.615
X64.663 Y-10.507
X64.531 Y-11.41
X64.438 Y-12.317
X64.372 Y-13.226
X64.325 Y-14.137
X64.291 Y-15.048
X64.267 Y-15.959
X64.25 Y-16.871
X64.238 Y-17.783
X64.229 Y-18.694
X64.223 Y-19.606
X64.219 Y-20.518
X64.213 Y-22.342
X64.21 Y-25.077
X64.208 Y-30.548
Y-50.608
X64.165 Y-51.519
X64.134 Y-51.973
X64.103 Y-52.199
X64.041 Y-52.419
X63.948 Y-52.627
X63.826 Y-52.819
X63.678 Y-52.992
X63.506 Y-53.143
X63.315 Y-53.267
X63.108 Y-53.362
X62.889 Y-53.427
X62.664 Y-53.459
X62.436
X62.21 Y-53.427
X61.336 Y-53.169
X61.123 Y-53.024
X60.862 Y-52.868
X60.545 Y-52.707
X60.147 Y-52.535
X59.648 Y-52.357
X59.006 Y-52.172
X58.133 Y-51.981
X57.231 Y-51.844
X56.325 Y-51.747
X55.415 Y-51.678
X54.505 Y-51.629
X53.594 Y-51.595
X52.682 Y-51.57
X51.771 Y-51.552
X50.859 Y-51.539
X49.947 Y-51.53
X49.035 Y-51.524
X48.124 Y-51.519
X46.3 Y-51.513
X44.476 Y-51.51
X39.917 Y-51.508
X7.092
X6.181 Y-51.467
X5.271 Y-51.403
X4.823 Y-51.322
X4.71 Y-51.304
X4.486 Y-51.266
X4.268 Y-51.196
X4.064 Y-51.097
X3.875 Y-50.968
X3.707 Y-50.814
X3.562 Y-50.638
X3.445 Y-50.443
X3.356 Y-50.233
X3.299 Y-50.012
X3.274 Y-49.786
X3.281 Y-49.558
X3.321 Y-49.333
X3.393 Y-49.117
X3.495 Y-48.913
X4.015 Y-48.164
X4.137 Y-48.057
X4.269 Y-47.924
X4.403 Y-47.772
X4.552 Y-47.577
X4.711 Y-47.341
X4.875 Y-47.06
X5.051 Y-46.707
X5.231 Y-46.282
X5.419 Y-45.743
X5.613 Y-45.044
X5.801 Y-44.152
X5.935 Y-43.25
X6.031 Y-42.344
X6.099 Y-41.434
X6.149 Y-40.524
X6.185 Y-39.613
X6.211 Y-38.701
X6.229 Y-37.79
X6.243 Y-36.878
X6.252 Y-35.966
X6.259 Y-35.054
X6.264 Y-34.143
X6.268 Y-33.231
X6.273 Y-31.407
X6.276 Y-28.672
X6.277 Y-22.289
Y-6.788
X6.281 Y-5.876
X6.291 Y-5.421
X6.299 Y-5.193
X6.305 Y-5.079
X6.313 Y-4.965
X6.332 Y-4.738
X6.383 Y-4.516
X6.465 Y-4.303
X6.577 Y-4.105
X6.717 Y-3.924
X6.88 Y-3.766
X7.065 Y-3.632
X7.267 Y-3.526
X7.482 Y-3.451
X7.705 Y-3.406
X7.933 Y-3.395
X8.16 Y-3.416
X8.382 Y-3.469
X8.593 Y-3.553
X8.791 Y-3.667
X9.507 Y-4.232
X9.654 Y-4.368
X9.822 Y-4.504
X10.033 Y-4.654
X10.294 Y-4.816
X10.605 Y-4.982
X10.997 Y-5.16
X11.478 Y-5.342
X12.096 Y-5.532
X12.918 Y-5.728
X13.816 Y-5.883
X14.721 Y-5.993
X15.63 Y-6.072
X16.54 Y-6.129
X17.451 Y-6.17
X18.362 Y-6.2
X19.274 Y-6.221
X20.185 Y-6.237
X21.097 Y-6.248
X22.009 Y-6.256
X22.921 Y-6.262
X23.832 Y-6.266
X25.656 Y-6.272
X28.392 Y-6.275
X33.862 Y-6.277
X63.04
X63.496 Y-6.294
X63.724 Y-6.308
X63.947 Y-6.355
X64.161 Y-6.432
X64.362 Y-6.54
X64.545 Y-6.676
X64.707 Y-6.836
X64.845 Y-7.018
X64.955 Y-7.217
X65.035 Y-7.431
X65.084 Y-7.653
X65.101 Y-7.881
X65.084 Y-8.108
X65.036 Y-8.331
X64.956 Y-8.544
X64.846 Y-8.744
X64.297 Y-9.472
X63.993 Y-9.812
X63.836 Y-10.049
X63.675 Y-10.33
X63.502 Y-10.68
X63.324 Y-11.109
X63.137 Y-11.657
X62.944 Y-12.366
X62.762 Y-13.259
X62.632 Y-14.162
X62.54 Y-15.069
X62.474 Y-15.978
X62.426 Y-16.889
X62.392 Y-17.8
X62.367 Y-18.712
X62.349 Y-19.623
X62.336 Y-20.535
X62.327 Y-21.447
X62.32 Y-22.358
X62.315 Y-23.27
X62.309 Y-25.094
X62.305 Y-27.829
X62.303 Y-33.3
Y-49.713
X62.295 Y-50.625
X62.284 Y-50.852
X62.27 Y-51.08
X62.225 Y-51.303
X62.148 Y-51.518
X62.041 Y-51.719
X61.906 Y-51.903
X61.746 Y-52.065
X61.565 Y-52.204
X61.365 Y-52.314
X61.152 Y-52.395
X60.93 Y-52.445
X60.703 Y-52.462
X60.475 Y-52.447
X60.252 Y-52.399
X60.039 Y-52.32
X59.838 Y-52.21
X59.109 Y-51.664
X58.974 Y-51.534
X58.818 Y-51.403
X58.619 Y-51.256
X58.377 Y-51.1
X58.086 Y-50.938
X57.721 Y-50.763
X57.275 Y-50.585
X56.705 Y-50.398
X55.958 Y-50.205
X55.062 Y-50.034
X54.158 Y-49.912
X53.251 Y-49.826
X52.341 Y-49.763
X51.43 Y-49.718
X50.519 Y-49.686
X49.607 Y-49.663
X48.696 Y-49.646
X47.784 Y-49.634
X46.872 Y-49.625
X45.96 Y-49.619
X45.049 Y-49.614
X43.225 Y-49.609
X40.49 Y-49.605
X35.019 Y-49.603
X8.12
X7.208 Y-49.6
X6.297 Y-49.562
X6.184 Y-49.552
X6.071 Y-49.54
X5.844 Y-49.515
X5.618 Y-49.484
X5.399 Y-49.422
X5.191 Y-49.328
X4.999 Y-49.206
X4.912 Y-49.131
X4.832 Y-49.051
X4.757 Y-48.965
X4.688 Y-48.874
G3 X3.979 Y-48.676 R0.635
G1 X3.886 Y-48.709 Z-18.192
X3.794 Y-48.742 Z-18.169
X3.708 Y-48.773 Z-18.131
X3.628 Y-48.802 Z-18.078
X3.557 Y-48.828 Z-18.014
X3.496 Y-48.85 Z-17.938
X3.447 Y-48.868 Z-17.853
X3.411 Y-48.88 Z-17.761
X3.389 Y-48.888 Z-17.664
X3.382 Y-48.891 Z-17.565
G0 Z5.
X10.804 Y0.655
Z-16.93
G1 Z-17.565 F3048.
X10.8 Y0.648 Z-17.664
X10.787 Y0.629 Z-17.761
X10.765 Y0.598 Z-17.853
X10.735 Y0.555 Z-17.938
X10.698 Y0.502 Z-18.014
X10.655 Y0.44 Z-18.078
X10.606 Y0.37 Z-18.131
X10.553 Y0.295 Z-18.169
X10.498 Y0.215 Z-18.192
X10.441 Y0.134 Z-18.2
X8.135 Y-3.171
X7.961 Y-3.517
X7.883 Y-3.697
X7.833 Y-3.929
X7.826 Y-4.216
X7.89 Y-4.588
X8.127 Y-4.914
X8.407 Y-5.239
X8.75 Y-5.533
X9.13 Y-5.819
X9.57 Y-6.107
X10.071 Y-6.391
X10.62 Y-6.658
X11.281 Y-6.928
X12.055 Y-7.188
X12.936 Y-7.423
X13.829 Y-7.605
X14.73 Y-7.745
X15.636 Y-7.852
X16.544 Y-7.933
X17.454 Y-7.995
X18.364 Y-8.042
X19.275 Y-8.078
X20.187 Y-8.104
X21.098 Y-8.124
X22.01 Y-8.139
X22.922 Y-8.151
X23.834 Y-8.159
X24.745 Y-8.165
X25.657 Y-8.17
X27.481 Y-8.176
X30.216 Y-8.18
X34.775 Y-8.182
X55.747
X62.13 Y-8.183
X62.586 Y-8.185
X62.813 Y-8.198
X62.925 Y-8.22
X63.035 Y-8.251
X63.142 Y-8.289
X63.246 Y-8.335
X63.318 Y-8.359
X63.391 Y-8.374
X63.481 Y-8.38 Z-18.193
X63.482
X63.558 Y-8.367 Z-18.177
X63.631 Y-8.353 Z-18.151
X63.701 Y-8.341 Z-18.116
X63.758 Y-8.308 Z-18.073
X63.809 Y-8.278 Z-18.022
X63.855 Y-8.251 Z-17.964
X63.894 Y-8.228 Z-17.9
X63.923 Y-8.199 Z-17.822
X63.944 Y-8.178 Z-17.739
X63.957 Y-8.165 Z-17.653
X63.962 Y-8.161 Z-17.565
G0 Z5.
X57.708 Y-56.511
Z-16.93
G1 Z-17.565 F3048.
X57.712 Y-56.505 Z-17.664
X57.724 Y-56.485 Z-17.761
X57.744 Y-56.452 Z-17.853
X57.771 Y-56.408 Z-17.938
X57.805 Y-56.353 Z-18.014
X57.844 Y-56.288 Z-18.078
X57.889 Y-56.216 Z-18.131
X57.937 Y-56.137 Z-18.169
X57.988 Y-56.055 Z-18.192
X58.04 Y-55.97 Z-18.2
X60.147 Y-52.535
X60.26 Y-52.274
X60.391 Y-52.024
X60.454 Y-51.817
X60.482 Y-51.534
X60.36 Y-51.282
X60.209 Y-51.026
X60.024 Y-50.763
X59.768 Y-50.506
X59.488 Y-50.258
X59.152 Y-49.997
X58.777 Y-49.743
X58.343 Y-49.488
X57.822 Y-49.225
X57.251 Y-48.98
X56.547 Y-48.731
X55.684 Y-48.487
X54.792 Y-48.295
X53.892 Y-48.148
X52.987 Y-48.037
X52.08 Y-47.952
X51.17 Y-47.888
X50.259 Y-47.84
X49.348 Y-47.804
X48.437 Y-47.776
X47.525 Y-47.756
X46.614 Y-47.741
X45.702 Y-47.73
X44.79 Y-47.721
X43.878 Y-47.715
X42.967 Y-47.71
X41.143 Y-47.704
X38.408 Y-47.7
X33.848 Y-47.698
X11.965
X8.318
X7.406 Y-47.696
X7.292 Y-47.691
X7.064 Y-47.681
X6.837 Y-47.667
X6.614 Y-47.621
X6.399 Y-47.543
X6.198 Y-47.436
X6.015 Y-47.3
X5.853 Y-47.14
X5.715 Y-46.958
X5.605 Y-46.759
X5.524 Y-46.546
X5.475 Y-46.323
X5.459 Y-46.096
X5.475 Y-45.868
X5.523 Y-45.646
X5.603 Y-45.432
X5.713 Y-45.232
X6.261 Y-44.504
X6.387 Y-44.36
X6.523 Y-44.184
X6.667 Y-43.972
X6.824 Y-43.704
X6.985 Y-43.383
X7.159 Y-42.973
X7.338 Y-42.465
X7.525 Y-41.799
X7.714 Y-40.907
X7.848 Y-40.005
X7.942 Y-39.098
X8.01 Y-38.189
X8.058 Y-37.278
X8.093 Y-36.367
X8.118 Y-35.455
X8.136 Y-34.544
X8.149 Y-33.632
X8.158 Y-32.72
X8.165 Y-31.808
X8.17 Y-30.897
X8.176 Y-29.073
X8.18 Y-26.338
X8.182 Y-20.867
X8.183 Y-7.076
G3 X7.736 Y-6.49 R0.635
G1 X7.642 Y-6.46 Z-18.192
X7.549 Y-6.432 Z-18.169
X7.461 Y-6.404 Z-18.131
X7.38 Y-6.379 Z-18.078
X7.308 Y-6.357 Z-18.014
X7.246 Y-6.337 Z-17.938
X7.196 Y-6.322 Z-17.853
X7.16 Y-6.311 Z-17.761
X7.138 Y-6.304 Z-17.664
X7.13 Y-6.301 Z-17.565
G0 Z5.
X69.674 Y-15.029
Z-16.93
G1 Z-17.565 F3048.
X69.668 Y-15.024 Z-17.664
X69.649 Y-15.009 Z-17.761
X69.619 Y-14.986 Z-17.853
X69.578 Y-14.954 Z-17.938
X69.527 Y-14.914 Z-18.014
X69.468 Y-14.867 Z-18.078
X69.401 Y-14.815 Z-18.131
X69.328 Y-14.758 Z-18.169
X69.252 Y-14.698 Z-18.192
X69.174 Y-14.637 Z-18.2
X63.675 Y-10.33
X63.562 Y-10.265
X63.433 Y-10.187
X63.279 Y-10.139
X63.142 Y-10.199
X63.003 Y-10.275
X62.847 Y-10.377
X62.691 Y-10.532
X62.524 Y-10.718
X62.337 Y-10.957
X62.158 Y-11.22
X61.964 Y-11.547
X61.766 Y-11.935
X61.559 Y-12.414
X61.353 Y-12.991
X61.14 Y-13.733
X60.945 Y-14.624
X60.802 Y-15.525
X60.696 Y-16.43
X60.618 Y-17.339
X60.56 Y-18.249
X60.517 Y-19.16
X60.486 Y-20.071
X60.462 Y-20.982
X60.445 Y-21.894
X60.433 Y-22.806
X60.423 Y-23.717
X60.416 Y-24.629
X60.411 Y-25.541
X60.405 Y-27.365
X60.4 Y-30.1
X60.398 Y-34.659
X60.397 Y-49.02
G3 X60.844 Y-49.606 R0.635
G1 X60.938 Y-49.635 Z-18.192
X61.031 Y-49.664 Z-18.169
X61.119 Y-49.691 Z-18.131
X61.2 Y-49.716 Z-18.078
X61.272 Y-49.739 Z-18.014
X61.334 Y-49.758 Z-17.938
X61.384 Y-49.773 Z-17.853
X61.42 Y-49.785 Z-17.761
X61.443 Y-49.792 Z-17.664
X61.45 Y-49.794 Z-17.565
G0 Z5.
X11.813 Y1.027
Z-16.93
G1 Z-17.565 F3048.
X11.811 Y1.019 Z-17.664
X11.806 Y0.997 Z-17.761
X11.797 Y0.96 Z-17.853
X11.785 Y0.909 Z-17.938
X11.77 Y0.846 Z-18.014
X11.753 Y0.772 Z-18.078
X11.734 Y0.689 Z-18.131
X11.713 Y0.6 Z-18.169
X11.69 Y0.505 Z-18.192
X11.668 Y0.409 Z-18.2
X10.071 Y-6.391
X10.003 Y-6.511
X9.926 Y-6.64
X9.878 Y-6.793
X9.855 Y-6.989
X9.952 Y-7.154
X10.086 Y-7.343
X10.253 Y-7.542
X10.511 Y-7.755
X10.797 Y-7.963
X11.154 Y-8.188
X11.569 Y-8.415
X12.089 Y-8.656
X12.698 Y-8.893
X13.467 Y-9.138
X14.352 Y-9.357
X15.248 Y-9.526
X16.151 Y-9.657
X17.057 Y-9.758
X17.966 Y-9.835
X18.875 Y-9.895
X19.786 Y-9.941
X20.697 Y-9.976
X21.609 Y-10.003
X22.52 Y-10.024
X23.432 Y-10.039
X24.344 Y-10.051
X25.255 Y-10.06
X26.167 Y-10.067
X27.079 Y-10.072
X28.903 Y-10.079
X30.726 Y-10.083
X34.373 Y-10.086
X43.492 Y-10.087
X58.992
X61.044
G3 X61.629 Y-9.64 R0.635
G1 X61.658 Y-9.545 Z-18.192
X61.686 Y-9.452 Z-18.169
X61.714 Y-9.364 Z-18.131
X61.739 Y-9.283 Z-18.078
X61.761 Y-9.211 Z-18.014
X61.78 Y-9.149 Z-17.938
X61.795 Y-9.099 Z-17.853
X61.807 Y-9.063 Z-17.761
X61.813 Y-9.041 Z-17.664
X61.816 Y-9.033 Z-17.565
G0 Z5.
X57.583 Y-56.8
Z-16.93
G1 Z-17.565 F3048.
X57.584 Y-56.792 Z-17.664
X57.586 Y-56.769 Z-17.761
X57.59 Y-56.731 Z-17.853
X57.595 Y-56.679 Z-17.938
X57.602 Y-56.615 Z-18.014
X57.61 Y-56.539 Z-18.078
X57.619 Y-56.455 Z-18.131
X57.628 Y-56.363 Z-18.169
X57.638 Y-56.267 Z-18.192
X57.648 Y-56.168 Z-18.2
X58.343 Y-49.488
X58.412 Y-49.37
X58.491 Y-49.242
X58.542 Y-49.09
X58.568 Y-48.894
X58.471 Y-48.726
X58.339 Y-48.537
X58.142 Y-48.345
X57.901 Y-48.139
X57.633 Y-47.938
X57.286 Y-47.712
X56.904 Y-47.496
X56.417 Y-47.261
X55.84 Y-47.025
X55.125 Y-46.787
X54.244 Y-46.554
X53.35 Y-46.375
X52.448 Y-46.238
X51.543 Y-46.133
X50.634 Y-46.052
X49.725 Y-45.99
X48.814 Y-45.942
X47.903 Y-45.906
X46.992 Y-45.878
X46.08 Y-45.857
X45.168 Y-45.841
X44.257 Y-45.829
X43.345 Y-45.82
X42.433 Y-45.813
X41.521 Y-45.808
X39.698 Y-45.801
X37.874 Y-45.797
X34.227 Y-45.794
X25.109 Y-45.793
X9.608
X8.354 Y-45.792
X8.126 Y-45.791
X7.898 Y-45.787
X7.673 Y-45.751
X7.456 Y-45.682
X7.353 Y-45.633
X7.254 Y-45.577
X7.159 Y-45.513
X7.069 Y-45.443
X6.985 Y-45.367
G3 X6.251 Y-45.307 R0.635
G1 X6.166 Y-45.358 Z-18.192
X6.082 Y-45.407 Z-18.169
X6.003 Y-45.455 Z-18.131
X5.93 Y-45.498 Z-18.078
X5.865 Y-45.537 Z-18.014
X5.81 Y-45.57 Z-17.938
X5.765 Y-45.597 Z-17.853
X5.732 Y-45.616 Z-17.761
X5.712 Y-45.628 Z-17.664
X5.705 Y-45.632 Z-17.565
G0 Z5.
X6.824 Y-43.704
Z-14.049
G1 Z-14.684 F3048.
Z-18.2 F1500.
X6.936 Y-43.769 F3048.
X7.064 Y-43.847
X7.215 Y-43.896
X7.352 Y-43.836
X7.489 Y-43.763
X7.646 Y-43.661
X7.797 Y-43.514
X7.965 Y-43.326
X8.151 Y-43.091
X8.326 Y-42.836
X8.522 Y-42.51
X8.715 Y-42.136
X8.921 Y-41.662
X9.125 Y-41.1
X9.336 Y-40.376
X9.534 Y-39.486
X9.68 Y-38.586
X9.787 Y-37.681
X9.866 Y-36.772
X9.925 Y-35.862
X9.968 Y-34.951
X9.999 Y-34.04
X10.023 Y-33.129
X10.04 Y-32.217
X10.053 Y-31.305
X10.062 Y-30.393
X10.069 Y-29.482
X10.074 Y-28.57
X10.08 Y-26.746
X10.085 Y-24.011
X10.087 Y-19.452
Y-9.422
G3 X9.64 Y-8.837 R0.635
G1 X9.545 Y-8.808 Z-18.192
X9.452 Y-8.779 Z-18.169
X9.364 Y-8.752 Z-18.131
X9.283 Y-8.727 Z-18.078
X9.211 Y-8.705 Z-18.014
X9.149 Y-8.686 Z-17.938
X9.099 Y-8.67 Z-17.853
X9.063 Y-8.659 Z-17.761
X9.041 Y-8.652 Z-17.664
X9.033 Y-8.65 Z-17.565
G0 Z5.
X61.766 Y-11.935
Z-14.049
G1 Z-14.684 F3048.
Z-18.2 F1500.
X61.646 Y-11.874 F3048.
X61.514 Y-11.802
X61.358 Y-11.761
X61.161 Y-11.747
X60.997 Y-11.857
X60.819 Y-11.998
X60.639 Y-12.21
X60.45 Y-12.463
X60.26 Y-12.754
X60.053 Y-13.121
X59.849 Y-13.544
X59.634 Y-14.073
X59.413 Y-14.735
X59.19 Y-15.58
X59.015 Y-16.475
X58.884 Y-17.377
X58.786 Y-18.284
X58.712 Y-19.193
X58.657 Y-20.103
X58.615 Y-21.014
X58.584 Y-21.925
X58.561 Y-22.837
X58.544 Y-23.748
X58.53 Y-24.66
X58.521 Y-25.572
X58.513 Y-26.484
X58.508 Y-27.395
X58.504 Y-28.307
X58.499 Y-30.131
X58.495 Y-32.866
X58.493 Y-38.337
Y-46.543
G3 X58.94 Y-47.128 R0.635
G1 X59.035 Y-47.157 Z-18.192
X59.128 Y-47.186 Z-18.169
X59.216 Y-47.213 Z-18.131
X59.297 Y-47.238 Z-18.078
X59.369 Y-47.26 Z-18.014
X59.431 Y-47.279 Z-17.938
X59.481 Y-47.295 Z-17.853
X59.517 Y-47.306 Z-17.761
X59.539 Y-47.313 Z-17.664
X59.547 Y-47.315 Z-17.565
G0 Z5.
X12.089 Y-8.656
Z-14.049
G1 Z-14.684 F3048.
Z-18.2 F1500.
X12.03 Y-8.782 F3048.
X11.964 Y-8.917
X11.928 Y-9.073
X12. Y-9.213
X12.088 Y-9.356
X12.208 Y-9.518
X12.393 Y-9.686
X12.611 Y-9.861
X12.89 Y-10.057
X13.205 Y-10.249
X13.61 Y-10.462
X14.084 Y-10.673
X14.686 Y-10.896
X15.454 Y-11.126
X16.342 Y-11.332
X17.24 Y-11.488
X18.144 Y-11.606
X19.052 Y-11.697
X19.961 Y-11.766
X20.871 Y-11.819
X21.782 Y-11.86
X22.693 Y-11.891
X23.605 Y-11.915
X24.516 Y-11.934
X25.428 Y-11.948
X26.34 Y-11.959
X27.252 Y-11.967
X28.163 Y-11.973
X29.075 Y-11.978
X30.899 Y-11.984
X33.634 Y-11.989
X38.193 Y-11.992
X58.709
G3 X59.294 Y-11.545 R0.635
G1 X59.323 Y-11.45 Z-18.192
X59.352 Y-11.357 Z-18.169
X59.379 Y-11.269 Z-18.131
X59.404 Y-11.188 Z-18.078
X59.426 Y-11.116 Z-18.014
X59.445 Y-11.054 Z-17.938
X59.461 Y-11.004 Z-17.853
X59.472 Y-10.968 Z-17.761
X59.479 Y-10.946 Z-17.664
X59.481 Y-10.938 Z-17.565
G0 Z5.
X56.417 Y-47.261
Z-14.049
G1 Z-14.684 F3048.
Z-18.2 F1500.
X56.477 Y-47.136 F3048.
X56.546 Y-47.003
X56.584 Y-46.847
X56.517 Y-46.711
X56.431 Y-46.568
X56.313 Y-46.404
X56.138 Y-46.239
X55.925 Y-46.064
X55.655 Y-45.868
X55.351 Y-45.677
X54.961 Y-45.465
X54.508 Y-45.255
X53.933 Y-45.032
X53.206 Y-44.803
X52.321 Y-44.584
X51.424 Y-44.419
X50.521 Y-44.294
X49.615 Y-44.198
X48.706 Y-44.125
X47.796 Y-44.069
X46.885 Y-44.026
X45.974 Y-43.993
X45.062 Y-43.968
X44.15 Y-43.948
X43.239 Y-43.934
X42.327 Y-43.923
X41.415 Y-43.914
X40.503 Y-43.908
X39.592 Y-43.903
X37.768 Y-43.896
X35.033 Y-43.891
X30.474 Y-43.888
X9.502
X9.403 Y-43.899 Z-18.18
X9.307 Y-43.925 Z-18.16
X9.216 Y-43.967 Z-18.14
X9.133 Y-44.022 Z-18.12
X9.06 Y-44.089 Z-18.1
X8.998 Y-44.167 Z-18.08
X8.949 Y-44.253 Z-18.06
X8.914 Y-44.347 Z-18.04
X8.894 Y-44.444 Z-18.02
X8.889 Y-44.544 Z-18.
G3 X9.545 Y-45.157 R0.635
X10.159 Y-44.501 R0.635
X9.502 Y-43.887 R0.635
X9.357 Y-43.909 R0.635
G1 X4.907 Y-45.119
G3 X4.46 Y-45.898 R0.635
X5.24 Y-46.344 R0.635
X5.686 Y-45.565 R0.635
X5.611 Y-45.394 R0.635
G2 X6.347 Y-42.193 R2.322
X7.768 Y-41.847 R2.322
G1 X7.933 Y-41.866 Z-18.033
X8.096 Y-41.898 Z-18.066
X8.257 Y-41.94 Z-18.1
X8.414 Y-41.994 Z-18.133
X8.567 Y-42.06 Z-18.166
X8.715 Y-42.136 Z-18.2
X8.834 Y-42.197
X8.966 Y-42.269
X9.121 Y-42.311
X9.319 Y-42.326
X9.483 Y-42.216
X9.659 Y-42.078
X9.84 Y-41.866
X10.028 Y-41.617
X10.218 Y-41.327
X10.424 Y-40.965
X10.628 Y-40.546
X10.842 Y-40.023
X11.063 Y-39.369
X11.285 Y-38.537
X11.463 Y-37.643
X11.596 Y-36.741
X11.696 Y-35.834
X11.771 Y-34.926
X11.827 Y-34.016
X11.869 Y-33.105
X11.9 Y-32.193
X11.924 Y-31.282
X11.941 Y-30.37
X11.954 Y-29.459
X11.964 Y-28.547
X11.971 Y-27.635
X11.977 Y-26.723
X11.981 Y-25.811
X11.986 Y-23.988
X11.99 Y-21.252
X11.992 Y-15.781
Y-11.45
G3 X11.545 Y-10.866 R0.635
G1 X11.45 Y-10.836 Z-18.192
X11.357 Y-10.808 Z-18.169
X11.269 Y-10.781 Z-18.131
X11.188 Y-10.756 Z-18.078
X11.116 Y-10.733 Z-18.014
X11.054 Y-10.714 Z-17.938
X11.004 Y-10.699 Z-17.853
X10.968 Y-10.688 Z-17.761
X10.946 Y-10.681 Z-17.664
X10.938 Y-10.679 Z-17.565
G0 Z5.
X59.634 Y-14.073
Z-14.049
G1 Z-14.684 F3048.
Z-18.2 F1500.
X59.504 Y-14.02 F3048.
X59.366 Y-13.961
X59.227 Y-14.018
X59.095 Y-14.088
X58.958 Y-14.177
X58.812 Y-14.322
X58.654 Y-14.503
X58.495 Y-14.709
X58.318 Y-14.971
X58.137 Y-15.281
X57.944 Y-15.666
X57.746 Y-16.132
X57.539 Y-16.725
X57.326 Y-17.488
X57.137 Y-18.38
X56.997 Y-19.281
X56.894 Y-20.187
X56.817 Y-21.095
X56.759 Y-22.005
X56.716 Y-22.916
X56.684 Y-23.827
X56.66 Y-24.739
X56.642 Y-25.65
X56.628 Y-26.562
X56.618 Y-27.474
X56.61 Y-28.386
X56.604 Y-29.297
X56.6 Y-30.209
X56.594 Y-32.033
X56.59 Y-34.768
X56.588 Y-40.239
Y-44.57
G3 X57.035 Y-45.155 R0.635
G1 X57.13 Y-45.184 Z-18.192
X57.223 Y-45.213 Z-18.169
X57.311 Y-45.24 Z-18.131
X57.392 Y-45.265 Z-18.078
X57.464 Y-45.287 Z-18.014
X57.526 Y-45.306 Z-17.938
X57.576 Y-45.322 Z-17.853
X57.612 Y-45.333 Z-17.761
X57.634 Y-45.34 Z-17.664
X57.642 Y-45.342 Z-17.565
G0 Z5.
X14.084 Y-10.673
Z-14.049
G1 Z-14.684 F3048.
Z-18.2 F1500.
X14.027 Y-10.799 F3048.
X13.963 Y-10.935
X14.015 Y-11.076
X14.082 Y-11.21
X14.163 Y-11.344
X14.305 Y-11.496
X14.472 Y-11.652
X14.671 Y-11.815
X14.925 Y-11.998
X15.214 Y-12.179
X15.582 Y-12.378
X16.018 Y-12.579
X16.573 Y-12.793
X17.276 Y-13.013
X18.161 Y-13.229
X19.059 Y-13.391
X19.962 Y-13.512
X20.87 Y-13.604
X21.779 Y-13.674
X22.689 Y-13.727
X23.6 Y-13.767
X24.511 Y-13.798
X25.423 Y-13.822
X26.334 Y-13.84
X27.246 Y-13.853
X28.158 Y-13.864
X29.07 Y-13.872
X29.981 Y-13.878
X30.893 Y-13.883
X32.717 Y-13.889
X35.452 Y-13.894
X40.011 Y-13.897
X57.108
G3 X57.693 Y-13.45 R0.635
G1 X57.722 Y-13.355 Z-18.192
X57.75 Y-13.262 Z-18.169
X57.777 Y-13.174 Z-18.131
X57.802 Y-13.093 Z-18.078
X57.825 Y-13.021 Z-18.014
X57.844 Y-12.959 Z-17.938
X57.859 Y-12.909 Z-17.853
X57.87 Y-12.873 Z-17.761
X57.877 Y-12.851 Z-17.664
X57.88 Y-12.843 Z-17.565
G0 Z5.
X54.508 Y-45.255
Z-14.049
G1 Z-14.684 F3048.
Z-18.2 F1500.
X54.566 Y-45.13 F3048.
X54.632 Y-44.995
X54.668 Y-44.839
X54.598 Y-44.704
X54.51 Y-44.562
X54.355 Y-44.401
X54.182 Y-44.242
X53.969 Y-44.071
X53.7 Y-43.881
X53.395 Y-43.694
X53.005 Y-43.488
X52.548 Y-43.283
X51.967 Y-43.066
X51.226 Y-42.842
X50.338 Y-42.634
X49.44 Y-42.478
X48.536 Y-42.36
X47.628 Y-42.271
X46.719 Y-42.203
X45.809 Y-42.151
X44.898 Y-42.111
X43.986 Y-42.081
X43.075 Y-42.057
X42.163 Y-42.04
X41.252 Y-42.026
X40.34 Y-42.016
X39.428 Y-42.008
X38.516 Y-42.002
X37.604 Y-41.997
X35.781 Y-41.991
X33.045 Y-41.986
X28.486 Y-41.983
X11.846
G3 X11.261 Y-42.43 R0.635
G1 X11.232 Y-42.525 Z-18.192
X11.203 Y-42.618 Z-18.169
X11.176 Y-42.706 Z-18.131
X11.151 Y-42.787 Z-18.078
X11.129 Y-42.859 Z-18.014
X11.11 Y-42.921 Z-17.938
X11.094 Y-42.971 Z-17.853
X11.083 Y-43.007 Z-17.761
X11.076 Y-43.029 Z-17.664
X11.074 Y-43.037 Z-17.565
G0 Z5.
X10.842 Y-40.023
Z-14.049
G1 Z-14.684 F3048.
Z-18.2 F1500.
X10.972 Y-40.076 F3048.
X11.11 Y-40.135
X11.267 Y-40.165
X11.406 Y-40.086
X11.549 Y-39.987
X11.702 Y-39.827
X11.865 Y-39.633
X12.031 Y-39.408
X12.216 Y-39.119
X12.4 Y-38.788
X12.601 Y-38.365
X12.802 Y-37.861
X13.013 Y-37.213
X13.229 Y-36.366
X13.399 Y-35.47
X13.524 Y-34.567
X13.618 Y-33.66
X13.688 Y-32.751
X13.74 Y-31.841
X13.78 Y-30.93
X13.809 Y-30.019
X13.831 Y-29.107
X13.848 Y-28.195
X13.86 Y-27.284
X13.87 Y-26.372
X13.877 Y-25.46
X13.882 Y-24.548
X13.889 Y-22.725
X13.893 Y-20.901
X13.896 Y-17.254
X13.897 Y-13.151
G3 X13.45 Y-12.566 R0.635
G1 X13.355 Y-12.537 Z-18.192
X13.262 Y-12.508 Z-18.169
X13.174 Y-12.481 Z-18.131
X13.093 Y-12.456 Z-18.078
X13.021 Y-12.434 Z-18.014
X12.959 Y-12.415 Z-17.938
X12.909 Y-12.399 Z-17.853
X12.873 Y-12.388 Z-17.761
X12.851 Y-12.381 Z-17.664
X12.843 Y-12.379 Z-17.565
G0 Z5.
X57.944 Y-15.666
Z-14.049
G1 Z-14.684 F3048.
Z-18.2 F1500.
X57.824 Y-15.606 F3048.
X57.692 Y-15.535
X57.536 Y-15.495
X57.337 Y-15.483
X57.175 Y-15.594
X56.996 Y-15.738
X56.817 Y-15.951
X56.628 Y-16.208
X56.439 Y-16.502
X56.232 Y-16.874
X56.028 Y-17.305
X55.813 Y-17.846
X55.592 Y-18.525
X55.368 Y-19.401
X55.199 Y-20.297
X55.072 Y-21.2
X54.976 Y-22.106
X54.904 Y-23.015
X54.85 Y-23.926
X54.809 Y-24.836
X54.778 Y-25.748
X54.755 Y-26.659
X54.737 Y-27.571
X54.723 Y-28.483
X54.713 Y-29.394
X54.706 Y-30.306
X54.7 Y-31.218
X54.696 Y-32.13
X54.69 Y-33.953
X54.686 Y-36.689
X54.683 Y-41.59
Y-42.616
G3 X55.13 Y-43.2 R0.635
G1 X55.225 Y-43.23 Z-18.192
X55.318 Y-43.258 Z-18.169
X55.406 Y-43.285 Z-18.131
X55.487 Y-43.31 Z-18.078
X55.559 Y-43.333 Z-18.014
X55.621 Y-43.352 Z-17.938
X55.671 Y-43.367 Z-17.853
X55.707 Y-43.378 Z-17.761
X55.729 Y-43.385 Z-17.664
X55.737 Y-43.387 Z-17.565
G0 Z5.
X16.018 Y-12.579
Z-14.049
G1 Z-14.684 F3048.
Z-18.2 F1500.
X15.961 Y-12.704 F3048.
X15.895 Y-12.839
X15.946 Y-12.98
X16.011 Y-13.115
X16.092 Y-13.251
X16.235 Y-13.405
X16.392 Y-13.554
X16.59 Y-13.719
X16.838 Y-13.901
X17.12 Y-14.079
X17.481 Y-14.278
X17.901 Y-14.475
X18.437 Y-14.686
X19.115 Y-14.903
X19.996 Y-15.125
X20.892 Y-15.291
X21.796 Y-15.414
X22.703 Y-15.508
X23.612 Y-15.578
X24.522 Y-15.632
X25.433 Y-15.672
X26.344 Y-15.703
X27.256 Y-15.727
X28.168 Y-15.745
X29.079 Y-15.758
X29.991 Y-15.769
X30.903 Y-15.777
X31.815 Y-15.783
X32.726 Y-15.788
X34.55 Y-15.794
X37.285 Y-15.799
X41.845 Y-15.802
X54.838
G3 X55.423 Y-15.355 R0.635
G1 X55.452 Y-15.26 Z-18.192
X55.48 Y-15.167 Z-18.169
X55.507 Y-15.079 Z-18.131
X55.532 Y-14.998 Z-18.078
X55.555 Y-14.926 Z-18.014
X55.574 Y-14.864 Z-17.938
X55.589 Y-14.814 Z-17.853
X55.6 Y-14.778 Z-17.761
X55.607 Y-14.756 Z-17.664
X55.61 Y-14.748 Z-17.565
G0 Z5.
X52.548 Y-43.283
Z-14.049
G1 Z-14.684 F3048.
Z-18.2 F1500.
X52.604 Y-43.157 F3048.
X52.668 Y-43.022
X52.617 Y-42.881
X52.551 Y-42.746
X52.469 Y-42.611
X52.326 Y-42.459
X52.163 Y-42.307
X51.964 Y-42.143
X51.711 Y-41.961
X51.424 Y-41.782
X51.058 Y-41.583
X50.627 Y-41.385
X50.078 Y-41.173
X49.382 Y-40.955
X48.496 Y-40.738
X47.599 Y-40.578
X46.695 Y-40.457
X45.787 Y-40.366
X44.878 Y-40.297
X43.968 Y-40.245
X43.057 Y-40.205
X42.146 Y-40.175
X41.234 Y-40.152
X40.322 Y-40.134
X39.411 Y-40.121
X38.499 Y-40.11
X37.587 Y-40.103
X36.675 Y-40.097
X35.764 Y-40.092
X33.94 Y-40.086
X31.205 Y-40.081
X26.646 Y-40.078
X13.538
G3 X12.954 Y-40.525 R0.635
G1 X12.924 Y-40.62 Z-18.192
X12.896 Y-40.713 Z-18.169
X12.869 Y-40.801 Z-18.131
X12.844 Y-40.882 Z-18.078
X12.821 Y-40.954 Z-18.014
X12.802 Y-41.016 Z-17.938
X12.787 Y-41.066 Z-17.853
X12.776 Y-41.102 Z-17.761
X12.769 Y-41.124 Z-17.664
X12.766 Y-41.132 Z-17.565
G0 Z5.
X12.601 Y-38.365
Z-14.049
G1 Z-14.684 F3048.
Z-18.2 F1500.
X12.724 Y-38.423 F3048.
X12.857 Y-38.49
X13.014 Y-38.527
X13.212 Y-38.535
X13.371 Y-38.423
X13.552 Y-38.272
X13.724 Y-38.061
X13.916 Y-37.792
X14.102 Y-37.493
X14.308 Y-37.109
X14.511 Y-36.664
X14.726 Y-36.098
X14.947 Y-35.385
X15.16 Y-34.498
X15.319 Y-33.6
X15.438 Y-32.696
X15.527 Y-31.789
X15.595 Y-30.88
X15.646 Y-29.969
X15.684 Y-29.058
X15.713 Y-28.147
X15.735 Y-27.235
X15.752 Y-26.324
X15.764 Y-25.412
X15.774 Y-24.5
X15.781 Y-23.588
X15.786 Y-22.676
X15.79 Y-21.765
X15.796 Y-19.941
X15.801 Y-17.206
X15.802 Y-15.04
G3 X15.355 Y-14.455 R0.635
G1 X15.26 Y-14.426 Z-18.192
X15.167 Y-14.397 Z-18.169
X15.079 Y-14.37 Z-18.131
X14.998 Y-14.345 Z-18.078
X14.926 Y-14.323 Z-18.014
X14.864 Y-14.304 Z-17.938
X14.814 Y-14.289 Z-17.853
X14.778 Y-14.277 Z-17.761
X14.755 Y-14.27 Z-17.664
X14.748 Y-14.268 Z-17.565
G0 Z5.
X55.813 Y-17.846
Z-14.049
G1 Z-14.684 F3048.
Z-18.2 F1500.
X55.682 Y-17.794 F3048.
X55.544 Y-17.736
X55.405 Y-17.793
X55.273 Y-17.865
X55.134 Y-17.956
X54.989 Y-18.103
X54.83 Y-18.287
X54.671 Y-18.495
X54.495 Y-18.761
X54.313 Y-19.077
X54.12 Y-19.469
X53.922 Y-19.945
X53.713 Y-20.553
X53.499 Y-21.339
X53.317 Y-22.232
X53.181 Y-23.134
X53.081 Y-24.04
X53.006 Y-24.949
X52.949 Y-25.859
X52.907 Y-26.769
X52.875 Y-27.681
X52.851 Y-28.592
X52.833 Y-29.504
X52.819 Y-30.416
X52.809 Y-31.327
X52.801 Y-32.239
X52.795 Y-33.151
X52.791 Y-34.063
X52.785 Y-35.886
X52.779 Y-38.622
X52.778 Y-40.787
G3 X53.225 Y-41.372 R0.635
G1 X53.32 Y-41.401 Z-18.192
X53.413 Y-41.43 Z-18.169
X53.501 Y-41.457 Z-18.131
X53.582 Y-41.482 Z-18.078
X53.654 Y-41.504 Z-18.014
X53.716 Y-41.524 Z-17.938
X53.766 Y-41.539 Z-17.853
X53.802 Y-41.55 Z-17.761
X53.825 Y-41.557 Z-17.664
X53.832 Y-41.559 Z-17.565
G0 Z5.
X17.901 Y-14.475
Z-14.049
G1 Z-14.684 F3048.
Z-18.2 F1500.
X17.843 Y-14.599 F3048.
X17.776 Y-14.733
X17.826 Y-14.875
X17.89 Y-15.01
X17.971 Y-15.148
X18.112 Y-15.301
X18.267 Y-15.449
X18.463 Y-15.615
X18.708 Y-15.795
X18.986 Y-15.974
X19.343 Y-16.172
X19.756 Y-16.369
X20.283 Y-16.579
X20.947 Y-16.795
X21.807 Y-17.016
X22.703 Y-17.186
X23.606 Y-17.313
X24.513 Y-17.408
X25.422 Y-17.48
X26.332 Y-17.534
X27.243 Y-17.576
X28.154 Y-17.607
X29.065 Y-17.631
X29.977 Y-17.649
X30.889 Y-17.663
X31.801 Y-17.674
X32.712 Y-17.682
X33.624 Y-17.688
X34.536 Y-17.693
X36.359 Y-17.699
X39.095 Y-17.704
X43.654 Y-17.707
X53.342
G3 X53.927 Y-17.26 R0.635
G1 X53.956 Y-17.165 Z-18.192
X53.984 Y-17.072 Z-18.169
X54.012 Y-16.984 Z-18.131
X54.037 Y-16.903 Z-18.078
X54.059 Y-16.831 Z-18.014
X54.078 Y-16.769 Z-17.938
X54.093 Y-16.719 Z-17.853
X54.105 Y-16.683 Z-17.761
X54.111 Y-16.661 Z-17.664
X54.114 Y-16.653 Z-17.565
G0 Z5.
X50.627 Y-41.385
Z-14.049
G1 Z-14.684 F3048.
Z-18.2 F1500.
X50.684 Y-41.26 F3048.
X50.75 Y-41.126
X50.699 Y-40.984
X50.635 Y-40.849
X50.553 Y-40.712
X50.41 Y-40.559
X50.253 Y-40.41
X50.056 Y-40.246
X49.808 Y-40.065
X49.527 Y-39.887
X49.166 Y-39.689
X48.747 Y-39.492
X48.212 Y-39.282
X47.536 Y-39.066
X46.657 Y-38.845
X45.76 Y-38.68
X44.857 Y-38.557
X43.95 Y-38.464
X43.041 Y-38.394
X42.13 Y-38.341
X41.219 Y-38.301
X40.308 Y-38.27
X39.397 Y-38.247
X38.485 Y-38.229
X37.573 Y-38.216
X36.662 Y-38.205
X35.75 Y-38.198
X34.838 Y-38.192
X33.926 Y-38.187
X32.103 Y-38.181
X29.367 Y-38.176
X24.808 Y-38.173
X15.69
G3 X15.105 Y-38.62 R0.635
G1 X15.076 Y-38.715 Z-18.192
X15.047 Y-38.808 Z-18.169
X15.02 Y-38.896 Z-18.131
X14.995 Y-38.977 Z-18.078
X14.973 Y-39.049 Z-18.014
X14.954 Y-39.111 Z-17.938
X14.939 Y-39.161 Z-17.853
X14.927 Y-39.197 Z-17.761
X14.92 Y-39.219 Z-17.664
X14.918 Y-39.227 Z-17.565
G0 Z5.
X14.511 Y-36.664
Z-14.049
G1 Z-14.684 F3048.
Z-18.2 F1500.
X14.636 Y-36.721 F3048.
X14.771 Y-36.786
X14.927 Y-36.821
X15.125 Y-36.827
X15.281 Y-36.715
X15.457 Y-36.566
X15.65 Y-36.373
X15.841 Y-36.096
X16.036 Y-35.771
X16.242 Y-35.372
X16.451 Y-34.894
X16.671 Y-34.29
X16.895 Y-33.524
X17.094 Y-32.634
X17.243 Y-31.734
X17.356 Y-30.83
X17.441 Y-29.922
X17.505 Y-29.012
X17.554 Y-28.102
X17.591 Y-27.191
X17.619 Y-26.279
X17.641 Y-25.368
X17.657 Y-24.456
X17.669 Y-23.544
X17.678 Y-22.633
X17.692 Y-20.809
X17.702 Y-18.985
X17.706 Y-16.934
G3 X17.259 Y-16.349 R0.635
G1 X17.164 Y-16.319 Z-18.192
X17.071 Y-16.291 Z-18.169
X16.983 Y-16.264 Z-18.131
X16.902 Y-16.239 Z-18.078
X16.83 Y-16.216 Z-18.014
X16.768 Y-16.197 Z-17.938
X16.718 Y-16.182 Z-17.853
X16.682 Y-16.17 Z-17.761
X16.66 Y-16.164 Z-17.664
X16.652 Y-16.161 Z-17.565
G0 Z5.
X54.12 Y-19.469
Z-14.049
G1 Z-14.684 F3048.
Z-18.2 F1500.
X53.999 Y-19.409 F3048.
X53.866 Y-19.339
X53.71 Y-19.3
X53.512 Y-19.289
X53.35 Y-19.4
X53.17 Y-19.548
X52.992 Y-19.761
X52.802 Y-20.023
X52.614 Y-20.319
X52.407 Y-20.696
X52.203 Y-21.133
X51.988 Y-21.682
X51.767 Y-22.375
X51.545 Y-23.26
X51.38 Y-24.157
X51.256 Y-25.06
X51.163 Y-25.967
X51.093 Y-26.876
X51.039 Y-27.786
X50.999 Y-28.697
X50.968 Y-29.608
X50.945 Y-30.52
X50.928 Y-31.432
X50.914 Y-32.343
X50.904 Y-33.255
X50.889 Y-35.079
X50.884 Y-35.99
X50.878 Y-36.902
X50.874 Y-38.954
G3 X51.321 Y-39.539 R0.635
G1 X51.416 Y-39.568 Z-18.192
X51.509 Y-39.597 Z-18.169
X51.597 Y-39.624 Z-18.131
X51.678 Y-39.649 Z-18.078
X51.75 Y-39.672 Z-18.014
X51.812 Y-39.691 Z-17.938
X51.862 Y-39.706 Z-17.853
X51.898 Y-39.717 Z-17.761
X51.92 Y-39.724 Z-17.664
X51.928 Y-39.726 Z-17.565
G0 Z5.
X19.756 Y-16.369
Z-14.049
G1 Z-14.684 F3048.
Z-18.2 F1500.
X19.698 Y-16.492 F3048.
X19.63 Y-16.626
X19.593 Y-16.782
X19.661 Y-16.916
X19.75 Y-17.06
X19.871 Y-17.225
X20.042 Y-17.381
X20.26 Y-17.556
X20.525 Y-17.741
X20.832 Y-17.929
X21.218 Y-18.132
X21.678 Y-18.338
X22.252 Y-18.551
X22.986 Y-18.772
X23.874 Y-18.978
X24.773 Y-19.132
X25.677 Y-19.248
X26.585 Y-19.335
X27.494 Y-19.402
X28.405 Y-19.452
X29.316 Y-19.49
X30.227 Y-19.519
X30.939 Y-19.536
X31.11 Y-19.531
X31.279 Y-19.508
X31.445 Y-19.466
X31.704 Y-19.387
X32.325 Y-19.233
X32.745 Y-19.136
X32.945 Y-19.09
X33.152 Y-19.064
X33.566 Y-19.03
X33.773 Y-19.025
X34.807
X35.014 Y-19.03
X35.428 Y-19.064
X35.635 Y-19.09
X35.835 Y-19.136
X36.733 Y-19.294
X37.639 Y-19.395
X38.548 Y-19.464
X39.459 Y-19.51
X40.37 Y-19.542
X41.282 Y-19.564
X42.193 Y-19.579
X43.105 Y-19.589
X44.017 Y-19.596
X44.929 Y-19.601
X45.841 Y-19.605
X47.664 Y-19.609
X49.944 Y-19.612
X51.083
G3 X51.668 Y-19.165 R0.635
G1 X51.697 Y-19.07 Z-18.192
X51.726 Y-18.977 Z-18.169
X51.753 Y-18.889 Z-18.131
X51.778 Y-18.808 Z-18.078
X51.8 Y-18.736 Z-18.014
X51.82 Y-18.674 Z-17.938
X51.835 Y-18.624 Z-17.853
X51.846 Y-18.588 Z-17.761
X51.853 Y-18.566 Z-17.664
X51.855 Y-18.558 Z-17.565
G0 Z5.
X35.835 Y-19.136
Z-14.049
G1 Z-14.684 F3048.
Z-18.2 F1500.
X36.255 Y-19.233 F3048.
X36.876 Y-19.387
X37.408 Y-19.55
X37.497 Y-19.579
X38.117 Y-19.878
X38.738 Y-20.203
X38.945 Y-20.318
X39.149 Y-20.42
X39.5 Y-20.572
X39.949 Y-20.732
X40.536 Y-20.901
X41.336 Y-21.077
X42.238 Y-21.214
X43.145 Y-21.308
X44.054 Y-21.372
X44.965 Y-21.417
X45.876 Y-21.448
X46.788 Y-21.474
X47.699 Y-21.491
X48.611 Y-21.512
X49.523 Y-21.515
X49.979 Y-21.516
X50.204 Y-21.549
X50.423 Y-21.614
X50.63 Y-21.71
X50.821 Y-21.834
X50.992 Y-21.984
X51.14 Y-22.157
X51.262 Y-22.35
X51.355 Y-22.558
X51.417 Y-22.778
X51.447 Y-23.004
X51.445 Y-23.232
X51.409 Y-23.457
X51.342 Y-23.675
X50.952 Y-24.499
X50.846 Y-24.605
X50.729 Y-24.74
X50.597 Y-24.913
X50.459 Y-25.12
X50.309 Y-25.38
X50.149 Y-25.703
X49.98 Y-26.109
X49.803 Y-26.624
X49.617 Y-27.303
X49.432 Y-28.196
X49.303 Y-29.098
X49.211 Y-30.005
X49.145 Y-30.915
X49.097 Y-31.825
X49.063 Y-32.736
X49.037 Y-33.648
X49.014 Y-34.559
X48.998 Y-35.471
X48.979 Y-36.383
X48.975 Y-36.953
X48.973 Y-37.636
X48.939 Y-37.862
X48.874 Y-38.08
X48.778 Y-38.287
X48.653 Y-38.478
X48.578 Y-38.564
X48.497 Y-38.644
X48.41 Y-38.717
X48.318 Y-38.785
X48.222 Y-38.846
G3 X47.965 Y-39.536 R0.635
G1 X47.991 Y-39.632 Z-18.192
X48.016 Y-39.725 Z-18.169
X48.04 Y-39.814 Z-18.131
X48.062 Y-39.896 Z-18.078
X48.082 Y-39.969 Z-18.014
X48.099 Y-40.032 Z-17.938
X48.112 Y-40.082 Z-17.853
X48.122 Y-40.119 Z-17.761
X48.128 Y-40.141 Z-17.664
X48.13 Y-40.149 Z-17.565
G0 Z5.
X38.945 Y-20.318
Z-14.049
G1 Z-14.684 F3048.
Z-18.2 F1500.
X39.359 Y-20.552 F3048.
X39.383 Y-20.568
X39.408 Y-20.586
X39.979 Y-21.062
X40.148 Y-21.208
X40.507 Y-21.527
X40.684 Y-21.669
X40.885 Y-21.816
X41.128 Y-21.971
X41.421 Y-22.132
X41.787 Y-22.303
X42.237 Y-22.48
X42.809 Y-22.664
X43.575 Y-22.857
X44.472 Y-23.022
X45.372 Y-23.165
X46.28 Y-23.258
X47.185 Y-23.369
X48.096 Y-23.404
X48.552 Y-23.411
X48.893 Y-23.414
X49.121 Y-23.418
X49.346 Y-23.456
X49.563 Y-23.525
X49.769 Y-23.624
X49.863 Y-23.688
X49.952 Y-23.759
X50.037 Y-23.836
X50.115 Y-23.918
X50.187 Y-24.007
G3 X50.904 Y-24.174 R0.635
G1 X50.996 Y-24.137 Z-18.192
X51.086 Y-24.1 Z-18.169
X51.171 Y-24.065 Z-18.131
X51.25 Y-24.033 Z-18.078
X51.32 Y-24.004 Z-18.014
X51.38 Y-23.979 Z-17.938
X51.428 Y-23.96 Z-17.853
X51.463 Y-23.945 Z-17.761
X51.485 Y-23.936 Z-17.664
X51.492 Y-23.933 Z-17.565
G0 Z5.
X40.507 Y-21.527
Z-14.049
G1 Z-14.684 F3048.
Z-18.2 F1500.
X40.614 Y-21.622 F3048.
X40.807 Y-21.801
X40.834 Y-21.829
X41.22 Y-22.304
X41.339 Y-22.451
X41.482 Y-22.658
X41.621 Y-22.839
X41.745 Y-22.983
X41.883 Y-23.124
X42.055 Y-23.28
X42.276 Y-23.454
X42.538 Y-23.635
X42.875 Y-23.837
X43.245 Y-24.029
X43.719 Y-24.236
X44.576 Y-24.548
X45.311 Y-24.782
X46.199 Y-24.987
X47.08 Y-25.223
X47.534 Y-25.26
X47.876 Y-25.277
X48.104 Y-25.286
X48.328 Y-25.328
X48.544 Y-25.401
X48.747 Y-25.505
X48.933 Y-25.637
X49.098 Y-25.793
X49.239 Y-25.972
X49.353 Y-26.17
X49.438 Y-26.381
X49.491 Y-26.603
X49.513 Y-26.83
X49.501 Y-27.058
X49.457 Y-27.281
X49.381 Y-27.496
X48.959 Y-28.304
X48.844 Y-28.431
X48.719 Y-28.587
X48.581 Y-28.784
X48.435 Y-29.023
X48.279 Y-29.321
X48.115 Y-29.692
X47.941 Y-30.162
X47.76 Y-30.766
X47.569 Y-31.598
X47.421 Y-32.498
X47.317 Y-33.404
X47.225 Y-34.311
X47.115 Y-35.216
X47.081 Y-36.128
X47.075 Y-36.697
X47.041 Y-36.923
X46.974 Y-37.141
X46.877 Y-37.347
X46.751 Y-37.537
X46.6 Y-37.707
X46.425 Y-37.854
X46.232 Y-37.974
X46.023 Y-38.066
X45.803 Y-38.126
X45.577 Y-38.154
X45.349 Y-38.15
X45.124 Y-38.113
X44.255 Y-37.838
X44.046 Y-37.701
X43.788 Y-37.556
X43.464 Y-37.399
X43.06 Y-37.234
X42.539 Y-37.06
X41.849 Y-36.877
X40.954 Y-36.701
X40.051 Y-36.578
X39.143 Y-36.491
X38.233 Y-36.43
X37.517 Y-36.395
X37.334 Y-36.397
X37.151 Y-36.42
X36.973 Y-36.463
X36.876 Y-36.493
X36.255 Y-36.647
X35.835 Y-36.744
X35.635 Y-36.79
X35.428 Y-36.816
X35.014 Y-36.85
X34.807 Y-36.855
X33.773
X33.566 Y-36.85
X33.152 Y-36.816
X32.945 Y-36.79
X32.745 Y-36.744
X31.847 Y-36.586
X30.941 Y-36.485
X30.032 Y-36.416
X29.121 Y-36.37
X28.21 Y-36.338
X27.298 Y-36.316
X26.387 Y-36.301
X25.475 Y-36.291
X24.563 Y-36.284
X23.651 Y-36.279
X22.739 Y-36.275
X20.916 Y-36.271
X18.636 Y-36.268
X17.724
G3 X17.14 Y-36.715 R0.635
G1 X17.111 Y-36.81 Z-18.192
X17.082 Y-36.903 Z-18.169
X17.055 Y-36.991 Z-18.131
X17.03 Y-37.072 Z-18.078
X17.007 Y-37.144 Z-18.014
X16.988 Y-37.206 Z-17.938
X16.973 Y-37.256 Z-17.853
X16.962 Y-37.292 Z-17.761
X16.955 Y-37.314 Z-17.664
X16.953 Y-37.322 Z-17.565
G0 Z5.
X32.745 Y-36.744
Z-14.049
G1 Z-14.684 F3048.
Z-18.2 F1500.
X32.325 Y-36.647 F3048.
X31.704 Y-36.493
X31.172 Y-36.33
X31.083 Y-36.301
X30.463 Y-36.002
X29.842 Y-35.677
X29.635 Y-35.562
X29.431 Y-35.46
X29.08 Y-35.308
X28.631 Y-35.148
X28.044 Y-34.979
X27.243 Y-34.803
X26.342 Y-34.666
X25.435 Y-34.572
X24.526 Y-34.508
X23.615 Y-34.463
X22.704 Y-34.432
X21.792 Y-34.406
X20.881 Y-34.389
X19.969 Y-34.368
X19.171 Y-34.365
X18.715 Y-34.364
X18.49 Y-34.331
X18.271 Y-34.266
X18.064 Y-34.17
X17.873 Y-34.046
X17.702 Y-33.896
X17.554 Y-33.723
X17.432 Y-33.53
X17.339 Y-33.322
X17.277 Y-33.102
X17.247 Y-32.876
X17.25 Y-32.648
X17.285 Y-32.423
X17.352 Y-32.205
X17.743 Y-31.381
X17.857 Y-31.251
X17.985 Y-31.085
X18.123 Y-30.88
X18.27 Y-30.627
X18.429 Y-30.31
X18.595 Y-29.916
X18.771 Y-29.412
X18.955 Y-28.749
X19.143 Y-27.857
X19.275 Y-26.955
X19.368 Y-26.048
X19.435 Y-25.138
X19.483 Y-24.228
X19.525 Y-23.317
X19.553 Y-22.406
X19.588 Y-21.495
X19.597 Y-20.583
X19.605 Y-19.215
Y-19.101
G3 X19.16 Y-18.515 R0.635
G1 X19.065 Y-18.485 Z-18.192
X18.973 Y-18.456 Z-18.169
X18.885 Y-18.429 Z-18.131
X18.804 Y-18.404 Z-18.078
X18.732 Y-18.381 Z-18.014
X18.67 Y-18.362 Z-17.938
X18.62 Y-18.346 Z-17.853
X18.584 Y-18.335 Z-17.761
X18.561 Y-18.328 Z-17.664
X18.554 Y-18.325 Z-17.565
G0 Z5.
X29.635 Y-35.562
Z-14.049
G1 Z-14.684 F3048.
Z-18.2 F1500.
X29.221 Y-35.328 F3048.
X29.197 Y-35.312
X29.172 Y-35.294
X28.601 Y-34.818
X28.432 Y-34.672
X28.073 Y-34.353
X27.896 Y-34.211
X27.695 Y-34.064
X27.452 Y-33.909
X27.159 Y-33.748
X26.793 Y-33.577
X26.343 Y-33.4
X25.771 Y-33.216
X25.005 Y-33.023
X24.108 Y-32.858
X23.208 Y-32.715
X22.3 Y-32.622
X21.395 Y-32.511
X20.484 Y-32.476
X20.028 Y-32.47
X19.8 Y-32.468
X19.573 Y-32.463
X19.348 Y-32.425
X19.131 Y-32.356
X18.926 Y-32.256
X18.737 Y-32.127
X18.653 Y-32.05
X18.575 Y-31.968
X18.503 Y-31.879
X18.437 Y-31.786
X18.378 Y-31.689
X18.333 Y-31.628
X18.282 Y-31.574
X18.218 Y-31.532 Z-18.195
X18.156 Y-31.491 Z-18.181
X18.095 Y-31.451 Z-18.159
X18.016 Y-31.433 Z-18.121
X17.943 Y-31.416 Z-18.072
X17.877 Y-31.401 Z-18.014
X17.847 Y-31.4 Z-17.981
X17.846 Z-17.98
X17.792 Y-31.407 Z-17.908
X17.75 Y-31.412 Z-17.828
X17.718 Y-31.416 Z-17.744
X17.699 Y-31.418 Z-17.655
X17.693 Y-31.419 Z-17.565
G0 Z5.
X28.073 Y-34.353
Z-14.049
G1 Z-14.684 F3048.
Z-18.2 F1500.
X27.966 Y-34.258 F3048.
X27.773 Y-34.079
X27.746 Y-34.051
X27.36 Y-33.576
X27.241 Y-33.429
X27.098 Y-33.222
X26.959 Y-33.041
X26.835 Y-32.897
X26.697 Y-32.756
X26.525 Y-32.6
X26.304 Y-32.426
X26.042 Y-32.245
X25.705 Y-32.043
X25.335 Y-31.851
X24.861 Y-31.644
X24.004 Y-31.332
X23.269 Y-31.098
X22.381 Y-30.893
X21.5 Y-30.657
X21.046 Y-30.62
X20.704 Y-30.603
X20.476 Y-30.591
X20.253 Y-30.545
X20.038 Y-30.469
X19.837 Y-30.362
X19.653 Y-30.227
X19.49 Y-30.068
X19.352 Y-29.887
X19.241 Y-29.687
X19.159 Y-29.475
X19.109 Y-29.252
X19.092 Y-29.025
X19.107 Y-28.797
X19.155 Y-28.574
X19.234 Y-28.361
X19.669 Y-27.559
X19.784 Y-27.427
X19.913 Y-27.259
X20.052 Y-27.051
X20.2 Y-26.798
X20.359 Y-26.477
X20.53 Y-26.073
X20.708 Y-25.559
X20.896 Y-24.88
X21.083 Y-23.988
X21.245 Y-23.09
X21.433 Y-22.198
X21.487 Y-21.288
X21.497 Y-20.604
X21.5 Y-20.376
X21.535 Y-20.151
X21.602 Y-19.933
X21.699 Y-19.727
X21.825 Y-19.537
X21.977 Y-19.367
X22.152 Y-19.221
X22.346 Y-19.101
X22.555 Y-19.01
X22.775 Y-18.95
X23.001 Y-18.922
X23.229 Y-18.927
X23.454 Y-18.965
X23.671 Y-19.034
X23.876 Y-19.133
X24.631 Y-19.645
X24.786 Y-19.773
X24.974 Y-19.908
X25.211 Y-20.058
X25.5 Y-20.214
X25.864 Y-20.382
X26.318 Y-20.558
X26.907 Y-20.743
X27.693 Y-20.936
X27.838 Y-20.962
X28.182 Y-20.985
X28.523 Y-20.934
X28.845 Y-20.809
X29.133 Y-20.619
X29.172 Y-20.586
X29.197 Y-20.568
X29.221 Y-20.552
X29.635 Y-20.318
X29.842 Y-20.203
X30.463 Y-19.878
X31.083 Y-19.579
X31.172 Y-19.55
X31.445 Y-19.466
G3 X31.872 Y-18.867 R0.635
G1 Y-18.767 Z-18.192
Y-18.67 Z-18.169
Y-18.578 Z-18.131
Y-18.493 Z-18.078
Y-18.418 Z-18.014
Y-18.353 Z-17.938
Y-18.301 Z-17.853
Y-18.263 Z-17.761
Y-18.239 Z-17.664
Y-18.232 Z-17.565
G0 Z5.
X41.036 Y-22.011
Z-15.565
G1 Z-16.2 F3048.
Z-18.2
G2 X41.482 Y-22.658 R11.253
G1 X41.911 Y-23.279
X42.048 Y-23.487
X42.175 Y-23.693
X42.255 Y-23.854
X42.275 Y-23.901
X42.326 Y-24.003
X42.393 Y-24.137
X42.475 Y-24.272
X42.585 Y-24.43
X42.72 Y-24.6
X42.887 Y-24.785
X43.099 Y-24.991
X43.32 Y-25.18
X43.601 Y-25.391
X44.363 Y-25.89
X45.157 Y-26.338
X45.758 Y-26.709
X46.489 Y-26.985
X46.714 Y-27.023
X46.827 Y-27.04
X47.053 Y-27.07
X47.272 Y-27.132
X47.48 Y-27.226
X47.672 Y-27.348
X47.845 Y-27.496
X47.995 Y-27.668
X48.119 Y-27.859
X48.214 Y-28.066
X48.279 Y-28.285
X48.312 Y-28.51
Y-28.738
X48.279 Y-28.964
X48.214 Y-29.182
X48.119 Y-29.39
X47.995 Y-29.581
X47.395 Y-30.267
X47.272 Y-30.381
X47.132 Y-30.528
X46.99 Y-30.699
X46.838 Y-30.907
X46.67 Y-31.171
X46.492 Y-31.494
X46.291 Y-31.924
X45.957 Y-32.773
X45.664 Y-33.636
X45.389 Y-34.356
X45.233 Y-35.255
X45.22 Y-35.482
X45.21 Y-35.71
X45.167 Y-35.934
X45.093 Y-36.149
X44.988 Y-36.352
X44.855 Y-36.537
X44.698 Y-36.702
X44.518 Y-36.842
X44.32 Y-36.955
X44.108 Y-37.039
X43.886 Y-37.091
X43.659 Y-37.111
X43.432 Y-37.099
X43.208 Y-37.053
X42.993 Y-36.977
X42.792 Y-36.87
X42.055 Y-36.333
X41.899 Y-36.196
X41.719 Y-36.058
X41.491 Y-35.906
X41.214 Y-35.745
X40.875 Y-35.576
X40.452 Y-35.398
X40.374 Y-35.371
X40.047 Y-35.296
X39.711 Y-35.29
X39.381 Y-35.356
X39.073 Y-35.489
X38.945 Y-35.562
X38.738 Y-35.677
X38.117 Y-36.002
X37.497 Y-36.301
X37.408 Y-36.33
X36.973 Y-36.463
G3 X36.546 Y-37.063 R0.635
G1 Y-37.163 Z-18.192
Y-37.26 Z-18.169
Y-37.352 Z-18.131
Y-37.437 Z-18.078
Y-37.512 Z-18.014
Y-37.577 Z-17.938
Y-37.629 Z-17.853
Y-37.667 Z-17.761
Y-37.691 Z-17.664
Y-37.698 Z-17.565
G0 Z5.
X27.544 Y-33.869
Z-15.565
G1 Z-16.2 F3048.
Z-18.2
G2 X27.098 Y-33.222 R11.253
G1 X26.669 Y-32.601
X26.532 Y-32.393
X26.405 Y-32.187
X26.325 Y-32.026
X26.305 Y-31.979
X26.254 Y-31.877
X26.187 Y-31.743
X26.105 Y-31.608
X25.995 Y-31.45
X25.86 Y-31.28
X25.693 Y-31.095
X25.481 Y-30.889
X25.26 Y-30.7
X24.979 Y-30.489
X24.217 Y-29.99
X23.423 Y-29.542
X22.822 Y-29.171
X22.091 Y-28.895
X21.866 Y-28.857
X21.754 Y-28.841
X21.528 Y-28.809
X21.309 Y-28.746
X21.101 Y-28.652
X20.909 Y-28.529
X20.737 Y-28.38
X20.588 Y-28.207
X20.465 Y-28.016
X20.37 Y-27.808
X20.307 Y-27.589
X20.275 Y-27.363
X20.276 Y-27.135
X20.31 Y-26.91
X20.375 Y-26.692
X20.471 Y-26.485
X20.596 Y-26.294
X21.199 Y-25.611
X21.327 Y-25.493
X21.472 Y-25.342
X21.641 Y-25.142
X21.912 Y-24.775
X22.143 Y-24.459
X22.351 Y-24.121
X22.762 Y-23.307
X23.024 Y-22.828
X23.271 Y-22.051
X23.297 Y-21.825
X23.308 Y-21.711
X23.328 Y-21.484
X23.35 Y-21.257
X23.404 Y-21.036
X23.489 Y-20.824
X23.603 Y-20.627
X23.745 Y-20.449
X23.828 Y-20.371
X23.916 Y-20.298
X24.009 Y-20.233
X24.107 Y-20.174
X24.209 Y-20.123
G3 X24.528 Y-19.459 R0.635
G1 X24.511 Y-19.361 Z-18.192
X24.494 Y-19.265 Z-18.169
X24.479 Y-19.175 Z-18.131
X24.464 Y-19.091 Z-18.078
X24.451 Y-19.016 Z-18.014
X24.44 Y-18.953 Z-17.938
X24.432 Y-18.901 Z-17.853
X24.425 Y-18.864 Z-17.761
X24.421 Y-18.841 Z-17.664
X24.42 Y-18.833 Z-17.565
G0 Z5.
X26.459 Y-32.548
Z-15.565
G1 Z-16.2 F3048.
Z-18.2
G3 X26.305 Y-31.979 R2.734
G1 X26.118 Y-31.548
X26.043 Y-31.358
X25.886 Y-30.944
X25.811 Y-30.737
X25.74 Y-30.529
X25.656 Y-30.318
X25.583 Y-30.154
X25.482 Y-29.961
X25.329 Y-29.71
X24.869 Y-29.055
X24.67 Y-28.817
X24.031 Y-28.167
X23.679 Y-27.788
X23.243 Y-27.47
X23.037 Y-27.373
X22.931 Y-27.331
X22.719 Y-27.247
X22.521 Y-27.135
X22.341 Y-26.995
X22.183 Y-26.83
X22.05 Y-26.645
X21.945 Y-26.443
X21.87 Y-26.227
X21.827 Y-26.004
X21.816 Y-25.776
X21.838 Y-25.549
X21.893 Y-25.328
X21.978 Y-25.116
X22.093 Y-24.919
X22.235 Y-24.741
X22.898 Y-24.115
X23.694 Y-23.67
X24.085 Y-23.436
X24.35 Y-23.225
X24.618 Y-22.91
X24.73 Y-22.711
X24.779 Y-22.608
X24.872 Y-22.4
X24.994 Y-22.208
X25.143 Y-22.035
X25.315 Y-21.885
X25.506 Y-21.762
X25.713 Y-21.667
X25.932 Y-21.602
X26.158 Y-21.57
X26.386
X27.061 Y-21.669
X27.406 Y-21.682
X27.746 Y-21.619
X28.064 Y-21.485
X28.345 Y-21.285
X28.432 Y-21.208
X28.601 Y-21.062
X29.133 Y-20.619
G3 X29.296 Y-19.901 R0.635
G1 X29.257 Y-19.809 Z-18.192
X29.22 Y-19.719 Z-18.169
X29.185 Y-19.635 Z-18.131
X29.152 Y-19.556 Z-18.078
X29.123 Y-19.486 Z-18.014
X29.098 Y-19.426 Z-17.938
X29.078 Y-19.378 Z-17.853
X29.063 Y-19.343 Z-17.761
X29.054 Y-19.322 Z-17.664
X29.051 Y-19.315 Z-17.565
G0 Z5.
X25.885 Y-31.301
Z-15.565
G1 Z-16.2 F3048.
Z-18.2
G3 X25.74 Y-30.529 R3.646
G1 X25.67 Y-30.322
X25.61 Y-30.115
X25.527 Y-29.701
X25.498 Y-29.544
X25.416 Y-28.872
X25.34 Y-28.423
X25.296 Y-28.216
X25.034 Y-27.342
X24.916 Y-26.977
X24.72 Y-26.62
X24.428 Y-26.27
X24.255 Y-26.122
X24.105 Y-25.95
X23.981 Y-25.758
X23.886 Y-25.551
X23.822 Y-25.333
X23.789 Y-25.107
X23.79 Y-24.879
X23.823 Y-24.653
X23.887 Y-24.435
X23.983 Y-24.228
X24.107 Y-24.037
X24.257 Y-23.865
X24.431 Y-23.717
X24.623 Y-23.595
X24.831 Y-23.502
X25.709 Y-23.254
X25.755 Y-23.257
X26.08 Y-23.242
X26.395 Y-23.162
X26.688 Y-23.02
X26.945 Y-22.821
X27.156 Y-22.574
X27.241 Y-22.451
X27.577 Y-22.036
X27.746 Y-21.829
X27.773 Y-21.801
X27.98 Y-21.609
X28.345 Y-21.285
G3 X28.485 Y-20.562 R0.635
G1 X28.444 Y-20.471 Z-18.192
X28.404 Y-20.383 Z-18.169
X28.366 Y-20.299 Z-18.131
X28.33 Y-20.222 Z-18.078
X28.299 Y-20.153 Z-18.014
X28.272 Y-20.094 Z-17.938
X28.25 Y-20.047 Z-17.853
X28.235 Y-20.012 Z-17.761
X28.225 Y-19.991 Z-17.664
X28.222 Y-19.984 Z-17.565
G0 Z5.
X25.416 Y-28.872
Z-14.049
G1 Z-14.684 F3048.
Z-18.2 F1500.
X25.343 Y-28.251 F3048.
Y-27.629
X25.416 Y-27.008
X25.498 Y-26.336
X25.527 Y-26.179
X25.61 Y-25.765
X25.67 Y-25.558
X25.811 Y-25.143
X25.886 Y-24.936
X26.043 Y-24.522
X26.118 Y-24.332
X26.325 Y-23.854
X26.405 Y-23.693
X26.532 Y-23.486
X26.669 Y-23.279
X27.156 Y-22.574
G3 X27.12 Y-21.838 R0.635
G1 X27.058 Y-21.76 Z-18.192
X26.998 Y-21.684 Z-18.169
X26.941 Y-21.612 Z-18.131
X26.888 Y-21.545 Z-18.078
X26.842 Y-21.486 Z-18.014
X26.801 Y-21.435 Z-17.938
X26.769 Y-21.394 Z-17.853
X26.746 Y-21.364 Z-17.761
X26.731 Y-21.346 Z-17.664
X26.726 Y-21.34 Z-17.565
G0 Z5.
X42.121 Y-23.332
Z-15.565
G1 Z-16.2 F3048.
Z-18.2
G3 X42.275 Y-23.901 R2.734
G1 X42.462 Y-24.332
X42.537 Y-24.522
X42.694 Y-24.936
X42.769 Y-25.143
X42.84 Y-25.351
X42.924 Y-25.562
X42.997 Y-25.726
X43.098 Y-25.919
X43.251 Y-26.17
X43.711 Y-26.825
X43.91 Y-27.063
X44.549 Y-27.713
X44.901 Y-28.092
X45.337 Y-28.41
X45.543 Y-28.507
X45.649 Y-28.549
X45.861 Y-28.632
X46.06 Y-28.744
X46.24 Y-28.884
X46.398 Y-29.048
X46.532 Y-29.233
X46.637 Y-29.435
X46.712 Y-29.65
X46.756 Y-29.874
X46.767 Y-30.102
X46.746 Y-30.328
X46.692 Y-30.55
X46.607 Y-30.762
X46.493 Y-30.959
X45.928 Y-31.674
X45.789 Y-31.765
X45.613 Y-31.896
X45.267 Y-32.193
X45.037 Y-32.395
X44.85 Y-32.588
X44.272 Y-33.294
X43.97 Y-33.652
X43.682 Y-34.168
X43.611 Y-34.384
X43.58 Y-34.494
X43.519 Y-34.713
X43.426 Y-34.922
X43.304 Y-35.114
X43.157 Y-35.288
X42.985 Y-35.438
X42.794 Y-35.563
X42.587 Y-35.659
X42.369 Y-35.724
X42.144 Y-35.757
X41.916 Y-35.758
X41.69 Y-35.725
X41.471 Y-35.661
X41.264 Y-35.567
X40.982 Y-35.385
X40.674 Y-35.231
X40.34 Y-35.147
X39.996 Y-35.137
X39.658 Y-35.202
X39.341 Y-35.338
X39.073 Y-35.489
G3 X38.784 Y-36.167 R0.635
G1 X38.806 Y-36.264 Z-18.192
X38.826 Y-36.358 Z-18.169
X38.846 Y-36.448 Z-18.131
X38.864 Y-36.531 Z-18.078
X38.88 Y-36.605 Z-18.014
X38.894 Y-36.669 Z-17.938
X38.905 Y-36.719 Z-17.853
X38.914 Y-36.757 Z-17.761
X38.918 Y-36.779 Z-17.664
X38.92 Y-36.787 Z-17.565
G0 Z5.
X42.695 Y-24.579
Z-15.565
G1 Z-16.2 F3048.
Z-18.2
G3 X42.84 Y-25.351 R3.646
G1 X42.91 Y-25.558
X42.97 Y-25.765
X43.053 Y-26.179
X43.082 Y-26.336
X43.164 Y-27.008
X43.24 Y-27.457
X43.284 Y-27.664
X43.348 Y-27.877
X43.811 Y-29.058
X44.035 Y-29.412
X44.191 Y-29.578
X44.357 Y-29.734
X44.5 Y-29.912
X44.615 Y-30.109
X44.7 Y-30.32
X44.755 Y-30.541
X44.777 Y-30.768
X44.767 Y-30.996
X44.724 Y-31.22
X44.649 Y-31.435
X44.545 Y-31.638
X44.412 Y-31.823
X44.255 Y-31.988
X43.536 Y-32.549
X43.11 Y-32.712
X42.809 Y-32.874
X42.402 Y-33.207
X42.256 Y-33.383
X42.087 Y-33.535
X41.898 Y-33.662
X41.692 Y-33.76
X41.484 Y-33.825
X41.462 Y-33.829
X41.164 Y-33.909
X40.888 Y-34.045
X40.642 Y-34.232
G3 X40.519 Y-34.958 R0.635
G1 X40.562 Y-35.047 Z-18.192
X40.604 Y-35.134 Z-18.169
X40.644 Y-35.217 Z-18.131
X40.681 Y-35.294 Z-18.078
X40.714 Y-35.362 Z-18.014
X40.742 Y-35.42 Z-17.938
X40.765 Y-35.467 Z-17.853
X40.781 Y-35.501 Z-17.761
X40.791 Y-35.522 Z-17.664
X40.795 Y-35.529 Z-17.565
G0 Z5.
X43.164 Y-27.008
Z-14.049
G1 Z-14.684 F3048.
Z-18.2 F1500.
X43.237 Y-27.629 F3048.
Y-28.251
X43.164 Y-28.872
X43.082 Y-29.544
X43.053 Y-29.701
X42.97 Y-30.115
X42.91 Y-30.322
X42.769 Y-30.737
X42.694 Y-30.944
X42.537 Y-31.358
X42.462 Y-31.548
X42.255 Y-32.026
X42.175 Y-32.187
X42.048 Y-32.394
X41.911 Y-32.601
X41.339 Y-33.429
X41.003 Y-33.844
X40.834 Y-34.051
X40.807 Y-34.079
X40.6 Y-34.271
X40.148 Y-34.672
X39.979 Y-34.818
X39.408 Y-35.294
X39.383 Y-35.312
X39.359 Y-35.328
X39.341 Y-35.338
X39.28 Y-35.381
X39.223 Y-35.431
X39.18 Y-35.493 Z-18.195
X39.137 Y-35.555 Z-18.181
X39.096 Y-35.614 Z-18.159
X39.076 Y-35.693 Z-18.121
X39.057 Y-35.765 Z-18.072
X39.04 Y-35.83 Z-18.014
X39.038 Y-35.879 Z-17.959
X39.043 Y-35.927 Z-17.889
X39.047 Y-35.965 Z-17.813
X39.05 Y-35.993 Z-17.733
X39.052 Y-36.01 Z-17.65
X39.053 Y-36.015 Z-17.565
G0 Z5.
X28.262 Y-39.241
Z-16.676
G1 Z-17.311 F3048.
X28.264 Y-39.233 Z-17.41
X28.27 Y-39.211 Z-17.507
X28.279 Y-39.174 Z-17.599
X28.292 Y-39.123 Z-17.684
X28.308 Y-39.06 Z-17.76
X28.327 Y-38.987 Z-17.825
X28.348 Y-38.905 Z-17.877
X28.371 Y-38.816 Z-17.915
X28.395 Y-38.722 Z-17.938
X28.42 Y-38.626 Z-17.946
G3 X28.917 Y-35.169 R16.211
G1 Y-35.07
X28.911 Y-35.012
X28.889 Y-34.958
X28.851 Y-34.915
X28.601 Y-34.704
X28.187 Y-34.338
X27.87 Y-34.051
X27.682 Y-33.844
X27.566 Y-33.712
X27.348 Y-33.429
X26.919 Y-32.808
X26.635 Y-32.394
X26.532 Y-32.232
X26.505 Y-32.187
X26.404 Y-31.979
X26.22 Y-31.565
X26.137 Y-31.358
X25.98 Y-30.944
X25.904 Y-30.737
X25.762 Y-30.322
X25.704 Y-30.132
X25.617 Y-29.701
X25.58 Y-29.494
X25.498 Y-28.813
X25.432 Y-28.251
Y-27.629
X25.505 Y-27.008
X25.58 Y-26.386
X25.617 Y-26.179
X25.704 Y-25.748
X25.762 Y-25.558
X25.911 Y-25.123
X25.98 Y-24.936
X26.137 Y-24.522
X26.22 Y-24.315
X26.404 Y-23.901
X26.505 Y-23.693
X26.532 Y-23.648
X26.635 Y-23.486
X26.946 Y-23.033
X27.348 Y-22.451
X27.566 Y-22.168
X27.682 Y-22.036
X27.87 Y-21.829
X28.187 Y-21.542
X28.601 Y-21.176
X29.055 Y-20.793
X29.221 Y-20.661
X29.333 Y-20.586
X29.428 Y-20.529
X29.701 Y-20.379
X29.842 Y-20.303
X30.486 Y-19.965
X30.67 Y-19.871
X31.083 Y-19.675
X31.472 Y-19.55
X31.704 Y-19.477
X32.243 Y-19.343
X32.532 Y-19.272
X32.738 Y-19.225
X32.945 Y-19.179
X33.152 Y-19.153
X33.566 Y-19.119
X33.773 Y-19.113
X34.807
X35.014 Y-19.119
X35.428 Y-19.153
X35.635 Y-19.179
X35.842 Y-19.225
X36.048 Y-19.272
X36.669 Y-19.425
X36.876 Y-19.477
X37.29 Y-19.608
X37.497 Y-19.675
X37.91 Y-19.871
X38.117 Y-19.977
X38.738 Y-20.303
X38.945 Y-20.415
X39.152 Y-20.529
X39.247 Y-20.586
X39.359 Y-20.661
X39.525 Y-20.793
X39.979 Y-21.176
X40.393 Y-21.542
X40.71 Y-21.829
X40.898 Y-22.036
X41.014 Y-22.168
X41.232 Y-22.451
X41.661 Y-23.072
X41.945 Y-23.486
X42.048 Y-23.648
X42.075 Y-23.693
X42.176 Y-23.901
X42.36 Y-24.315
X42.443 Y-24.522
X42.6 Y-24.936
X42.676 Y-25.143
X42.818 Y-25.558
X42.876 Y-25.748
X42.963 Y-26.179
X43. Y-26.386
X43.082 Y-27.067
X43.148 Y-27.629
Y-28.251
X43.075 Y-28.872
X43. Y-29.494
X42.963 Y-29.701
X42.876 Y-30.132
X42.818 Y-30.322
X42.669 Y-30.757
X42.6 Y-30.944
X42.443 Y-31.358
X42.36 Y-31.565
X42.176 Y-31.979
X42.075 Y-32.187
X42.048 Y-32.232
X41.945 Y-32.394
X41.634 Y-32.847
X41.232 Y-33.429
X41.014 Y-33.712
X40.898 Y-33.844
X40.71 Y-34.051
X40.393 Y-34.338
X39.979 Y-34.704
X39.525 Y-35.087
X39.359 Y-35.219
X39.247 Y-35.294
X39.152 Y-35.351
X38.879 Y-35.501
X38.738 Y-35.577
X38.094 Y-35.915
X37.91 Y-36.009
X37.497 Y-36.205
X37.108 Y-36.33
X36.876 Y-36.403
X36.337 Y-36.537
X36.048 Y-36.608
X35.842 Y-36.655
X35.635 Y-36.701
X35.428 Y-36.727
X35.014 Y-36.761
X34.807 Y-36.767
X33.773
X33.566 Y-36.761
X33.152 Y-36.727
X32.945 Y-36.701
X32.738 Y-36.655
X32.532 Y-36.608
X31.911 Y-36.455
X31.704 Y-36.403
X31.29 Y-36.272
X31.083 Y-36.205
X30.67 Y-36.009
X30.463 Y-35.903
X29.842 Y-35.577
X29.635 Y-35.465
X29.428 Y-35.351
X29.333 Y-35.294
X29.221 Y-35.219
X29.055 Y-35.087
X28.851 Y-34.915
X28.789 Y-34.872
X28.722 Y-34.837
X28.649 Y-34.818 Z-17.941
X28.576 Y-34.799 Z-17.928
X28.506 Y-34.781 Z-17.905
X28.459 Y-34.78 Z-17.885
X28.377 Y-34.794 Z-17.837
X28.303 Y-34.807 Z-17.778
X28.239 Y-34.819 Z-17.707
X28.196 Y-34.841 Z-17.637
X28.161 Y-34.858 Z-17.561
X28.136 Y-34.87 Z-17.48
X28.12 Y-34.878 Z-17.397
X28.115 Y-34.881 Z-17.311
G0 Z5.
X28.351 Y-39.202
Z-16.422
G1 Z-17.057 F3048.
X28.353 Y-39.195 Z-17.156
X28.359 Y-39.172 Z-17.253
X28.369 Y-39.135 Z-17.345
X28.381 Y-39.085 Z-17.43
X28.398 Y-39.022 Z-17.506
X28.416 Y-38.949 Z-17.571
X28.437 Y-38.866 Z-17.623
X28.46 Y-38.777 Z-17.661
X28.484 Y-38.683 Z-17.684
X28.509 Y-38.587 Z-17.692
G3 X29.006 Y-35.13 R16.211
G1 Y-35.033
X29.001 Y-34.976
X28.978 Y-34.923
X28.941 Y-34.88
X28.696 Y-34.672
X28.187 Y-34.219
X27.98 Y-34.034
X27.805 Y-33.844
X27.459 Y-33.429
X27.36 Y-33.29
X27.026 Y-32.808
X26.885 Y-32.601
X26.607 Y-32.187
X26.532 Y-32.043
X26.315 Y-31.565
X26.231 Y-31.358
X25.995 Y-30.737
X25.911 Y-30.498
X25.853 Y-30.322
X25.793 Y-30.115
X25.704 Y-29.692
X25.669 Y-29.494
X25.593 Y-28.872
X25.52 Y-28.251
Y-27.629
X25.593 Y-27.008
X25.669 Y-26.386
X25.706 Y-26.179
X25.793 Y-25.765
X25.853 Y-25.558
X25.922 Y-25.351
X25.995 Y-25.143
X26.231 Y-24.522
X26.315 Y-24.315
X26.532 Y-23.837
X26.607 Y-23.693
X26.946 Y-23.189
X27.026 Y-23.072
X27.36 Y-22.59
X27.459 Y-22.451
X27.805 Y-22.036
X27.98 Y-21.846
X28.601 Y-21.292
X28.696 Y-21.208
X28.94 Y-21.
X29.188 Y-20.793
X29.505 Y-20.586
X29.635 Y-20.512
X29.887 Y-20.379
X30.463 Y-20.077
X30.681 Y-19.965
X30.876 Y-19.867
X31.083 Y-19.771
X31.12 Y-19.758
X31.704 Y-19.567
X31.768 Y-19.55
X32.325 Y-19.413
X32.945 Y-19.266
X33.152 Y-19.242
X33.566 Y-19.207
X33.773 Y-19.202
X34.807
X35.014 Y-19.207
X35.428 Y-19.242
X35.635 Y-19.266
X36.255 Y-19.413
X36.812 Y-19.55
X36.876 Y-19.567
X37.46 Y-19.758
X37.497 Y-19.771
X37.704 Y-19.867
X37.91 Y-19.97
X38.117 Y-20.077
X38.738 Y-20.402
X38.945 Y-20.512
X39.075 Y-20.586
X39.392 Y-20.793
X39.64 Y-21.
X39.884 Y-21.208
X40.393 Y-21.661
X40.6 Y-21.846
X40.775 Y-22.036
X41.121 Y-22.451
X41.22 Y-22.59
X41.554 Y-23.072
X41.695 Y-23.279
X41.973 Y-23.693
X42.048 Y-23.837
X42.265 Y-24.315
X42.349 Y-24.522
X42.585 Y-25.143
X42.669 Y-25.382
X42.727 Y-25.558
X42.787 Y-25.765
X42.876 Y-26.188
X42.911 Y-26.386
X42.987 Y-27.008
X43.06 Y-27.629
Y-28.251
X42.987 Y-28.872
X42.911 Y-29.494
X42.874 Y-29.701
X42.787 Y-30.115
X42.727 Y-30.322
X42.658 Y-30.529
X42.585 Y-30.737
X42.349 Y-31.358
X42.265 Y-31.565
X42.048 Y-32.043
X41.973 Y-32.187
X41.634 Y-32.691
X41.554 Y-32.808
X41.22 Y-33.29
X41.121 Y-33.429
X40.775 Y-33.844
X40.6 Y-34.034
X39.979 Y-34.588
X39.884 Y-34.672
X39.64 Y-34.88
X39.392 Y-35.087
X39.075 Y-35.294
X38.945 Y-35.368
X38.693 Y-35.501
X38.117 Y-35.803
X37.899 Y-35.915
X37.704 Y-36.013
X37.497 Y-36.109
X37.46 Y-36.122
X36.876 Y-36.313
X36.812 Y-36.33
X36.255 Y-36.467
X35.635 Y-36.614
X35.428 Y-36.638
X35.014 Y-36.673
X34.807 Y-36.678
X33.773
X33.566 Y-36.673
X33.152 Y-36.638
X32.945 Y-36.614
X32.325 Y-36.467
X31.768 Y-36.33
X31.704 Y-36.313
X31.12 Y-36.122
X31.083 Y-36.109
X30.876 Y-36.013
X30.67 Y-35.91
X30.463 Y-35.803
X29.842 Y-35.478
X29.635 Y-35.368
X29.505 Y-35.294
X29.188 Y-35.087
X28.941 Y-34.88
X28.879 Y-34.837
X28.813 Y-34.802
X28.739 Y-34.783 Z-17.687
X28.667 Y-34.764 Z-17.674
X28.597 Y-34.746 Z-17.651
X28.548 Y-34.744 Z-17.63
X28.466 Y-34.759 Z-17.582
X28.393 Y-34.772 Z-17.522
X28.328 Y-34.784 Z-17.452
X28.285 Y-34.805 Z-17.382
X28.251 Y-34.822 Z-17.306
X28.226 Y-34.835 Z-17.226
X28.211 Y-34.842 Z-17.142
X28.205 Y-34.845 Z-17.057
G0 Z5.
X28.44 Y-39.161
Z-16.168
G1 Z-16.803 F3048.
X28.442 Y-39.154 Z-16.902
X28.447 Y-39.131 Z-16.999
X28.457 Y-39.094 Z-17.091
X28.47 Y-39.044 Z-17.176
X28.486 Y-38.981 Z-17.252
X28.505 Y-38.908 Z-17.317
X28.526 Y-38.825 Z-17.369
X28.548 Y-38.736 Z-17.407
X28.573 Y-38.642 Z-17.43
X28.597 Y-38.546 Z-17.438
G3 X29.094 Y-35.089 R16.211
G1 Y-34.993
X29.089 Y-34.938
X29.067 Y-34.887
X29.031 Y-34.845
X28.808 Y-34.654
X28.128 Y-34.051
X27.98 Y-33.907
X27.917 Y-33.844
X27.773 Y-33.675
X27.566 Y-33.425
X27.36 Y-33.134
X27.276 Y-33.015
X27.132 Y-32.808
X26.946 Y-32.531
X26.716 Y-32.187
X26.594 Y-31.979
X26.408 Y-31.565
X26.324 Y-31.358
X26.089 Y-30.737
X26.012 Y-30.529
X25.94 Y-30.322
X25.911 Y-30.227
X25.884 Y-30.115
X25.796 Y-29.701
X25.758 Y-29.494
X25.681 Y-28.872
X25.609 Y-28.251
Y-27.629
X25.681 Y-27.008
X25.758 Y-26.386
X25.796 Y-26.179
X25.884 Y-25.765
X25.911 Y-25.653
X25.94 Y-25.558
X26.012 Y-25.351
X26.167 Y-24.936
X26.325 Y-24.52
X26.408 Y-24.315
X26.594 Y-23.901
X26.716 Y-23.693
X26.993 Y-23.279
X27.153 Y-23.043
X27.276 Y-22.865
X27.422 Y-22.658
X27.57 Y-22.451
X27.773 Y-22.205
X27.917 Y-22.036
X27.98 Y-21.973
X28.128 Y-21.829
X28.828 Y-21.208
X29.071 Y-21.
X29.221 Y-20.883
X29.689 Y-20.586
X29.842 Y-20.502
X30.472 Y-20.172
X30.883 Y-19.965
X31.083 Y-19.867
X31.497 Y-19.727
X31.704 Y-19.658
X31.911 Y-19.605
X32.325 Y-19.503
X32.738 Y-19.407
X33.016 Y-19.343
X33.566 Y-19.296
X33.773 Y-19.29
X34.807
X35.014 Y-19.296
X35.564 Y-19.343
X36.048 Y-19.455
X36.255 Y-19.503
X36.669 Y-19.605
X36.876 Y-19.658
X37.29 Y-19.797
X37.497 Y-19.867
X37.704 Y-19.968
X38.117 Y-20.176
X38.738 Y-20.502
X38.891 Y-20.586
X39.359 Y-20.883
X39.509 Y-21.
X39.772 Y-21.226
X40.452 Y-21.829
X40.6 Y-21.973
X40.664 Y-22.036
X40.807 Y-22.205
X41.014 Y-22.455
X41.22 Y-22.746
X41.304 Y-22.865
X41.448 Y-23.072
X41.634 Y-23.349
X41.864 Y-23.693
X41.986 Y-23.901
X42.172 Y-24.315
X42.256 Y-24.522
X42.491 Y-25.143
X42.568 Y-25.351
X42.64 Y-25.558
X42.669 Y-25.653
X42.696 Y-25.765
X42.784 Y-26.179
X42.822 Y-26.386
X42.899 Y-27.008
X42.971 Y-27.629
Y-28.251
X42.899 Y-28.872
X42.822 Y-29.494
X42.784 Y-29.701
X42.696 Y-30.115
X42.669 Y-30.227
X42.64 Y-30.322
X42.568 Y-30.529
X42.413 Y-30.944
X42.255 Y-31.36
X42.172 Y-31.565
X41.986 Y-31.979
X41.864 Y-32.187
X41.587 Y-32.601
X41.427 Y-32.837
X41.304 Y-33.015
X41.158 Y-33.222
X41.01 Y-33.429
X40.807 Y-33.675
X40.664 Y-33.844
X40.6 Y-33.907
X40.452 Y-34.051
X39.752 Y-34.672
X39.509 Y-34.88
X39.359 Y-34.997
X38.891 Y-35.294
X38.738 Y-35.378
X38.108 Y-35.708
X37.697 Y-35.915
X37.497 Y-36.013
X37.083 Y-36.153
X36.876 Y-36.222
X36.669 Y-36.275
X36.255 Y-36.377
X35.842 Y-36.473
X35.564 Y-36.537
X35.014 Y-36.584
X34.807 Y-36.59
X33.773
X33.566 Y-36.584
X33.016 Y-36.537
X32.532 Y-36.425
X32.325 Y-36.377
X31.911 Y-36.275
X31.704 Y-36.222
X31.29 Y-36.083
X31.083 Y-36.013
X30.876 Y-35.912
X30.463 Y-35.704
X29.842 Y-35.378
X29.689 Y-35.294
X29.221 Y-34.997
X29.071 Y-34.88
X29.031 Y-34.845
X28.97 Y-34.802
X28.903 Y-34.767
X28.83 Y-34.748 Z-17.433
X28.757 Y-34.729 Z-17.42
X28.687 Y-34.711 Z-17.397
X28.638 Y-34.709 Z-17.376
X28.556 Y-34.724 Z-17.328
X28.482 Y-34.737 Z-17.268
X28.418 Y-34.748 Z-17.197
X28.375 Y-34.77 Z-17.127
X28.341 Y-34.787 Z-17.051
X28.316 Y-34.799 Z-16.971
X28.301 Y-34.806 Z-16.888
X28.296 Y-34.809 Z-16.803
G0 Z5.
X58.326 Y-59.682
Z-18.708
G1 Z-19.343 F3048.
X58.318 Y-59.68 Z-19.442
X58.296 Y-59.675 Z-19.539
X58.259 Y-59.665 Z-19.631
X58.208 Y-59.652 Z-19.716
X58.146 Y-59.636 Z-19.792
X58.072 Y-59.617 Z-19.857
X57.99 Y-59.596 Z-19.909
X57.901 Y-59.573 Z-19.947
X57.807 Y-59.549 Z-19.97
X57.711 Y-59.525 Z-19.978
G3 X54.254 Y-59.028 R16.211
G1 X0.051 Y-59.027
X-0.036 Y-59.033 Z-19.96
X-0.121 Y-59.051 Z-19.943
X-0.203 Y-59.08 Z-19.925
X-0.251 Y-59.099 Z-19.915
X-0.683 Y-59.247 Z-19.824
X-0.898 Y-59.321 Z-19.778
X-2.823 Y-59.982
G2 X-3.63 Y-59.588 R0.635
X-3.645 Y-59.224 R0.635
G3 X-3.213 Y-56.762 R16.211
G1 X-3.173 Y-56.265 Z-19.878
X-3.148 Y-55.767 Z-19.978
Y-0.078
X-3.132 Y0.129
G3 X-3.534 Y0.746 R0.635
G1 X-3.626 Y0.782 Z-19.97
X-3.717 Y0.817 Z-19.947
X-3.802 Y0.851 Z-19.909
X-3.881 Y0.882 Z-19.857
X-3.952 Y0.91 Z-19.792
X-4.012 Y0.934 Z-19.716
X-4.061 Y0.953 Z-19.631
X-4.096 Y0.967 Z-19.539
X-4.118 Y0.975 Z-19.442
X-4.125 Y0.978 Z-19.343
G0 Z5.
X10.254 Y3.802
Z-18.708
G1 Z-19.343 F3048.
X10.262 Y3.8 Z-19.442
X10.284 Y3.795 Z-19.539
X10.321 Y3.785 Z-19.631
X10.372 Y3.772 Z-19.716
X10.434 Y3.756 Z-19.792
X10.508 Y3.737 Z-19.857
X10.59 Y3.716 Z-19.909
X10.679 Y3.693 Z-19.947
X10.773 Y3.669 Z-19.97
X10.869 Y3.645 Z-19.978
G3 X14.326 Y3.148 R16.211
G1 X68.529 Y3.147
X68.616 Y3.153 Z-19.96
X68.701 Y3.171 Z-19.943
X68.783 Y3.2 Z-19.925
X68.831 Y3.219 Z-19.915
X69.263 Y3.367 Z-19.824
X69.478 Y3.441 Z-19.778
X71.403 Y4.102
G2 X72.21 Y3.708 R0.635
X72.225 Y3.344 R0.635
G3 X71.793 Y0.882 R16.211
G1 X71.753 Y0.385 Z-19.878
X71.728 Y-0.113 Z-19.978
Y-55.802
X71.712 Y-56.009
G3 X72.114 Y-56.626 R0.635
G1 X72.206 Y-56.662 Z-19.97
X72.297 Y-56.697 Z-19.947
X72.382 Y-56.731 Z-19.909
X72.461 Y-56.762 Z-19.857
X72.532 Y-56.79 Z-19.792
X72.592 Y-56.814 Z-19.716
X72.641 Y-56.833 Z-19.631
X72.676 Y-56.847 Z-19.539
X72.698 Y-56.855 Z-19.442
X72.705 Y-56.858 Z-19.343
G0 Z15.

(SCALLOP1)
G55
G0 X29.625 Y-27.321
Z15.
Z-4.81
G1 Z-6.257 F25.
X29.629 Y-27.326 Z-6.351 F3048.
X29.643 Y-27.341 Z-6.443
X29.665 Y-27.367 Z-6.531
X29.696 Y-27.402 Z-6.612
X29.734 Y-27.446 Z-6.686
X29.779 Y-27.498 Z-6.751
X29.829 Y-27.556 Z-6.804
X29.885 Y-27.62 Z-6.846
X29.943 Y-27.687 Z-6.875
X30.004 Y-27.757 Z-6.89
X30.066 Y-27.828 Z-6.891
X30.127 Y-27.899 Z-6.879
X30.186 Y-27.967 Z-6.853
X30.242 Y-28.031 Z-6.813
X30.378 Y-28.183 Z-6.707
X30.468 Y-28.278 Z-6.641
X30.552 Y-28.361 Z-6.585
X30.708 Y-28.503 Z-6.493
X30.917 Y-28.674 Z-6.393
X30.989 Y-28.728 Z-6.361
X31.142 Y-28.838 Z-6.3
X31.326 Y-28.953 Z-6.239
X31.367 Y-28.977 Z-6.227
X31.592 Y-29.102 Z-6.166
X31.753 Y-29.179 Z-6.13
X31.817 Y-29.206 Z-6.117
X32.041 Y-29.302 Z-6.079
X32.266 Y-29.382 Z-6.05
X32.332 Y-29.404 Z-6.043
X32.491 Y-29.453 Z-6.029
X32.716 Y-29.517 Z-6.015
X32.941 Y-29.57 Z-6.006
X33.223 Y-29.629 Z-6.001
X33.391 Y-29.656 Z-6.
X33.615 Y-29.688
X33.84 Y-29.711
X34.065 Y-29.725
X34.29 Y-29.731
X34.515 Y-29.725
X34.74 Y-29.711
X34.965 Y-29.687
X35.189 Y-29.656
X35.357 Y-29.629 Z-6.001
X35.639 Y-29.57 Z-6.006
X35.864 Y-29.517 Z-6.015
X36.089 Y-29.453 Z-6.028
X36.247 Y-29.404 Z-6.043
X36.314 Y-29.381 Z-6.05
X36.539 Y-29.301 Z-6.079
X36.763 Y-29.206 Z-6.117
X36.826 Y-29.179 Z-6.129
X36.988 Y-29.102 Z-6.166
X37.213 Y-28.977 Z-6.227
X37.254 Y-28.953 Z-6.239
X37.438 Y-28.837 Z-6.3
X37.591 Y-28.728 Z-6.361
X37.663 Y-28.674 Z-6.393
X37.888 Y-28.489 Z-6.501
X38.028 Y-28.361 Z-6.585
X38.113 Y-28.277 Z-6.642
X38.202 Y-28.183 Z-6.707
X38.338 Y-28.031 Z-6.813
X38.413 Y-27.94 Z-6.881
X38.319 Y-27.827 Z-6.798
X38.202 Y-27.697 Z-6.707
X38.112 Y-27.602 Z-6.641
X38.028 Y-27.519 Z-6.585
X37.872 Y-27.377 Z-6.493
X37.663 Y-27.206 Z-6.393
X37.591 Y-27.152 Z-6.361
X37.438 Y-27.043 Z-6.3
X37.254 Y-26.927 Z-6.239
X37.213 Y-26.903 Z-6.227
X36.988 Y-26.778 Z-6.166
X36.827 Y-26.701 Z-6.13
X36.763 Y-26.674 Z-6.117
X36.539 Y-26.578 Z-6.079
X36.314 Y-26.499 Z-6.05
X36.247 Y-26.476 Z-6.043
X36.089 Y-26.427 Z-6.028
X35.864 Y-26.363 Z-6.015
X35.639 Y-26.31 Z-6.006
X35.357 Y-26.251 Z-6.001
X35.189 Y-26.224 Z-6.
X34.965 Y-26.193
X34.74 Y-26.169
X34.515 Y-26.155
X34.29 Y-26.148
X34.065 Y-26.156
X33.84 Y-26.169
X33.615 Y-26.193
X33.391 Y-26.223
X33.221 Y-26.251 Z-6.001
X32.941 Y-26.309 Z-6.006
X32.716 Y-26.363 Z-6.015
X32.491 Y-26.427 Z-6.029
X32.332 Y-26.476 Z-6.043
X32.266 Y-26.499 Z-6.05
X32.041 Y-26.579 Z-6.079
X31.817 Y-26.674 Z-6.117
X31.753 Y-26.701 Z-6.129
X31.592 Y-26.778 Z-6.166
X31.367 Y-26.903 Z-6.227
X31.326 Y-26.927 Z-6.239
X31.142 Y-27.042 Z-6.3
X30.989 Y-27.152 Z-6.361
X30.917 Y-27.206 Z-6.393
X30.692 Y-27.391 Z-6.501
X30.552 Y-27.519 Z-6.585
X30.467 Y-27.603 Z-6.642
X30.378 Y-27.697 Z-6.707
X30.242 Y-27.849 Z-6.813
X30.168 Y-27.94 Z-6.881
X30.242 Y-28.031 Z-6.813
X30.278 Y-28.08 Z-6.782
X30.31 Y-28.132 Z-6.756
X30.339 Y-28.189 Z-6.733
X30.366 Y-28.248 Z-6.714
X30.416 Y-28.372 Z-6.684
X30.464 Y-28.498 Z-6.66
X30.514 Y-28.622 Z-6.638
X30.572 Y-28.742 Z-6.614
X30.606 Y-28.798 Z-6.6
X30.643 Y-28.851 Z-6.583
X30.684 Y-28.899 Z-6.563
X30.73 Y-28.941 Z-6.54
X30.917 Y-29.083 Z-6.455
X31.055 Y-29.179 Z-6.399
X31.142 Y-29.235 Z-6.366
X31.367 Y-29.368 Z-6.291
X31.433 Y-29.404 Z-6.272
X31.592 Y-29.483 Z-6.23
X31.817 Y-29.584 Z-6.176
X31.925 Y-29.629 Z-6.156
X32.041 Y-29.672 Z-6.135
X32.266 Y-29.752 Z-6.1
X32.491 Y-29.82 Z-6.073
X32.611 Y-29.854 Z-6.061
X32.716 Y-29.881 Z-6.052
X32.941 Y-29.934 Z-6.037
X33.166 Y-29.98 Z-6.026
X33.391 Y-30.017 Z-6.018
X33.615 Y-30.046 Z-6.013
X33.84 Y-30.068 Z-6.01
X34.065 Y-30.081 Z-6.008
X34.29 Y-30.087
X34.546 Y-30.08
X34.74 Y-30.068 Z-6.01
X34.965 Y-30.046 Z-6.013
X35.189 Y-30.016 Z-6.018
X35.414 Y-29.98 Z-6.026
X35.639 Y-29.934 Z-6.037
X35.864 Y-29.881 Z-6.052
X35.969 Y-29.854 Z-6.061
X36.089 Y-29.82 Z-6.073
X36.314 Y-29.752 Z-6.1
X36.539 Y-29.672 Z-6.135
X36.653 Y-29.629 Z-6.156
X36.763 Y-29.584 Z-6.176
X36.988 Y-29.483 Z-6.229
X37.147 Y-29.404 Z-6.272
X37.213 Y-29.368 Z-6.291
X37.438 Y-29.235 Z-6.366
X37.525 Y-29.179 Z-6.399
X37.663 Y-29.083 Z-6.455
X37.835 Y-28.953 Z-6.532
X37.888 Y-28.911 Z-6.56
X38.113 Y-28.711 Z-6.69
X38.209 Y-28.619 Z-6.752
X38.338 Y-28.487 Z-6.845
X38.514 Y-28.278 Z-7.002
X38.562 Y-28.216 Z-7.05
X38.684 Y-28.053 Z-7.178
X38.758 Y-27.94 Z-7.271
X38.684 Y-27.827 Z-7.178
X38.562 Y-27.664 Z-7.05
X38.514 Y-27.602 Z-7.002
X38.338 Y-27.393 Z-6.845
X38.209 Y-27.261 Z-6.752
X38.094 Y-27.152 Z-6.679
X37.888 Y-26.969 Z-6.56
X37.835 Y-26.927 Z-6.532
X37.663 Y-26.797 Z-6.455
X37.525 Y-26.701 Z-6.399
X37.438 Y-26.645 Z-6.366
X37.213 Y-26.512 Z-6.291
X37.147 Y-26.476 Z-6.272
X36.988 Y-26.397 Z-6.23
X36.763 Y-26.296 Z-6.176
X36.655 Y-26.251 Z-6.156
X36.539 Y-26.208 Z-6.135
X36.314 Y-26.128 Z-6.1
X36.089 Y-26.06 Z-6.073
X35.969 Y-26.026 Z-6.061
X35.864 Y-25.999 Z-6.052
X35.639 Y-25.946 Z-6.037
X35.414 Y-25.9 Z-6.026
X35.189 Y-25.863 Z-6.018
X34.965 Y-25.834 Z-6.013
X34.74 Y-25.812 Z-6.01
X34.515 Y-25.799 Z-6.008
X34.29 Y-25.792
X34.039 Y-25.8
X33.84 Y-25.812 Z-6.01
X33.615 Y-25.834 Z-6.013
X33.391 Y-25.863 Z-6.018
X33.166 Y-25.9 Z-6.026
X32.941 Y-25.946 Z-6.037
X32.716 Y-25.999 Z-6.052
X32.611 Y-26.026 Z-6.061
X32.491 Y-26.06 Z-6.073
X32.266 Y-26.128 Z-6.1
X32.041 Y-26.208 Z-6.135
X31.927 Y-26.251 Z-6.156
X31.817 Y-26.296 Z-6.176
X31.592 Y-26.397 Z-6.229
X31.433 Y-26.476 Z-6.272
X31.367 Y-26.512 Z-6.291
X31.142 Y-26.645 Z-6.366
X31.055 Y-26.701 Z-6.399
X30.917 Y-26.797 Z-6.455
X30.745 Y-26.927 Z-6.532
X30.692 Y-26.969 Z-6.56
X30.467 Y-27.169 Z-6.69
X30.371 Y-27.261 Z-6.752
X30.242 Y-27.393 Z-6.845
X30.066 Y-27.602 Z-7.002
X30.018 Y-27.664 Z-7.05
X29.897 Y-27.827 Z-7.178
X29.822 Y-27.94 Z-7.271
X29.897 Y-28.053 Z-7.178
X30.018 Y-28.216 Z-7.05
X30.082 Y-28.297 Z-6.987
X30.242 Y-28.487 Z-6.845
X30.371 Y-28.619 Z-6.752
X30.486 Y-28.728 Z-6.679
X30.692 Y-28.911 Z-6.56
X30.73 Y-28.941 Z-6.54
X30.777 Y-28.984 Z-6.517
X30.821 Y-29.032 Z-6.498
X30.862 Y-29.084 Z-6.482
X30.901 Y-29.138 Z-6.47
X30.973 Y-29.254 Z-6.452
X31.043 Y-29.371 Z-6.44
X31.115 Y-29.486 Z-6.43
X31.196 Y-29.593 Z-6.417
X31.24 Y-29.642 Z-6.41
X31.289 Y-29.687 Z-6.4
X31.341 Y-29.726 Z-6.388
X31.368 Y-29.743 Z-6.38
X31.396 Y-29.758 Z-6.373
X31.593 Y-29.854 Z-6.317
X31.817 Y-29.951 Z-6.262
X32.041 Y-30.037 Z-6.216
X32.266 Y-30.113 Z-6.177
X32.491 Y-30.181 Z-6.145
X32.716 Y-30.24 Z-6.119
X32.998 Y-30.305 Z-6.095
X33.166 Y-30.337 Z-6.083
X33.391 Y-30.373 Z-6.072
X33.615 Y-30.402 Z-6.062
X33.84 Y-30.423 Z-6.057
X34.065 Y-30.434 Z-6.054
X34.29 Y-30.441 Z-6.052
X34.515 Y-30.434 Z-6.054
X34.74 Y-30.423 Z-6.057
X34.965 Y-30.402 Z-6.062
X35.189 Y-30.372 Z-6.072
X35.414 Y-30.336 Z-6.083
X35.581 Y-30.305 Z-6.095
X35.864 Y-30.24 Z-6.119
X36.089 Y-30.181 Z-6.145
X36.314 Y-30.113 Z-6.177
X36.416 Y-30.08 Z-6.194
X36.539 Y-30.037 Z-6.216
X36.763 Y-29.95 Z-6.262
X36.988 Y-29.853 Z-6.318
X37.213 Y-29.744 Z-6.381
X37.438 Y-29.617 Z-6.459
X37.663 Y-29.473 Z-6.544
X37.761 Y-29.404 Z-6.589
X37.888 Y-29.307 Z-6.651
X38.046 Y-29.179 Z-6.734
X38.113 Y-29.121 Z-6.771
X38.29 Y-28.953 Z-6.888
X38.338 Y-28.905 Z-6.923
X38.502 Y-28.728 Z-7.052
X38.562 Y-28.659 Z-7.104
X38.686 Y-28.503 Z-7.225
X38.787 Y-28.359 Z-7.343
X38.84 Y-28.278 Z-7.411
X38.909 Y-28.165 Z-7.506
X38.973 Y-28.053 Z-7.602
X39.031 Y-27.94 Z-7.703
X38.973 Y-27.827 Z-7.603
X38.909 Y-27.715 Z-7.506
X38.84 Y-27.602 Z-7.411
X38.787 Y-27.521 Z-7.343
X38.686 Y-27.377 Z-7.225
X38.562 Y-27.221 Z-7.103
X38.502 Y-27.152 Z-7.052
X38.338 Y-26.975 Z-6.923
X38.29 Y-26.927 Z-6.888
X38.113 Y-26.759 Z-6.771
X38.046 Y-26.701 Z-6.734
X37.888 Y-26.573 Z-6.651
X37.761 Y-26.476 Z-6.588
X37.663 Y-26.407 Z-6.544
X37.417 Y-26.251 Z-6.451
X37.213 Y-26.136 Z-6.381
X36.987 Y-26.026 Z-6.317
X36.763 Y-25.929 Z-6.262
X36.539 Y-25.843 Z-6.216
X36.416 Y-25.8 Z-6.194
X36.314 Y-25.767 Z-6.177
X36.089 Y-25.699 Z-6.145
X35.864 Y-25.64 Z-6.119
X35.582 Y-25.575 Z-6.095
X35.414 Y-25.543 Z-6.083
X35.189 Y-25.507 Z-6.072
X34.965 Y-25.479 Z-6.062
X34.74 Y-25.457 Z-6.057
X34.515 Y-25.446 Z-6.054
X34.29 Y-25.439 Z-6.052
X34.065 Y-25.446 Z-6.054
X33.84 Y-25.457 Z-6.057
X33.615 Y-25.479 Z-6.062
X33.391 Y-25.507 Z-6.072
X33.166 Y-25.543 Z-6.083
X32.997 Y-25.575 Z-6.095
X32.716 Y-25.64 Z-6.119
X32.491 Y-25.699 Z-6.145
X32.266 Y-25.767 Z-6.177
X32.041 Y-25.843 Z-6.216
X31.817 Y-25.93 Z-6.262
X31.592 Y-26.027 Z-6.318
X31.367 Y-26.136 Z-6.381
X31.142 Y-26.263 Z-6.459
X30.917 Y-26.407 Z-6.544
X30.819 Y-26.476 Z-6.589
X30.692 Y-26.573 Z-6.651
X30.534 Y-26.701 Z-6.734
X30.467 Y-26.759 Z-6.771
X30.289 Y-26.927 Z-6.888
X30.242 Y-26.975 Z-6.923
X30.078 Y-27.152 Z-7.052
X30.018 Y-27.221 Z-7.104
X29.894 Y-27.377 Z-7.225
X29.793 Y-27.521 Z-7.343
X29.74 Y-27.602 Z-7.411
X29.671 Y-27.715 Z-7.506
X29.607 Y-27.827 Z-7.602
X29.549 Y-27.94 Z-7.703
X29.607 Y-28.053 Z-7.602
X29.671 Y-28.165 Z-7.506
X29.74 Y-28.278 Z-7.411
X29.793 Y-28.359 Z-7.343
X29.894 Y-28.503 Z-7.225
X30.018 Y-28.659 Z-7.104
X30.078 Y-28.728 Z-7.052
X30.242 Y-28.905 Z-6.923
X30.29 Y-28.953 Z-6.888
X30.467 Y-29.121 Z-6.771
X30.534 Y-29.179 Z-6.734
X30.692 Y-29.307 Z-6.651
X30.819 Y-29.404 Z-6.589
X30.917 Y-29.473 Z-6.544
X31.163 Y-29.629 Z-6.451
X31.367 Y-29.744 Z-6.381
X31.396 Y-29.758 Z-6.373
X31.565 Y-29.854 Z-6.328
X31.646 Y-29.909 Z-6.312
X31.726 Y-29.967 Z-6.299
X31.882 Y-30.09 Z-6.279
X32.038 Y-30.214 Z-6.268
X32.195 Y-30.333 Z-6.257
X32.359 Y-30.441 Z-6.247
X32.445 Y-30.488 Z-6.242
X32.533 Y-30.53 Z-6.235
X32.624 Y-30.564 Z-6.228
X32.67 Y-30.579 Z-6.223
X32.717 Y-30.591 Z-6.219
X32.941 Y-30.642 Z-6.195
X33.166 Y-30.685 Z-6.176
X33.391 Y-30.721 Z-6.161
X33.615 Y-30.749 Z-6.15
X33.84 Y-30.77 Z-6.142
X34.065 Y-30.781 Z-6.138
X34.29 Y-30.787 Z-6.136
X34.515 Y-30.781 Z-6.138
X34.74 Y-30.77 Z-6.142
X34.965 Y-30.749 Z-6.15
X35.189 Y-30.721 Z-6.161
X35.414 Y-30.685 Z-6.176
X35.639 Y-30.642 Z-6.195
X35.864 Y-30.59 Z-6.219
X36.095 Y-30.53 Z-6.249
X36.314 Y-30.465 Z-6.283
X36.539 Y-30.389 Z-6.325
X36.763 Y-30.304 Z-6.376
X36.988 Y-30.21 Z-6.432
X37.213 Y-30.102 Z-6.502
X37.438 Y-29.982 Z-6.577
X37.663 Y-29.841 Z-6.669
X37.888 Y-29.684 Z-6.769
X37.959 Y-29.629 Z-6.804
X38.113 Y-29.502 Z-6.891
X38.222 Y-29.404 Z-6.959
X38.338 Y-29.297 Z-7.033
X38.456 Y-29.179 Z-7.118
X38.562 Y-29.062 Z-7.207
X38.652 Y-28.953 Z-7.29
X38.787 Y-28.779 Z-7.427
X38.825 Y-28.728 Z-7.468
X38.902 Y-28.616 Z-7.561
X38.972 Y-28.503 Z-7.657
X39.012 Y-28.43 Z-7.721
X39.089 Y-28.278 Z-7.856
X39.142 Y-28.165 Z-7.959
X39.19 Y-28.053 Z-8.064
X39.23 Y-27.94 Z-8.173
X39.19 Y-27.827 Z-8.064
X39.142 Y-27.715 Z-7.959
X39.089 Y-27.602 Z-7.856
X39.012 Y-27.45 Z-7.721
X38.972 Y-27.377 Z-7.657
X38.902 Y-27.264 Z-7.561
X38.825 Y-27.152 Z-7.468
X38.787 Y-27.101 Z-7.427
X38.652 Y-26.927 Z-7.29
X38.562 Y-26.818 Z-7.207
X38.456 Y-26.701 Z-7.118
X38.338 Y-26.583 Z-7.033
X38.222 Y-26.476 Z-6.959
X38.113 Y-26.378 Z-6.891
X37.959 Y-26.251 Z-6.804
X37.888 Y-26.197 Z-6.769
X37.644 Y-26.026 Z-6.661
X37.438 Y-25.898 Z-6.577
X37.213 Y-25.778 Z-6.502
X36.988 Y-25.669 Z-6.432
X36.763 Y-25.575 Z-6.376
X36.539 Y-25.491 Z-6.325
X36.314 Y-25.416 Z-6.283
X36.089 Y-25.349 Z-6.248
X35.864 Y-25.29 Z-6.219
X35.639 Y-25.238 Z-6.195
X35.414 Y-25.195 Z-6.176
X35.189 Y-25.159 Z-6.161
X34.903 Y-25.125 Z-6.148
X34.74 Y-25.111 Z-6.142
X34.515 Y-25.099 Z-6.138
X34.29 Y-25.093 Z-6.136
X34.065 Y-25.099 Z-6.138
X33.84 Y-25.111 Z-6.142
X33.615 Y-25.131 Z-6.15
X33.391 Y-25.159 Z-6.161
X33.166 Y-25.195 Z-6.176
X32.941 Y-25.238 Z-6.195
X32.716 Y-25.289 Z-6.219
X32.484 Y-25.35 Z-6.249
X32.266 Y-25.415 Z-6.283
X32.041 Y-25.491 Z-6.325
X31.817 Y-25.576 Z-6.376
X31.592 Y-25.67 Z-6.432
X31.323 Y-25.8 Z-6.516
X31.142 Y-25.898 Z-6.577
X30.917 Y-26.038 Z-6.669
X30.692 Y-26.196 Z-6.769
X30.62 Y-26.251 Z-6.805
X30.467 Y-26.378 Z-6.891
X30.357 Y-26.476 Z-6.959
X30.242 Y-26.583 Z-7.034
X30.124 Y-26.701 Z-7.118
X30.018 Y-26.818 Z-7.207
X29.928 Y-26.927 Z-7.29
X29.793 Y-27.101 Z-7.427
X29.755 Y-27.152 Z-7.468
X29.678 Y-27.264 Z-7.561
X29.609 Y-27.377 Z-7.657
X29.568 Y-27.451 Z-7.721
X29.491 Y-27.602 Z-7.856
X29.438 Y-27.715 Z-7.959
X29.39 Y-27.827 Z-8.064
X29.35 Y-27.94 Z-8.172
X29.391 Y-28.053 Z-8.064
X29.438 Y-28.165 Z-7.959
X29.491 Y-28.278 Z-7.856
X29.568 Y-28.429 Z-7.721
X29.609 Y-28.503 Z-7.657
X29.678 Y-28.616 Z-7.561
X29.755 Y-28.728 Z-7.468
X29.793 Y-28.779 Z-7.427
X29.928 Y-28.953 Z-7.29
X30.018 Y-29.062 Z-7.207
X30.124 Y-29.179 Z-7.118
X30.242 Y-29.297 Z-7.033
X30.358 Y-29.404 Z-6.959
X30.467 Y-29.502 Z-6.891
X30.62 Y-29.629 Z-6.805
X30.692 Y-29.684 Z-6.769
X30.936 Y-29.854 Z-6.661
X31.142 Y-29.982 Z-6.577
X31.367 Y-30.102 Z-6.502
X31.592 Y-30.211 Z-6.432
X31.817 Y-30.305 Z-6.376
X32.041 Y-30.39 Z-6.325
X32.266 Y-30.465 Z-6.284
X32.491 Y-30.532 Z-6.248
X32.717 Y-30.591 Z-6.219
X32.782 Y-30.609 Z-6.213
X32.844 Y-30.634 Z-6.209
X32.905 Y-30.664 Z-6.208
X32.963 Y-30.698 Z-6.21
X33.076 Y-30.775 Z-6.219
X33.185 Y-30.856 Z-6.234
X33.295 Y-30.935 Z-6.248
X33.41 Y-31.005 Z-6.262
X33.469 Y-31.035 Z-6.267
X33.531 Y-31.059 Z-6.272
X33.595 Y-31.077 Z-6.274
X33.627 Y-31.084
X33.66 Y-31.088 Z-6.273
X33.84 Y-31.105 Z-6.265
X34.065 Y-31.115 Z-6.261
X34.29 Y-31.121 Z-6.258
X34.515 Y-31.115 Z-6.261
X34.74 Y-31.105 Z-6.265
X34.965 Y-31.084 Z-6.275
X35.189 Y-31.056 Z-6.286
X35.414 Y-31.021 Z-6.305
X35.639 Y-30.978 Z-6.324
X35.864 Y-30.927 Z-6.352
X36.089 Y-30.869 Z-6.383
X36.314 Y-30.802 Z-6.422
X36.539 Y-30.727 Z-6.466
X36.763 Y-30.644 Z-6.518
X37.03 Y-30.53 Z-6.592
X37.213 Y-30.444 Z-6.648
X37.471 Y-30.305 Z-6.743
X37.663 Y-30.189 Z-6.818
X37.826 Y-30.08 Z-6.892
X37.888 Y-30.033 Z-6.923
X38.116 Y-29.854 Z-7.044
X38.238 Y-29.75 Z-7.115
X38.338 Y-29.657 Z-7.181
X38.477 Y-29.516 Z-7.285
X38.582 Y-29.404 Z-7.368
X38.682 Y-29.291 Z-7.454
X38.787 Y-29.158 Z-7.559
X38.928 Y-28.953 Z-7.727
X39.012 Y-28.823 Z-7.837
X39.068 Y-28.728 Z-7.918
X39.127 Y-28.616 Z-8.018
X39.178 Y-28.503 Z-8.12
X39.315 Y-28.165 Z-8.439
X39.359 Y-28.053 Z-8.548
X39.4 Y-27.94 Z-8.66
X39.359 Y-27.827 Z-8.549
X39.315 Y-27.715 Z-8.439
X39.237 Y-27.522 Z-8.255
X39.178 Y-27.377 Z-8.12
X39.127 Y-27.264 Z-8.018
X39.068 Y-27.152 Z-7.918
X39.012 Y-27.057 Z-7.837
X38.928 Y-26.927 Z-7.726
X38.787 Y-26.722 Z-7.558
X38.682 Y-26.589 Z-7.454
X38.562 Y-26.455 Z-7.352
X38.477 Y-26.364 Z-7.285
X38.338 Y-26.222 Z-7.181
X38.238 Y-26.13 Z-7.115
X38.113 Y-26.023 Z-7.042
X37.888 Y-25.847 Z-6.923
X37.826 Y-25.8 Z-6.892
X37.663 Y-25.69 Z-6.818
X37.438 Y-25.557 Z-6.73
X37.213 Y-25.435 Z-6.648
X36.988 Y-25.332 Z-6.58
X36.763 Y-25.236 Z-6.518
X36.539 Y-25.153 Z-6.466
X36.314 Y-25.078 Z-6.422
X36.089 Y-25.011 Z-6.383
X35.864 Y-24.953 Z-6.352
X35.63 Y-24.9 Z-6.323
X35.414 Y-24.859 Z-6.305
X35.189 Y-24.824 Z-6.286
X34.965 Y-24.796 Z-6.275
X34.74 Y-24.776 Z-6.265
X34.515 Y-24.765 Z-6.261
X34.29 Y-24.759 Z-6.258
X34.065 Y-24.765 Z-6.261
X33.84 Y-24.776 Z-6.265
X33.615 Y-24.796 Z-6.275
X33.391 Y-24.823 Z-6.286
X33.166 Y-24.859 Z-6.305
X32.941 Y-24.901 Z-6.324
X32.716 Y-24.953 Z-6.352
X32.491 Y-25.011 Z-6.383
X32.266 Y-25.078 Z-6.422
X32.041 Y-25.153 Z-6.466
X31.817 Y-25.236 Z-6.518
X31.55 Y-25.35 Z-6.592
X31.367 Y-25.436 Z-6.648
X31.109 Y-25.575 Z-6.743
X30.917 Y-25.69 Z-6.818
X30.754 Y-25.8 Z-6.892
X30.692 Y-25.846 Z-6.923
X30.463 Y-26.026 Z-7.044
X30.342 Y-26.13 Z-7.115
X30.242 Y-26.222 Z-7.181
X30.103 Y-26.364 Z-7.285
X29.998 Y-26.476 Z-7.368
X29.898 Y-26.589 Z-7.454
X29.793 Y-26.722 Z-7.559
X29.652 Y-26.927 Z-7.727
X29.568 Y-27.058 Z-7.837
X29.512 Y-27.152 Z-7.918
X29.453 Y-27.264 Z-8.018
X29.402 Y-27.377 Z-8.12
X29.265 Y-27.715 Z-8.438
X29.221 Y-27.827 Z-8.548
X29.18 Y-27.94 Z-8.66
X29.221 Y-28.053 Z-8.548
X29.265 Y-28.165 Z-8.438
X29.402 Y-28.503 Z-8.12
X29.453 Y-28.616 Z-8.018
X29.512 Y-28.728 Z-7.918
X29.568 Y-28.822 Z-7.837
X29.652 Y-28.953 Z-7.726
X29.793 Y-29.158 Z-7.558
X29.898 Y-29.291 Z-7.454
X30.018 Y-29.425 Z-7.352
X30.103 Y-29.516 Z-7.285
X30.242 Y-29.657 Z-7.181
X30.342 Y-29.75 Z-7.115
X30.467 Y-29.857 Z-7.042
X30.692 Y-30.033 Z-6.923
X30.754 Y-30.08 Z-6.892
X30.917 Y-30.19 Z-6.818
X31.142 Y-30.323 Z-6.73
X31.367 Y-30.445 Z-6.648
X31.592 Y-30.548 Z-6.58
X31.817 Y-30.644 Z-6.518
X32.041 Y-30.727 Z-6.466
X32.266 Y-30.802 Z-6.422
X32.491 Y-30.869 Z-6.383
X32.716 Y-30.927 Z-6.352
X32.95 Y-30.98 Z-6.323
X33.166 Y-31.021 Z-6.305
X33.391 Y-31.056 Z-6.286
X33.615 Y-31.084 Z-6.275
X33.66 Y-31.088 Z-6.273
X33.856 Y-31.118 Z-6.269
X33.953 Y-31.14 Z-6.275
X34.049 Y-31.165 Z-6.283
X34.239 Y-31.221 Z-6.304
X34.428 Y-31.279 Z-6.334
X34.616 Y-31.331 Z-6.366
X34.806 Y-31.369 Z-6.398
X34.902 Y-31.381 Z-6.413
X34.999 Y-31.387 Z-6.427
X35.095 Y-31.385 Z-6.439
X35.144 Y-31.381 Z-6.444
X35.192 Y-31.375 Z-6.448
X35.414 Y-31.341 Z-6.467
X35.639 Y-31.297 Z-6.49
X35.864 Y-31.247 Z-6.516
X36.089 Y-31.187 Z-6.553
X36.314 Y-31.122 Z-6.59
X36.539 Y-31.045 Z-6.64
X36.763 Y-30.963 Z-6.693
X36.988 Y-30.868 Z-6.756
X37.227 Y-30.755 Z-6.834
X37.438 Y-30.646 Z-6.909
X37.663 Y-30.509 Z-7.005
X37.888 Y-30.358 Z-7.106
X37.961 Y-30.305 Z-7.143
X38.113 Y-30.183 Z-7.227
X38.231 Y-30.08 Z-7.3
X38.338 Y-29.984 Z-7.367
X38.472 Y-29.854 Z-7.46
X38.562 Y-29.758 Z-7.532
X38.673 Y-29.629 Z-7.631
X38.787 Y-29.489 Z-7.741
X38.853 Y-29.404 Z-7.808
X38.932 Y-29.291 Z-7.9
X39.012 Y-29.163 Z-8.007
X39.126 Y-28.953 Z-8.189
X39.243 Y-28.728 Z-8.39
X39.293 Y-28.623 Z-8.487
X39.346 Y-28.503 Z-8.599
X39.462 Y-28.222 Z-8.871
X39.53 Y-28.053 Z-9.039
X39.572 Y-27.94 Z-9.155
X39.53 Y-27.827 Z-9.04
X39.439 Y-27.602 Z-8.817
X39.346 Y-27.377 Z-8.599
X39.293 Y-27.256 Z-8.486
X39.237 Y-27.139 Z-8.378
X39.126 Y-26.927 Z-8.189
X39.003 Y-26.701 Z-7.994
X38.932 Y-26.589 Z-7.9
X38.853 Y-26.476 Z-7.808
X38.787 Y-26.391 Z-7.741
X38.673 Y-26.251 Z-7.631
X38.562 Y-26.122 Z-7.532
X38.472 Y-26.026 Z-7.46
X38.338 Y-25.896 Z-7.367
X38.231 Y-25.8 Z-7.299
X38.113 Y-25.697 Z-7.227
X37.961 Y-25.575 Z-7.143
X37.888 Y-25.522 Z-7.106
X37.631 Y-25.35 Z-6.99
X37.438 Y-25.234 Z-6.909
X37.213 Y-25.118 Z-6.83
X36.988 Y-25.011 Z-6.756
X36.763 Y-24.917 Z-6.693
X36.539 Y-24.835 Z-6.639
X36.314 Y-24.758 Z-6.59
X36.024 Y-24.674 Z-6.542
X35.864 Y-24.632 Z-6.517
X35.639 Y-24.583 Z-6.49
X35.414 Y-24.539 Z-6.467
X35.189 Y-24.505 Z-6.448
X34.965 Y-24.477 Z-6.435
X34.74 Y-24.457 Z-6.424
X34.515 Y-24.446 Z-6.42
X34.29 Y-24.44 Z-6.417
X33.998 Y-24.449 Z-6.421
X33.84 Y-24.457 Z-6.424
X33.615 Y-24.477 Z-6.435
X33.391 Y-24.505 Z-6.448
X33.166 Y-24.539 Z-6.467
X32.941 Y-24.583 Z-6.49
X32.716 Y-24.632 Z-6.517
X32.491 Y-24.692 Z-6.553
X32.266 Y-24.758 Z-6.59
X32.041 Y-24.835 Z-6.64
X31.817 Y-24.917 Z-6.693
X31.592 Y-25.011 Z-6.756
X31.353 Y-25.125 Z-6.834
X31.142 Y-25.234 Z-6.909
X30.917 Y-25.37 Z-7.005
X30.692 Y-25.522 Z-7.106
X30.619 Y-25.575 Z-7.143
X30.467 Y-25.697 Z-7.227
X30.348 Y-25.8 Z-7.3
X30.242 Y-25.896 Z-7.367
X30.108 Y-26.026 Z-7.46
X30.018 Y-26.122 Z-7.532
X29.907 Y-26.251 Z-7.631
X29.793 Y-26.391 Z-7.741
X29.727 Y-26.476 Z-7.808
X29.648 Y-26.589 Z-7.9
X29.568 Y-26.717 Z-8.007
X29.454 Y-26.927 Z-8.189
X29.337 Y-27.152 Z-8.39
X29.287 Y-27.256 Z-8.487
X29.234 Y-27.377 Z-8.599
X29.118 Y-27.658 Z-8.871
X29.05 Y-27.827 Z-9.04
X29.008 Y-27.94 Z-9.155
X29.05 Y-28.053 Z-9.039
X29.141 Y-28.278 Z-8.816
X29.234 Y-28.503 Z-8.599
X29.287 Y-28.623 Z-8.487
X29.343 Y-28.741 Z-8.378
X29.454 Y-28.953 Z-8.189
X29.577 Y-29.179 Z-7.994
X29.648 Y-29.291 Z-7.9
X29.727 Y-29.404 Z-7.808
X29.793 Y-29.489 Z-7.741
X29.907 Y-29.629 Z-7.631
X30.018 Y-29.758 Z-7.532
X30.108 Y-29.854 Z-7.46
X30.242 Y-29.984 Z-7.367
X30.349 Y-30.08 Z-7.3
X30.467 Y-30.183 Z-7.227
X30.619 Y-30.305 Z-7.143
X30.692 Y-30.358 Z-7.106
X30.949 Y-30.53 Z-6.99
X31.142 Y-30.646 Z-6.909
X31.367 Y-30.762 Z-6.83
X31.592 Y-30.869 Z-6.756
X31.817 Y-30.963 Z-6.693
X32.041 Y-31.046 Z-6.64
X32.266 Y-31.122 Z-6.59
X32.556 Y-31.206 Z-6.542
X32.716 Y-31.247 Z-6.516
X32.941 Y-31.297 Z-6.49
X33.166 Y-31.341 Z-6.467
X33.391 Y-31.375 Z-6.448
X33.639 Y-31.405 Z-6.434
X33.84 Y-31.424 Z-6.424
X34.065 Y-31.434 Z-6.42
X34.29 Y-31.44 Z-6.417
X34.588 Y-31.431 Z-6.421
X34.74 Y-31.424 Z-6.424
X34.965 Y-31.403 Z-6.435
X35.192 Y-31.375 Z-6.448
X35.387 Y-31.356 Z-6.469
X35.484 Y-31.353 Z-6.488
X35.581 Z-6.51
X35.772 Y-31.359 Z-6.559
X35.961 Y-31.367 Z-6.622
X36.148 Y-31.371 Z-6.69
X36.334 Y-31.363 Z-6.76
X36.426 Y-31.352 Z-6.792
X36.518 Y-31.336 Z-6.824
X36.609 Y-31.313 Z-6.855
X36.699 Y-31.282 Z-6.884
X36.891 Y-31.206 Z-6.935
X36.988 Y-31.164 Z-6.963
X37.213 Y-31.057 Z-7.039
X37.438 Y-30.938 Z-7.124
X37.663 Y-30.805 Z-7.216
X37.739 Y-30.755 Z-7.252
X37.888 Y-30.649 Z-7.326
X38.047 Y-30.53 Z-7.408
X38.113 Y-30.478 Z-7.444
X38.308 Y-30.305 Z-7.566
X38.533 Y-30.08 Z-7.729
X38.562 Y-30.049 Z-7.753
X38.73 Y-29.854 Z-7.901
X38.787 Y-29.779 Z-7.961
X38.893 Y-29.629 Z-8.081
X39.012 Y-29.452 Z-8.227
X39.043 Y-29.404 Z-8.267
X39.111 Y-29.291 Z-8.364
X39.174 Y-29.179 Z-8.462
X39.295 Y-28.953 Z-8.663
X39.355 Y-28.841 Z-8.765
X39.413 Y-28.728 Z-8.869
X39.462 Y-28.624 Z-8.968
X39.516 Y-28.503 Z-9.085
X39.611 Y-28.278 Z-9.308
X39.704 Y-28.053 Z-9.539
X39.748 Y-27.94 Z-9.659
X39.687 Y-27.784 Z-9.494
X39.611 Y-27.602 Z-9.309
X39.516 Y-27.377 Z-9.085
X39.462 Y-27.255 Z-8.968
X39.413 Y-27.152 Z-8.87
X39.356 Y-27.039 Z-8.766
X39.237 Y-26.818 Z-8.566
X39.174 Y-26.701 Z-8.462
X39.111 Y-26.589 Z-8.364
X39.043 Y-26.476 Z-8.267
X39.012 Y-26.428 Z-8.227
X38.893 Y-26.251 Z-8.081
X38.787 Y-26.101 Z-7.961
X38.73 Y-26.026 Z-7.901
X38.562 Y-25.831 Z-7.753
X38.533 Y-25.8 Z-7.73
X38.308 Y-25.575 Z-7.566
X38.113 Y-25.402 Z-7.444
X38.047 Y-25.35 Z-7.408
X37.888 Y-25.231 Z-7.326
X37.739 Y-25.125 Z-7.252
X37.663 Y-25.074 Z-7.216
X37.438 Y-24.942 Z-7.124
X37.213 Y-24.822 Z-7.039
X36.988 Y-24.716 Z-6.963
X36.891 Y-24.674 Z-6.935
X36.763 Y-24.623 Z-6.901
X36.539 Y-24.536 Z-6.841
X36.314 Y-24.461 Z-6.794
X36.089 Y-24.394 Z-6.752
X35.864 Y-24.334 Z-6.715
X35.639 Y-24.285 Z-6.688
X35.414 Y-24.24 Z-6.662
X35.318 Y-24.224 Z-6.653
X34.965 Y-24.177 Z-6.629
X34.74 Y-24.158 Z-6.618
X34.515 Y-24.148 Z-6.614
X34.29 Y-24.141 Z-6.61
X34.065 Y-24.148 Z-6.614
X33.84 Y-24.158 Z-6.618
X33.615 Y-24.177 Z-6.629
X33.262 Y-24.224 Z-6.653
X33.166 Y-24.24 Z-6.662
X32.941 Y-24.284 Z-6.689
X32.716 Y-24.334 Z-6.715
X32.491 Y-24.394 Z-6.752
X32.266 Y-24.461 Z-6.794
X32.041 Y-24.536 Z-6.841
X31.817 Y-24.623 Z-6.901
X31.592 Y-24.716 Z-6.963
X31.367 Y-24.823 Z-7.039
X31.142 Y-24.942 Z-7.124
X30.917 Y-25.074 Z-7.216
X30.84 Y-25.125 Z-7.252
X30.692 Y-25.231 Z-7.326
X30.533 Y-25.35 Z-7.408
X30.467 Y-25.402 Z-7.444
X30.272 Y-25.575 Z-7.566
X30.047 Y-25.8 Z-7.73
X30.018 Y-25.831 Z-7.753
X29.85 Y-26.026 Z-7.901
X29.793 Y-26.101 Z-7.961
X29.687 Y-26.251 Z-8.081
X29.568 Y-26.428 Z-8.227
X29.537 Y-26.476 Z-8.267
X29.469 Y-26.589 Z-8.364
X29.406 Y-26.701 Z-8.461
X29.285 Y-26.927 Z-8.663
X29.225 Y-27.039 Z-8.765
X29.167 Y-27.152 Z-8.869
X29.118 Y-27.256 Z-8.968
X29.064 Y-27.377 Z-9.085
X28.969 Y-27.602 Z-9.309
X28.876 Y-27.827 Z-9.539
X28.832 Y-27.94 Z-9.658
X28.893 Y-28.096 Z-9.494
X28.969 Y-28.278 Z-9.308
X29.064 Y-28.503 Z-9.085
X29.137 Y-28.664 Z-8.929
X29.168 Y-28.728 Z-8.869
X29.224 Y-28.841 Z-8.766
X29.343 Y-29.062 Z-8.566
X29.406 Y-29.179 Z-8.461
X29.469 Y-29.291 Z-8.364
X29.537 Y-29.404 Z-8.267
X29.568 Y-29.452 Z-8.227
X29.687 Y-29.629 Z-8.081
X29.793 Y-29.779 Z-7.961
X29.85 Y-29.854 Z-7.901
X30.018 Y-30.049 Z-7.753
X30.047 Y-30.08 Z-7.729
X30.272 Y-30.305 Z-7.566
X30.467 Y-30.478 Z-7.444
X30.533 Y-30.53 Z-7.408
X30.692 Y-30.649 Z-7.326
X30.841 Y-30.755 Z-7.252
X30.917 Y-30.805 Z-7.216
X31.142 Y-30.938 Z-7.124
X31.367 Y-31.058 Z-7.039
X31.592 Y-31.164 Z-6.963
X31.689 Y-31.206 Z-6.935
X31.817 Y-31.257 Z-6.901
X32.041 Y-31.344 Z-6.841
X32.266 Y-31.419 Z-6.794
X32.491 Y-31.486 Z-6.752
X32.716 Y-31.546 Z-6.715
X32.941 Y-31.596 Z-6.688
X33.166 Y-31.64 Z-6.662
X33.262 Y-31.656 Z-6.653
X33.615 Y-31.703 Z-6.63
X33.84 Y-31.722 Z-6.618
X34.065 Y-31.732 Z-6.614
X34.29 Y-31.739 Z-6.61
X34.515 Y-31.732 Z-6.614
X34.74 Y-31.722 Z-6.618
X34.965 Y-31.703 Z-6.63
X35.318 Y-31.656 Z-6.653
X35.414 Y-31.64 Z-6.662
X35.639 Y-31.595 Z-6.688
X35.864 Y-31.546 Z-6.715
X36.089 Y-31.486 Z-6.752
X36.314 Y-31.419 Z-6.794
X36.539 Y-31.344 Z-6.841
X36.699 Y-31.282 Z-6.884
X36.878 Y-31.223 Z-6.941
X36.967 Y-31.199 Z-6.977
X37.054 Y-31.179 Z-7.019
X37.226 Y-31.143 Z-7.118
X37.39 Y-31.104 Z-7.227
X37.551 Y-31.061 Z-7.336
X37.707 Y-31.003 Z-7.445
X37.783 Y-30.967 Z-7.497
X37.858 Y-30.926 Z-7.546
X37.931 Y-30.877 Z-7.592
X37.966 Y-30.851 Z-7.614
X38. Y-30.822 Z-7.634
X38.113 Y-30.731 Z-7.697
X38.214 Y-30.646 Z-7.757
X38.341 Y-30.53 Z-7.84
X38.464 Y-30.403 Z-7.932
X38.562 Y-30.293 Z-8.013
X38.642 Y-30.202 Z-8.083
X38.744 Y-30.08 Z-8.177
X38.787 Y-30.024 Z-8.22
X38.911 Y-29.854 Z-8.356
X39.065 Y-29.629 Z-8.542
X39.11 Y-29.564 Z-8.598
X39.213 Y-29.404 Z-8.736
X39.237 Y-29.365 Z-8.77
X39.344 Y-29.179 Z-8.936
X39.466 Y-28.953 Z-9.142
X39.513 Y-28.867 Z-9.224
X39.584 Y-28.728 Z-9.356
X39.642 Y-28.604 Z-9.477
X39.689 Y-28.503 Z-9.578
X39.786 Y-28.278 Z-9.809
X39.835 Y-28.165 Z-9.927
X39.912 Y-27.978 Z-10.13
X39.927 Y-27.94 Z-10.173
X39.882 Y-27.827 Z-10.049
X39.835 Y-27.715 Z-9.928
X39.735 Y-27.484 Z-9.687
X39.687 Y-27.373 Z-9.574
X39.643 Y-27.276 Z-9.478
X39.584 Y-27.152 Z-9.356
X39.513 Y-27.013 Z-9.224
X39.462 Y-26.918 Z-9.135
X39.344 Y-26.701 Z-8.936
X39.237 Y-26.515 Z-8.77
X39.213 Y-26.476 Z-8.736
X39.11 Y-26.316 Z-8.598
X38.911 Y-26.026 Z-8.356
X38.787 Y-25.856 Z-8.22
X38.744 Y-25.8 Z-8.177
X38.688 Y-25.731 Z-8.124
X38.552 Y-25.575 Z-8.005
X38.464 Y-25.477 Z-7.932
X38.338 Y-25.347 Z-7.837
X38.214 Y-25.234 Z-7.757
X38.084 Y-25.125 Z-7.681
X37.888 Y-24.968 Z-7.571
X37.794 Y-24.9 Z-7.523
X37.663 Y-24.814 Z-7.462
X37.431 Y-24.674 Z-7.364
X37.213 Y-24.555 Z-7.277
X36.987 Y-24.449 Z-7.203
X36.763 Y-24.352 Z-7.135
X36.539 Y-24.265 Z-7.075
X36.314 Y-24.19 Z-7.028
X36.089 Y-24.119 Z-6.982
X35.864 Y-24.062 Z-6.946
X35.591 Y-23.999 Z-6.91
X35.414 Y-23.965 Z-6.89
X35.189 Y-23.932 Z-6.872
X34.965 Y-23.902 Z-6.855
X34.74 Y-23.883 Z-6.845
X34.515 Y-23.872 Z-6.84
X34.29 Y-23.866 Z-6.836
X34.065 Y-23.872 Z-6.84
X33.84 Y-23.883 Z-6.845
X33.615 Y-23.902 Z-6.855
X33.391 Y-23.932 Z-6.872
X33.166 Y-23.965 Z-6.89
X32.988 Y-23.999 Z-6.91
X32.716 Y-24.062 Z-6.947
X32.491 Y-24.119 Z-6.982
X32.266 Y-24.19 Z-7.028
X32.041 Y-24.265 Z-7.075
X31.817 Y-24.351 Z-7.135
X31.592 Y-24.45 Z-7.203
X31.367 Y-24.555 Z-7.277
X31.142 Y-24.679 Z-7.367
X30.917 Y-24.814 Z-7.462
X30.786 Y-24.9 Z-7.524
X30.692 Y-24.968 Z-7.571
X30.467 Y-25.149 Z-7.698
X30.366 Y-25.234 Z-7.758
X30.239 Y-25.35 Z-7.84
X30.116 Y-25.477 Z-7.933
X30.018 Y-25.587 Z-8.014
X29.892 Y-25.731 Z-8.124
X29.836 Y-25.8 Z-8.177
X29.793 Y-25.856 Z-8.22
X29.669 Y-26.026 Z-8.356
X29.47 Y-26.317 Z-8.598
X29.367 Y-26.476 Z-8.735
X29.343 Y-26.515 Z-8.77
X29.236 Y-26.701 Z-8.936
X29.114 Y-26.927 Z-9.142
X29.067 Y-27.013 Z-9.224
X28.996 Y-27.152 Z-9.356
X28.937 Y-27.276 Z-9.478
X28.891 Y-27.377 Z-9.578
X28.794 Y-27.602 Z-9.809
X28.745 Y-27.715 Z-9.928
X28.668 Y-27.901 Z-10.13
X28.653 Y-27.94 Z-10.173
X28.699 Y-28.053 Z-10.048
X28.746 Y-28.165 Z-9.927
X28.845 Y-28.395 Z-9.688
X28.893 Y-28.507 Z-9.574
X28.938 Y-28.604 Z-9.477
X29. Y-28.735 Z-9.349
X29.067 Y-28.866 Z-9.224
X29.118 Y-28.961 Z-9.135
X29.236 Y-29.179 Z-8.936
X29.343 Y-29.365 Z-8.77
X29.367 Y-29.404 Z-8.736
X29.47 Y-29.563 Z-8.598
X29.568 Y-29.706 Z-8.478
X29.669 Y-29.854 Z-8.356
X29.793 Y-30.024 Z-8.22
X29.836 Y-30.08 Z-8.177
X29.938 Y-30.202 Z-8.083
X30.028 Y-30.305 Z-8.005
X30.116 Y-30.403 Z-7.932
X30.242 Y-30.533 Z-7.837
X30.366 Y-30.646 Z-7.757
X30.496 Y-30.755 Z-7.681
X30.692 Y-30.912 Z-7.571
X30.786 Y-30.98 Z-7.524
X30.917 Y-31.066 Z-7.462
X31.149 Y-31.206 Z-7.364
X31.367 Y-31.325 Z-7.277
X31.593 Y-31.431 Z-7.203
X31.817 Y-31.529 Z-7.135
X32.041 Y-31.615 Z-7.076
X32.266 Y-31.69 Z-7.028
X32.491 Y-31.761 Z-6.982
X32.716 Y-31.818 Z-6.946
X32.988 Y-31.881 Z-6.91
X33.166 Y-31.915 Z-6.889
X33.391 Y-31.948 Z-6.872
X33.615 Y-31.979 Z-6.856
X33.84 Y-31.997 Z-6.845
X34.065 Y-32.008 Z-6.839
X34.29 Y-32.014 Z-6.836
X34.515 Y-32.008 Z-6.839
X34.74 Y-31.997 Z-6.845
X34.965 Y-31.979 Z-6.856
X35.189 Y-31.948 Z-6.872
X35.414 Y-31.915 Z-6.889
X35.591 Y-31.881 Z-6.91
X35.864 Y-31.818 Z-6.946
X36.089 Y-31.761 Z-6.982
X36.417 Y-31.656 Z-7.049
X36.539 Y-31.615 Z-7.075
X36.763 Y-31.529 Z-7.135
X36.988 Y-31.43 Z-7.203
X37.213 Y-31.325 Z-7.277
X37.438 Y-31.201 Z-7.367
X37.663 Y-31.066 Z-7.462
X37.793 Y-30.98 Z-7.523
X37.888 Y-30.912 Z-7.571
X38. Y-30.822 Z-7.634
X38.072 Y-30.768 Z-7.678
X38.141 Y-30.72 Z-7.728
X38.21 Y-30.674 Z-7.783
X38.276 Y-30.631 Z-7.843
X38.4 Y-30.545 Z-7.974
X38.513 Y-30.46 Z-8.114
X38.625 Y-30.376 Z-8.257
X38.733 Y-30.283 Z-8.399
X38.837 Y-30.178 Z-8.532
X38.888 Y-30.119 Z-8.594
X38.938 Y-30.055 Z-8.652
X39.012 Y-29.956 Z-8.733
X39.083 Y-29.854 Z-8.817
X39.239 Y-29.629 Z-9.011
X39.287 Y-29.558 Z-9.073
X39.385 Y-29.404 Z-9.21
X39.462 Y-29.274 Z-9.328
X39.64 Y-28.953 Z-9.629
X39.687 Y-28.867 Z-9.713
X39.758 Y-28.728 Z-9.85
X39.812 Y-28.616 Z-9.964
X39.864 Y-28.503 Z-10.08
X39.964 Y-28.278 Z-10.32
X40.015 Y-28.165 Z-10.443
X40.063 Y-28.053 Z-10.569
X40.109 Y-27.94 Z-10.697
X40.063 Y-27.827 Z-10.569
X40.015 Y-27.715 Z-10.444
X39.964 Y-27.602 Z-10.32
X39.864 Y-27.377 Z-10.08
X39.812 Y-27.264 Z-9.964
X39.758 Y-27.152 Z-9.85
X39.687 Y-27.013 Z-9.714
X39.64 Y-26.927 Z-9.63
X39.515 Y-26.701 Z-9.417
X39.462 Y-26.606 Z-9.328
X39.385 Y-26.476 Z-9.21
X39.287 Y-26.321 Z-9.073
X39.157 Y-26.132 Z-8.908
X39.083 Y-26.026 Z-8.818
X39.012 Y-25.924 Z-8.733
X38.919 Y-25.8 Z-8.631
X38.787 Y-25.638 Z-8.502
X38.733 Y-25.575 Z-8.452
X38.54 Y-25.35 Z-8.281
X38.425 Y-25.226 Z-8.19
X38.323 Y-25.125 Z-8.116
X38.078 Y-24.9 Z-7.957
X37.888 Y-24.745 Z-7.849
X37.79 Y-24.674 Z-7.799
X37.663 Y-24.589 Z-7.739
X37.438 Y-24.445 Z-7.636
X37.213 Y-24.322 Z-7.547
X36.988 Y-24.213 Z-7.47
X36.763 Y-24.111 Z-7.398
X36.539 Y-24.026 Z-7.339
X36.314 Y-23.946 Z-7.288
X36.089 Y-23.875 Z-7.242
X35.864 Y-23.817 Z-7.206
X35.639 Y-23.762 Z-7.173
X35.414 Y-23.718 Z-7.147
X35.189 Y-23.685 Z-7.128
X34.965 Y-23.653 Z-7.111
X34.74 Y-23.635 Z-7.1
X34.515 Y-23.624 Z-7.095
X34.29 Y-23.617 Z-7.091
X34.065 Y-23.624 Z-7.095
X33.84 Y-23.635 Z-7.1
X33.615 Y-23.653 Z-7.111
X33.391 Y-23.685 Z-7.128
X33.166 Y-23.718 Z-7.147
X32.941 Y-23.762 Z-7.173
X32.716 Y-23.817 Z-7.206
X32.491 Y-23.874 Z-7.242
X32.266 Y-23.946 Z-7.288
X32.041 Y-24.026 Z-7.34
X31.817 Y-24.111 Z-7.398
X31.569 Y-24.224 Z-7.478
X31.367 Y-24.322 Z-7.547
X31.135 Y-24.449 Z-7.639
X30.917 Y-24.589 Z-7.739
X30.79 Y-24.674 Z-7.8
X30.692 Y-24.744 Z-7.849
X30.502 Y-24.9 Z-7.958
X30.242 Y-25.139 Z-8.126
X30.155 Y-25.226 Z-8.19
X30.018 Y-25.375 Z-8.3
X29.793 Y-25.638 Z-8.502
X29.661 Y-25.8 Z-8.631
X29.568 Y-25.924 Z-8.733
X29.497 Y-26.026 Z-8.818
X29.341 Y-26.251 Z-9.011
X29.293 Y-26.322 Z-9.073
X29.195 Y-26.476 Z-9.21
X29.118 Y-26.606 Z-9.328
X29.003 Y-26.814 Z-9.523
X28.893 Y-27.013 Z-9.714
X28.822 Y-27.152 Z-9.85
X28.768 Y-27.264 Z-9.965
X28.716 Y-27.377 Z-10.08
X28.616 Y-27.602 Z-10.32
X28.565 Y-27.715 Z-10.444
X28.517 Y-27.827 Z-10.57
X28.471 Y-27.94 Z-10.697
X28.517 Y-28.053 Z-10.569
X28.566 Y-28.165 Z-10.443
X28.668 Y-28.396 Z-10.193
X28.716 Y-28.503 Z-10.08
X28.768 Y-28.616 Z-9.964
X28.822 Y-28.728 Z-9.85
X28.893 Y-28.867 Z-9.713
X29.003 Y-29.066 Z-9.522
X29.118 Y-29.274 Z-9.328
X29.195 Y-29.404 Z-9.21
X29.293 Y-29.558 Z-9.073
X29.423 Y-29.748 Z-8.909
X29.497 Y-29.854 Z-8.817
X29.568 Y-29.956 Z-8.733
X29.661 Y-30.08 Z-8.631
X29.793 Y-30.242 Z-8.502
X30.018 Y-30.505 Z-8.3
X30.155 Y-30.654 Z-8.19
X30.257 Y-30.755 Z-8.116
X30.502 Y-30.98 Z-7.957
X30.692 Y-31.135 Z-7.849
X30.79 Y-31.206 Z-7.8
X30.917 Y-31.29 Z-7.739
X31.142 Y-31.435 Z-7.636
X31.367 Y-31.558 Z-7.547
X31.592 Y-31.667 Z-7.47
X31.817 Y-31.769 Z-7.398
X32.041 Y-31.855 Z-7.34
X32.266 Y-31.934 Z-7.288
X32.491 Y-32.005 Z-7.242
X32.716 Y-32.063 Z-7.206
X32.941 Y-32.118 Z-7.173
X33.166 Y-32.162 Z-7.147
X33.391 Y-32.195 Z-7.128
X33.615 Y-32.227 Z-7.111
X33.84 Y-32.245 Z-7.101
X34.065 Y-32.256 Z-7.095
X34.29 Y-32.263 Z-7.091
X34.515 Y-32.256 Z-7.095
X34.74 Y-32.245 Z-7.101
X34.965 Y-32.227 Z-7.111
X35.189 Y-32.195 Z-7.128
X35.414 Y-32.162 Z-7.147
X35.639 Y-32.118 Z-7.173
X35.864 Y-32.063 Z-7.206
X36.089 Y-32.005 Z-7.242
X36.314 Y-31.934 Z-7.288
X36.539 Y-31.854 Z-7.34
X36.763 Y-31.769 Z-7.398
X37.011 Y-31.656 Z-7.477
X37.213 Y-31.558 Z-7.547
X37.445 Y-31.431 Z-7.639
X37.663 Y-31.29 Z-7.739
X37.79 Y-31.206 Z-7.799
X37.888 Y-31.135 Z-7.849
X38.078 Y-30.98 Z-7.957
X38.338 Y-30.741 Z-8.126
X38.425 Y-30.654 Z-8.19
X38.562 Y-30.505 Z-8.3
X38.787 Y-30.242 Z-8.502
X38.919 Y-30.08 Z-8.632
X38.938 Y-30.055 Z-8.652
X39.037 Y-29.934 Z-8.772
X39.085 Y-29.88 Z-8.84
X39.133 Y-29.831 Z-8.912
X39.226 Y-29.741 Z-9.063
X39.315 Y-29.658 Z-9.221
X39.402 Y-29.575 Z-9.382
X39.486 Y-29.485 Z-9.54
X39.566 Y-29.382 Z-9.69
X39.605 Y-29.324 Z-9.76
X39.643 Y-29.26 Z-9.827
X39.734 Y-29.099 Z-9.982
X39.815 Y-28.953 Z-10.124
X39.912 Y-28.774 Z-10.306
X39.99 Y-28.616 Z-10.472
X40.043 Y-28.503 Z-10.592
X40.173 Y-28.22 Z-10.907
X40.248 Y-28.053 Z-11.102
X40.297 Y-27.94 Z-11.236
X40.248 Y-27.827 Z-11.102
X40.174 Y-27.66 Z-10.908
X40.043 Y-27.377 Z-10.593
X39.99 Y-27.264 Z-10.472
X39.912 Y-27.106 Z-10.306
X39.815 Y-26.927 Z-10.124
X39.687 Y-26.697 Z-9.9
X39.626 Y-26.589 Z-9.797
X39.559 Y-26.476 Z-9.691
X39.462 Y-26.321 Z-9.549
X39.415 Y-26.251 Z-9.485
X39.237 Y-25.996 Z-9.261
X39.096 Y-25.8 Z-9.093
X39.012 Y-25.693 Z-9.004
X38.914 Y-25.575 Z-8.907
X38.719 Y-25.35 Z-8.728
X38.562 Y-25.178 Z-8.596
X38.511 Y-25.125 Z-8.556
X38.338 Y-24.959 Z-8.434
X38.113 Y-24.75 Z-8.286
X38.025 Y-24.674 Z-8.234
X37.888 Y-24.566 Z-8.157
X37.663 Y-24.4 Z-8.041
X37.438 Y-24.251 Z-7.935
X37.393 Y-24.224 Z-7.915
X37.213 Y-24.126 Z-7.844
X36.969 Y-23.999 Z-7.754
X36.763 Y-23.906 Z-7.689
X36.539 Y-23.818 Z-7.629
X36.314 Y-23.733 Z-7.573
X36.089 Y-23.663 Z-7.528
X35.864 Y-23.603 Z-7.49
X35.639 Y-23.546 Z-7.456
X35.414 Y-23.503 Z-7.43
X35.189 Y-23.467 Z-7.41
X34.965 Y-23.435 Z-7.393
X34.74 Y-23.418 Z-7.382
X34.515 Y-23.406 Z-7.376
X34.29 Y-23.399 Z-7.372
X34.065 Y-23.406 Z-7.376
X33.84 Y-23.418 Z-7.382
X33.615 Y-23.435 Z-7.393
X33.391 Y-23.467 Z-7.41
X33.166 Y-23.503 Z-7.43
X32.928 Y-23.548 Z-7.458
X32.716 Y-23.603 Z-7.49
X32.491 Y-23.663 Z-7.528
X32.266 Y-23.733 Z-7.573
X32.041 Y-23.818 Z-7.629
X31.817 Y-23.906 Z-7.689
X31.592 Y-24.008 Z-7.761
X31.367 Y-24.126 Z-7.844
X31.187 Y-24.224 Z-7.915
X31.142 Y-24.251 Z-7.934
X30.917 Y-24.4 Z-8.041
X30.692 Y-24.566 Z-8.158
X30.554 Y-24.674 Z-8.234
X30.467 Y-24.749 Z-8.286
X30.242 Y-24.959 Z-8.435
X30.069 Y-25.125 Z-8.557
X30.018 Y-25.178 Z-8.596
X29.861 Y-25.35 Z-8.728
X29.666 Y-25.575 Z-8.907
X29.568 Y-25.693 Z-9.004
X29.484 Y-25.8 Z-9.093
X29.322 Y-26.026 Z-9.286
X29.165 Y-26.251 Z-9.485
X29.118 Y-26.322 Z-9.549
X29.021 Y-26.476 Z-9.691
X28.954 Y-26.589 Z-9.797
X28.846 Y-26.781 Z-9.982
X28.765 Y-26.927 Z-10.125
X28.668 Y-27.106 Z-10.306
X28.59 Y-27.264 Z-10.472
X28.537 Y-27.377 Z-10.593
X28.406 Y-27.66 Z-10.908
X28.332 Y-27.827 Z-11.102
X28.283 Y-27.94 Z-11.236
X28.332 Y-28.053 Z-11.102
X28.406 Y-28.22 Z-10.908
X28.537 Y-28.503 Z-10.592
X28.59 Y-28.616 Z-10.471
X28.668 Y-28.774 Z-10.306
X28.765 Y-28.953 Z-10.124
X28.893 Y-29.183 Z-9.9
X28.954 Y-29.291 Z-9.797
X29.021 Y-29.404 Z-9.691
X29.118 Y-29.558 Z-9.549
X29.165 Y-29.629 Z-9.485
X29.343 Y-29.884 Z-9.261
X29.484 Y-30.08 Z-9.093
X29.568 Y-30.187 Z-9.004
X29.666 Y-30.305 Z-8.907
X29.861 Y-30.53 Z-8.728
X30.018 Y-30.702 Z-8.596
X30.069 Y-30.755 Z-8.556
X30.242 Y-30.921 Z-8.434
X30.467 Y-31.131 Z-8.286
X30.555 Y-31.206 Z-8.234
X30.692 Y-31.314 Z-8.158
X30.917 Y-31.48 Z-8.041
X31.142 Y-31.629 Z-7.935
X31.187 Y-31.656 Z-7.915
X31.367 Y-31.754 Z-7.844
X31.611 Y-31.881 Z-7.754
X31.817 Y-31.975 Z-7.689
X32.041 Y-32.062 Z-7.629
X32.266 Y-32.147 Z-7.573
X32.491 Y-32.217 Z-7.528
X32.716 Y-32.277 Z-7.49
X32.941 Y-32.334 Z-7.456
X33.166 Y-32.377 Z-7.43
X33.391 Y-32.413 Z-7.41
X33.615 Y-32.445 Z-7.393
X33.84 Y-32.463 Z-7.383
X34.065 Y-32.474 Z-7.376
X34.29 Y-32.481 Z-7.372
X34.515 Y-32.474 Z-7.376
X34.74 Y-32.463 Z-7.383
X34.965 Y-32.445 Z-7.393
X35.189 Y-32.413 Z-7.41
X35.414 Y-32.377 Z-7.43
X35.651 Y-32.332 Z-7.458
X35.864 Y-32.277 Z-7.49
X36.089 Y-32.217 Z-7.528
X36.314 Y-32.147 Z-7.573
X36.539 Y-32.062 Z-7.629
X36.763 Y-31.974 Z-7.689
X36.988 Y-31.872 Z-7.761
X37.213 Y-31.754 Z-7.844
X37.393 Y-31.656 Z-7.915
X37.438 Y-31.629 Z-7.934
X37.663 Y-31.48 Z-8.041
X37.888 Y-31.314 Z-8.157
X38.025 Y-31.206 Z-8.234
X38.113 Y-31.131 Z-8.286
X38.338 Y-30.921 Z-8.434
X38.511 Y-30.755 Z-8.556
X38.562 Y-30.702 Z-8.596
X38.719 Y-30.53 Z-8.728
X38.935 Y-30.279 Z-8.928
X39.012 Y-30.187 Z-9.004
X39.096 Y-30.08 Z-9.093
X39.258 Y-29.854 Z-9.286
X39.415 Y-29.629 Z-9.485
X39.462 Y-29.558 Z-9.549
X39.559 Y-29.404 Z-9.691
X39.643 Y-29.26 Z-9.827
X39.719 Y-29.14 Z-9.964
X39.757 Y-29.088 Z-10.039
X39.795 Y-29.041 Z-10.118
X39.871 Y-28.958 Z-10.282
X39.945 Y-28.882 Z-10.451
X40.018 Y-28.807 Z-10.622
X40.088 Y-28.726 Z-10.791
X40.156 Y-28.632 Z-10.953
X40.189 Y-28.577 Z-11.029
X40.22 Y-28.517 Z-11.102
X40.334 Y-28.278 Z-11.378
X40.361 Y-28.22 Z-11.446
X40.44 Y-28.053 Z-11.651
X40.491 Y-27.94 Z-11.793
X40.439 Y-27.827 Z-11.65
X40.361 Y-27.66 Z-11.446
X40.227 Y-27.377 Z-11.117
X40.115 Y-27.152 Z-10.868
X40.057 Y-27.039 Z-10.747
X39.995 Y-26.927 Z-10.629
X39.912 Y-26.781 Z-10.48
X39.802 Y-26.589 Z-10.289
X39.735 Y-26.476 Z-10.18
X39.687 Y-26.398 Z-10.106
X39.592 Y-26.251 Z-9.967
X39.434 Y-26.026 Z-9.761
X39.337 Y-25.887 Z-9.638
X39.237 Y-25.752 Z-9.52
X39.096 Y-25.575 Z-9.369
X38.9 Y-25.35 Z-9.182
X38.787 Y-25.222 Z-9.08
X38.697 Y-25.125 Z-9.003
X38.562 Y-24.99 Z-8.9
X38.338 Y-24.78 Z-8.743
X38.223 Y-24.674 Z-8.667
X38.113 Y-24.58 Z-8.6
X37.944 Y-24.449 Z-8.508
X37.637 Y-24.224 Z-8.349
X37.438 Y-24.096 Z-8.257
X37.213 Y-23.967 Z-8.164
X36.988 Y-23.842 Z-8.077
X36.845 Y-23.774 Z-8.028
X36.763 Y-23.738 Z-8.003
X36.539 Y-23.645 Z-7.94
X36.289 Y-23.548 Z-7.877
X36.089 Y-23.486 Z-7.837
X35.864 Y-23.422 Z-7.797
X35.639 Y-23.364 Z-7.762
X35.414 Y-23.321 Z-7.736
X35.189 Y-23.283 Z-7.715
X34.965 Y-23.251 Z-7.697
X34.74 Y-23.233 Z-7.687
X34.515 Y-23.221 Z-7.68
X34.29 Y-23.214 Z-7.676
X34.065 Y-23.221 Z-7.68
X33.84 Y-23.233 Z-7.687
X33.615 Y-23.251 Z-7.697
X33.391 Y-23.283 Z-7.715
X33.15 Y-23.323 Z-7.738
X32.941 Y-23.364 Z-7.762
X32.716 Y-23.422 Z-7.797
X32.491 Y-23.486 Z-7.837
X32.266 Y-23.557 Z-7.883
X32.041 Y-23.645 Z-7.94
X31.817 Y-23.738 Z-8.003
X31.735 Y-23.774 Z-8.029
X31.592 Y-23.842 Z-8.077
X31.311 Y-23.999 Z-8.186
X31.142 Y-24.096 Z-8.257
X30.943 Y-24.224 Z-8.349
X30.635 Y-24.449 Z-8.508
X30.467 Y-24.58 Z-8.601
X30.357 Y-24.674 Z-8.668
X30.242 Y-24.779 Z-8.743
X30.018 Y-24.99 Z-8.9
X29.883 Y-25.125 Z-9.004
X29.793 Y-25.222 Z-9.08
X29.68 Y-25.35 Z-9.182
X29.484 Y-25.575 Z-9.369
X29.343 Y-25.752 Z-9.52
X29.306 Y-25.8 Z-9.562
X29.244 Y-25.887 Z-9.638
X29.118 Y-26.065 Z-9.796
X28.988 Y-26.251 Z-9.967
X28.893 Y-26.398 Z-10.106
X28.845 Y-26.476 Z-10.18
X28.778 Y-26.589 Z-10.289
X28.668 Y-26.781 Z-10.48
X28.586 Y-26.927 Z-10.629
X28.523 Y-27.039 Z-10.747
X28.444 Y-27.194 Z-10.914
X28.353 Y-27.377 Z-11.117
X28.246 Y-27.602 Z-11.378
X28.219 Y-27.66 Z-11.446
X28.14 Y-27.827 Z-11.651
X28.089 Y-27.94 Z-11.793
X28.14 Y-28.053 Z-11.651
X28.219 Y-28.22 Z-11.446
X28.3 Y-28.39 Z-11.246
X28.353 Y-28.503 Z-11.117
X28.465 Y-28.728 Z-10.867
X28.523 Y-28.841 Z-10.746
X28.588 Y-28.957 Z-10.625
X28.714 Y-29.179 Z-10.4
X28.778 Y-29.291 Z-10.289
X28.845 Y-29.404 Z-10.179
X28.893 Y-29.481 Z-10.105
X28.988 Y-29.629 Z-9.967
X29.146 Y-29.854 Z-9.761
X29.244 Y-29.993 Z-9.638
X29.306 Y-30.08 Z-9.562
X29.343 Y-30.128 Z-9.52
X29.485 Y-30.305 Z-9.369
X29.68 Y-30.53 Z-9.183
X29.793 Y-30.659 Z-9.08
X29.883 Y-30.755 Z-9.003
X30.018 Y-30.89 Z-8.9
X30.242 Y-31.1 Z-8.743
X30.357 Y-31.206 Z-8.667
X30.467 Y-31.3 Z-8.601
X30.636 Y-31.431 Z-8.508
X30.943 Y-31.656 Z-8.349
X31.142 Y-31.784 Z-8.257
X31.367 Y-31.913 Z-8.164
X31.592 Y-32.037 Z-8.077
X31.735 Y-32.106 Z-8.029
X31.817 Y-32.142 Z-8.004
X32.041 Y-32.235 Z-7.94
X32.291 Y-32.332 Z-7.877
X32.491 Y-32.394 Z-7.837
X32.716 Y-32.458 Z-7.797
X32.941 Y-32.516 Z-7.762
X33.166 Y-32.559 Z-7.736
X33.391 Y-32.597 Z-7.715
X33.615 Y-32.629 Z-7.697
X33.84 Y-32.647 Z-7.687
X34.065 Y-32.659 Z-7.68
X34.29 Y-32.666 Z-7.676
X34.515 Y-32.659 Z-7.68
X34.74 Y-32.647 Z-7.687
X34.965 Y-32.629 Z-7.697
X35.189 Y-32.597 Z-7.715
X35.429 Y-32.557 Z-7.738
X35.639 Y-32.516 Z-7.762
X35.864 Y-32.458 Z-7.797
X36.089 Y-32.394 Z-7.837
X36.314 Y-32.323 Z-7.883
X36.539 Y-32.235 Z-7.94
X36.763 Y-32.142 Z-8.003
X36.845 Y-32.106 Z-8.028
X36.988 Y-32.037 Z-8.077
X37.269 Y-31.881 Z-8.186
X37.438 Y-31.784 Z-8.257
X37.637 Y-31.656 Z-8.349
X37.944 Y-31.431 Z-8.508
X38.113 Y-31.3 Z-8.6
X38.223 Y-31.206 Z-8.667
X38.338 Y-31.1 Z-8.743
X38.562 Y-30.89 Z-8.9
X38.697 Y-30.755 Z-9.003
X38.787 Y-30.659 Z-9.08
X38.9 Y-30.53 Z-9.183
X39.095 Y-30.305 Z-9.369
X39.237 Y-30.128 Z-9.52
X39.274 Y-30.08 Z-9.562
X39.337 Y-29.993 Z-9.638
X39.462 Y-29.815 Z-9.796
X39.592 Y-29.629 Z-9.967
X39.687 Y-29.481 Z-10.105
X39.735 Y-29.404 Z-10.18
X39.802 Y-29.291 Z-10.289
X39.912 Y-29.099 Z-10.48
X39.994 Y-28.953 Z-10.629
X40.057 Y-28.841 Z-10.747
X40.136 Y-28.685 Z-10.914
X40.22 Y-28.517 Z-11.102
X40.247 Y-28.469 Z-11.165
X40.264 Y-28.446 Z-11.206
X40.286 Y-28.42 Z-11.263
X40.309 Y-28.398 Z-11.322
X40.332 Y-28.381 Z-11.383
X40.355 Y-28.367 Z-11.445
X40.4 Y-28.344 Z-11.571
X40.49 Y-28.292 Z-11.823
X40.512 Y-28.272 Z-11.884
X40.533 Y-28.248 Z-11.943
X40.554 Y-28.218 Z-11.999
X40.564 Y-28.201 Z-12.026
X40.574 Y-28.182 Z-12.052
X40.637 Y-28.053 Z-12.219
X40.692 Y-27.94 Z-12.369
X40.637 Y-27.827 Z-12.218
X40.527 Y-27.602 Z-11.929
X40.415 Y-27.377 Z-11.655
X40.361 Y-27.271 Z-11.53
X40.299 Y-27.152 Z-11.394
X40.24 Y-27.039 Z-11.268
X40.178 Y-26.927 Z-11.145
X40.046 Y-26.701 Z-10.906
X39.954 Y-26.544 Z-10.745
X39.912 Y-26.473 Z-10.673
X39.843 Y-26.364 Z-10.565
X39.771 Y-26.251 Z-10.456
X39.687 Y-26.128 Z-10.339
X39.554 Y-25.943 Z-10.167
X39.452 Y-25.8 Z-10.037
X39.345 Y-25.659 Z-9.912
X39.237 Y-25.526 Z-9.795
X39.083 Y-25.35 Z-9.644
X38.883 Y-25.125 Z-9.458
X38.787 Y-25.025 Z-9.377
X38.66 Y-24.9 Z-9.278
X38.417 Y-24.674 Z-9.106
X38.338 Y-24.603 Z-9.053
X38.154 Y-24.449 Z-8.942
X38.113 Y-24.417 Z-8.918
X37.854 Y-24.224 Z-8.782
X37.663 Y-24.089 Z-8.686
X37.519 Y-23.999 Z-8.62
X37.213 Y-23.824 Z-8.492
X37.123 Y-23.774 Z-8.456
X36.988 Y-23.705 Z-8.407
X36.763 Y-23.603 Z-8.335
X36.539 Y-23.506 Z-8.269
X36.314 Y-23.419 Z-8.211
X36.089 Y-23.346 Z-8.165
X35.864 Y-23.278 Z-8.123
X35.639 Y-23.219 Z-8.088
X35.414 Y-23.174 Z-8.061
X35.189 Y-23.134 Z-8.038
X34.965 Y-23.102 Z-8.02
X34.929 Y-23.098 Z-8.018
X34.74 Y-23.084 Z-8.01
X34.515 Y-23.071 Z-8.002
X34.29 Y-23.064 Z-7.998
X34.065 Y-23.071 Z-8.002
X33.84 Y-23.084 Z-8.01
X33.651 Y-23.098 Z-8.018
X33.615 Y-23.102 Z-8.02
X33.391 Y-23.134 Z-8.038
X33.166 Y-23.174 Z-8.061
X32.941 Y-23.219 Z-8.088
X32.716 Y-23.278 Z-8.123
X32.491 Y-23.346 Z-8.165
X32.266 Y-23.418 Z-8.211
X32.041 Y-23.506 Z-8.269
X31.817 Y-23.603 Z-8.335
X31.592 Y-23.705 Z-8.407
X31.457 Y-23.774 Z-8.457
X31.367 Y-23.824 Z-8.492
X31.142 Y-23.952 Z-8.585
X31.061 Y-23.999 Z-8.62
X30.917 Y-24.089 Z-8.686
X30.692 Y-24.249 Z-8.8
X30.467 Y-24.417 Z-8.919
X30.426 Y-24.449 Z-8.942
X30.242 Y-24.603 Z-9.053
X30.163 Y-24.674 Z-9.106
X29.92 Y-24.9 Z-9.278
X29.793 Y-25.025 Z-9.377
X29.697 Y-25.125 Z-9.458
X29.497 Y-25.35 Z-9.644
X29.343 Y-25.526 Z-9.795
X29.236 Y-25.659 Z-9.912
X29.118 Y-25.814 Z-10.049
X28.893 Y-26.128 Z-10.339
X28.809 Y-26.251 Z-10.456
X28.668 Y-26.473 Z-10.673
X28.625 Y-26.544 Z-10.745
X28.534 Y-26.701 Z-10.906
X28.402 Y-26.927 Z-11.145
X28.339 Y-27.039 Z-11.268
X28.28 Y-27.152 Z-11.394
X28.219 Y-27.271 Z-11.531
X28.165 Y-27.377 Z-11.655
X28.053 Y-27.602 Z-11.93
X27.994 Y-27.724 Z-12.084
X27.943 Y-27.827 Z-12.219
X27.888 Y-27.94 Z-12.369
X27.943 Y-28.053 Z-12.219
X27.994 Y-28.157 Z-12.084
X28.053 Y-28.278 Z-11.93
X28.165 Y-28.503 Z-11.655
X28.219 Y-28.609 Z-11.531
X28.281 Y-28.728 Z-11.394
X28.34 Y-28.841 Z-11.268
X28.403 Y-28.953 Z-11.145
X28.451 Y-29.037 Z-11.055
X28.534 Y-29.179 Z-10.905
X28.625 Y-29.335 Z-10.745
X28.668 Y-29.407 Z-10.673
X28.809 Y-29.629 Z-10.456
X28.893 Y-29.751 Z-10.339
X29.128 Y-30.08 Z-10.037
X29.199 Y-30.175 Z-9.952
X29.303 Y-30.305 Z-9.838
X29.343 Y-30.354 Z-9.795
X29.497 Y-30.53 Z-9.644
X29.697 Y-30.755 Z-9.458
X29.793 Y-30.855 Z-9.377
X29.92 Y-30.98 Z-9.278
X30.163 Y-31.206 Z-9.106
X30.242 Y-31.277 Z-9.053
X30.426 Y-31.431 Z-8.942
X30.467 Y-31.463 Z-8.919
X30.726 Y-31.656 Z-8.782
X30.917 Y-31.791 Z-8.686
X31.061 Y-31.881 Z-8.62
X31.142 Y-31.928 Z-8.585
X31.367 Y-32.056 Z-8.493
X31.457 Y-32.106 Z-8.457
X31.592 Y-32.175 Z-8.407
X31.817 Y-32.277 Z-8.335
X32.041 Y-32.374 Z-8.269
X32.266 Y-32.462 Z-8.212
X32.491 Y-32.534 Z-8.165
X32.716 Y-32.602 Z-8.123
X32.941 Y-32.661 Z-8.088
X33.166 Y-32.705 Z-8.061
X33.391 Y-32.746 Z-8.038
X33.615 Y-32.778 Z-8.021
X33.65 Y-32.782 Z-8.019
X33.84 Y-32.796 Z-8.01
X34.065 Y-32.809 Z-8.002
X34.29 Y-32.816 Z-7.998
X34.515 Y-32.809 Z-8.002
X34.74 Y-32.796 Z-8.01
X34.93 Y-32.782 Z-8.019
X34.965 Y-32.778 Z-8.021
X35.189 Y-32.746 Z-8.038
X35.414 Y-32.705 Z-8.061
X35.639 Y-32.661 Z-8.088
X35.864 Y-32.602 Z-8.123
X36.089 Y-32.534 Z-8.165
X36.314 Y-32.462 Z-8.211
X36.539 Y-32.374 Z-8.269
X36.763 Y-32.277 Z-8.335
X36.988 Y-32.175 Z-8.407
X37.123 Y-32.106 Z-8.456
X37.213 Y-32.056 Z-8.492
X37.438 Y-31.928 Z-8.585
X37.519 Y-31.881 Z-8.62
X37.663 Y-31.791 Z-8.686
X37.888 Y-31.631 Z-8.799
X38.113 Y-31.463 Z-8.918
X38.154 Y-31.431 Z-8.942
X38.338 Y-31.277 Z-9.053
X38.417 Y-31.206 Z-9.106
X38.66 Y-30.98 Z-9.278
X38.787 Y-30.855 Z-9.377
X38.883 Y-30.755 Z-9.458
X39.083 Y-30.53 Z-9.644
X39.237 Y-30.354 Z-9.795
X39.277 Y-30.305 Z-9.838
X39.381 Y-30.175 Z-9.953
X39.462 Y-30.066 Z-10.049
X39.687 Y-29.752 Z-10.339
X39.771 Y-29.629 Z-10.456
X39.843 Y-29.516 Z-10.565
X39.914 Y-29.404 Z-10.676
X40.046 Y-29.179 Z-10.905
X40.177 Y-28.953 Z-11.145
X40.24 Y-28.841 Z-11.268
X40.299 Y-28.728 Z-11.394
X40.361 Y-28.61 Z-11.531
X40.415 Y-28.503 Z-11.655
X40.527 Y-28.278 Z-11.93
X40.574 Y-28.182 Z-12.052
X40.583 Y-28.16 Z-12.075
X40.591 Y-28.136 Z-12.094
X40.6 Y-28.099 Z-12.116
X40.607 Y-28.06 Z-12.133
X40.61 Y-28.039 Z-12.139
X40.615 Y-27.996 Z-12.15
X40.618 Y-27.952 Z-12.157
Y-27.885 Z-12.16
X40.617 Y-27.862 Z-12.159
X40.611 Y-27.766 Z-12.149
X40.606 Y-27.719 Z-12.14
X40.6 Y-27.672 Z-12.129
X40.585 Y-27.582 Z-12.1
X40.576 Y-27.538 Z-12.082
X40.566 Y-27.495 Z-12.062
X40.512 Y-27.3 Z-11.952
X40.481 Y-27.207 Z-11.891
X40.447 Y-27.118 Z-11.825
X40.373 Y-26.951 Z-11.684
X40.332 Y-26.873 Z-11.609
X40.289 Y-26.8 Z-11.532
X40.231 Y-26.701 Z-11.424
X40.096 Y-26.476 Z-11.183
X40.025 Y-26.364 Z-11.068
X39.912 Y-26.191 Z-10.893
X39.795 Y-26.026 Z-10.733
X39.632 Y-25.8 Z-10.52
X39.562 Y-25.705 Z-10.432
X39.46 Y-25.575 Z-10.313
X39.351 Y-25.443 Z-10.196
X39.237 Y-25.313 Z-10.082
X39.069 Y-25.125 Z-9.92
X39.012 Y-25.063 Z-9.867
X38.852 Y-24.9 Z-9.732
X38.787 Y-24.836 Z-9.681
X38.562 Y-24.63 Z-9.517
X38.338 Y-24.432 Z-9.367
X38.113 Y-24.257 Z-9.239
X37.888 Y-24.091 Z-9.121
X37.754 Y-23.999 Z-9.055
X37.663 Y-23.94 Z-9.012
X37.377 Y-23.774 Z-8.889
X37.213 Y-23.682 Z-8.821
X36.988 Y-23.569 Z-8.739
X36.763 Y-23.471 Z-8.667
X36.539 Y-23.375 Z-8.601
X36.403 Y-23.323 Z-8.566
X36.314 Y-23.292 Z-8.545
X36.089 Y-23.222 Z-8.499
X35.864 Y-23.154 Z-8.457
X35.639 Y-23.097 Z-8.423
X35.414 Y-23.054 Z-8.396
X35.189 Y-23.014 Z-8.373
X34.965 Y-22.982 Z-8.355
X34.74 Y-22.964 Z-8.345
X34.515 Y-22.95 Z-8.338
X34.29 Y-22.944 Z-8.334
X34.065 Y-22.95 Z-8.338
X33.84 Y-22.964 Z-8.345
X33.615 Y-22.982 Z-8.355
X33.391 Y-23.014 Z-8.373
X33.166 Y-23.054 Z-8.396
X32.938 Y-23.098 Z-8.423
X32.716 Y-23.154 Z-8.457
X32.491 Y-23.222 Z-8.499
X32.266 Y-23.292 Z-8.545
X32.177 Y-23.323 Z-8.566
X32.041 Y-23.375 Z-8.601
X31.817 Y-23.471 Z-8.667
X31.592 Y-23.569 Z-8.739
X31.367 Y-23.682 Z-8.821
X31.142 Y-23.808 Z-8.915
X30.917 Y-23.94 Z-9.012
X30.825 Y-23.999 Z-9.055
X30.692 Y-24.091 Z-9.121
X30.467 Y-24.257 Z-9.239
X30.222 Y-24.449 Z-9.38
X30.018 Y-24.63 Z-9.517
X29.793 Y-24.836 Z-9.681
X29.728 Y-24.9 Z-9.732
X29.568 Y-25.062 Z-9.868
X29.511 Y-25.125 Z-9.92
X29.311 Y-25.35 Z-10.113
X29.229 Y-25.443 Z-10.196
X29.118 Y-25.578 Z-10.315
X29.018 Y-25.705 Z-10.431
X28.893 Y-25.876 Z-10.591
X28.785 Y-26.026 Z-10.733
X28.668 Y-26.19 Z-10.893
X28.555 Y-26.364 Z-11.068
X28.484 Y-26.476 Z-11.183
X28.444 Y-26.544 Z-11.255
X28.349 Y-26.701 Z-11.424
X28.215 Y-26.927 Z-11.673
X28.151 Y-27.039 Z-11.803
X28.091 Y-27.152 Z-11.935
X27.994 Y-27.332 Z-12.155
X27.912 Y-27.49 Z-12.355
X27.853 Y-27.602 Z-12.502
X27.737 Y-27.827 Z-12.809
X27.68 Y-27.94 Z-12.968
X27.769 Y-28.114 Z-12.725
X27.853 Y-28.278 Z-12.503
X27.912 Y-28.39 Z-12.355
X27.994 Y-28.548 Z-12.155
X28.091 Y-28.728 Z-11.935
X28.151 Y-28.841 Z-11.803
X28.219 Y-28.959 Z-11.667
X28.349 Y-29.179 Z-11.423
X28.485 Y-29.404 Z-11.182
X28.556 Y-29.516 Z-11.067
X28.668 Y-29.689 Z-10.893
X28.785 Y-29.854 Z-10.733
X28.948 Y-30.08 Z-10.519
X29.018 Y-30.175 Z-10.431
X29.12 Y-30.305 Z-10.313
X29.197 Y-30.399 Z-10.229
X29.311 Y-30.53 Z-10.113
X29.511 Y-30.755 Z-9.919
X29.568 Y-30.817 Z-9.867
X29.728 Y-30.98 Z-9.732
X29.793 Y-31.044 Z-9.681
X30.018 Y-31.25 Z-9.517
X30.242 Y-31.448 Z-9.367
X30.467 Y-31.623 Z-9.239
X30.692 Y-31.789 Z-9.121
X30.826 Y-31.881 Z-9.055
X30.917 Y-31.94 Z-9.012
X31.203 Y-32.106 Z-8.889
X31.367 Y-32.198 Z-8.822
X31.592 Y-32.311 Z-8.739
X31.817 Y-32.409 Z-8.667
X32.041 Y-32.505 Z-8.602
X32.177 Y-32.557 Z-8.567
X32.266 Y-32.588 Z-8.545
X32.491 Y-32.658 Z-8.499
X32.716 Y-32.726 Z-8.457
X32.941 Y-32.783 Z-8.423
X33.166 Y-32.826 Z-8.396
X33.391 Y-32.866 Z-8.373
X33.615 Y-32.898 Z-8.356
X33.84 Y-32.916 Z-8.345
X34.065 Y-32.93 Z-8.338
X34.29 Y-32.936 Z-8.334
X34.515 Y-32.93 Z-8.338
X34.74 Y-32.916 Z-8.345
X34.965 Y-32.898 Z-8.356
X35.189 Y-32.866 Z-8.373
X35.414 Y-32.826 Z-8.396
X35.642 Y-32.782 Z-8.423
X35.864 Y-32.726 Z-8.457
X36.089 Y-32.658 Z-8.499
X36.314 Y-32.588 Z-8.545
X36.403 Y-32.557 Z-8.567
X36.539 Y-32.505 Z-8.602
X36.763 Y-32.409 Z-8.667
X36.988 Y-32.311 Z-8.738
X37.213 Y-32.198 Z-8.821
X37.438 Y-32.072 Z-8.915
X37.663 Y-31.94 Z-9.012
X37.754 Y-31.881 Z-9.055
X37.888 Y-31.789 Z-9.12
X38.113 Y-31.623 Z-9.239
X38.358 Y-31.431 Z-9.38
X38.562 Y-31.25 Z-9.517
X38.787 Y-31.044 Z-9.681
X38.852 Y-30.98 Z-9.732
X39.012 Y-30.817 Z-9.867
X39.069 Y-30.755 Z-9.919
X39.269 Y-30.53 Z-10.113
X39.384 Y-30.399 Z-10.23
X39.462 Y-30.302 Z-10.315
X39.562 Y-30.175 Z-10.432
X39.687 Y-30.004 Z-10.59
X39.795 Y-29.854 Z-10.733
X39.912 Y-29.689 Z-10.893
X40.025 Y-29.516 Z-11.067
X40.095 Y-29.404 Z-11.183
X40.231 Y-29.179 Z-11.423
X40.365 Y-28.953 Z-11.673
X40.429 Y-28.841 Z-11.803
X40.489 Y-28.728 Z-11.935
X40.586 Y-28.548 Z-12.155
X40.668 Y-28.39 Z-12.355
X40.727 Y-28.278 Z-12.502
X40.843 Y-28.053 Z-12.809
X40.9 Y-27.94 Z-12.968
X40.811 Y-27.767 Z-12.725
X40.727 Y-27.602 Z-12.502
X40.667 Y-27.49 Z-12.355
X40.586 Y-27.333 Z-12.155
X40.489 Y-27.152 Z-11.935
X40.428 Y-27.039 Z-11.802
X40.361 Y-26.921 Z-11.667
X40.289 Y-26.8 Z-11.532
X40.253 Y-26.734 Z-11.467
X40.218 Y-26.663 Z-11.408
X40.182 Y-26.588 Z-11.354
X40.147 Y-26.51 Z-11.305
X40.074 Y-26.346 Z-11.217
X39.997 Y-26.179 Z-11.138
X39.916 Y-26.012 Z-11.062
X39.829 Y-25.851 Z-10.982
X39.735 Y-25.7 Z-10.892
X39.686 Y-25.63 Z-10.842
X39.636 Y-25.564 Z-10.786
X39.568 Y-25.481 Z-10.709
X39.458 Y-25.35 Z-10.589
X39.237 Y-25.104 Z-10.371
X39.141 Y-24.999 Z-10.28
X39.012 Y-24.867 Z-10.167
X38.908 Y-24.765 Z-10.082
X38.787 Y-24.655 Z-9.99
X38.659 Y-24.538 Z-9.896
X38.559 Y-24.449 Z-9.825
X38.436 Y-24.344 Z-9.744
X38.282 Y-24.224 Z-9.653
X38.113 Y-24.099 Z-9.56
X37.976 Y-23.999 Z-9.488
X37.888 Y-23.937 Z-9.444
X37.663 Y-23.794 Z-9.34
X37.438 Y-23.665 Z-9.244
X37.213 Y-23.542 Z-9.152
X36.988 Y-23.435 Z-9.071
X36.727 Y-23.323 Z-8.989
X36.539 Y-23.246 Z-8.934
X36.314 Y-23.166 Z-8.879
X36.089 Y-23.098 Z-8.833
X35.864 Y-23.031 Z-8.792
X35.639 Y-22.977 Z-8.758
X35.414 Y-22.934 Z-8.731
X35.189 Y-22.894 Z-8.709
X35.043 Y-22.873 Z-8.697
X34.965 Y-22.864 Z-8.691
X34.74 Y-22.846 Z-8.681
X34.515 Y-22.833 Z-8.674
X34.29 Y-22.827 Z-8.67
X34.065 Y-22.833 Z-8.674
X33.84 Y-22.846 Z-8.681
X33.615 Y-22.864 Z-8.691
X33.537 Y-22.873 Z-8.697
X33.391 Y-22.894 Z-8.709
X33.166 Y-22.934 Z-8.731
X32.941 Y-22.977 Z-8.758
X32.716 Y-23.031 Z-8.792
X32.49 Y-23.098 Z-8.833
X32.266 Y-23.166 Z-8.879
X32.041 Y-23.246 Z-8.935
X31.817 Y-23.339 Z-9.
X31.592 Y-23.435 Z-9.071
X31.355 Y-23.548 Z-9.156
X31.142 Y-23.665 Z-9.244
X30.917 Y-23.793 Z-9.34
X30.692 Y-23.937 Z-9.444
X30.603 Y-23.999 Z-9.489
X30.467 Y-24.099 Z-9.56
X30.298 Y-24.224 Z-9.653
X30.144 Y-24.344 Z-9.744
X30.018 Y-24.452 Z-9.828
X29.921 Y-24.538 Z-9.896
X29.771 Y-24.674 Z-10.006
X29.672 Y-24.765 Z-10.082
X29.535 Y-24.9 Z-10.194
X29.439 Y-24.999 Z-10.28
X29.324 Y-25.125 Z-10.389
X29.118 Y-25.355 Z-10.593
X29.012 Y-25.481 Z-10.709
X28.893 Y-25.628 Z-10.847
X28.766 Y-25.8 Z-11.01
X28.6 Y-26.026 Z-11.231
X28.52 Y-26.138 Z-11.346
X28.444 Y-26.253 Z-11.463
X28.37 Y-26.363 Z-11.581
X28.298 Y-26.476 Z-11.703
X28.219 Y-26.607 Z-11.847
X28.16 Y-26.701 Z-11.954
X28.023 Y-26.927 Z-12.216
X27.994 Y-26.976 Z-12.277
X27.895 Y-27.152 Z-12.495
X27.831 Y-27.264 Z-12.64
X27.769 Y-27.377 Z-12.789
X27.708 Y-27.49 Z-12.941
X27.646 Y-27.602 Z-13.098
X27.544 Y-27.789 Z-13.368
X27.462 Y-27.94 Z-13.594
X27.544 Y-28.09 Z-13.368
X27.646 Y-28.278 Z-13.098
X27.707 Y-28.39 Z-12.942
X27.769 Y-28.504 Z-12.789
X27.831 Y-28.616 Z-12.64
X27.895 Y-28.728 Z-12.495
X27.994 Y-28.904 Z-12.277
X28.023 Y-28.953 Z-12.216
X28.16 Y-29.179 Z-11.954
X28.219 Y-29.273 Z-11.847
X28.299 Y-29.404 Z-11.703
X28.37 Y-29.517 Z-11.581
X28.445 Y-29.629 Z-11.461
X28.52 Y-29.742 Z-11.345
X28.6 Y-29.854 Z-11.231
X28.766 Y-30.08 Z-11.01
X28.893 Y-30.251 Z-10.846
X29.012 Y-30.399 Z-10.709
X29.122 Y-30.53 Z-10.589
X29.343 Y-30.776 Z-10.37
X29.439 Y-30.881 Z-10.28
X29.535 Y-30.98 Z-10.194
X29.672 Y-31.115 Z-10.082
X29.793 Y-31.225 Z-9.99
X29.921 Y-31.342 Z-9.896
X30.021 Y-31.431 Z-9.825
X30.144 Y-31.536 Z-9.744
X30.298 Y-31.656 Z-9.653
X30.467 Y-31.781 Z-9.56
X30.603 Y-31.881 Z-9.489
X30.692 Y-31.943 Z-9.444
X30.917 Y-32.086 Z-9.34
X31.142 Y-32.215 Z-9.244
X31.367 Y-32.338 Z-9.152
X31.592 Y-32.445 Z-9.071
X31.853 Y-32.557 Z-8.989
X32.041 Y-32.635 Z-8.935
X32.266 Y-32.714 Z-8.88
X32.491 Y-32.782 Z-8.833
X32.716 Y-32.849 Z-8.792
X32.941 Y-32.903 Z-8.758
X33.166 Y-32.946 Z-8.731
X33.391 Y-32.986 Z-8.709
X33.537 Y-33.007 Z-8.697
X33.615 Y-33.016 Z-8.692
X33.84 Y-33.034 Z-8.681
X34.065 Y-33.047 Z-8.674
X34.29 Y-33.053 Z-8.67
X34.515 Y-33.047 Z-8.674
X34.74 Y-33.034 Z-8.681
X34.965 Y-33.016 Z-8.692
X35.043 Y-33.007 Z-8.697
X35.189 Y-32.986 Z-8.709
X35.414 Y-32.946 Z-8.731
X35.639 Y-32.903 Z-8.758
X35.864 Y-32.849 Z-8.792
X36.09 Y-32.782 Z-8.833
X36.314 Y-32.714 Z-8.879
X36.539 Y-32.634 Z-8.935
X36.763 Y-32.541 Z-9.
X36.988 Y-32.445 Z-9.071
X37.225 Y-32.332 Z-9.156
X37.438 Y-32.215 Z-9.244
X37.663 Y-32.086 Z-9.34
X37.888 Y-31.943 Z-9.444
X37.976 Y-31.881 Z-9.488
X38.113 Y-31.781 Z-9.56
X38.282 Y-31.656 Z-9.653
X38.436 Y-31.536 Z-9.744
X38.562 Y-31.427 Z-9.828
X38.659 Y-31.342 Z-9.896
X38.809 Y-31.206 Z-10.006
X38.908 Y-31.115 Z-10.082
X39.045 Y-30.98 Z-10.194
X39.141 Y-30.881 Z-10.28
X39.256 Y-30.755 Z-10.389
X39.462 Y-30.525 Z-10.593
X39.568 Y-30.399 Z-10.709
X39.687 Y-30.251 Z-10.846
X39.814 Y-30.08 Z-11.01
X39.98 Y-29.854 Z-11.231
X40.06 Y-29.742 Z-11.346
X40.136 Y-29.627 Z-11.463
X40.21 Y-29.517 Z-11.581
X40.281 Y-29.404 Z-11.703
X40.361 Y-29.273 Z-11.847
X40.488 Y-29.066 Z-12.084
X40.557 Y-28.953 Z-12.216
X40.586 Y-28.903 Z-12.277
X40.685 Y-28.728 Z-12.495
X40.749 Y-28.616 Z-12.64
X40.811 Y-28.503 Z-12.789
X40.873 Y-28.39 Z-12.941
X40.934 Y-28.278 Z-13.098
X41.036 Y-28.09 Z-13.368
X41.118 Y-27.94 Z-13.594
X41.036 Y-27.789 Z-13.368
X40.934 Y-27.602 Z-13.098
X40.872 Y-27.49 Z-12.941
X40.811 Y-27.377 Z-12.788
X40.749 Y-27.264 Z-12.639
X40.685 Y-27.152 Z-12.495
X40.586 Y-26.977 Z-12.277
X40.557 Y-26.927 Z-12.216
X40.42 Y-26.701 Z-11.954
X40.315 Y-26.53 Z-11.763
X40.282 Y-26.476 Z-11.703
X40.21 Y-26.363 Z-11.581
X40.135 Y-26.251 Z-11.462
X40.06 Y-26.138 Z-11.346
X39.98 Y-26.026 Z-11.231
X39.814 Y-25.8 Z-11.01
X39.687 Y-25.628 Z-10.847
X39.636 Y-25.564 Z-10.786
X39.534 Y-25.429 Z-10.684
X39.482 Y-25.356 Z-10.642
X39.428 Y-25.281 Z-10.606
X39.32 Y-25.125 Z-10.543
X39.209 Y-24.968 Z-10.491
X39.092 Y-24.813 Z-10.442
X38.968 Y-24.665 Z-10.388
X38.839 Y-24.528 Z-10.324
X38.773 Y-24.464 Z-10.286
X38.706 Y-24.404 Z-10.242
X38.562 Y-24.28 Z-10.142
X38.493 Y-24.224 Z-10.098
X38.338 Y-24.105 Z-10.005
X38.113 Y-23.94 Z-9.881
X37.87 Y-23.774 Z-9.76
X37.663 Y-23.649 Z-9.668
X37.438 Y-23.522 Z-9.573
X37.213 Y-23.404 Z-9.483
X37.039 Y-23.323 Z-9.42
X36.763 Y-23.207 Z-9.333
X36.539 Y-23.117 Z-9.268
X36.486 Y-23.098 Z-9.255
X36.314 Y-23.04 Z-9.214
X36.089 Y-22.973 Z-9.168
X35.864 Y-22.908 Z-9.126
X35.716 Y-22.873 Z-9.104
X35.639 Y-22.856 Z-9.093
X35.414 Y-22.815 Z-9.067
X35.189 Y-22.775 Z-9.044
X34.965 Y-22.746 Z-9.027
X34.74 Y-22.729 Z-9.017
X34.515 Y-22.716 Z-9.01
X34.29 Y-22.709 Z-9.006
X34.065 Y-22.716 Z-9.01
X33.84 Y-22.729 Z-9.017
X33.615 Y-22.746 Z-9.027
X33.391 Y-22.775 Z-9.044
X33.166 Y-22.815 Z-9.067
X32.941 Y-22.856 Z-9.093
X32.863 Y-22.873 Z-9.104
X32.716 Y-22.908 Z-9.126
X32.491 Y-22.973 Z-9.168
X32.266 Y-23.04 Z-9.214
X32.094 Y-23.098 Z-9.255
X32.041 Y-23.117 Z-9.268
X31.817 Y-23.207 Z-9.333
X31.541 Y-23.323 Z-9.421
X31.367 Y-23.404 Z-9.483
X31.142 Y-23.522 Z-9.573
X30.917 Y-23.649 Z-9.669
X30.692 Y-23.785 Z-9.769
X30.467 Y-23.94 Z-9.882
X30.242 Y-24.105 Z-10.005
X30.087 Y-24.224 Z-10.098
X30.018 Y-24.279 Z-10.142
X29.793 Y-24.475 Z-10.3
X29.568 Y-24.678 Z-10.471
X29.472 Y-24.77 Z-10.551
X29.342 Y-24.9 Z-10.664
X29.223 Y-25.028 Z-10.778
X29.118 Y-25.144 Z-10.882
X29.006 Y-25.267 Z-10.995
X28.934 Y-25.35 Z-11.073
X28.749 Y-25.575 Z-11.287
X28.668 Y-25.682 Z-11.391
X28.58 Y-25.8 Z-11.509
X28.412 Y-26.026 Z-11.741
X28.332 Y-26.138 Z-11.861
X28.219 Y-26.306 Z-12.044
X28.108 Y-26.476 Z-12.236
X27.994 Y-26.657 Z-12.447
X27.894 Y-26.814 Z-12.64
X27.824 Y-26.927 Z-12.781
X27.769 Y-27.018 Z-12.9
X27.691 Y-27.152 Z-13.077
X27.624 Y-27.264 Z-13.231
X27.544 Y-27.402 Z-13.427
X27.494 Y-27.489 Z-13.553
X27.429 Y-27.602 Z-13.72
X27.319 Y-27.792 Z-14.013
X27.233 Y-27.94 Z-14.251
X27.319 Y-28.088 Z-14.013
X27.429 Y-28.278 Z-13.72
X27.544 Y-28.477 Z-13.427
X27.624 Y-28.616 Z-13.231
X27.769 Y-28.862 Z-12.9
X27.824 Y-28.953 Z-12.781
X27.894 Y-29.066 Z-12.64
X27.994 Y-29.223 Z-12.447
X28.108 Y-29.404 Z-12.236
X28.219 Y-29.574 Z-12.044
X28.332 Y-29.742 Z-11.861
X28.412 Y-29.854 Z-11.74
X28.58 Y-30.08 Z-11.509
X28.668 Y-30.198 Z-11.391
X28.749 Y-30.305 Z-11.287
X28.934 Y-30.53 Z-11.072
X29.006 Y-30.613 Z-10.995
X29.135 Y-30.755 Z-10.864
X29.223 Y-30.852 Z-10.778
X29.343 Y-30.981 Z-10.663
X29.472 Y-31.11 Z-10.551
X29.572 Y-31.206 Z-10.468
X29.821 Y-31.431 Z-10.279
X30.018 Y-31.6 Z-10.142
X30.087 Y-31.656 Z-10.098
X30.242 Y-31.775 Z-10.005
X30.467 Y-31.94 Z-9.881
X30.71 Y-32.106 Z-9.76
X30.917 Y-32.231 Z-9.668
X31.142 Y-32.358 Z-9.573
X31.367 Y-32.476 Z-9.483
X31.541 Y-32.557 Z-9.421
X31.817 Y-32.673 Z-9.333
X32.041 Y-32.763 Z-9.268
X32.093 Y-32.782 Z-9.255
X32.266 Y-32.84 Z-9.214
X32.491 Y-32.907 Z-9.168
X32.716 Y-32.972 Z-9.126
X32.863 Y-33.007 Z-9.104
X32.941 Y-33.024 Z-9.093
X33.166 Y-33.065 Z-9.067
X33.391 Y-33.105 Z-9.044
X33.615 Y-33.134 Z-9.027
X33.84 Y-33.151 Z-9.017
X34.065 Y-33.164 Z-9.01
X34.29 Y-33.171 Z-9.006
X34.515 Y-33.164 Z-9.01
X34.74 Y-33.151 Z-9.017
X34.965 Y-33.134 Z-9.027
X35.189 Y-33.105 Z-9.044
X35.414 Y-33.065 Z-9.067
X35.639 Y-33.024 Z-9.093
X35.716 Y-33.007 Z-9.104
X35.864 Y-32.972 Z-9.126
X36.089 Y-32.907 Z-9.168
X36.314 Y-32.84 Z-9.214
X36.487 Y-32.782 Z-9.255
X36.539 Y-32.763 Z-9.268
X36.763 Y-32.673 Z-9.333
X37.039 Y-32.557 Z-9.42
X37.213 Y-32.476 Z-9.483
X37.438 Y-32.358 Z-9.573
X37.663 Y-32.231 Z-9.668
X37.888 Y-32.095 Z-9.768
X38.113 Y-31.94 Z-9.881
X38.338 Y-31.775 Z-10.005
X38.493 Y-31.656 Z-10.098
X38.562 Y-31.6 Z-10.142
X38.787 Y-31.405 Z-10.3
X39.012 Y-31.202 Z-10.471
X39.108 Y-31.11 Z-10.551
X39.238 Y-30.98 Z-10.664
X39.357 Y-30.853 Z-10.778
X39.462 Y-30.736 Z-10.882
X39.574 Y-30.613 Z-10.996
X39.646 Y-30.53 Z-11.073
X39.831 Y-30.305 Z-11.287
X39.912 Y-30.198 Z-11.391
X40. Y-30.08 Z-11.509
X40.168 Y-29.854 Z-11.741
X40.248 Y-29.742 Z-11.861
X40.361 Y-29.574 Z-12.044
X40.472 Y-29.404 Z-12.236
X40.586 Y-29.223 Z-12.447
X40.685 Y-29.066 Z-12.639
X40.756 Y-28.953 Z-12.781
X40.811 Y-28.862 Z-12.9
X40.889 Y-28.728 Z-13.078
X40.956 Y-28.616 Z-13.232
X41.036 Y-28.477 Z-13.427
X41.151 Y-28.278 Z-13.72
X41.261 Y-28.087 Z-14.013
X41.347 Y-27.94 Z-14.25
X41.261 Y-27.792 Z-14.013
X41.216 Y-27.715 Z-13.892
X41.151 Y-27.602 Z-13.72
X41.086 Y-27.489 Z-13.553
X41.021 Y-27.377 Z-13.39
X40.956 Y-27.264 Z-13.232
X40.889 Y-27.152 Z-13.077
X40.811 Y-27.018 Z-12.9
X40.756 Y-26.927 Z-12.781
X40.685 Y-26.814 Z-12.639
X40.586 Y-26.657 Z-12.447
X40.471 Y-26.476 Z-12.235
X40.361 Y-26.306 Z-12.044
X40.248 Y-26.138 Z-11.861
X40.168 Y-26.026 Z-11.741
X40. Y-25.8 Z-11.509
X39.912 Y-25.682 Z-11.391
X39.831 Y-25.575 Z-11.287
X39.646 Y-25.35 Z-11.073
X39.574 Y-25.267 Z-10.995
X39.445 Y-25.125 Z-10.864
X39.357 Y-25.027 Z-10.778
X39.237 Y-24.899 Z-10.663
X39.108 Y-24.77 Z-10.551
X39.009 Y-24.674 Z-10.468
X38.759 Y-24.449 Z-10.279
X38.706 Y-24.404 Z-10.242
X38.641 Y-24.343 Z-10.2
X38.573 Y-24.28 Z-10.166
X38.504 Y-24.215 Z-10.138
X38.433 Y-24.15 Z-10.115
X38.29 Y-24.014 Z-10.084
X38.143 Y-23.881 Z-10.063
X37.993 Y-23.749 Z-10.046
X37.835 Y-23.627 Z-10.023
X37.755 Y-23.57 Z-10.008
X37.673 Y-23.516 Z-9.988
X37.591 Y-23.466 Z-9.964
X37.509 Y-23.419 Z-9.933
X37.438 Y-23.379 Z-9.903
X37.328 Y-23.323 Z-9.859
X37.213 Y-23.267 Z-9.815
X36.988 Y-23.169 Z-9.737
X36.763 Y-23.075 Z-9.666
X36.539 Y-22.989 Z-9.602
X36.314 Y-22.916 Z-9.549
X36.089 Y-22.849 Z-9.502
X35.864 Y-22.786 Z-9.461
X35.639 Y-22.736 Z-9.429
X35.414 Y-22.695 Z-9.402
X35.189 Y-22.656 Z-9.38
X35.131 Y-22.648 Z-9.375
X34.965 Y-22.628 Z-9.363
X34.74 Y-22.611 Z-9.353
X34.515 Y-22.598 Z-9.346
X34.29 Y-22.592 Z-9.342
X34.065 Y-22.598 Z-9.346
X33.84 Y-22.611 Z-9.353
X33.615 Y-22.628 Z-9.363
X33.449 Y-22.648 Z-9.375
X33.391 Y-22.656 Z-9.38
X33.166 Y-22.695 Z-9.402
X32.941 Y-22.736 Z-9.429
X32.716 Y-22.786 Z-9.461
X32.491 Y-22.849 Z-9.502
X32.266 Y-22.916 Z-9.549
X32.041 Y-22.989 Z-9.602
X31.817 Y-23.075 Z-9.666
X31.592 Y-23.169 Z-9.737
X31.367 Y-23.267 Z-9.815
X31.252 Y-23.323 Z-9.859
X31.142 Y-23.379 Z-9.903
X30.841 Y-23.548 Z-10.03
X30.692 Y-23.636 Z-10.095
X30.467 Y-23.785 Z-10.204
X30.242 Y-23.946 Z-10.327
X30.169 Y-23.999 Z-10.369
X30.018 Y-24.113 Z-10.46
X29.878 Y-24.224 Z-10.551
X29.793 Y-24.297 Z-10.612
X29.568 Y-24.495 Z-10.781
X29.374 Y-24.674 Z-10.938
X29.215 Y-24.831 Z-11.078
X29.118 Y-24.935 Z-11.172
X28.943 Y-25.125 Z-11.348
X28.893 Y-25.179 Z-11.4
X28.745 Y-25.35 Z-11.564
X28.668 Y-25.441 Z-11.654
X28.561 Y-25.575 Z-11.788
X28.39 Y-25.8 Z-12.021
X28.304 Y-25.913 Z-12.141
X28.219 Y-26.027 Z-12.266
X28.141 Y-26.138 Z-12.39
X28.063 Y-26.251 Z-12.518
X27.994 Y-26.352 Z-12.636
X27.838 Y-26.589 Z-12.926
X27.764 Y-26.701 Z-13.069
X27.689 Y-26.814 Z-13.217
X27.617 Y-26.927 Z-13.368
X27.544 Y-27.045 Z-13.532
X27.407 Y-27.264 Z-13.85
X27.319 Y-27.409 Z-14.069
X27.27 Y-27.489 Z-14.194
X27.201 Y-27.602 Z-14.374
X27.094 Y-27.775 Z-14.661
X27.061 Y-27.827 Z-14.751
X26.989 Y-27.94 Z-14.951
X27.061 Y-28.053 Z-14.752
X27.127 Y-28.157 Z-14.574
X27.201 Y-28.278 Z-14.375
X27.27 Y-28.391 Z-14.195
X27.339 Y-28.503 Z-14.019
X27.407 Y-28.616 Z-13.85
X27.544 Y-28.835 Z-13.532
X27.617 Y-28.953 Z-13.369
X27.689 Y-29.066 Z-13.218
X27.769 Y-29.186 Z-13.06
X27.838 Y-29.291 Z-12.927
X27.994 Y-29.528 Z-12.636
X28.063 Y-29.629 Z-12.518
X28.149 Y-29.753 Z-12.377
X28.22 Y-29.854 Z-12.264
X28.304 Y-29.967 Z-12.141
X28.444 Y-30.149 Z-11.947
X28.561 Y-30.305 Z-11.787
X28.668 Y-30.439 Z-11.654
X28.745 Y-30.53 Z-11.564
X28.893 Y-30.701 Z-11.4
X28.943 Y-30.755 Z-11.348
X29.151 Y-30.98 Z-11.14
X29.215 Y-31.049 Z-11.078
X29.374 Y-31.206 Z-10.938
X29.568 Y-31.385 Z-10.781
X29.793 Y-31.583 Z-10.612
X29.878 Y-31.656 Z-10.551
X30.018 Y-31.767 Z-10.46
X30.169 Y-31.881 Z-10.368
X30.242 Y-31.934 Z-10.327
X30.483 Y-32.106 Z-10.196
X30.692 Y-32.244 Z-10.095
X30.841 Y-32.332 Z-10.03
X31.142 Y-32.5 Z-9.903
X31.252 Y-32.557 Z-9.859
X31.367 Y-32.613 Z-9.815
X31.592 Y-32.711 Z-9.738
X31.817 Y-32.805 Z-9.666
X32.041 Y-32.891 Z-9.603
X32.266 Y-32.964 Z-9.549
X32.491 Y-33.031 Z-9.502
X32.716 Y-33.094 Z-9.461
X32.941 Y-33.144 Z-9.429
X33.166 Y-33.185 Z-9.402
X33.391 Y-33.224 Z-9.38
X33.449 Y-33.232 Z-9.375
X33.615 Y-33.252 Z-9.363
X33.84 Y-33.269 Z-9.353
X34.065 Y-33.282 Z-9.346
X34.29 Y-33.288 Z-9.342
X34.515 Y-33.282 Z-9.346
X34.74 Y-33.269 Z-9.353
X34.965 Y-33.252 Z-9.363
X35.131 Y-33.232 Z-9.375
X35.189 Y-33.224 Z-9.38
X35.414 Y-33.185 Z-9.402
X35.639 Y-33.144 Z-9.429
X35.864 Y-33.094 Z-9.461
X36.089 Y-33.031 Z-9.502
X36.314 Y-32.964 Z-9.549
X36.539 Y-32.891 Z-9.602
X36.763 Y-32.805 Z-9.666
X36.988 Y-32.711 Z-9.737
X37.213 Y-32.613 Z-9.815
X37.328 Y-32.557 Z-9.859
X37.438 Y-32.501 Z-9.903
X37.739 Y-32.332 Z-10.029
X37.888 Y-32.243 Z-10.095
X38.113 Y-32.095 Z-10.204
X38.338 Y-31.934 Z-10.327
X38.411 Y-31.881 Z-10.368
X38.562 Y-31.767 Z-10.46
X38.702 Y-31.656 Z-10.551
X38.787 Y-31.583 Z-10.612
X39.012 Y-31.385 Z-10.781
X39.206 Y-31.206 Z-10.938
X39.365 Y-31.049 Z-11.078
X39.462 Y-30.945 Z-11.172
X39.687 Y-30.701 Z-11.4
X39.835 Y-30.53 Z-11.564
X39.912 Y-30.439 Z-11.654
X40.019 Y-30.305 Z-11.788
X40.19 Y-30.08 Z-12.02
X40.276 Y-29.967 Z-12.142
X40.361 Y-29.852 Z-12.266
X40.431 Y-29.753 Z-12.377
X40.517 Y-29.629 Z-12.519
X40.586 Y-29.528 Z-12.636
X40.742 Y-29.291 Z-12.926
X40.816 Y-29.179 Z-13.069
X40.891 Y-29.066 Z-13.217
X40.963 Y-28.953 Z-13.368
X41.036 Y-28.835 Z-13.532
X41.173 Y-28.616 Z-13.849
X41.261 Y-28.471 Z-14.069
X41.31 Y-28.391 Z-14.193
X41.379 Y-28.278 Z-14.373
X41.486 Y-28.105 Z-14.661
X41.519 Y-28.053 Z-14.751
X41.591 Y-27.94 Z-14.951
X41.486 Y-27.775 Z-14.661
X41.447 Y-27.715 Z-14.557
X41.379 Y-27.602 Z-14.373
X41.31 Y-27.489 Z-14.194
X41.241 Y-27.377 Z-14.019
X41.173 Y-27.264 Z-13.85
X41.036 Y-27.045 Z-13.532
X40.963 Y-26.927 Z-13.368
X40.891 Y-26.814 Z-13.217
X40.811 Y-26.694 Z-13.06
X40.742 Y-26.589 Z-12.926
X40.586 Y-26.352 Z-12.636
X40.517 Y-26.251 Z-12.518
X40.439 Y-26.138 Z-12.39
X40.36 Y-26.026 Z-12.264
X40.276 Y-25.913 Z-12.141
X40.136 Y-25.73 Z-11.947
X40.019 Y-25.575 Z-11.787
X39.912 Y-25.441 Z-11.654
X39.835 Y-25.35 Z-11.564
X39.687 Y-25.179 Z-11.4
X39.462 Y-24.935 Z-11.172
X39.365 Y-24.831 Z-11.078
X39.206 Y-24.674 Z-10.938
X39.012 Y-24.495 Z-10.781
X38.787 Y-24.297 Z-10.612
X38.702 Y-24.224 Z-10.551
X38.562 Y-24.113 Z-10.46
X38.411 Y-23.999 Z-10.368
X38.338 Y-23.946 Z-10.326
X38.097 Y-23.774 Z-10.196
X37.888 Y-23.637 Z-10.095
X37.739 Y-23.548 Z-10.03
X37.509 Y-23.419 Z-9.933
X37.343 Y-23.324 Z-9.881
X37.259 Y-23.275 Z-9.866
X37.173 Y-23.226 Z-9.856
X37. Y-23.128 Z-9.85
X36.825 Y-23.033 Z-9.856
X36.647 Y-22.939 Z-9.865
X36.465 Y-22.855 Z-9.87
X36.372 Y-22.818 Z-9.869
X36.278 Y-22.784 Z-9.863
X36.183 Y-22.754 Z-9.853
X36.089 Y-22.725 Z-9.837
X35.864 Y-22.664 Z-9.797
X35.639 Y-22.615 Z-9.764
X35.414 Y-22.575 Z-9.738
X35.189 Y-22.538 Z-9.715
X34.965 Y-22.511 Z-9.699
X34.74 Y-22.494 Z-9.689
X34.515 Y-22.481 Z-9.682
X34.29 Y-22.475 Z-9.678
X34.065 Y-22.481 Z-9.682
X33.84 Y-22.494 Z-9.689
X33.615 Y-22.511 Z-9.699
X33.391 Y-22.538 Z-9.715
X33.166 Y-22.575 Z-9.738
X32.941 Y-22.615 Z-9.764
X32.716 Y-22.664 Z-9.797
X32.491 Y-22.725 Z-9.837
X32.266 Y-22.791 Z-9.884
X32.041 Y-22.861 Z-9.937
X31.817 Y-22.943 Z-9.999
X31.592 Y-23.036 Z-10.071
X31.367 Y-23.131 Z-10.148
X31.142 Y-23.24 Z-10.234
X30.985 Y-23.323 Z-10.299
X30.692 Y-23.491 Z-10.423
X30.596 Y-23.548 Z-10.467
X30.467 Y-23.631 Z-10.529
X30.242 Y-23.787 Z-10.649
X30.018 Y-23.949 Z-10.78
X29.952 Y-23.999 Z-10.821
X29.793 Y-24.123 Z-10.926
X29.673 Y-24.224 Z-11.013
X29.568 Y-24.315 Z-11.092
X29.415 Y-24.449 Z-11.211
X29.343 Y-24.514 Z-11.269
X29.175 Y-24.674 Z-11.414
X29.118 Y-24.73 Z-11.466
X28.957 Y-24.9 Z-11.624
X28.748 Y-25.125 Z-11.841
X28.668 Y-25.214 Z-11.929
X28.553 Y-25.35 Z-12.066
X28.444 Y-25.481 Z-12.201
X28.37 Y-25.575 Z-12.3
X28.195 Y-25.8 Z-12.545
X28.107 Y-25.913 Z-12.672
X27.994 Y-26.068 Z-12.851
X27.863 Y-26.251 Z-13.073
X27.769 Y-26.386 Z-13.243
X27.631 Y-26.589 Z-13.509
X27.544 Y-26.716 Z-13.682
X27.476 Y-26.814 Z-13.82
X27.401 Y-26.927 Z-13.983
X27.319 Y-27.053 Z-14.171
X27.18 Y-27.264 Z-14.499
X27.094 Y-27.397 Z-14.715
X27.033 Y-27.489 Z-14.871
X26.959 Y-27.602 Z-15.068
X26.87 Y-27.733 Z-15.311
X26.802 Y-27.827 Z-15.494
X26.729 Y-27.94 Z-15.698
X26.802 Y-28.053 Z-15.493
X26.87 Y-28.147 Z-15.311
X26.959 Y-28.278 Z-15.069
X27.033 Y-28.391 Z-14.872
X27.107 Y-28.503 Z-14.682
X27.18 Y-28.616 Z-14.5
X27.319 Y-28.827 Z-14.171
X27.401 Y-28.953 Z-13.982
X27.476 Y-29.066 Z-13.82
X27.554 Y-29.179 Z-13.661
X27.707 Y-29.404 Z-13.36
X27.769 Y-29.494 Z-13.243
X27.862 Y-29.629 Z-13.073
X27.994 Y-29.812 Z-12.852
X28.107 Y-29.967 Z-12.672
X28.219 Y-30.109 Z-12.512
X28.37 Y-30.305 Z-12.3
X28.444 Y-30.399 Z-12.201
X28.553 Y-30.53 Z-12.065
X28.668 Y-30.666 Z-11.929
X28.748 Y-30.755 Z-11.841
X28.958 Y-30.98 Z-11.624
X29.118 Y-31.15 Z-11.466
X29.175 Y-31.206 Z-11.414
X29.343 Y-31.366 Z-11.269
X29.415 Y-31.431 Z-11.21
X29.568 Y-31.565 Z-11.092
X29.673 Y-31.656 Z-11.012
X29.793 Y-31.757 Z-10.926
X29.952 Y-31.881 Z-10.821
X30.018 Y-31.931 Z-10.78
X30.261 Y-32.106 Z-10.638
X30.467 Y-32.249 Z-10.529
X30.596 Y-32.332 Z-10.467
X30.692 Y-32.389 Z-10.423
X30.986 Y-32.557 Z-10.298
X31.142 Y-32.64 Z-10.234
X31.367 Y-32.749 Z-10.148
X31.592 Y-32.844 Z-10.071
X31.817 Y-32.937 Z-9.999
X32.041 Y-33.019 Z-9.937
X32.266 Y-33.089 Z-9.884
X32.491 Y-33.155 Z-9.837
X32.716 Y-33.216 Z-9.796
X32.941 Y-33.265 Z-9.764
X33.166 Y-33.305 Z-9.738
X33.391 Y-33.342 Z-9.715
X33.615 Y-33.369 Z-9.699
X33.84 Y-33.386 Z-9.689
X34.065 Y-33.399 Z-9.682
X34.29 Y-33.405 Z-9.678
X34.515 Y-33.399 Z-9.682
X34.74 Y-33.386 Z-9.689
X34.965 Y-33.369 Z-9.699
X35.189 Y-33.342 Z-9.715
X35.414 Y-33.305 Z-9.738
X35.639 Y-33.265 Z-9.764
X35.864 Y-33.216 Z-9.796
X36.089 Y-33.155 Z-9.837
X36.314 Y-33.089 Z-9.884
X36.539 Y-33.019 Z-9.937
X36.763 Y-32.936 Z-9.999
X36.988 Y-32.843 Z-10.071
X37.213 Y-32.749 Z-10.148
X37.438 Y-32.64 Z-10.234
X37.594 Y-32.557 Z-10.297
X37.888 Y-32.389 Z-10.423
X37.984 Y-32.332 Z-10.467
X38.113 Y-32.249 Z-10.528
X38.338 Y-32.093 Z-10.649
X38.562 Y-31.931 Z-10.78
X38.628 Y-31.881 Z-10.821
X38.787 Y-31.757 Z-10.926
X38.907 Y-31.656 Z-11.012
X39.012 Y-31.565 Z-11.092
X39.165 Y-31.431 Z-11.211
X39.237 Y-31.366 Z-11.269
X39.405 Y-31.206 Z-11.414
X39.462 Y-31.15 Z-11.466
X39.623 Y-30.98 Z-11.624
X39.832 Y-30.755 Z-11.841
X39.912 Y-30.666 Z-11.929
X40.027 Y-30.53 Z-12.065
X40.136 Y-30.399 Z-12.201
X40.21 Y-30.305 Z-12.3
X40.385 Y-30.08 Z-12.545
X40.473 Y-29.967 Z-12.673
X40.586 Y-29.811 Z-12.851
X40.717 Y-29.629 Z-13.073
X40.811 Y-29.494 Z-13.242
X40.949 Y-29.291 Z-13.509
X41.036 Y-29.164 Z-13.681
X41.104 Y-29.066 Z-13.82
X41.179 Y-28.953 Z-13.982
X41.261 Y-28.827 Z-14.171
X41.4 Y-28.616 Z-14.498
X41.486 Y-28.483 Z-14.715
X41.547 Y-28.391 Z-14.871
X41.621 Y-28.278 Z-15.068
X41.71 Y-28.147 Z-15.311
X41.777 Y-28.053 Z-15.493
X41.851 Y-27.94 Z-15.698
X41.778 Y-27.827 Z-15.493
X41.71 Y-27.733 Z-15.311
X41.621 Y-27.602 Z-15.068
X41.547 Y-27.489 Z-14.871
X41.472 Y-27.377 Z-14.68
X41.4 Y-27.264 Z-14.498
X41.261 Y-27.053 Z-14.171
X41.179 Y-26.927 Z-13.983
X41.104 Y-26.814 Z-13.821
X41.026 Y-26.701 Z-13.661
X40.873 Y-26.476 Z-13.36
X40.811 Y-26.386 Z-13.242
X40.717 Y-26.251 Z-13.073
X40.586 Y-26.069 Z-12.851
X40.556 Y-26.026 Z-12.801
X40.473 Y-25.913 Z-12.672
X40.361 Y-25.77 Z-12.512
X40.21 Y-25.575 Z-12.3
X40.136 Y-25.481 Z-12.201
X40.027 Y-25.35 Z-12.065
X39.912 Y-25.214 Z-11.929
X39.832 Y-25.125 Z-11.841
X39.623 Y-24.9 Z-11.624
X39.462 Y-24.73 Z-11.466
X39.405 Y-24.674 Z-11.414
X39.237 Y-24.514 Z-11.269
X39.165 Y-24.449 Z-11.211
X39.012 Y-24.314 Z-11.092
X38.907 Y-24.224 Z-11.012
X38.787 Y-24.123 Z-10.926
X38.628 Y-23.999 Z-10.821
X38.562 Y-23.949 Z-10.78
X38.319 Y-23.774 Z-10.638
X38.113 Y-23.631 Z-10.528
X37.984 Y-23.548 Z-10.467
X37.888 Y-23.491 Z-10.423
X37.594 Y-23.323 Z-10.298
X37.438 Y-23.24 Z-10.234
X37.213 Y-23.131 Z-10.148
X36.988 Y-23.037 Z-10.071
X36.763 Y-22.943 Z-9.999
X36.539 Y-22.861 Z-9.937
X36.314 Y-22.791 Z-9.884
X36.089 Y-22.725 Z-9.837
X35.996 Y-22.697 Z-9.822
X35.901 Y-22.668 Z-9.816
X35.712 Y-22.611 Z-9.825
X35.618 Y-22.582 Z-9.838
X35.524 Y-22.554 Z-9.855
X35.336 Y-22.502 Z-9.896
X35.147 Y-22.45 Z-9.942
X34.954 Y-22.41 Z-9.983
X34.857 Y-22.394 Z-10.
X34.758 Y-22.382 Z-10.012
X34.659 Y-22.373 Z-10.019
X34.56 Y-22.366 Z-10.02
X34.515 Y-22.364 Z-10.018
X34.29 Y-22.358 Z-10.015
X34.065 Y-22.364 Z-10.018
X33.84 Y-22.377 Z-10.025
X33.615 Y-22.393 Z-10.035
X33.366 Y-22.422 Z-10.054
X33.166 Y-22.456 Z-10.073
X32.941 Y-22.495 Z-10.1
X32.716 Y-22.543 Z-10.132
X32.491 Y-22.601 Z-10.171
X32.266 Y-22.667 Z-10.219
X32.041 Y-22.734 Z-10.271
X31.817 Y-22.813 Z-10.333
X31.667 Y-22.873 Z-10.38
X31.367 Y-22.997 Z-10.482
X31.142 Y-23.101 Z-10.566
X30.917 Y-23.218 Z-10.656
X30.692 Y-23.345 Z-10.752
X30.467 Y-23.48 Z-10.854
X30.362 Y-23.548 Z-10.908
X30.242 Y-23.629 Z-10.972
X30.018 Y-23.788 Z-11.102
X29.793 Y-23.954 Z-11.244
X29.735 Y-23.999 Z-11.283
X29.568 Y-24.137 Z-11.405
X29.465 Y-24.224 Z-11.483
X29.343 Y-24.331 Z-11.579
X29.211 Y-24.449 Z-11.688
X29.118 Y-24.536 Z-11.769
X28.975 Y-24.674 Z-11.899
X28.761 Y-24.9 Z-12.117
X28.668 Y-24.998 Z-12.215
X28.551 Y-25.125 Z-12.343
X28.356 Y-25.35 Z-12.58
X28.219 Y-25.518 Z-12.764
X28.085 Y-25.688 Z-12.955
X27.994 Y-25.802 Z-13.087
X27.906 Y-25.913 Z-13.221
X27.769 Y-26.097 Z-13.451
X27.654 Y-26.251 Z-13.651
X27.544 Y-26.407 Z-13.86
X27.414 Y-26.589 Z-14.119
X27.319 Y-26.721 Z-14.312
X27.252 Y-26.814 Z-14.454
X27.174 Y-26.927 Z-14.628
X27.094 Y-27.044 Z-14.816
X27.019 Y-27.152 Z-14.996
X26.939 Y-27.264 Z-15.189
X26.859 Y-27.377 Z-15.393
X26.776 Y-27.49 Z-15.609
X26.692 Y-27.602 Z-15.835
X26.645 Y-27.664 Z-15.965
X26.617 Y-27.715 Z-16.037
X26.614 Y-27.827 Z-16.035
Y-28.053
X26.618 Y-28.176 Z-16.037
X26.645 Y-28.216 Z-15.965
X26.692 Y-28.278 Z-15.835
X26.776 Y-28.39 Z-15.609
X26.87 Y-28.518 Z-15.365
X26.939 Y-28.616 Z-15.189
X27.094 Y-28.836 Z-14.816
X27.174 Y-28.953 Z-14.629
X27.252 Y-29.066 Z-14.454
X27.334 Y-29.179 Z-14.283
X27.494 Y-29.404 Z-13.958
X27.544 Y-29.473 Z-13.86
X27.654 Y-29.629 Z-13.651
X27.769 Y-29.783 Z-13.451
X27.822 Y-29.854 Z-13.361
X27.914 Y-29.978 Z-13.208
X27.995 Y-30.08 Z-13.086
X28.174 Y-30.305 Z-12.827
X28.219 Y-30.361 Z-12.764
X28.356 Y-30.53 Z-12.58
X28.552 Y-30.755 Z-12.343
X28.668 Y-30.882 Z-12.215
X28.761 Y-30.98 Z-12.117
X28.976 Y-31.206 Z-11.899
X29.118 Y-31.344 Z-11.769
X29.211 Y-31.431 Z-11.688
X29.343 Y-31.549 Z-11.579
X29.466 Y-31.656 Z-11.482
X29.568 Y-31.743 Z-11.405
X29.735 Y-31.881 Z-11.283
X29.793 Y-31.926 Z-11.244
X30.038 Y-32.106 Z-11.09
X30.242 Y-32.251 Z-10.972
X30.362 Y-32.332 Z-10.908
X30.467 Y-32.4 Z-10.854
X30.692 Y-32.535 Z-10.752
X30.917 Y-32.662 Z-10.656
X31.148 Y-32.782 Z-10.563
X31.367 Y-32.883 Z-10.482
X31.666 Y-33.007 Z-10.381
X31.817 Y-33.067 Z-10.333
X32.041 Y-33.146 Z-10.271
X32.331 Y-33.232 Z-10.205
X32.491 Y-33.279 Z-10.172
X32.716 Y-33.337 Z-10.132
X32.941 Y-33.385 Z-10.1
X33.166 Y-33.424 Z-10.073
X33.391 Y-33.461 Z-10.051
X33.615 Y-33.487 Z-10.035
X33.84 Y-33.503 Z-10.025
X34.065 Y-33.516 Z-10.018
X34.29 Y-33.522 Z-10.014
X34.515 Y-33.516 Z-10.018
X34.74 Y-33.503 Z-10.025
X34.965 Y-33.487 Z-10.035
X35.214 Y-33.458 Z-10.053
X35.414 Y-33.424 Z-10.073
X35.639 Y-33.385 Z-10.1
X35.864 Y-33.337 Z-10.132
X36.089 Y-33.279 Z-10.172
X36.314 Y-33.213 Z-10.219
X36.539 Y-33.146 Z-10.271
X36.763 Y-33.067 Z-10.333
X36.913 Y-33.007 Z-10.38
X37.213 Y-32.883 Z-10.482
X37.438 Y-32.779 Z-10.566
X37.663 Y-32.661 Z-10.656
X37.888 Y-32.534 Z-10.751
X38.113 Y-32.4 Z-10.854
X38.218 Y-32.332 Z-10.908
X38.338 Y-32.251 Z-10.972
X38.562 Y-32.092 Z-11.102
X38.787 Y-31.926 Z-11.244
X38.845 Y-31.881 Z-11.283
X39.012 Y-31.743 Z-11.405
X39.115 Y-31.656 Z-11.483
X39.237 Y-31.549 Z-11.58
X39.369 Y-31.431 Z-11.688
X39.462 Y-31.344 Z-11.769
X39.605 Y-31.206 Z-11.899
X39.819 Y-30.98 Z-12.117
X39.912 Y-30.882 Z-12.215
X40.029 Y-30.755 Z-12.343
X40.224 Y-30.53 Z-12.58
X40.361 Y-30.361 Z-12.764
X40.495 Y-30.192 Z-12.956
X40.586 Y-30.078 Z-13.087
X40.665 Y-29.978 Z-13.207
X40.811 Y-29.783 Z-13.451
X40.926 Y-29.629 Z-13.651
X41.036 Y-29.473 Z-13.86
X41.166 Y-29.291 Z-14.119
X41.261 Y-29.159 Z-14.312
X41.328 Y-29.066 Z-14.453
X41.405 Y-28.953 Z-14.627
X41.486 Y-28.835 Z-14.816
X41.641 Y-28.616 Z-15.188
X41.721 Y-28.503 Z-15.393
X41.804 Y-28.39 Z-15.608
X41.887 Y-28.278 Z-15.834
X41.935 Y-28.216 Z-15.965
X41.962 Y-28.176 Z-16.038
X41.966 Y-28.053 Z-16.035
Y-27.827
X41.962 Y-27.704 Z-16.038
X41.935 Y-27.663 Z-15.965
X41.888 Y-27.602 Z-15.835
X41.804 Y-27.49 Z-15.608
X41.71 Y-27.362 Z-15.365
X41.641 Y-27.264 Z-15.188
X41.561 Y-27.152 Z-14.994
X41.486 Y-27.045 Z-14.816
X41.405 Y-26.927 Z-14.627
X41.328 Y-26.814 Z-14.454
X41.246 Y-26.701 Z-14.283
X41.086 Y-26.476 Z-13.958
X41.036 Y-26.407 Z-13.86
X40.926 Y-26.251 Z-13.651
X40.811 Y-26.097 Z-13.451
X40.674 Y-25.913 Z-13.22
X40.585 Y-25.8 Z-13.085
X40.406 Y-25.575 Z-12.827
X40.361 Y-25.519 Z-12.764
X40.224 Y-25.35 Z-12.58
X40.029 Y-25.125 Z-12.343
X39.912 Y-24.998 Z-12.215
X39.819 Y-24.9 Z-12.117
X39.605 Y-24.674 Z-11.899
X39.462 Y-24.536 Z-11.769
X39.369 Y-24.449 Z-11.688
X39.237 Y-24.331 Z-11.58
X39.115 Y-24.224 Z-11.483
X39.012 Y-24.137 Z-11.405
X38.845 Y-23.999 Z-11.283
X38.787 Y-23.954 Z-11.244
X38.542 Y-23.774 Z-11.09
X38.338 Y-23.629 Z-10.972
X38.218 Y-23.548 Z-10.908
X38.113 Y-23.48 Z-10.854
X37.888 Y-23.346 Z-10.751
X37.663 Y-23.218 Z-10.656
X37.432 Y-23.098 Z-10.564
X37.213 Y-22.997 Z-10.482
X36.913 Y-22.873 Z-10.38
X36.763 Y-22.813 Z-10.333
X36.539 Y-22.734 Z-10.271
X36.314 Y-22.667 Z-10.219
X36.064 Y-22.594 Z-10.167
X35.864 Y-22.543 Z-10.132
X35.639 Y-22.495 Z-10.1
X35.414 Y-22.456 Z-10.073
X35.189 Y-22.419 Z-10.051
X34.965 Y-22.393 Z-10.035
X34.74 Y-22.377 Z-10.025
X34.56 Y-22.366 Z-10.02
X34.363 Y-22.354 Z-10.03
X34.265 Y-22.347 Z-10.046
X34.169 Y-22.34 Z-10.068
X33.979 Y-22.327 Z-10.125
X33.791 Y-22.318 Z-10.193
X33.604 Y-22.313 Z-10.265
X33.415 Y-22.315 Z-10.333
X33.321 Y-22.321 Z-10.363
X33.225 Y-22.331 Z-10.389
X33.128 Y-22.344 Z-10.41
X33.031 Y-22.36 Z-10.425
X32.941 Y-22.376 Z-10.435
X32.713 Y-22.422 Z-10.468
X32.491 Y-22.477 Z-10.506
X32.266 Y-22.542 Z-10.554
X32.041 Y-22.608 Z-10.606
X31.921 Y-22.648 Z-10.638
X31.817 Y-22.684 Z-10.668
X31.592 Y-22.771 Z-10.739
X31.346 Y-22.873 Z-10.824
X31.142 Y-22.963 Z-10.898
X30.917 Y-23.076 Z-10.986
X30.692 Y-23.202 Z-11.081
X30.467 Y-23.332 Z-11.182
X30.242 Y-23.475 Z-11.297
X30.132 Y-23.548 Z-11.358
X30.018 Y-23.629 Z-11.426
X29.793 Y-23.789 Z-11.566
X29.682 Y-23.871 Z-11.639
X29.568 Y-23.961 Z-11.719
X29.343 Y-24.15 Z-11.891
X29.258 Y-24.224 Z-11.959
X29.118 Y-24.346 Z-12.075
X29.007 Y-24.449 Z-12.173
X28.893 Y-24.556 Z-12.278
X28.777 Y-24.674 Z-12.392
X28.561 Y-24.9 Z-12.62
X28.444 Y-25.023 Z-12.751
X28.353 Y-25.125 Z-12.859
X28.219 Y-25.277 Z-13.027
X28.156 Y-25.35 Z-13.109
X27.994 Y-25.549 Z-13.339
X27.88 Y-25.688 Z-13.508
X27.769 Y-25.822 Z-13.677
X27.697 Y-25.913 Z-13.795
X27.544 Y-26.113 Z-14.061
X27.438 Y-26.251 Z-14.256
X27.319 Y-26.411 Z-14.488
X27.187 Y-26.589 Z-14.76
X27.094 Y-26.711 Z-14.952
X27.016 Y-26.814 Z-15.122
X26.934 Y-26.927 Z-15.313
X26.87 Y-27.015 Z-15.468
X26.763 Y-27.152 Z-15.727
X26.676 Y-27.26 Z-15.941
X26.581 Y-27.377 Z-16.188
X26.51 Y-27.461 Z-16.374
X26.508 Y-27.49 Z-16.378
X26.497 Y-27.827 Z-16.371
Y-28.053
X26.508 Y-28.39 Z-16.378
X26.51 Y-28.419 Z-16.374
X26.581 Y-28.503 Z-16.187
X26.676 Y-28.62 Z-15.941
X26.763 Y-28.728 Z-15.727
X26.87 Y-28.866 Z-15.468
X26.934 Y-28.953 Z-15.314
X27.016 Y-29.066 Z-15.123
X27.102 Y-29.179 Z-14.936
X27.319 Y-29.469 Z-14.488
X27.438 Y-29.629 Z-14.256
X27.544 Y-29.767 Z-14.061
X27.706 Y-29.978 Z-13.78
X27.786 Y-30.08 Z-13.65
X27.88 Y-30.192 Z-13.508
X27.994 Y-30.331 Z-13.339
X28.156 Y-30.53 Z-13.109
X28.219 Y-30.603 Z-13.027
X28.353 Y-30.755 Z-12.859
X28.444 Y-30.857 Z-12.75
X28.562 Y-30.98 Z-12.619
X28.777 Y-31.206 Z-12.392
X28.893 Y-31.324 Z-12.278
X29.008 Y-31.431 Z-12.173
X29.118 Y-31.534 Z-12.075
X29.343 Y-31.73 Z-11.891
X29.568 Y-31.919 Z-11.719
X29.683 Y-32.009 Z-11.639
X29.814 Y-32.106 Z-11.552
X30.018 Y-32.251 Z-11.426
X30.132 Y-32.332 Z-11.358
X30.242 Y-32.405 Z-11.297
X30.482 Y-32.557 Z-11.175
X30.692 Y-32.678 Z-11.081
X30.917 Y-32.804 Z-10.986
X31.142 Y-32.917 Z-10.898
X31.367 Y-33.016 Z-10.816
X31.592 Y-33.109 Z-10.739
X31.817 Y-33.196 Z-10.668
X31.921 Y-33.232 Z-10.638
X32.041 Y-33.272 Z-10.606
X32.266 Y-33.338 Z-10.554
X32.491 Y-33.403 Z-10.506
X32.716 Y-33.458 Z-10.467
X32.941 Y-33.504 Z-10.436
X33.166 Y-33.544 Z-10.409
X33.391 Y-33.58 Z-10.387
X33.615 Y-33.605 Z-10.371
X33.84 Y-33.621 Z-10.361
X34.065 Y-33.633 Z-10.354
X34.29 Y-33.639 Z-10.351
X34.515 Y-33.633 Z-10.354
X34.74 Y-33.621 Z-10.361
X34.965 Y-33.605 Z-10.371
X35.189 Y-33.58 Z-10.387
X35.414 Y-33.544 Z-10.409
X35.639 Y-33.504 Z-10.436
X35.867 Y-33.458 Z-10.468
X36.089 Y-33.403 Z-10.506
X36.314 Y-33.338 Z-10.554
X36.539 Y-33.272 Z-10.606
X36.659 Y-33.232 Z-10.638
X36.763 Y-33.195 Z-10.668
X36.988 Y-33.109 Z-10.739
X37.234 Y-33.007 Z-10.824
X37.438 Y-32.917 Z-10.898
X37.663 Y-32.804 Z-10.986
X37.888 Y-32.678 Z-11.081
X38.113 Y-32.548 Z-11.182
X38.338 Y-32.405 Z-11.297
X38.448 Y-32.332 Z-11.358
X38.562 Y-32.251 Z-11.426
X38.787 Y-32.091 Z-11.566
X38.898 Y-32.009 Z-11.639
X39.012 Y-31.919 Z-11.719
X39.237 Y-31.73 Z-11.891
X39.322 Y-31.656 Z-11.96
X39.462 Y-31.534 Z-12.075
X39.573 Y-31.431 Z-12.173
X39.687 Y-31.324 Z-12.278
X39.803 Y-31.206 Z-12.392
X40.019 Y-30.98 Z-12.62
X40.136 Y-30.857 Z-12.75
X40.227 Y-30.755 Z-12.859
X40.361 Y-30.603 Z-13.027
X40.425 Y-30.53 Z-13.11
X40.586 Y-30.331 Z-13.339
X40.7 Y-30.192 Z-13.507
X40.811 Y-30.058 Z-13.677
X40.874 Y-29.978 Z-13.78
X41.036 Y-29.767 Z-14.061
X41.142 Y-29.629 Z-14.256
X41.261 Y-29.469 Z-14.488
X41.393 Y-29.291 Z-14.759
X41.486 Y-29.169 Z-14.952
X41.564 Y-29.066 Z-15.122
X41.645 Y-28.953 Z-15.312
X41.71 Y-28.865 Z-15.468
X41.817 Y-28.728 Z-15.727
X41.903 Y-28.62 Z-15.939
X41.999 Y-28.503 Z-16.188
X42.07 Y-28.419 Z-16.375
X42.072 Y-28.39 Z-16.378
X42.083 Y-28.053 Z-16.371
Y-27.827
X42.072 Y-27.49 Z-16.378
X42.07 Y-27.461 Z-16.376
X41.999 Y-27.377 Z-16.189
X41.903 Y-27.259 Z-15.939
X41.817 Y-27.152 Z-15.727
X41.71 Y-27.015 Z-15.468
X41.645 Y-26.927 Z-15.312
X41.563 Y-26.814 Z-15.121
X41.478 Y-26.701 Z-14.934
X41.31 Y-26.476 Z-14.587
X41.261 Y-26.411 Z-14.488
X41.143 Y-26.251 Z-14.256
X41.036 Y-26.113 Z-14.061
X40.883 Y-25.913 Z-13.794
X40.794 Y-25.8 Z-13.649
X40.7 Y-25.688 Z-13.507
X40.586 Y-25.549 Z-13.339
X40.424 Y-25.35 Z-13.109
X40.361 Y-25.277 Z-13.027
X40.227 Y-25.125 Z-12.859
X40.136 Y-25.023 Z-12.751
X40.018 Y-24.9 Z-12.62
X39.803 Y-24.674 Z-12.392
X39.687 Y-24.556 Z-12.278
X39.573 Y-24.449 Z-12.173
X39.462 Y-24.346 Z-12.075
X39.322 Y-24.224 Z-11.96
X39.237 Y-24.15 Z-11.891
X39.012 Y-23.961 Z-11.719
X38.898 Y-23.871 Z-11.639
X38.766 Y-23.774 Z-11.552
X38.562 Y-23.629 Z-11.426
X38.448 Y-23.548 Z-11.358
X38.338 Y-23.475 Z-11.297
X38.098 Y-23.323 Z-11.175
X37.888 Y-23.202 Z-11.081
X37.663 Y-23.077 Z-10.986
X37.438 Y-22.963 Z-10.898
X37.213 Y-22.864 Z-10.816
X36.988 Y-22.771 Z-10.739
X36.763 Y-22.685 Z-10.668
X36.659 Y-22.648 Z-10.638
X36.539 Y-22.608 Z-10.606
X36.314 Y-22.542 Z-10.554
X36.089 Y-22.477 Z-10.506
X35.864 Y-22.422 Z-10.467
X35.639 Y-22.376 Z-10.435
X35.414 Y-22.336 Z-10.409
X35.189 Y-22.3 Z-10.387
X34.965 Y-22.275 Z-10.372
X34.74 Y-22.259 Z-10.362
X34.515 Y-22.247 Z-10.354
X34.29 Y-22.241 Z-10.351
X34.065 Y-22.247 Z-10.354
X33.84 Y-22.259 Z-10.362
X33.615 Y-22.275 Z-10.372
X33.391 Y-22.3 Z-10.387
X33.166 Y-22.336 Z-10.409
X33.031 Y-22.36 Z-10.425
X32.935 Y-22.375 Z-10.441
X32.84 Y-22.389 Z-10.464
X32.747 Y-22.403 Z-10.495
X32.656 Y-22.416 Z-10.531
X32.477 Y-22.44 Z-10.617
X32.304 Y-22.465 Z-10.714
X32.132 Y-22.492 Z-10.815
X31.96 Y-22.526 Z-10.913
X31.786 Y-22.572 Z-11.
X31.697 Y-22.599 Z-11.037
X31.608 Y-22.633 Z-11.068
X31.367 Y-22.731 Z-11.151
X31.142 Y-22.826 Z-11.231
X31.044 Y-22.873 Z-11.268
X30.917 Y-22.937 Z-11.317
X30.692 Y-23.058 Z-11.41
X30.467 Y-23.186 Z-11.511
X30.239 Y-23.323 Z-11.624
X30.018 Y-23.469 Z-11.75
X29.793 Y-23.626 Z-11.888
X29.568 Y-23.791 Z-12.039
X29.461 Y-23.874 Z-12.116
X29.311 Y-23.999 Z-12.23
X29.046 Y-24.224 Z-12.446
X28.801 Y-24.449 Z-12.667
X28.668 Y-24.579 Z-12.799
X28.576 Y-24.674 Z-12.896
X28.356 Y-24.9 Z-13.138
X28.219 Y-25.047 Z-13.302
X28.149 Y-25.125 Z-13.39
X27.994 Y-25.299 Z-13.594
X27.951 Y-25.35 Z-13.655
X27.85 Y-25.47 Z-13.804
X27.665 Y-25.688 Z-14.086
X27.544 Y-25.833 Z-14.282
X27.48 Y-25.913 Z-14.393
X27.319 Y-26.113 Z-14.683
X27.21 Y-26.251 Z-14.893
X27.094 Y-26.401 Z-15.126
X26.945 Y-26.589 Z-15.44
X26.854 Y-26.701 Z-15.636
X26.761 Y-26.814 Z-15.847
X26.645 Y-26.957 Z-16.13
X26.584 Y-27.028 Z-16.279
X26.474 Y-27.152 Z-16.552
X26.42 Y-27.21 Z-16.687
X26.405 Y-27.237 Z-16.722
X26.396 Y-27.377 Z-16.717
X26.38 Y-27.827 Z-16.708
Y-28.053
X26.396 Y-28.503 Z-16.717
X26.406 Y-28.655 Z-16.723
X26.474 Y-28.728 Z-16.552
X26.584 Y-28.852 Z-16.279
X26.67 Y-28.953 Z-16.068
X26.761 Y-29.066 Z-15.847
X26.87 Y-29.198 Z-15.602
X26.945 Y-29.291 Z-15.441
X27.094 Y-29.48 Z-15.126
X27.21 Y-29.629 Z-14.893
X27.319 Y-29.767 Z-14.683
X27.489 Y-29.978 Z-14.378
X27.57 Y-30.08 Z-14.237
X27.665 Y-30.192 Z-14.086
X27.769 Y-30.314 Z-13.927
X27.856 Y-30.417 Z-13.795
X27.951 Y-30.53 Z-13.655
X27.994 Y-30.581 Z-13.594
X28.149 Y-30.755 Z-13.39
X28.219 Y-30.833 Z-13.302
X28.356 Y-30.98 Z-13.138
X28.576 Y-31.206 Z-12.896
X28.668 Y-31.301 Z-12.799
X28.801 Y-31.431 Z-12.667
X29.047 Y-31.656 Z-12.445
X29.31 Y-31.881 Z-12.231
X29.461 Y-32.006 Z-12.115
X29.591 Y-32.106 Z-12.023
X29.793 Y-32.254 Z-11.888
X30.018 Y-32.411 Z-11.75
X30.242 Y-32.559 Z-11.623
X30.467 Y-32.694 Z-11.511
X30.692 Y-32.822 Z-11.41
X30.917 Y-32.943 Z-11.317
X31.044 Y-33.007 Z-11.268
X31.142 Y-33.054 Z-11.231
X31.367 Y-33.149 Z-11.151
X31.592 Y-33.241 Z-11.073
X31.817 Y-33.324 Z-11.003
X32.041 Y-33.398 Z-10.942
X32.266 Y-33.463 Z-10.889
X32.491 Y-33.527 Z-10.841
X32.716 Y-33.58 Z-10.803
X32.941 Y-33.624 Z-10.771
X33.166 Y-33.663 Z-10.745
X33.391 Y-33.698 Z-10.723
X33.615 Y-33.722 Z-10.707
X33.84 Y-33.738 Z-10.698
X34.065 Y-33.751 Z-10.69
X34.29 Y-33.756 Z-10.687
X34.515 Y-33.751 Z-10.69
X34.74 Y-33.738 Z-10.698
X34.965 Y-33.722 Z-10.707
X35.189 Y-33.698 Z-10.723
X35.414 Y-33.663 Z-10.745
X35.639 Y-33.624 Z-10.771
X35.864 Y-33.58 Z-10.803
X36.089 Y-33.526 Z-10.841
X36.331 Y-33.458 Z-10.893
X36.539 Y-33.398 Z-10.942
X36.763 Y-33.324 Z-11.003
X37.01 Y-33.232 Z-11.08
X37.213 Y-33.149 Z-11.151
X37.438 Y-33.054 Z-11.231
X37.536 Y-33.007 Z-11.268
X37.663 Y-32.943 Z-11.317
X37.888 Y-32.821 Z-11.41
X38.113 Y-32.694 Z-11.511
X38.341 Y-32.557 Z-11.624
X38.562 Y-32.411 Z-11.75
X38.787 Y-32.254 Z-11.888
X39.012 Y-32.089 Z-12.038
X39.119 Y-32.006 Z-12.116
X39.27 Y-31.881 Z-12.231
X39.534 Y-31.656 Z-12.446
X39.779 Y-31.431 Z-12.667
X39.912 Y-31.301 Z-12.799
X40.004 Y-31.206 Z-12.896
X40.224 Y-30.98 Z-13.138
X40.361 Y-30.833 Z-13.302
X40.431 Y-30.755 Z-13.39
X40.586 Y-30.581 Z-13.594
X40.629 Y-30.53 Z-13.654
X40.819 Y-30.305 Z-13.938
X40.915 Y-30.192 Z-14.086
X41.036 Y-30.047 Z-14.281
X41.19 Y-29.854 Z-14.555
X41.261 Y-29.767 Z-14.683
X41.37 Y-29.629 Z-14.892
X41.486 Y-29.479 Z-15.125
X41.634 Y-29.291 Z-15.438
X41.71 Y-29.197 Z-15.601
X41.819 Y-29.066 Z-15.847
X41.935 Y-28.923 Z-16.13
X42.051 Y-28.79 Z-16.415
X42.107 Y-28.728 Z-16.553
X42.174 Y-28.655 Z-16.723
X42.184 Y-28.503 Z-16.717
X42.2 Y-28.053 Z-16.708
Y-27.827
X42.184 Y-27.377 Z-16.717
X42.175 Y-27.237 Z-16.722
X42.16 Y-27.21 Z-16.687
X42.107 Y-27.152 Z-16.553
X41.996 Y-27.028 Z-16.28
X41.91 Y-26.927 Z-16.068
X41.819 Y-26.814 Z-15.847
X41.71 Y-26.683 Z-15.601
X41.634 Y-26.589 Z-15.438
X41.486 Y-26.401 Z-15.125
X41.37 Y-26.251 Z-14.892
X41.261 Y-26.113 Z-14.683
X41.19 Y-26.026 Z-14.555
X41.036 Y-25.833 Z-14.282
X40.915 Y-25.688 Z-14.086
X40.73 Y-25.47 Z-13.804
X40.629 Y-25.35 Z-13.654
X40.586 Y-25.299 Z-13.594
X40.431 Y-25.125 Z-13.39
X40.361 Y-25.047 Z-13.302
X40.224 Y-24.9 Z-13.138
X40.004 Y-24.674 Z-12.896
X39.912 Y-24.579 Z-12.799
X39.779 Y-24.449 Z-12.667
X39.534 Y-24.224 Z-12.446
X39.27 Y-23.999 Z-12.231
X39.119 Y-23.874 Z-12.116
X38.989 Y-23.774 Z-12.023
X38.787 Y-23.626 Z-11.888
X38.562 Y-23.469 Z-11.75
X38.338 Y-23.321 Z-11.623
X38.113 Y-23.186 Z-11.511
X37.888 Y-23.059 Z-11.41
X37.663 Y-22.937 Z-11.317
X37.536 Y-22.873 Z-11.268
X37.438 Y-22.826 Z-11.231
X37.213 Y-22.731 Z-11.151
X36.988 Y-22.639 Z-11.073
X36.763 Y-22.556 Z-11.003
X36.539 Y-22.482 Z-10.942
X36.314 Y-22.418 Z-10.889
X36.089 Y-22.354 Z-10.841
X35.864 Y-22.3 Z-10.803
X35.639 Y-22.256 Z-10.771
X35.414 Y-22.217 Z-10.745
X35.189 Y-22.182 Z-10.723
X34.965 Y-22.158 Z-10.708
X34.74 Y-22.142 Z-10.698
X34.515 Y-22.129 Z-10.69
X34.29 Y-22.124 Z-10.687
X34.065 Y-22.129 Z-10.69
X33.84 Y-22.142 Z-10.698
X33.615 Y-22.158 Z-10.708
X33.391 Y-22.182 Z-10.723
X33.166 Y-22.217 Z-10.745
X32.941 Y-22.256 Z-10.771
X32.716 Y-22.3 Z-10.803
X32.491 Y-22.354 Z-10.841
X32.249 Y-22.422 Z-10.893
X32.041 Y-22.482 Z-10.942
X31.817 Y-22.556 Z-11.003
X31.608 Y-22.633 Z-11.068
X31.434 Y-22.694 Z-11.138
X31.35 Y-22.721 Z-11.183
X31.268 Y-22.747 Z-11.232
X31.11 Y-22.797 Z-11.341
X30.957 Y-22.845 Z-11.46
X30.807 Y-22.897 Z-11.581
X30.656 Y-22.956 Z-11.7
X30.504 Y-23.025 Z-11.808
X30.427 Y-23.065 Z-11.855
X30.348 Y-23.109 Z-11.898
X30.242 Y-23.17 Z-11.951
X30.003 Y-23.323 Z-12.085
X29.793 Y-23.465 Z-12.213
X29.673 Y-23.548 Z-12.29
X29.568 Y-23.625 Z-12.361
X29.37 Y-23.774 Z-12.501
X29.118 Y-23.98 Z-12.699
X28.893 Y-24.172 Z-12.89
X28.837 Y-24.224 Z-12.941
X28.668 Y-24.378 Z-13.099
X28.593 Y-24.449 Z-13.173
X28.369 Y-24.674 Z-13.415
X28.219 Y-24.825 Z-13.586
X28.147 Y-24.9 Z-13.67
X27.939 Y-25.125 Z-13.94
X27.864 Y-25.205 Z-14.042
X27.737 Y-25.35 Z-14.228
X27.64 Y-25.463 Z-14.377
X27.541 Y-25.575 Z-14.531
X27.441 Y-25.688 Z-14.691
X27.319 Y-25.832 Z-14.903
X27.157 Y-26.026 Z-15.2
X27.094 Y-26.1 Z-15.317
X26.97 Y-26.251 Z-15.566
X26.87 Y-26.372 Z-15.775
X26.78 Y-26.476 Z-15.969
X26.68 Y-26.589 Z-16.188
X26.576 Y-26.701 Z-16.421
X26.473 Y-26.814 Z-16.668
X26.42 Y-26.872 Z-16.8
X26.333 Y-26.961 Z-17.016
X26.309 Y-27. Z-17.073
X26.295 Y-27.152 Z-17.063
X26.279 Y-27.377 Z-17.053
X26.263 Y-27.827 Z-17.044
Y-28.053
X26.279 Y-28.503 Z-17.053
X26.295 Y-28.728 Z-17.063
X26.309 Y-28.88 Z-17.073
X26.333 Y-28.919 Z-17.017
X26.42 Y-29.008 Z-16.8
X26.519 Y-29.117 Z-16.555
X26.576 Y-29.179 Z-16.421
X26.68 Y-29.291 Z-16.188
X26.78 Y-29.404 Z-15.969
X26.87 Y-29.508 Z-15.775
X26.969 Y-29.629 Z-15.567
X27.094 Y-29.78 Z-15.317
X27.252 Y-29.967 Z-15.025
X27.345 Y-30.08 Z-14.856
X27.441 Y-30.192 Z-14.691
X27.544 Y-30.308 Z-14.527
X27.64 Y-30.417 Z-14.377
X27.769 Y-30.567 Z-14.18
X27.834 Y-30.641 Z-14.085
X27.939 Y-30.755 Z-13.94
X28.147 Y-30.98 Z-13.67
X28.219 Y-31.055 Z-13.586
X28.369 Y-31.206 Z-13.415
X28.594 Y-31.431 Z-13.172
X28.668 Y-31.502 Z-13.098
X28.837 Y-31.656 Z-12.941
X28.893 Y-31.707 Z-12.89
X29.118 Y-31.9 Z-12.699
X29.37 Y-32.106 Z-12.501
X29.568 Y-32.255 Z-12.361
X29.673 Y-32.332 Z-12.29
X29.793 Y-32.415 Z-12.213
X30.018 Y-32.566 Z-12.076
X30.242 Y-32.71 Z-11.95
X30.467 Y-32.84 Z-11.84
X30.692 Y-32.965 Z-11.74
X30.77 Y-33.007 Z-11.707
X30.917 Y-33.082 Z-11.649
X31.142 Y-33.189 Z-11.565
X31.367 Y-33.282 Z-11.486
X31.592 Y-33.373 Z-11.408
X31.832 Y-33.458 Z-11.334
X32.041 Y-33.523 Z-11.278
X32.266 Y-33.587 Z-11.225
X32.491 Y-33.649 Z-11.177
X32.716 Y-33.701 Z-11.138
X32.941 Y-33.744 Z-11.107
X33.166 Y-33.783 Z-11.08
X33.391 Y-33.817 Z-11.059
X33.615 Y-33.84 Z-11.044
X33.84 Y-33.856 Z-11.034
X34.065 Y-33.868 Z-11.027
X34.29 Y-33.873 Z-11.023
X34.515 Y-33.868 Z-11.027
X34.74 Y-33.856 Z-11.034
X34.965 Y-33.84 Z-11.044
X35.189 Y-33.817 Z-11.059
X35.414 Y-33.783 Z-11.08
X35.639 Y-33.744 Z-11.107
X35.864 Y-33.701 Z-11.138
X36.089 Y-33.649 Z-11.177
X36.314 Y-33.587 Z-11.224
X36.539 Y-33.523 Z-11.277
X36.763 Y-33.452 Z-11.338
X36.988 Y-33.373 Z-11.408
X37.334 Y-33.232 Z-11.528
X37.438 Y-33.188 Z-11.565
X37.663 Y-33.082 Z-11.649
X37.81 Y-33.007 Z-11.707
X37.888 Y-32.965 Z-11.74
X38.113 Y-32.84 Z-11.84
X38.338 Y-32.71 Z-11.951
X38.577 Y-32.557 Z-12.084
X38.787 Y-32.415 Z-12.213
X38.907 Y-32.332 Z-12.29
X39.012 Y-32.255 Z-12.361
X39.21 Y-32.106 Z-12.501
X39.462 Y-31.9 Z-12.699
X39.687 Y-31.707 Z-12.89
X39.743 Y-31.656 Z-12.941
X39.912 Y-31.502 Z-13.098
X39.986 Y-31.431 Z-13.172
X40.211 Y-31.206 Z-13.416
X40.361 Y-31.055 Z-13.586
X40.433 Y-30.98 Z-13.671
X40.586 Y-30.814 Z-13.867
X40.641 Y-30.755 Z-13.939
X40.746 Y-30.641 Z-14.084
X40.843 Y-30.53 Z-14.228
X40.94 Y-30.417 Z-14.377
X41.039 Y-30.305 Z-14.531
X41.139 Y-30.192 Z-14.691
X41.261 Y-30.048 Z-14.902
X41.423 Y-29.854 Z-15.199
X41.486 Y-29.779 Z-15.316
X41.61 Y-29.629 Z-15.565
X41.71 Y-29.508 Z-15.775
X41.8 Y-29.404 Z-15.968
X41.9 Y-29.291 Z-16.187
X42.004 Y-29.179 Z-16.421
X42.118 Y-29.055 Z-16.695
X42.16 Y-29.009 Z-16.8
X42.268 Y-28.9 Z-17.07
X42.271 Y-28.88 Z-17.073
X42.285 Y-28.728 Z-17.063
X42.301 Y-28.503 Z-17.053
X42.318 Y-28.053 Z-17.044
Y-27.827
X42.301 Y-27.377 Z-17.053
X42.285 Y-27.152 Z-17.063
X42.271 Y-27. Z-17.073
X42.267 Y-26.98 Z-17.069
X42.16 Y-26.871 Z-16.8
X42.107 Y-26.814 Z-16.669
X42.004 Y-26.701 Z-16.422
X41.9 Y-26.589 Z-16.188
X41.8 Y-26.476 Z-15.968
X41.71 Y-26.372 Z-15.775
X41.61 Y-26.251 Z-15.565
X41.486 Y-26.101 Z-15.316
X41.328 Y-25.913 Z-15.026
X41.235 Y-25.8 Z-14.856
X41.139 Y-25.688 Z-14.691
X41.036 Y-25.572 Z-14.527
X40.94 Y-25.463 Z-14.377
X40.811 Y-25.313 Z-14.18
X40.716 Y-25.205 Z-14.041
X40.641 Y-25.125 Z-13.939
X40.586 Y-25.066 Z-13.867
X40.433 Y-24.9 Z-13.67
X40.361 Y-24.825 Z-13.586
X40.211 Y-24.674 Z-13.416
X39.986 Y-24.449 Z-13.172
X39.912 Y-24.378 Z-13.099
X39.743 Y-24.224 Z-12.941
X39.687 Y-24.173 Z-12.89
X39.462 Y-23.98 Z-12.699
X39.21 Y-23.774 Z-12.501
X39.012 Y-23.625 Z-12.361
X38.907 Y-23.548 Z-12.29
X38.787 Y-23.465 Z-12.213
X38.562 Y-23.314 Z-12.076
X38.338 Y-23.17 Z-11.951
X38.113 Y-23.04 Z-11.84
X37.888 Y-22.915 Z-11.74
X37.81 Y-22.873 Z-11.707
X37.663 Y-22.798 Z-11.649
X37.438 Y-22.692 Z-11.565
X37.213 Y-22.598 Z-11.486
X36.988 Y-22.507 Z-11.408
X36.748 Y-22.422 Z-11.334
X36.539 Y-22.357 Z-11.277
X36.314 Y-22.293 Z-11.224
X36.089 Y-22.231 Z-11.177
X35.864 Y-22.179 Z-11.138
X35.639 Y-22.136 Z-11.107
X35.414 Y-22.097 Z-11.08
X35.189 Y-22.063 Z-11.059
X34.965 Y-22.04 Z-11.044
X34.74 Y-22.024 Z-11.034
X34.515 Y-22.012 Z-11.027
X34.29 Y-22.007 Z-11.023
X34.065 Y-22.012 Z-11.027
X33.84 Y-22.024 Z-11.034
X33.615 Y-22.04 Z-11.044
X33.391 Y-22.063 Z-11.059
X33.166 Y-22.097 Z-11.08
X32.941 Y-22.136 Z-11.107
X32.716 Y-22.179 Z-11.138
X32.491 Y-22.231 Z-11.177
X32.266 Y-22.293 Z-11.224
X32.041 Y-22.357 Z-11.278
X31.817 Y-22.428 Z-11.338
X31.592 Y-22.507 Z-11.408
X31.246 Y-22.648 Z-11.528
X31.142 Y-22.691 Z-11.565
X30.917 Y-22.798 Z-11.649
X30.77 Y-22.873 Z-11.707
X30.692 Y-22.915 Z-11.74
X30.467 Y-23.04 Z-11.84
X30.348 Y-23.109 Z-11.898
X30.195 Y-23.192 Z-11.991
X30.122 Y-23.229 Z-12.046
X30.051 Y-23.263 Z-12.106
X29.913 Y-23.325 Z-12.237
X29.782 Y-23.383 Z-12.375
X29.654 Y-23.443 Z-12.517
X29.527 Y-23.51 Z-12.657
X29.398 Y-23.589 Z-12.787
X29.331 Y-23.634 Z-12.846
X29.265 Y-23.684 Z-12.901
X29.118 Y-23.802 Z-13.015
X29.017 Y-23.884 Z-13.098
X28.881 Y-23.999 Z-13.213
X28.789 Y-24.077 Z-13.294
X28.625 Y-24.224 Z-13.446
X28.444 Y-24.39 Z-13.629
X28.384 Y-24.449 Z-13.693
X28.156 Y-24.674 Z-13.95
X27.994 Y-24.836 Z-14.146
X27.933 Y-24.9 Z-14.225
X27.718 Y-25.125 Z-14.518
X27.644 Y-25.205 Z-14.625
X27.515 Y-25.35 Z-14.827
X27.413 Y-25.463 Z-14.99
X27.309 Y-25.575 Z-15.159
X27.206 Y-25.688 Z-15.331
X27.094 Y-25.818 Z-15.536
X27.011 Y-25.913 Z-15.693
X26.909 Y-26.026 Z-15.886
X26.807 Y-26.138 Z-16.09
X26.705 Y-26.251 Z-16.307
X26.601 Y-26.363 Z-16.538
X26.491 Y-26.476 Z-16.783
X26.42 Y-26.547 Z-16.945
X26.324 Y-26.638 Z-17.167
X26.255 Y-26.701 Z-17.332
X26.224 Y-26.729 Z-17.41
X26.215 Y-26.744 Z-17.428
X26.177 Y-27.152 Z-17.399
X26.161 Y-27.377 Z-17.389
X26.145 Y-27.827 Z-17.38
Y-28.053
X26.161 Y-28.503 Z-17.389
X26.177 Y-28.728 Z-17.399
X26.215 Y-29.136 Z-17.428
X26.223 Y-29.151 Z-17.412
X26.255 Y-29.179 Z-17.333
X26.324 Y-29.243 Z-17.167
X26.42 Y-29.333 Z-16.945
X26.491 Y-29.404 Z-16.783
X26.601 Y-29.517 Z-16.537
X26.705 Y-29.629 Z-16.307
X26.807 Y-29.742 Z-16.09
X26.909 Y-29.854 Z-15.887
X27.01 Y-29.967 Z-15.694
X27.109 Y-30.08 Z-15.509
X27.206 Y-30.192 Z-15.331
X27.319 Y-30.316 Z-15.141
X27.413 Y-30.417 Z-14.99
X27.544 Y-30.562 Z-14.781
X27.615 Y-30.643 Z-14.669
X27.718 Y-30.755 Z-14.517
X27.933 Y-30.98 Z-14.225
X27.994 Y-31.044 Z-14.146
X28.156 Y-31.206 Z-13.95
X28.384 Y-31.431 Z-13.693
X28.444 Y-31.49 Z-13.628
X28.625 Y-31.656 Z-13.446
X28.789 Y-31.803 Z-13.294
X28.893 Y-31.892 Z-13.202
X29.017 Y-31.996 Z-13.097
X29.153 Y-32.106 Z-12.987
X29.343 Y-32.257 Z-12.841
X29.568 Y-32.42 Z-12.684
X29.793 Y-32.575 Z-12.538
X30.018 Y-32.722 Z-12.403
X30.113 Y-32.782 Z-12.349
X30.242 Y-32.858 Z-12.28
X30.509 Y-33.007 Z-12.151
X30.692 Y-33.107 Z-12.07
X30.941 Y-33.232 Z-11.971
X31.142 Y-33.322 Z-11.899
X31.471 Y-33.458 Z-11.784
X31.592 Y-33.503 Z-11.743
X31.817 Y-33.581 Z-11.674
X32.041 Y-33.648 Z-11.614
X32.266 Y-33.712 Z-11.56
X32.491 Y-33.772 Z-11.512
X32.716 Y-33.822 Z-11.474
X32.941 Y-33.864 Z-11.442
X33.205 Y-33.908 Z-11.412
X33.391 Y-33.935 Z-11.395
X33.615 Y-33.958 Z-11.38
X33.84 Y-33.973 Z-11.37
X34.065 Y-33.985 Z-11.363
X34.29 Y-33.99 Z-11.359
X34.515 Y-33.985 Z-11.363
X34.74 Y-33.973 Z-11.37
X34.965 Y-33.958 Z-11.38
X35.189 Y-33.935 Z-11.395
X35.414 Y-33.902 Z-11.416
X35.639 Y-33.864 Z-11.442
X35.864 Y-33.822 Z-11.474
X36.089 Y-33.772 Z-11.512
X36.314 Y-33.712 Z-11.56
X36.539 Y-33.648 Z-11.613
X36.763 Y-33.58 Z-11.674
X36.988 Y-33.503 Z-11.743
X37.109 Y-33.458 Z-11.784
X37.438 Y-33.322 Z-11.899
X37.663 Y-33.22 Z-11.98
X37.888 Y-33.107 Z-12.07
X38.113 Y-32.984 Z-12.17
X38.338 Y-32.858 Z-12.28
X38.467 Y-32.782 Z-12.349
X38.562 Y-32.722 Z-12.403
X38.814 Y-32.557 Z-12.555
X39.012 Y-32.42 Z-12.684
X39.237 Y-32.257 Z-12.841
X39.462 Y-32.078 Z-13.015
X39.563 Y-31.996 Z-13.098
X39.699 Y-31.881 Z-13.213
X39.791 Y-31.803 Z-13.294
X39.955 Y-31.656 Z-13.446
X40.136 Y-31.49 Z-13.629
X40.196 Y-31.431 Z-13.693
X40.424 Y-31.206 Z-13.951
X40.586 Y-31.043 Z-14.145
X40.754 Y-30.868 Z-14.37
X40.862 Y-30.755 Z-14.517
X40.965 Y-30.643 Z-14.67
X41.065 Y-30.53 Z-14.827
X41.167 Y-30.417 Z-14.99
X41.271 Y-30.305 Z-15.158
X41.373 Y-30.192 Z-15.331
X41.486 Y-30.062 Z-15.535
X41.569 Y-29.967 Z-15.692
X41.67 Y-29.854 Z-15.885
X41.71 Y-29.81 Z-15.963
X41.772 Y-29.742 Z-16.09
X41.875 Y-29.629 Z-16.307
X41.979 Y-29.517 Z-16.538
X42.089 Y-29.404 Z-16.785
X42.16 Y-29.334 Z-16.945
X42.256 Y-29.244 Z-17.167
X42.326 Y-29.179 Z-17.336
X42.358 Y-29.151 Z-17.414
X42.365 Y-29.136 Z-17.428
X42.403 Y-28.728 Z-17.399
X42.419 Y-28.503 Z-17.389
X42.435 Y-28.053 Z-17.38
Y-27.827
X42.419 Y-27.377 Z-17.389
X42.403 Y-27.152 Z-17.399
X42.365 Y-26.744 Z-17.428
X42.358 Y-26.729 Z-17.413
X42.326 Y-26.701 Z-17.336
X42.256 Y-26.637 Z-17.167
X42.16 Y-26.546 Z-16.945
X42.089 Y-26.476 Z-16.785
X41.98 Y-26.363 Z-16.538
X41.875 Y-26.251 Z-16.307
X41.773 Y-26.138 Z-16.09
X41.71 Y-26.07 Z-15.963
X41.67 Y-26.026 Z-15.885
X41.569 Y-25.913 Z-15.691
X41.47 Y-25.8 Z-15.507
X41.373 Y-25.688 Z-15.33
X41.261 Y-25.564 Z-15.141
X41.167 Y-25.463 Z-14.99
X41.036 Y-25.317 Z-14.781
X40.936 Y-25.205 Z-14.626
X40.862 Y-25.125 Z-14.518
X40.647 Y-24.9 Z-14.225
X40.586 Y-24.837 Z-14.145
X40.424 Y-24.674 Z-13.95
X40.196 Y-24.449 Z-13.693
X40.136 Y-24.39 Z-13.629
X39.955 Y-24.224 Z-13.446
X39.791 Y-24.077 Z-13.294
X39.687 Y-23.988 Z-13.202
X39.563 Y-23.884 Z-13.098
X39.427 Y-23.774 Z-12.987
X39.237 Y-23.623 Z-12.841
X39.012 Y-23.46 Z-12.684
X38.787 Y-23.305 Z-12.538
X38.562 Y-23.158 Z-12.403
X38.467 Y-23.098 Z-12.349
X38.338 Y-23.022 Z-12.28
X38.071 Y-22.873 Z-12.151
X37.888 Y-22.773 Z-12.07
X37.638 Y-22.648 Z-11.971
X37.438 Y-22.558 Z-11.899
X37.109 Y-22.422 Z-11.784
X36.988 Y-22.377 Z-11.743
X36.763 Y-22.299 Z-11.674
X36.539 Y-22.232 Z-11.613
X36.314 Y-22.169 Z-11.56
X36.089 Y-22.108 Z-11.512
X35.864 Y-22.058 Z-11.474
X35.639 Y-22.016 Z-11.443
X35.375 Y-21.972 Z-11.412
X35.189 Y-21.945 Z-11.394
X34.965 Y-21.922 Z-11.38
X34.74 Y-21.907 Z-11.37
X34.515 Y-21.895 Z-11.363
X34.29 Y-21.89 Z-11.359
X34.065 Y-21.895 Z-11.363
X33.84 Y-21.907 Z-11.37
X33.615 Y-21.922 Z-11.38
X33.391 Y-21.945 Z-11.394
X33.166 Y-21.978 Z-11.416
X32.941 Y-22.016 Z-11.443
X32.716 Y-22.058 Z-11.474
X32.491 Y-22.108 Z-11.512
X32.266 Y-22.168 Z-11.56
X32.041 Y-22.232 Z-11.613
X31.817 Y-22.299 Z-11.674
X31.592 Y-22.377 Z-11.743
X31.471 Y-22.422 Z-11.784
X31.142 Y-22.558 Z-11.899
X30.917 Y-22.659 Z-11.981
X30.692 Y-22.773 Z-12.07
X30.467 Y-22.896 Z-12.171
X30.242 Y-23.022 Z-12.28
X30.113 Y-23.098 Z-12.349
X30.018 Y-23.158 Z-12.403
X29.766 Y-23.323 Z-12.555
X29.568 Y-23.46 Z-12.684
X29.343 Y-23.623 Z-12.841
X29.265 Y-23.684 Z-12.901
X29.136 Y-23.779 Z-13.016
X29.074 Y-23.82 Z-13.081
X29.013 Y-23.858 Z-13.15
X28.896 Y-23.924 Z-13.297
X28.785 Y-23.984 Z-13.451
X28.675 Y-24.045 Z-13.608
X28.565 Y-24.111 Z-13.762
X28.454 Y-24.19 Z-13.908
X28.397 Y-24.235 Z-13.976
X28.34 Y-24.286 Z-14.04
X28.303 Y-24.319 Z-14.079
X28.17 Y-24.449 Z-14.229
X28.071 Y-24.544 Z-14.345
X27.934 Y-24.674 Z-14.51
X27.769 Y-24.84 Z-14.726
X27.711 Y-24.9 Z-14.806
X27.608 Y-25.003 Z-14.95
X27.544 Y-25.068 Z-15.042
X27.489 Y-25.125 Z-15.124
X27.415 Y-25.205 Z-15.241
X27.279 Y-25.35 Z-15.461
X27.172 Y-25.463 Z-15.638
X27.064 Y-25.575 Z-15.82
X26.96 Y-25.688 Z-16.01
X26.855 Y-25.8 Z-16.211
X26.746 Y-25.913 Z-16.426
X26.632 Y-26.026 Z-16.655
X26.53 Y-26.128 Z-16.874
X26.403 Y-26.251 Z-17.157
X26.294 Y-26.352 Z-17.41
X26.195 Y-26.435 Z-17.641
X26.143 Y-26.476 Z-17.764
X26.13 Y-26.49 Z-17.794
X26.115 Y-26.589 Z-17.781
X26.102 Y-26.701 Z-17.768
X26.08 Y-26.927 Z-17.75
X26.059 Y-27.152 Z-17.735
X26.044 Y-27.377 Z-17.725
X26.028 Y-27.827 Z-17.716
Y-28.053
X26.044 Y-28.503 Z-17.725
X26.059 Y-28.728 Z-17.735
X26.08 Y-28.953 Z-17.75
X26.102 Y-29.179 Z-17.768
X26.123 Y-29.348 Z-17.788
X26.13 Y-29.39 Z-17.794
X26.142 Y-29.404 Z-17.766
X26.195 Y-29.446 Z-17.641
X26.294 Y-29.529 Z-17.41
X26.42 Y-29.645 Z-17.119
X26.529 Y-29.752 Z-16.875
X26.645 Y-29.867 Z-16.629
X26.746 Y-29.967 Z-16.426
X26.87 Y-30.095 Z-16.183
X26.959 Y-30.192 Z-16.011
X27.064 Y-30.305 Z-15.821
X27.172 Y-30.417 Z-15.638
X27.319 Y-30.572 Z-15.396
X27.389 Y-30.647 Z-15.282
X27.489 Y-30.755 Z-15.124
X27.544 Y-30.812 Z-15.041
X27.711 Y-30.98 Z-14.806
X27.769 Y-31.04 Z-14.726
X27.934 Y-31.206 Z-14.51
X28.071 Y-31.336 Z-14.345
X28.17 Y-31.431 Z-14.229
X28.303 Y-31.561 Z-14.079
X28.407 Y-31.656 Z-13.969
X28.668 Y-31.887 Z-13.714
X28.893 Y-32.075 Z-13.517
X29.118 Y-32.256 Z-13.332
X29.216 Y-32.332 Z-13.256
X29.343 Y-32.423 Z-13.164
X29.53 Y-32.557 Z-13.034
X29.793 Y-32.733 Z-12.865
X30.018 Y-32.876 Z-12.732
X30.248 Y-33.007 Z-12.609
X30.467 Y-33.128 Z-12.501
X30.692 Y-33.247 Z-12.402
X30.917 Y-33.358 Z-12.313
X31.147 Y-33.458 Z-12.232
X31.367 Y-33.548 Z-12.156
X31.592 Y-33.633 Z-12.08
X31.817 Y-33.708 Z-12.01
X32.041 Y-33.773 Z-11.95
X32.266 Y-33.836 Z-11.895
X32.491 Y-33.894 Z-11.848
X32.716 Y-33.943 Z-11.809
X32.941 Y-33.983 Z-11.778
X33.166 Y-34.021 Z-11.752
X33.391 Y-34.053 Z-11.73
X33.615 Y-34.076 Z-11.716
X33.84 Y-34.091 Z-11.706
X34.065 Y-34.102 Z-11.699
X34.29 Y-34.107 Z-11.695
X34.515 Y-34.102 Z-11.699
X34.74 Y-34.091 Z-11.706
X34.965 Y-34.076 Z-11.716
X35.189 Y-34.053 Z-11.73
X35.414 Y-34.021 Z-11.752
X35.639 Y-33.983 Z-11.778
X35.864 Y-33.943 Z-11.809
X36.089 Y-33.894 Z-11.848
X36.314 Y-33.836 Z-11.895
X36.539 Y-33.773 Z-11.95
X36.763 Y-33.708 Z-12.01
X36.988 Y-33.633 Z-12.08
X37.213 Y-33.548 Z-12.156
X37.438 Y-33.455 Z-12.233
X37.663 Y-33.358 Z-12.312
X37.917 Y-33.232 Z-12.414
X38.113 Y-33.128 Z-12.501
X38.338 Y-33.004 Z-12.611
X38.562 Y-32.876 Z-12.732
X38.787 Y-32.733 Z-12.865
X39.05 Y-32.557 Z-13.034
X39.237 Y-32.424 Z-13.164
X39.364 Y-32.332 Z-13.256
X39.462 Y-32.256 Z-13.332
X39.687 Y-32.075 Z-13.517
X39.918 Y-31.881 Z-13.719
X40.173 Y-31.656 Z-13.97
X40.276 Y-31.561 Z-14.079
X40.41 Y-31.431 Z-14.229
X40.509 Y-31.335 Z-14.344
X40.646 Y-31.206 Z-14.51
X40.811 Y-31.04 Z-14.726
X40.869 Y-30.98 Z-14.806
X40.972 Y-30.877 Z-14.95
X41.036 Y-30.812 Z-15.042
X41.091 Y-30.755 Z-15.124
X41.191 Y-30.646 Z-15.283
X41.3 Y-30.53 Z-15.461
X41.407 Y-30.417 Z-15.636
X41.515 Y-30.305 Z-15.819
X41.62 Y-30.192 Z-16.009
X41.725 Y-30.08 Z-16.211
X41.834 Y-29.967 Z-16.425
X41.948 Y-29.854 Z-16.655
X42.051 Y-29.751 Z-16.877
X42.177 Y-29.629 Z-17.159
X42.286 Y-29.53 Z-17.41
X42.385 Y-29.446 Z-17.642
X42.438 Y-29.404 Z-17.767
X42.45 Y-29.39 Z-17.794
X42.465 Y-29.291 Z-17.781
X42.478 Y-29.179 Z-17.768
X42.5 Y-28.953 Z-17.75
X42.521 Y-28.728 Z-17.735
X42.536 Y-28.503 Z-17.725
X42.552 Y-28.053 Z-17.716
Y-27.827
X42.536 Y-27.377 Z-17.725
X42.521 Y-27.152 Z-17.735
X42.5 Y-26.927 Z-17.75
X42.478 Y-26.701 Z-17.768
X42.457 Y-26.532 Z-17.788
X42.45 Y-26.49 Z-17.794
X42.438 Y-26.476 Z-17.767
X42.385 Y-26.434 Z-17.641
X42.286 Y-26.351 Z-17.41
X42.177 Y-26.251 Z-17.159
X42.051 Y-26.129 Z-16.877
X41.935 Y-26.013 Z-16.629
X41.834 Y-25.913 Z-16.426
X41.71 Y-25.785 Z-16.183
X41.62 Y-25.688 Z-16.009
X41.515 Y-25.575 Z-15.819
X41.407 Y-25.463 Z-15.636
X41.261 Y-25.307 Z-15.396
X41.165 Y-25.205 Z-15.241
X41.091 Y-25.125 Z-15.124
X41.036 Y-25.068 Z-15.042
X40.869 Y-24.9 Z-14.806
X40.811 Y-24.84 Z-14.726
X40.646 Y-24.674 Z-14.51
X40.509 Y-24.545 Z-14.344
X40.361 Y-24.402 Z-14.174
X40.276 Y-24.319 Z-14.079
X40.173 Y-24.224 Z-13.97
X39.912 Y-23.993 Z-13.714
X39.687 Y-23.805 Z-13.517
X39.462 Y-23.624 Z-13.332
X39.364 Y-23.548 Z-13.256
X39.237 Y-23.456 Z-13.164
X39.05 Y-23.323 Z-13.034
X38.787 Y-23.147 Z-12.865
X38.562 Y-23.004 Z-12.732
X38.333 Y-22.873 Z-12.609
X38.113 Y-22.752 Z-12.501
X37.916 Y-22.648 Z-12.413
X37.663 Y-22.522 Z-12.312
X37.433 Y-22.422 Z-12.231
X37.213 Y-22.332 Z-12.156
X36.988 Y-22.247 Z-12.08
X36.763 Y-22.172 Z-12.01
X36.539 Y-22.107 Z-11.949
X36.314 Y-22.044 Z-11.895
X36.089 Y-21.986 Z-11.848
X35.864 Y-21.937 Z-11.809
X35.639 Y-21.897 Z-11.778
X35.414 Y-21.859 Z-11.752
X35.189 Y-21.827 Z-11.73
X34.965 Y-21.804 Z-11.716
X34.74 Y-21.789 Z-11.706
X34.515 Y-21.778 Z-11.699
X34.29 Y-21.773 Z-11.695
X34.065 Y-21.778 Z-11.699
X33.84 Y-21.789 Z-11.706
X33.615 Y-21.804 Z-11.716
X33.391 Y-21.827 Z-11.73
X33.166 Y-21.859 Z-11.752
X32.941 Y-21.897 Z-11.778
X32.716 Y-21.937 Z-11.809
X32.491 Y-21.986 Z-11.848
X32.266 Y-22.044 Z-11.895
X32.041 Y-22.107 Z-11.95
X31.817 Y-22.172 Z-12.01
X31.592 Y-22.247 Z-12.08
X31.367 Y-22.332 Z-12.156
X31.142 Y-22.424 Z-12.234
X30.917 Y-22.522 Z-12.313
X30.663 Y-22.648 Z-12.414
X30.467 Y-22.752 Z-12.501
X30.242 Y-22.876 Z-12.611
X30.018 Y-23.004 Z-12.732
X29.793 Y-23.147 Z-12.866
X29.53 Y-23.323 Z-13.034
X29.318 Y-23.475 Z-13.183
X29.216 Y-23.548 Z-13.256
X29.118 Y-23.624 Z-13.332
X28.893 Y-23.805 Z-13.517
X28.662 Y-23.999 Z-13.72
X28.407 Y-24.224 Z-13.969
X28.34 Y-24.286 Z-14.04
X28.229 Y-24.379 Z-14.174
X28.175 Y-24.418 Z-14.247
X28.124 Y-24.453 Z-14.324
X28.025 Y-24.512 Z-14.487
X27.931 Y-24.563 Z-14.655
X27.838 Y-24.613 Z-14.826
X27.745 Y-24.669 Z-14.995
X27.651 Y-24.737 Z-15.158
X27.603 Y-24.778 Z-15.235
X27.553 Y-24.824 Z-15.309
X27.416 Y-24.957 Z-15.507
X27.319 Y-25.053 Z-15.654
X27.173 Y-25.205 Z-15.892
X27.03 Y-25.35 Z-16.133
X26.961 Y-25.419 Z-16.252
X26.87 Y-25.507 Z-16.413
X26.8 Y-25.575 Z-16.543
X26.721 Y-25.653 Z-16.698
X26.566 Y-25.8 Z-17.011
X26.494 Y-25.866 Z-17.16
X26.42 Y-25.932 Z-17.314
X26.31 Y-26.026 Z-17.552
X26.195 Y-26.121 Z-17.818
X26.139 Y-26.163 Z-17.952
X26.056 Y-26.223 Z-18.152
X26.045 Y-26.237 Z-18.175
X26.012 Y-26.476 Z-18.132
X25.984 Y-26.701 Z-18.104
X25.963 Y-26.927 Z-18.086
X25.942 Y-27.152 Z-18.071
X25.926 Y-27.377 Z-18.061
X25.911 Y-27.827 Z-18.052
Y-28.053
X25.926 Y-28.503 Z-18.061
X25.942 Y-28.728 Z-18.071
X25.97 Y-29.035 Z-18.093
X25.984 Y-29.179 Z-18.104
X26.012 Y-29.404 Z-18.132
X26.045 Y-29.643 Z-18.175
X26.056 Y-29.657 Z-18.152
X26.139 Y-29.717 Z-17.952
X26.195 Y-29.76 Z-17.818
X26.31 Y-29.854 Z-17.553
X26.42 Y-29.948 Z-17.314
X26.566 Y-30.08 Z-17.011
X26.721 Y-30.227 Z-16.698
X26.8 Y-30.305 Z-16.543
X26.87 Y-30.374 Z-16.413
X26.939 Y-30.441 Z-16.29
X27.03 Y-30.53 Z-16.134
X27.173 Y-30.675 Z-15.893
X27.319 Y-30.827 Z-15.654
X27.416 Y-30.922 Z-15.507
X27.599 Y-31.101 Z-15.244
X27.705 Y-31.206 Z-15.095
X27.769 Y-31.267 Z-15.012
X27.945 Y-31.431 Z-14.794
X28.082 Y-31.558 Z-14.629
X28.186 Y-31.656 Z-14.508
X28.315 Y-31.771 Z-14.372
X28.444 Y-31.882 Z-14.242
X28.557 Y-31.982 Z-14.131
X28.711 Y-32.106 Z-13.991
X28.991 Y-32.332 Z-13.753
X29.118 Y-32.429 Z-13.653
X29.343 Y-32.59 Z-13.488
X29.568 Y-32.743 Z-13.336
X29.626 Y-32.782 Z-13.298
X29.793 Y-32.888 Z-13.194
X29.985 Y-33.007 Z-13.08
X30.242 Y-33.151 Z-12.943
X30.467 Y-33.272 Z-12.832
X30.692 Y-33.386 Z-12.734
X30.839 Y-33.458 Z-12.675
X30.917 Y-33.493 Z-12.646
X31.142 Y-33.589 Z-12.568
X31.371 Y-33.683 Z-12.489
X31.592 Y-33.762 Z-12.416
X31.817 Y-33.835 Z-12.347
X32.077 Y-33.908 Z-12.277
X32.266 Y-33.961 Z-12.231
X32.491 Y-34.016 Z-12.184
X32.716 Y-34.064 Z-12.145
X32.941 Y-34.103 Z-12.114
X33.166 Y-34.14 Z-12.088
X33.391 Y-34.171 Z-12.066
X33.615 Y-34.193 Z-12.052
X33.84 Y-34.208 Z-12.042
X34.065 Y-34.219 Z-12.035
X34.29 Y-34.224 Z-12.032
X34.515 Y-34.219 Z-12.035
X34.74 Y-34.208 Z-12.042
X34.965 Y-34.193 Z-12.052
X35.189 Y-34.171 Z-12.066
X35.457 Y-34.133 Z-12.092
X35.639 Y-34.103 Z-12.114
X35.864 Y-34.064 Z-12.145
X36.089 Y-34.016 Z-12.184
X36.314 Y-33.961 Z-12.231
X36.539 Y-33.898 Z-12.286
X36.763 Y-33.835 Z-12.346
X36.988 Y-33.762 Z-12.416
X37.213 Y-33.681 Z-12.49
X37.438 Y-33.589 Z-12.567
X37.663 Y-33.493 Z-12.646
X37.741 Y-33.458 Z-12.675
X37.888 Y-33.386 Z-12.734
X38.113 Y-33.272 Z-12.832
X38.338 Y-33.151 Z-12.943
X38.595 Y-33.007 Z-13.08
X38.787 Y-32.888 Z-13.194
X38.954 Y-32.782 Z-13.298
X39.237 Y-32.59 Z-13.489
X39.462 Y-32.429 Z-13.653
X39.589 Y-32.332 Z-13.753
X39.87 Y-32.106 Z-13.991
X40.023 Y-31.982 Z-14.131
X40.138 Y-31.881 Z-14.244
X40.265 Y-31.772 Z-14.372
X40.394 Y-31.656 Z-14.508
X40.498 Y-31.558 Z-14.628
X40.699 Y-31.372 Z-14.871
X40.811 Y-31.267 Z-15.012
X40.875 Y-31.206 Z-15.096
X41.036 Y-31.047 Z-15.322
X41.164 Y-30.923 Z-15.506
X41.261 Y-30.827 Z-15.654
X41.407 Y-30.675 Z-15.892
X41.55 Y-30.53 Z-16.132
X41.619 Y-30.461 Z-16.251
X41.71 Y-30.373 Z-16.413
X41.78 Y-30.305 Z-16.543
X41.859 Y-30.227 Z-16.698
X42.014 Y-30.08 Z-17.011
X42.16 Y-29.949 Z-17.314
X42.271 Y-29.854 Z-17.556
X42.385 Y-29.76 Z-17.818
X42.436 Y-29.721 Z-17.94
X42.525 Y-29.657 Z-18.154
X42.535 Y-29.643 Z-18.175
X42.568 Y-29.404 Z-18.132
X42.596 Y-29.179 Z-18.104
X42.617 Y-28.953 Z-18.086
X42.638 Y-28.728 Z-18.071
X42.654 Y-28.503 Z-18.061
X42.669 Y-28.053 Z-18.052
Y-27.827
X42.654 Y-27.377 Z-18.061
X42.638 Y-27.152 Z-18.071
X42.61 Y-26.845 Z-18.093
X42.596 Y-26.701 Z-18.104
X42.568 Y-26.476 Z-18.132
X42.535 Y-26.237 Z-18.175
X42.525 Y-26.223 Z-18.154
X42.436 Y-26.159 Z-17.94
X42.385 Y-26.12 Z-17.818
X42.271 Y-26.026 Z-17.555
X42.16 Y-25.931 Z-17.314
X42.087 Y-25.866 Z-17.161
X42.014 Y-25.8 Z-17.012
X41.859 Y-25.653 Z-16.698
X41.781 Y-25.575 Z-16.543
X41.71 Y-25.507 Z-16.413
X41.619 Y-25.419 Z-16.252
X41.486 Y-25.286 Z-16.024
X41.407 Y-25.205 Z-15.892
X41.261 Y-25.053 Z-15.654
X41.164 Y-24.957 Z-15.506
X40.981 Y-24.779 Z-15.244
X40.875 Y-24.674 Z-15.096
X40.811 Y-24.613 Z-15.012
X40.635 Y-24.449 Z-14.794
X40.498 Y-24.322 Z-14.628
X40.394 Y-24.224 Z-14.508
X40.265 Y-24.108 Z-14.372
X40.136 Y-23.997 Z-14.242
X40.023 Y-23.898 Z-14.131
X39.87 Y-23.774 Z-13.991
X39.589 Y-23.548 Z-13.753
X39.462 Y-23.451 Z-13.653
X39.237 Y-23.29 Z-13.489
X38.954 Y-23.098 Z-13.298
X38.787 Y-22.992 Z-13.194
X38.595 Y-22.873 Z-13.08
X38.338 Y-22.729 Z-12.943
X38.113 Y-22.608 Z-12.832
X37.888 Y-22.494 Z-12.734
X37.741 Y-22.422 Z-12.675
X37.663 Y-22.387 Z-12.646
X37.438 Y-22.291 Z-12.567
X37.209 Y-22.197 Z-12.489
X36.988 Y-22.119 Z-12.416
X36.763 Y-22.045 Z-12.347
X36.502 Y-21.972 Z-12.277
X36.314 Y-21.919 Z-12.231
X36.089 Y-21.865 Z-12.184
X35.864 Y-21.816 Z-12.145
X35.639 Y-21.777 Z-12.114
X35.414 Y-21.74 Z-12.088
X35.189 Y-21.709 Z-12.066
X34.965 Y-21.687 Z-12.052
X34.74 Y-21.672 Z-12.042
X34.515 Y-21.661 Z-12.035
X34.29 Y-21.656 Z-12.032
X34.065 Y-21.661 Z-12.035
X33.84 Y-21.672 Z-12.042
X33.615 Y-21.687 Z-12.052
X33.391 Y-21.709 Z-12.066
X33.123 Y-21.747 Z-12.093
X32.941 Y-21.777 Z-12.114
X32.716 Y-21.816 Z-12.145
X32.491 Y-21.865 Z-12.184
X32.266 Y-21.919 Z-12.231
X32.041 Y-21.982 Z-12.286
X31.817 Y-22.045 Z-12.347
X31.592 Y-22.119 Z-12.416
X31.367 Y-22.199 Z-12.49
X31.142 Y-22.291 Z-12.568
X30.917 Y-22.387 Z-12.646
X30.839 Y-22.422 Z-12.675
X30.692 Y-22.494 Z-12.734
X30.467 Y-22.608 Z-12.832
X30.242 Y-22.729 Z-12.943
X29.985 Y-22.873 Z-13.081
X29.793 Y-22.992 Z-13.194
X29.626 Y-23.098 Z-13.298
X29.568 Y-23.137 Z-13.336
X29.343 Y-23.29 Z-13.488
X29.118 Y-23.451 Z-13.653
X28.991 Y-23.548 Z-13.753
X28.71 Y-23.774 Z-13.991
X28.557 Y-23.898 Z-14.131
X28.442 Y-23.999 Z-14.244
X28.315 Y-24.109 Z-14.372
X28.186 Y-24.224 Z-14.508
X28.082 Y-24.322 Z-14.629
X27.881 Y-24.508 Z-14.872
X27.769 Y-24.613 Z-15.012
X27.705 Y-24.674 Z-15.096
X27.553 Y-24.824 Z-15.309
X27.457 Y-24.907 Z-15.459
X27.411 Y-24.94 Z-15.54
X27.366 Y-24.969 Z-15.624
X27.281 Y-25.016 Z-15.797
X27.199 Y-25.054 Z-15.975
X27.118 Y-25.089 Z-16.155
X27.037 Y-25.128 Z-16.334
X26.953 Y-25.179 Z-16.509
X26.91 Y-25.21 Z-16.594
X26.867 Y-25.247 Z-16.676
X26.752 Y-25.35 Z-16.883
X26.645 Y-25.444 Z-17.082
X26.583 Y-25.499 Z-17.203
X26.497 Y-25.575 Z-17.378
X26.42 Y-25.642 Z-17.539
X26.324 Y-25.72 Z-17.744
X26.218 Y-25.8 Z-17.975
X26.195 Y-25.817 Z-18.025
X26.083 Y-25.891 Z-18.28
X25.97 Y-25.953 Z-18.551
X25.957 Y-25.964 Z-18.58
X25.95 Y-26.026 Z-18.562
X25.923 Y-26.251 Z-18.51
X25.893 Y-26.476 Z-18.469
X25.865 Y-26.701 Z-18.44
X25.845 Y-26.927 Z-18.422
X25.824 Y-27.152 Z-18.407
X25.809 Y-27.377 Z-18.397
X25.794 Y-27.827 Z-18.388
Y-28.053
X25.809 Y-28.503 Z-18.397
X25.824 Y-28.728 Z-18.407
X25.845 Y-28.953 Z-18.422
X25.865 Y-29.179 Z-18.44
X25.893 Y-29.404 Z-18.469
X25.923 Y-29.629 Z-18.51
X25.95 Y-29.854 Z-18.562
X25.957 Y-29.916 Z-18.58
X25.97 Y-29.927 Z-18.551
X26.083 Y-29.989 Z-18.28
X26.195 Y-30.063 Z-18.025
X26.324 Y-30.16 Z-17.744
X26.42 Y-30.238 Z-17.539
X26.497 Y-30.305 Z-17.378
X26.583 Y-30.381 Z-17.203
X26.661 Y-30.45 Z-17.052
X26.752 Y-30.53 Z-16.882
X26.87 Y-30.635 Z-16.67
X26.995 Y-30.755 Z-16.45
X27.094 Y-30.853 Z-16.282
X27.227 Y-30.98 Z-16.071
X27.319 Y-31.067 Z-15.932
X27.466 Y-31.206 Z-15.716
X27.544 Y-31.28 Z-15.604
X27.71 Y-31.431 Z-15.383
X27.882 Y-31.587 Z-15.169
X27.994 Y-31.689 Z-15.034
X28.082 Y-31.768 Z-14.93
X28.219 Y-31.884 Z-14.782
X28.444 Y-32.075 Z-14.553
X28.482 Y-32.106 Z-14.517
X28.668 Y-32.256 Z-14.346
X28.766 Y-32.332 Z-14.261
X28.893 Y-32.433 Z-14.153
X29.061 Y-32.557 Z-14.02
X29.343 Y-32.754 Z-13.815
X29.568 Y-32.903 Z-13.663
X29.793 Y-33.044 Z-13.523
X30.018 Y-33.174 Z-13.395
X30.242 Y-33.297 Z-13.275
X30.467 Y-33.415 Z-13.165
X30.692 Y-33.525 Z-13.066
X30.917 Y-33.627 Z-12.98
X31.142 Y-33.722 Z-12.902
X31.367 Y-33.813 Z-12.826
X31.643 Y-33.908 Z-12.737
X31.817 Y-33.962 Z-12.684
X32.041 Y-34.023 Z-12.623
X32.266 Y-34.085 Z-12.567
X32.491 Y-34.137 Z-12.521
X32.716 Y-34.184 Z-12.481
X32.941 Y-34.223 Z-12.45
X33.166 Y-34.259 Z-12.423
X33.391 Y-34.289 Z-12.403
X33.615 Y-34.311 Z-12.388
X33.84 Y-34.326 Z-12.378
X34.065 Y-34.336 Z-12.371
X34.29 Y-34.341 Z-12.368
X34.515 Y-34.336 Z-12.371
X34.74 Y-34.326 Z-12.378
X34.965 Y-34.311 Z-12.388
X35.189 Y-34.289 Z-12.403
X35.414 Y-34.259 Z-12.423
X35.639 Y-34.223 Z-12.45
X35.864 Y-34.184 Z-12.481
X36.106 Y-34.133 Z-12.524
X36.314 Y-34.085 Z-12.567
X36.539 Y-34.023 Z-12.622
X36.763 Y-33.961 Z-12.683
X36.936 Y-33.908 Z-12.736
X37.213 Y-33.813 Z-12.826
X37.531 Y-33.683 Z-12.933
X37.663 Y-33.627 Z-12.979
X37.888 Y-33.525 Z-13.066
X38.113 Y-33.415 Z-13.165
X38.338 Y-33.297 Z-13.275
X38.562 Y-33.174 Z-13.395
X38.787 Y-33.044 Z-13.523
X39.012 Y-32.903 Z-13.664
X39.237 Y-32.754 Z-13.815
X39.519 Y-32.557 Z-14.02
X39.687 Y-32.433 Z-14.153
X39.814 Y-32.332 Z-14.261
X39.912 Y-32.256 Z-14.347
X40.099 Y-32.106 Z-14.517
X40.265 Y-31.966 Z-14.683
X40.364 Y-31.881 Z-14.784
X40.452 Y-31.807 Z-14.878
X40.622 Y-31.656 Z-15.077
X40.698 Y-31.586 Z-15.169
X40.87 Y-31.431 Z-15.384
X41.036 Y-31.281 Z-15.605
X41.114 Y-31.206 Z-15.717
X41.261 Y-31.067 Z-15.932
X41.353 Y-30.98 Z-16.069
X41.486 Y-30.852 Z-16.281
X41.584 Y-30.755 Z-16.449
X41.71 Y-30.635 Z-16.67
X41.828 Y-30.53 Z-16.882
X41.935 Y-30.436 Z-17.082
X41.997 Y-30.381 Z-17.203
X42.084 Y-30.305 Z-17.38
X42.16 Y-30.239 Z-17.54
X42.256 Y-30.161 Z-17.744
X42.363 Y-30.08 Z-17.978
X42.497 Y-29.989 Z-18.28
X42.61 Y-29.926 Z-18.55
X42.624 Y-29.905 Z-18.577
X42.63 Y-29.854 Z-18.562
X42.657 Y-29.629 Z-18.51
X42.687 Y-29.404 Z-18.469
X42.715 Y-29.179 Z-18.44
X42.756 Y-28.728 Z-18.407
X42.771 Y-28.503 Z-18.397
X42.786 Y-28.053 Z-18.388
Y-27.827
X42.771 Y-27.377 Z-18.397
X42.756 Y-27.152 Z-18.407
X42.715 Y-26.701 Z-18.44
X42.687 Y-26.476 Z-18.469
X42.657 Y-26.251 Z-18.51
X42.63 Y-26.026 Z-18.562
X42.623 Y-25.964 Z-18.58
X42.61 Y-25.954 Z-18.551
X42.497 Y-25.891 Z-18.28
X42.363 Y-25.8 Z-17.978
X42.256 Y-25.719 Z-17.744
X42.16 Y-25.641 Z-17.54
X42.084 Y-25.575 Z-17.38
X41.997 Y-25.498 Z-17.203
X41.935 Y-25.444 Z-17.082
X41.828 Y-25.35 Z-16.883
X41.71 Y-25.245 Z-16.67
X41.584 Y-25.125 Z-16.449
X41.486 Y-25.028 Z-16.281
X41.353 Y-24.9 Z-16.069
X41.261 Y-24.814 Z-15.932
X41.114 Y-24.674 Z-15.717
X41.036 Y-24.599 Z-15.605
X40.87 Y-24.449 Z-15.384
X40.698 Y-24.294 Z-15.169
X40.586 Y-24.191 Z-15.034
X40.453 Y-24.073 Z-14.878
X40.361 Y-23.996 Z-14.782
X40.136 Y-23.804 Z-14.554
X40.099 Y-23.774 Z-14.517
X39.912 Y-23.624 Z-14.347
X39.814 Y-23.548 Z-14.261
X39.687 Y-23.447 Z-14.153
X39.519 Y-23.323 Z-14.02
X39.237 Y-23.126 Z-13.815
X39.012 Y-22.977 Z-13.664
X38.787 Y-22.836 Z-13.523
X38.562 Y-22.706 Z-13.395
X38.338 Y-22.583 Z-13.275
X38.113 Y-22.465 Z-13.165
X37.888 Y-22.355 Z-13.066
X37.663 Y-22.253 Z-12.979
X37.438 Y-22.158 Z-12.902
X37.213 Y-22.067 Z-12.826
X36.936 Y-21.972 Z-12.736
X36.763 Y-21.919 Z-12.683
X36.539 Y-21.857 Z-12.622
X36.314 Y-21.795 Z-12.566
X36.089 Y-21.743 Z-12.52
X35.864 Y-21.696 Z-12.481
X35.639 Y-21.657 Z-12.45
X35.414 Y-21.621 Z-12.424
X35.189 Y-21.591 Z-12.402
X34.965 Y-21.569 Z-12.388
X34.74 Y-21.554 Z-12.378
X34.515 Y-21.544 Z-12.371
X34.29 Y-21.539 Z-12.368
X34.065 Y-21.544 Z-12.371
X33.84 Y-21.554 Z-12.378
X33.615 Y-21.569 Z-12.388
X33.391 Y-21.591 Z-12.402
X33.166 Y-21.621 Z-12.424
X32.941 Y-21.657 Z-12.45
X32.716 Y-21.696 Z-12.481
X32.475 Y-21.747 Z-12.523
X32.266 Y-21.795 Z-12.566
X32.041 Y-21.857 Z-12.622
X31.817 Y-21.919 Z-12.683
X31.644 Y-21.972 Z-12.736
X31.367 Y-22.067 Z-12.826
X31.048 Y-22.197 Z-12.934
X30.917 Y-22.253 Z-12.98
X30.692 Y-22.355 Z-13.066
X30.467 Y-22.465 Z-13.165
X30.242 Y-22.583 Z-13.275
X30.018 Y-22.706 Z-13.395
X29.793 Y-22.836 Z-13.523
X29.568 Y-22.977 Z-13.663
X29.343 Y-23.126 Z-13.815
X29.061 Y-23.323 Z-14.021
X28.893 Y-23.447 Z-14.153
X28.766 Y-23.548 Z-14.261
X28.668 Y-23.624 Z-14.347
X28.482 Y-23.774 Z-14.517
X28.444 Y-23.805 Z-14.554
X28.216 Y-23.999 Z-14.785
X28.082 Y-24.112 Z-14.93
X27.958 Y-24.224 Z-15.078
X27.882 Y-24.294 Z-15.17
X27.71 Y-24.449 Z-15.383
X27.544 Y-24.599 Z-15.605
X27.466 Y-24.674 Z-15.717
X27.319 Y-24.813 Z-15.932
X27.227 Y-24.9 Z-16.07
X27.094 Y-25.028 Z-16.281
X26.996 Y-25.125 Z-16.45
X26.867 Y-25.247 Z-16.676
X26.781 Y-25.312 Z-16.841
X26.74 Y-25.334 Z-16.929
X26.701 Y-25.351 Z-17.018
X26.624 Y-25.374 Z-17.2
X26.551 Y-25.386 Z-17.385
X26.479 Y-25.396 Z-17.573
X26.406 Y-25.409 Z-17.76
X26.332 Y-25.434 Z-17.945
X26.294 Y-25.453 Z-18.035
X26.255 Y-25.478 Z-18.124
X26.195 Y-25.521 Z-18.256
X26.107 Y-25.575 Z-18.458
X26.021 Y-25.618 Z-18.661
X26.007 Y-25.62 Z-18.699
X25.653 Z-18.7
X25.622 Y-25.632
Y-30.248
X25.653 Y-30.26
X26.007 Z-18.699
X26.021 Y-30.262 Z-18.661
X26.107 Y-30.305 Z-18.458
X26.195 Y-30.359 Z-18.256
X26.307 Y-30.439 Z-18.008
X26.427 Y-30.53 Z-17.76
X26.532 Y-30.612 Z-17.556
X26.645 Y-30.703 Z-17.343
X26.808 Y-30.843 Z-17.043
X26.87 Y-30.897 Z-16.931
X26.962 Y-30.98 Z-16.77
X27.094 Y-31.099 Z-16.558
X27.214 Y-31.206 Z-16.375
X27.319 Y-31.303 Z-16.216
X27.461 Y-31.431 Z-16.013
X27.657 Y-31.6 Z-15.754
X27.769 Y-31.699 Z-15.61
X27.887 Y-31.804 Z-15.464
X27.994 Y-31.896 Z-15.34
X28.219 Y-32.079 Z-15.094
X28.251 Y-32.106 Z-15.06
X28.444 Y-32.262 Z-14.872
X28.532 Y-32.332 Z-14.788
X28.825 Y-32.557 Z-14.53
X28.893 Y-32.607 Z-14.475
X29.143 Y-32.782 Z-14.285
X29.343 Y-32.916 Z-14.143
X29.484 Y-33.007 Z-14.047
X29.568 Y-33.059 Z-13.993
X29.793 Y-33.198 Z-13.854
X29.853 Y-33.232 Z-13.819
X30.018 Y-33.322 Z-13.728
X30.272 Y-33.458 Z-13.594
X30.467 Y-33.555 Z-13.499
X30.692 Y-33.663 Z-13.4
X30.734 Y-33.683 Z-13.383
X30.917 Y-33.761 Z-13.314
X31.273 Y-33.908 Z-13.193
X31.367 Y-33.943 Z-13.162
X31.592 Y-34.02 Z-13.09
X31.817 Y-34.087 Z-13.021
X32.041 Y-34.148 Z-12.959
X32.266 Y-34.208 Z-12.903
X32.491 Y-34.259 Z-12.857
X32.716 Y-34.304 Z-12.817
X32.941 Y-34.343 Z-12.786
X33.166 Y-34.378 Z-12.759
X33.391 Y-34.407 Z-12.739
X33.615 Y-34.429 Z-12.724
X33.84 Y-34.443 Z-12.714
X34.065 Y-34.453 Z-12.708
X34.29 Y-34.458 Z-12.704
X34.515 Y-34.453 Z-12.708
X34.74 Y-34.443 Z-12.714
X34.965 Y-34.429 Z-12.724
X35.189 Y-34.407 Z-12.739
X35.414 Y-34.378 Z-12.759
X35.639 Y-34.343 Z-12.786
X35.864 Y-34.304 Z-12.817
X36.089 Y-34.259 Z-12.857
X36.314 Y-34.208 Z-12.903
X36.593 Y-34.133 Z-12.973
X36.763 Y-34.087 Z-13.021
X36.988 Y-34.02 Z-13.09
X37.213 Y-33.943 Z-13.162
X37.307 Y-33.908 Z-13.192
X37.438 Y-33.854 Z-13.236
X37.663 Y-33.761 Z-13.314
X37.846 Y-33.683 Z-13.383
X37.888 Y-33.663 Z-13.4
X38.113 Y-33.556 Z-13.499
X38.338 Y-33.442 Z-13.609
X38.562 Y-33.322 Z-13.728
X38.727 Y-33.232 Z-13.819
X38.787 Y-33.198 Z-13.854
X39.012 Y-33.059 Z-13.993
X39.096 Y-33.007 Z-14.047
X39.237 Y-32.916 Z-14.143
X39.462 Y-32.764 Z-14.304
X39.687 Y-32.607 Z-14.475
X39.755 Y-32.557 Z-14.53
X40.048 Y-32.332 Z-14.789
X40.136 Y-32.262 Z-14.872
X40.329 Y-32.106 Z-15.06
X40.361 Y-32.079 Z-15.094
X40.604 Y-31.881 Z-15.359
X40.693 Y-31.804 Z-15.464
X40.859 Y-31.656 Z-15.672
X41.036 Y-31.503 Z-15.902
X41.119 Y-31.431 Z-16.013
X41.261 Y-31.302 Z-16.216
X41.366 Y-31.206 Z-16.373
X41.486 Y-31.098 Z-16.557
X41.618 Y-30.98 Z-16.77
X41.71 Y-30.897 Z-16.931
X41.772 Y-30.843 Z-17.043
X41.935 Y-30.703 Z-17.344
X42.059 Y-30.603 Z-17.577
X42.16 Y-30.525 Z-17.775
X42.273 Y-30.44 Z-18.009
X42.385 Y-30.36 Z-18.256
X42.474 Y-30.305 Z-18.458
X42.554 Y-30.264 Z-18.648
X42.573 Y-30.26 Z-18.699
X42.575 Z-18.7
X42.927
X42.958 Y-30.248
Y-25.632
X42.927 Y-25.62
X42.575
X42.568 Z-18.684
X42.554 Y-25.616 Z-18.648
X42.474 Y-25.575 Z-18.458
X42.385 Y-25.52 Z-18.256
X42.273 Y-25.44 Z-18.009
X42.153 Y-25.35 Z-17.76
X42.059 Y-25.277 Z-17.577
X41.935 Y-25.176 Z-17.344
X41.772 Y-25.037 Z-17.043
X41.71 Y-24.983 Z-16.931
X41.618 Y-24.9 Z-16.77
X41.486 Y-24.782 Z-16.557
X41.366 Y-24.674 Z-16.373
X41.261 Y-24.578 Z-16.216
X41.119 Y-24.449 Z-16.013
X40.923 Y-24.28 Z-15.754
X40.811 Y-24.181 Z-15.611
X40.693 Y-24.076 Z-15.464
X40.586 Y-23.984 Z-15.34
X40.361 Y-23.801 Z-15.094
X40.329 Y-23.774 Z-15.06
X40.136 Y-23.618 Z-14.872
X40.048 Y-23.548 Z-14.789
X39.755 Y-23.323 Z-14.53
X39.687 Y-23.273 Z-14.475
X39.437 Y-23.098 Z-14.285
X39.237 Y-22.964 Z-14.143
X39.096 Y-22.873 Z-14.047
X39.012 Y-22.821 Z-13.993
X38.787 Y-22.682 Z-13.854
X38.727 Y-22.648 Z-13.819
X38.562 Y-22.558 Z-13.728
X38.308 Y-22.422 Z-13.594
X38.113 Y-22.324 Z-13.499
X37.888 Y-22.217 Z-13.4
X37.846 Y-22.197 Z-13.383
X37.663 Y-22.119 Z-13.314
X37.438 Y-22.026 Z-13.236
X37.307 Y-21.972 Z-13.192
X37.213 Y-21.937 Z-13.162
X36.988 Y-21.86 Z-13.09
X36.763 Y-21.793 Z-13.021
X36.539 Y-21.732 Z-12.959
X36.314 Y-21.672 Z-12.902
X36.089 Y-21.622 Z-12.856
X35.864 Y-21.576 Z-12.817
X35.639 Y-21.537 Z-12.786
X35.414 Y-21.502 Z-12.759
X35.189 Y-21.473 Z-12.738
X34.965 Y-21.451 Z-12.724
X34.74 Y-21.437 Z-12.714
X34.515 Y-21.427 Z-12.708
X34.29 Y-21.422 Z-12.704
X34.065 Y-21.427 Z-12.708
X33.84 Y-21.437 Z-12.714
X33.615 Y-21.451 Z-12.724
X33.391 Y-21.473 Z-12.738
X33.166 Y-21.502 Z-12.759
X32.941 Y-21.537 Z-12.786
X32.716 Y-21.576 Z-12.817
X32.491 Y-21.622 Z-12.856
X32.266 Y-21.672 Z-12.903
X31.987 Y-21.747 Z-12.973
X31.817 Y-21.793 Z-13.021
X31.592 Y-21.86 Z-13.09
X31.367 Y-21.937 Z-13.162
X31.273 Y-21.972 Z-13.192
X30.917 Y-22.119 Z-13.314
X30.734 Y-22.197 Z-13.383
X30.692 Y-22.217 Z-13.4
X30.467 Y-22.324 Z-13.499
X30.242 Y-22.438 Z-13.609
X30.018 Y-22.558 Z-13.728
X29.853 Y-22.648 Z-13.819
X29.793 Y-22.682 Z-13.854
X29.568 Y-22.821 Z-13.993
X29.484 Y-22.873 Z-14.047
X29.343 Y-22.963 Z-14.143
X29.118 Y-23.116 Z-14.304
X28.893 Y-23.273 Z-14.475
X28.825 Y-23.323 Z-14.53
X28.532 Y-23.548 Z-14.788
X28.444 Y-23.618 Z-14.872
X28.251 Y-23.774 Z-15.06
X28.219 Y-23.801 Z-15.094
X27.976 Y-23.999 Z-15.36
X27.887 Y-24.076 Z-15.464
X27.721 Y-24.224 Z-15.671
X27.544 Y-24.377 Z-15.902
X27.461 Y-24.449 Z-16.013
X27.319 Y-24.577 Z-16.216
X27.214 Y-24.674 Z-16.374
X27.094 Y-24.782 Z-16.557
X26.962 Y-24.9 Z-16.77
X26.87 Y-24.983 Z-16.931
X26.706 Y-25.125 Z-17.23
X26.645 Y-25.177 Z-17.344
X26.532 Y-25.268 Z-17.556
X26.42 Y-25.356 Z-17.774
X26.307 Y-25.441 Z-18.008
X26.255 Y-25.478 Z-18.124
X26.233 Y-25.49 Z-18.169
X26.207 Y-25.496 Z-18.213
X26.188 Y-25.497 Z-18.241
X26.147 Y-25.494 Z-18.297
X26.104 Y-25.485 Z-18.35
X26.056 Y-25.47 Z-18.4
X26.006 Y-25.452 Z-18.446
X25.954 Y-25.431 Z-18.489
X25.9 Y-25.409 Z-18.528
X25.842 Y-25.384 Z-18.565
X25.783 Y-25.359 Z-18.598
X25.721 Y-25.335 Z-18.626
X25.657 Y-25.313 Z-18.651
X25.592 Y-25.294 Z-18.672
X25.524 Y-25.278 Z-18.687
X25.455 Y-25.268 Z-18.697
X25.419 Y-25.265 Z-18.699
X25.384 Y-25.264 Z-18.7
X25.295
X25.266 Y-25.276
Y-30.604
X25.295 Y-30.616
X26.111 Z-18.699
X26.139 Y-30.623 Z-18.629
X26.195 Y-30.653 Z-18.506
X26.257 Y-30.689 Z-18.375
X26.359 Y-30.755 Z-18.164
X26.42 Y-30.798 Z-18.043
X26.514 Y-30.866 Z-17.857
X26.658 Y-30.98 Z-17.583
X26.757 Y-31.062 Z-17.403
X26.87 Y-31.152 Z-17.209
X26.937 Y-31.206 Z-17.097
X27.033 Y-31.284 Z-16.942
X27.094 Y-31.337 Z-16.845
X27.2 Y-31.431 Z-16.681
X27.319 Y-31.533 Z-16.509
X27.467 Y-31.656 Z-16.308
X27.657 Y-31.817 Z-16.058
X27.769 Y-31.913 Z-15.914
X27.895 Y-32.015 Z-15.765
X28.009 Y-32.106 Z-15.638
X28.219 Y-32.275 Z-15.411
X28.294 Y-32.332 Z-15.334
X28.444 Y-32.446 Z-15.192
X28.59 Y-32.557 Z-15.058
X28.668 Y-32.617 Z-14.988
X28.8 Y-32.713 Z-14.876
X28.902 Y-32.782 Z-14.795
X29.118 Y-32.931 Z-14.631
X29.343 Y-33.078 Z-14.472
X29.595 Y-33.232 Z-14.307
X29.793 Y-33.348 Z-14.187
X30.018 Y-33.47 Z-14.062
X30.242 Y-33.587 Z-13.943
X30.467 Y-33.695 Z-13.833
X30.692 Y-33.8 Z-13.734
X30.95 Y-33.908 Z-13.636
X31.142 Y-33.987 Z-13.571
X31.367 Y-34.072 Z-13.499
X31.592 Y-34.149 Z-13.428
X31.817 Y-34.213 Z-13.359
X32.041 Y-34.273 Z-13.296
X32.266 Y-34.332 Z-13.239
X32.491 Y-34.38 Z-13.193
X32.716 Y-34.425 Z-13.153
X32.941 Y-34.462 Z-13.122
X33.166 Y-34.498 Z-13.095
X33.391 Y-34.525 Z-13.075
X33.615 Y-34.546 Z-13.06
X33.84 Y-34.561 Z-13.05
X34.065 Y-34.57 Z-13.044
X34.29 Y-34.575 Z-13.04
X34.515 Y-34.57 Z-13.044
X34.74 Y-34.561 Z-13.05
X34.965 Y-34.546 Z-13.06
X35.189 Y-34.525 Z-13.075
X35.414 Y-34.498 Z-13.095
X35.639 Y-34.462 Z-13.122
X35.864 Y-34.425 Z-13.153
X36.089 Y-34.38 Z-13.193
X36.314 Y-34.332 Z-13.239
X36.539 Y-34.273 Z-13.296
X36.763 Y-34.213 Z-13.359
X36.988 Y-34.149 Z-13.427
X37.213 Y-34.072 Z-13.498
X37.438 Y-33.987 Z-13.57
X37.663 Y-33.894 Z-13.648
X37.888 Y-33.8 Z-13.734
X38.139 Y-33.683 Z-13.846
X38.338 Y-33.587 Z-13.943
X38.585 Y-33.458 Z-14.074
X38.787 Y-33.348 Z-14.187
X39.012 Y-33.216 Z-14.324
X39.237 Y-33.078 Z-14.472
X39.462 Y-32.931 Z-14.631
X39.687 Y-32.776 Z-14.802
X39.78 Y-32.713 Z-14.876
X39.912 Y-32.617 Z-14.988
X39.99 Y-32.557 Z-15.058
X40.136 Y-32.447 Z-15.193
X40.285 Y-32.332 Z-15.333
X40.361 Y-32.274 Z-15.411
X40.586 Y-32.094 Z-15.655
X40.685 Y-32.015 Z-15.764
X40.811 Y-31.913 Z-15.914
X41.036 Y-31.721 Z-16.205
X41.113 Y-31.656 Z-16.307
X41.261 Y-31.532 Z-16.509
X41.379 Y-31.431 Z-16.679
X41.486 Y-31.337 Z-16.845
X41.547 Y-31.284 Z-16.942
X41.643 Y-31.206 Z-17.097
X41.71 Y-31.152 Z-17.209
X41.823 Y-31.062 Z-17.403
X41.935 Y-30.969 Z-17.608
X42.066 Y-30.866 Z-17.858
X42.16 Y-30.798 Z-18.044
X42.222 Y-30.755 Z-18.168
X42.329 Y-30.686 Z-18.387
X42.385 Y-30.653 Z-18.506
X42.441 Y-30.623 Z-18.629
X42.469 Y-30.616 Z-18.699
X43.285 Z-18.7
X43.314 Y-30.604
Y-25.276
X43.285 Y-25.264
X42.469 Z-18.699
X42.441 Y-25.257 Z-18.629
X42.385 Y-25.227 Z-18.506
X42.329 Y-25.194 Z-18.387
X42.222 Y-25.125 Z-18.168
X42.16 Y-25.082 Z-18.043
X42.066 Y-25.014 Z-17.858
X41.922 Y-24.9 Z-17.584
X41.823 Y-24.818 Z-17.403
X41.71 Y-24.728 Z-17.209
X41.643 Y-24.674 Z-17.097
X41.547 Y-24.596 Z-16.942
X41.486 Y-24.543 Z-16.844
X41.379 Y-24.449 Z-16.679
X41.261 Y-24.348 Z-16.509
X41.113 Y-24.224 Z-16.307
X40.923 Y-24.063 Z-16.059
X40.811 Y-23.967 Z-15.914
X40.685 Y-23.865 Z-15.765
X40.571 Y-23.774 Z-15.638
X40.361 Y-23.606 Z-15.411
X40.286 Y-23.548 Z-15.333
X40.136 Y-23.433 Z-15.193
X39.99 Y-23.323 Z-15.058
X39.912 Y-23.263 Z-14.988
X39.78 Y-23.167 Z-14.876
X39.678 Y-23.098 Z-14.795
X39.462 Y-22.949 Z-14.631
X39.237 Y-22.802 Z-14.472
X38.985 Y-22.648 Z-14.307
X38.787 Y-22.532 Z-14.187
X38.562 Y-22.41 Z-14.062
X38.338 Y-22.293 Z-13.943
X38.113 Y-22.184 Z-13.834
X37.888 Y-22.08 Z-13.734
X37.63 Y-21.972 Z-13.636
X37.438 Y-21.893 Z-13.57
X37.213 Y-21.808 Z-13.498
X36.988 Y-21.731 Z-13.427
X36.763 Y-21.667 Z-13.359
X36.539 Y-21.607 Z-13.296
X36.314 Y-21.548 Z-13.239
X36.089 Y-21.5 Z-13.193
X35.864 Y-21.455 Z-13.153
X35.639 Y-21.418 Z-13.122
X35.414 Y-21.382 Z-13.095
X35.189 Y-21.355 Z-13.075
X34.965 Y-21.334 Z-13.06
X34.74 Y-21.319 Z-13.05
X34.515 Y-21.31 Z-13.044
X34.29 Y-21.305 Z-13.04
X34.065 Y-21.31 Z-13.044
X33.84 Y-21.319 Z-13.05
X33.615 Y-21.334 Z-13.06
X33.391 Y-21.355 Z-13.075
X33.166 Y-21.382 Z-13.095
X32.941 Y-21.418 Z-13.122
X32.716 Y-21.455 Z-13.153
X32.491 Y-21.5 Z-13.193
X32.266 Y-21.548 Z-13.239
X32.041 Y-21.607 Z-13.296
X31.817 Y-21.667 Z-13.359
X31.592 Y-21.731 Z-13.427
X31.367 Y-21.808 Z-13.498
X31.142 Y-21.893 Z-13.571
X30.917 Y-21.986 Z-13.648
X30.692 Y-22.08 Z-13.734
X30.441 Y-22.197 Z-13.846
X30.242 Y-22.293 Z-13.943
X29.995 Y-22.422 Z-14.074
X29.793 Y-22.532 Z-14.187
X29.568 Y-22.664 Z-14.324
X29.343 Y-22.802 Z-14.472
X29.118 Y-22.949 Z-14.631
X28.893 Y-23.104 Z-14.802
X28.8 Y-23.167 Z-14.876
X28.668 Y-23.263 Z-14.988
X28.59 Y-23.323 Z-15.058
X28.444 Y-23.433 Z-15.193
X28.294 Y-23.548 Z-15.334
X28.219 Y-23.605 Z-15.411
X27.994 Y-23.786 Z-15.655
X27.895 Y-23.865 Z-15.765
X27.769 Y-23.967 Z-15.914
X27.544 Y-24.159 Z-16.206
X27.467 Y-24.224 Z-16.308
X27.319 Y-24.347 Z-16.509
X27.201 Y-24.449 Z-16.68
X27.094 Y-24.543 Z-16.845
X27.033 Y-24.596 Z-16.942
X26.937 Y-24.674 Z-17.097
X26.87 Y-24.728 Z-17.209
X26.757 Y-24.818 Z-17.403
X26.645 Y-24.911 Z-17.608
X26.514 Y-25.014 Z-17.857
X26.42 Y-25.082 Z-18.043
X26.36 Y-25.125 Z-18.163
X26.257 Y-25.191 Z-18.375
X26.195 Y-25.227 Z-18.506
X26.139 Y-25.257 Z-18.629
X26.111 Y-25.264 Z-18.699
X25.384 Z-18.7
X25.351 Y-25.267
X25.319 Y-25.274
X25.278 Y-25.29
X25.239 Y-25.311
X25.221 Y-25.323
X25.185 Y-25.351
X25.152 Y-25.382
X25.122 Y-25.417
X25.095 Y-25.453
X25.069 Y-25.494
X25.045 Y-25.537
X25.004 Y-25.626
X24.988 Y-25.672
X24.973 Y-25.719
X24.951 Y-25.814
X24.934 Y-25.93
X24.922 Y-26.047
X24.911 Y-26.283
X24.909 Y-26.519
X24.91 Y-26.755
Y-30.945
X24.922 Y-30.972
X26.24
X26.251 Y-30.973 Z-18.673
X26.272 Y-30.98 Z-18.623
X26.358 Y-31.03 Z-18.441
X26.42 Y-31.071 Z-18.316
X26.509 Y-31.133 Z-18.14
X26.613 Y-31.206 Z-17.945
X26.645 Y-31.228 Z-17.888
X26.757 Y-31.311 Z-17.694
X26.913 Y-31.431 Z-17.432
X27.033 Y-31.525 Z-17.233
X27.094 Y-31.575 Z-17.138
X27.196 Y-31.656 Z-16.988
X27.319 Y-31.754 Z-16.815
X27.475 Y-31.881 Z-16.603
X27.544 Y-31.939 Z-16.511
X27.657 Y-32.031 Z-16.366
X27.769 Y-32.118 Z-16.231
X27.857 Y-32.185 Z-16.128
X27.994 Y-32.292 Z-15.971
X28.043 Y-32.332 Z-15.916
X28.219 Y-32.464 Z-15.736
X28.348 Y-32.557 Z-15.605
X28.565 Y-32.719 Z-15.404
X28.668 Y-32.793 Z-15.313
X28.893 Y-32.945 Z-15.131
X28.985 Y-33.007 Z-15.059
X29.118 Y-33.094 Z-14.96
X29.343 Y-33.236 Z-14.804
X29.568 Y-33.372 Z-14.656
X29.72 Y-33.458 Z-14.563
X30.018 Y-33.617 Z-14.396
X30.146 Y-33.683 Z-14.328
X30.242 Y-33.731 Z-14.278
X30.467 Y-33.836 Z-14.169
X30.626 Y-33.908 Z-14.097
X30.692 Y-33.936 Z-14.069
X30.917 Y-34.028 Z-13.983
X31.177 Y-34.133 Z-13.893
X31.367 Y-34.201 Z-13.835
X31.592 Y-34.277 Z-13.765
X31.891 Y-34.359 Z-13.676
X32.041 Y-34.398 Z-13.633
X32.266 Y-34.455 Z-13.576
X32.491 Y-34.502 Z-13.529
X32.716 Y-34.545 Z-13.489
X32.955 Y-34.584 Z-13.456
X33.166 Y-34.617 Z-13.431
X33.391 Y-34.643 Z-13.411
X33.615 Y-34.664 Z-13.396
X33.84 Y-34.678 Z-13.386
X34.065 Y-34.687 Z-13.38
X34.29 Y-34.692 Z-13.376
X34.515 Y-34.687 Z-13.38
X34.74 Y-34.678 Z-13.386
X34.965 Y-34.664 Z-13.396
X35.189 Y-34.643 Z-13.411
X35.414 Y-34.617 Z-13.431
X35.639 Y-34.582 Z-13.458
X35.864 Y-34.545 Z-13.489
X36.089 Y-34.502 Z-13.529
X36.314 Y-34.454 Z-13.576
X36.539 Y-34.398 Z-13.633
X36.763 Y-34.339 Z-13.698
X36.988 Y-34.277 Z-13.765
X37.213 Y-34.201 Z-13.835
X37.438 Y-34.119 Z-13.904
X37.663 Y-34.028 Z-13.983
X37.888 Y-33.936 Z-14.069
X37.954 Y-33.908 Z-14.097
X38.113 Y-33.836 Z-14.169
X38.338 Y-33.731 Z-14.278
X38.434 Y-33.683 Z-14.328
X38.562 Y-33.617 Z-14.396
X38.86 Y-33.458 Z-14.563
X39.012 Y-33.372 Z-14.656
X39.242 Y-33.232 Z-14.808
X39.462 Y-33.094 Z-14.96
X39.595 Y-33.007 Z-15.058
X39.78 Y-32.883 Z-15.205
X39.928 Y-32.782 Z-15.327
X40.015 Y-32.719 Z-15.404
X40.232 Y-32.557 Z-15.604
X40.361 Y-32.464 Z-15.735
X40.536 Y-32.332 Z-15.916
X40.586 Y-32.292 Z-15.971
X40.723 Y-32.185 Z-16.128
X40.827 Y-32.106 Z-16.249
X40.923 Y-32.031 Z-16.366
X41.036 Y-31.938 Z-16.511
X41.261 Y-31.753 Z-16.814
X41.383 Y-31.656 Z-16.986
X41.486 Y-31.575 Z-17.138
X41.598 Y-31.485 Z-17.316
X41.71 Y-31.398 Z-17.504
X41.823 Y-31.312 Z-17.695
X41.935 Y-31.228 Z-17.888
X41.967 Y-31.206 Z-17.946
X42.071 Y-31.133 Z-18.14
X42.216 Y-31.034 Z-18.43
X42.308 Y-30.98 Z-18.622
X42.337 Y-30.972 Z-18.693
X42.34 Z-18.7
X43.658
X43.67 Y-30.945
Y-24.935
X43.658 Y-24.908
X42.34
X42.334 Z-18.685
X42.308 Y-24.9 Z-18.622
X42.216 Y-24.846 Z-18.43
X42.071 Y-24.747 Z-18.14
X41.967 Y-24.674 Z-17.946
X41.935 Y-24.652 Z-17.888
X41.823 Y-24.568 Z-17.695
X41.667 Y-24.449 Z-17.432
X41.598 Y-24.395 Z-17.316
X41.486 Y-24.305 Z-17.138
X41.383 Y-24.224 Z-16.985
X41.261 Y-24.127 Z-16.814
X41.036 Y-23.941 Z-16.511
X40.923 Y-23.849 Z-16.366
X40.811 Y-23.762 Z-16.231
X40.723 Y-23.695 Z-16.128
X40.586 Y-23.588 Z-15.971
X40.537 Y-23.548 Z-15.917
X40.361 Y-23.416 Z-15.735
X40.232 Y-23.323 Z-15.604
X40.015 Y-23.161 Z-15.404
X39.912 Y-23.087 Z-15.313
X39.687 Y-22.935 Z-15.132
X39.595 Y-22.873 Z-15.059
X39.462 Y-22.786 Z-14.96
X39.237 Y-22.644 Z-14.804
X39.012 Y-22.508 Z-14.656
X38.86 Y-22.422 Z-14.563
X38.562 Y-22.263 Z-14.396
X38.434 Y-22.197 Z-14.328
X38.338 Y-22.149 Z-14.278
X38.113 Y-22.044 Z-14.169
X37.954 Y-21.972 Z-14.097
X37.888 Y-21.944 Z-14.069
X37.663 Y-21.852 Z-13.983
X37.403 Y-21.747 Z-13.893
X37.213 Y-21.679 Z-13.835
X36.988 Y-21.603 Z-13.765
X36.689 Y-21.521 Z-13.676
X36.539 Y-21.482 Z-13.633
X36.314 Y-21.426 Z-13.576
X36.089 Y-21.378 Z-13.529
X35.864 Y-21.335 Z-13.489
X35.625 Y-21.296 Z-13.456
X35.414 Y-21.263 Z-13.431
X35.189 Y-21.237 Z-13.411
X34.965 Y-21.216 Z-13.396
X34.74 Y-21.202 Z-13.386
X34.515 Y-21.193 Z-13.38
X34.29 Y-21.188 Z-13.376
X34.065 Y-21.193 Z-13.38
X33.84 Y-21.202 Z-13.386
X33.615 Y-21.216 Z-13.396
X33.391 Y-21.237 Z-13.411
X33.166 Y-21.263 Z-13.431
X32.941 Y-21.298 Z-13.458
X32.716 Y-21.335 Z-13.489
X32.491 Y-21.378 Z-13.529
X32.266 Y-21.425 Z-13.576
X32.041 Y-21.482 Z-13.633
X31.817 Y-21.541 Z-13.698
X31.592 Y-21.603 Z-13.765
X31.367 Y-21.679 Z-13.835
X31.177 Y-21.747 Z-13.893
X30.917 Y-21.852 Z-13.983
X30.692 Y-21.944 Z-14.069
X30.626 Y-21.972 Z-14.097
X30.467 Y-22.044 Z-14.169
X30.242 Y-22.149 Z-14.278
X30.146 Y-22.197 Z-14.328
X30.018 Y-22.263 Z-14.396
X29.72 Y-22.422 Z-14.563
X29.568 Y-22.508 Z-14.656
X29.338 Y-22.648 Z-14.808
X29.118 Y-22.786 Z-14.96
X28.985 Y-22.873 Z-15.059
X28.8 Y-22.997 Z-15.206
X28.652 Y-23.098 Z-15.326
X28.565 Y-23.161 Z-15.404
X28.348 Y-23.323 Z-15.605
X28.219 Y-23.416 Z-15.735
X28.043 Y-23.548 Z-15.917
X27.994 Y-23.588 Z-15.971
X27.857 Y-23.695 Z-16.128
X27.754 Y-23.774 Z-16.249
X27.657 Y-23.849 Z-16.366
X27.544 Y-23.941 Z-16.511
X27.319 Y-24.126 Z-16.815
X27.197 Y-24.224 Z-16.987
X27.094 Y-24.305 Z-17.138
X27.033 Y-24.355 Z-17.233
X26.87 Y-24.482 Z-17.504
X26.757 Y-24.569 Z-17.694
X26.645 Y-24.652 Z-17.888
X26.613 Y-24.674 Z-17.945
X26.509 Y-24.747 Z-18.14
X26.42 Y-24.809 Z-18.316
X26.358 Y-24.85 Z-18.441
X26.272 Y-24.9 Z-18.623
X26.251 Y-24.907 Z-18.673
X26.24 Y-24.908 Z-18.7
X24.922
X24.91 Y-24.935
Y-26.755
X24.894 Y-26.952
X24.877 Y-27.049
X24.854 Y-27.145
X24.797 Y-27.336
X24.667 Y-27.713
X24.61 Y-27.904
X24.57 Y-28.098
X24.558 Y-28.196
X24.554 Y-28.295
Y-31.297
X24.566 Y-31.328
X26.379
X26.392 Y-31.329 Z-18.67
X26.42 Y-31.34 Z-18.609
X26.482 Y-31.376 Z-18.491
X26.645 Y-31.48 Z-18.19
X26.757 Y-31.558 Z-17.991
X26.887 Y-31.656 Z-17.773
X26.971 Y-31.716 Z-17.639
X27.094 Y-31.803 Z-17.448
X27.199 Y-31.881 Z-17.296
X27.319 Y-31.974 Z-17.124
X27.485 Y-32.106 Z-16.899
X27.544 Y-32.152 Z-16.824
X27.657 Y-32.235 Z-16.686
X27.901 Y-32.419 Z-16.396
X27.994 Y-32.488 Z-16.292
X28.09 Y-32.557 Z-16.191
X28.219 Y-32.651 Z-16.064
X28.406 Y-32.782 Z-15.875
X28.524 Y-32.868 Z-15.767
X28.733 Y-33.007 Z-15.59
X28.893 Y-33.114 Z-15.461
X29.118 Y-33.257 Z-15.291
X29.449 Y-33.458 Z-15.066
X29.568 Y-33.526 Z-14.99
X29.864 Y-33.683 Z-14.816
X30.018 Y-33.763 Z-14.731
X30.242 Y-33.872 Z-14.615
X30.467 Y-33.976 Z-14.505
X30.692 Y-34.071 Z-14.406
X30.849 Y-34.133 Z-14.343
X30.917 Y-34.161 Z-14.318
X31.142 Y-34.251 Z-14.239
X31.45 Y-34.359 Z-14.146
X31.592 Y-34.404 Z-14.103
X32.041 Y-34.523 Z-13.971
X32.266 Y-34.577 Z-13.914
X32.491 Y-34.623 Z-13.865
X32.716 Y-34.665 Z-13.826
X32.941 Y-34.701 Z-13.794
X33.166 Y-34.735 Z-13.767
X33.391 Y-34.761 Z-13.747
X33.615 Y-34.781 Z-13.732
X33.84 Y-34.795 Z-13.722
X34.065 Y-34.804 Z-13.716
X34.217 Y-34.809 Z-13.713
X34.29 Y-34.81
X34.364 Y-34.809
X34.515 Y-34.804 Z-13.716
X34.74 Y-34.795 Z-13.722
X34.965 Y-34.781 Z-13.732
X35.189 Y-34.761 Z-13.747
X35.414 Y-34.735 Z-13.767
X35.639 Y-34.701 Z-13.794
X35.864 Y-34.665 Z-13.826
X36.089 Y-34.623 Z-13.865
X36.314 Y-34.577 Z-13.913
X36.539 Y-34.523 Z-13.971
X36.988 Y-34.404 Z-14.103
X37.13 Y-34.359 Z-14.146
X37.438 Y-34.251 Z-14.239
X37.663 Y-34.161 Z-14.318
X37.731 Y-34.133 Z-14.343
X37.888 Y-34.071 Z-14.406
X38.113 Y-33.976 Z-14.505
X38.338 Y-33.872 Z-14.615
X38.562 Y-33.763 Z-14.731
X38.787 Y-33.645 Z-14.857
X39.012 Y-33.526 Z-14.99
X39.131 Y-33.458 Z-15.066
X39.462 Y-33.257 Z-15.291
X39.687 Y-33.114 Z-15.461
X39.847 Y-33.007 Z-15.59
X40.056 Y-32.868 Z-15.767
X40.174 Y-32.782 Z-15.874
X40.361 Y-32.651 Z-16.064
X40.49 Y-32.557 Z-16.191
X40.586 Y-32.488 Z-16.292
X40.679 Y-32.419 Z-16.397
X40.923 Y-32.235 Z-16.686
X41.036 Y-32.152 Z-16.824
X41.094 Y-32.106 Z-16.897
X41.261 Y-31.973 Z-17.123
X41.381 Y-31.881 Z-17.296
X41.486 Y-31.803 Z-17.448
X41.598 Y-31.724 Z-17.621
X41.71 Y-31.643 Z-17.802
X41.823 Y-31.559 Z-17.992
X41.935 Y-31.48 Z-18.19
X42.104 Y-31.374 Z-18.503
X42.16 Y-31.34 Z-18.609
X42.188 Y-31.329 Z-18.67
X42.201 Y-31.328 Z-18.7
X44.014
X44.026 Y-31.297
Y-24.583
X44.014 Y-24.552
X42.201
X42.188 Y-24.551 Z-18.67
X42.16 Y-24.54 Z-18.609
X42.012 Y-24.449 Z-18.332
X41.935 Y-24.401 Z-18.19
X41.823 Y-24.321 Z-17.992
X41.693 Y-24.224 Z-17.774
X41.598 Y-24.156 Z-17.622
X41.486 Y-24.077 Z-17.448
X41.381 Y-23.999 Z-17.296
X41.261 Y-23.907 Z-17.123
X41.094 Y-23.774 Z-16.897
X41.036 Y-23.728 Z-16.824
X40.923 Y-23.645 Z-16.686
X40.679 Y-23.461 Z-16.397
X40.586 Y-23.392 Z-16.292
X40.49 Y-23.323 Z-16.191
X40.361 Y-23.229 Z-16.064
X40.174 Y-23.098 Z-15.874
X40.056 Y-23.012 Z-15.767
X39.847 Y-22.873 Z-15.59
X39.687 Y-22.766 Z-15.461
X39.462 Y-22.623 Z-15.291
X39.131 Y-22.422 Z-15.066
X39.012 Y-22.354 Z-14.99
X38.716 Y-22.197 Z-14.816
X38.562 Y-22.117 Z-14.731
X38.338 Y-22.008 Z-14.615
X38.113 Y-21.904 Z-14.505
X37.888 Y-21.809 Z-14.406
X37.731 Y-21.747 Z-14.343
X37.663 Y-21.719 Z-14.318
X37.438 Y-21.629 Z-14.239
X37.13 Y-21.521 Z-14.146
X36.988 Y-21.476 Z-14.103
X36.539 Y-21.357 Z-13.971
X36.314 Y-21.303 Z-13.914
X36.089 Y-21.257 Z-13.865
X35.864 Y-21.215 Z-13.826
X35.639 Y-21.179 Z-13.794
X35.414 Y-21.144 Z-13.767
X35.189 Y-21.119 Z-13.747
X34.965 Y-21.099 Z-13.732
X34.74 Y-21.085 Z-13.722
X34.515 Y-21.076 Z-13.716
X34.364 Y-21.071 Z-13.713
X34.217
X34.065 Y-21.076 Z-13.716
X33.84 Y-21.085 Z-13.722
X33.615 Y-21.099 Z-13.732
X33.391 Y-21.119 Z-13.747
X33.166 Y-21.144 Z-13.767
X32.941 Y-21.179 Z-13.794
X32.716 Y-21.215 Z-13.826
X32.491 Y-21.257 Z-13.865
X32.266 Y-21.303 Z-13.914
X32.041 Y-21.357 Z-13.971
X31.592 Y-21.476 Z-14.103
X31.45 Y-21.521 Z-14.146
X31.142 Y-21.629 Z-14.239
X30.917 Y-21.719 Z-14.318
X30.849 Y-21.747 Z-14.343
X30.692 Y-21.809 Z-14.406
X30.467 Y-21.904 Z-14.505
X30.242 Y-22.008 Z-14.615
X30.018 Y-22.117 Z-14.732
X29.793 Y-22.235 Z-14.857
X29.568 Y-22.354 Z-14.99
X29.449 Y-22.422 Z-15.066
X29.118 Y-22.623 Z-15.291
X28.893 Y-22.766 Z-15.461
X28.733 Y-22.873 Z-15.59
X28.524 Y-23.012 Z-15.767
X28.406 Y-23.098 Z-15.875
X28.219 Y-23.229 Z-16.064
X28.09 Y-23.323 Z-16.191
X27.994 Y-23.392 Z-16.292
X27.901 Y-23.461 Z-16.396
X27.657 Y-23.645 Z-16.686
X27.544 Y-23.728 Z-16.824
X27.485 Y-23.774 Z-16.899
X27.319 Y-23.906 Z-17.124
X27.199 Y-23.999 Z-17.296
X27.094 Y-24.077 Z-17.448
X26.971 Y-24.164 Z-17.639
X26.87 Y-24.237 Z-17.802
X26.757 Y-24.322 Z-17.991
X26.645 Y-24.401 Z-18.19
X26.482 Y-24.504 Z-18.491
X26.42 Y-24.54 Z-18.609
X26.392 Y-24.551 Z-18.67
X26.379 Y-24.552 Z-18.7
X24.566
X24.554 Y-24.583
Y-28.295
X24.538 Y-28.492
X24.521 Y-28.589
X24.498 Y-28.686
X24.441 Y-28.877
X24.311 Y-29.254
X24.254 Y-29.445
X24.214 Y-29.638
X24.202 Y-29.736
X24.198 Y-29.835
Y-31.672
X24.223 Y-31.684
X26.543
X26.56 Y-31.686 Z-18.659
X26.588 Y-31.698 Z-18.6
X26.645 Y-31.736 Z-18.5
X26.757 Y-31.804 Z-18.299
X26.875 Y-31.881 Z-18.108
X27.094 Y-32.032 Z-17.769
X27.201 Y-32.106 Z-17.607
X27.319 Y-32.195 Z-17.438
X27.426 Y-32.271 Z-17.295
X27.544 Y-32.356 Z-17.148
X27.769 Y-32.521 Z-16.874
X27.818 Y-32.557 Z-16.818
X27.994 Y-32.679 Z-16.622
X28.146 Y-32.782 Z-16.462
X28.219 Y-32.836 Z-16.393
X28.344 Y-32.925 Z-16.268
X28.472 Y-33.007 Z-16.142
X28.668 Y-33.135 Z-15.976
X28.818 Y-33.232 Z-15.852
X28.893 Y-33.28 Z-15.793
X29.118 Y-33.417 Z-15.625
X29.188 Y-33.458 Z-15.576
X29.343 Y-33.551 Z-15.47
X29.581 Y-33.683 Z-15.319
X29.793 Y-33.794 Z-15.192
X30.018 Y-33.908 Z-15.067
X30.242 Y-34.013 Z-14.953
X30.467 Y-34.115 Z-14.842
X30.51 Y-34.133 Z-14.823
X30.692 Y-34.205 Z-14.744
X30.917 Y-34.294 Z-14.654
X31.082 Y-34.359 Z-14.594
X31.142 Y-34.381 Z-14.574
X31.367 Y-34.458 Z-14.506
X31.592 Y-34.531 Z-14.441
X32.041 Y-34.649 Z-14.309
X32.266 Y-34.699 Z-14.251
X32.491 Y-34.745 Z-14.202
X32.716 Y-34.785 Z-14.162
X32.941 Y-34.82 Z-14.13
X33.166 Y-34.854 Z-14.103
X33.391 Y-34.878 Z-14.083
X33.615 Y-34.899 Z-14.068
X33.84 Y-34.913 Z-14.058
X34.065 Y-34.921 Z-14.052
X34.29 Y-34.927 Z-14.049
X34.515 Y-34.921 Z-14.052
X34.74 Y-34.913 Z-14.058
X34.965 Y-34.899 Z-14.068
X35.189 Y-34.878 Z-14.083
X35.414 Y-34.854 Z-14.103
X35.713 Y-34.809 Z-14.14
X35.864 Y-34.785 Z-14.162
X36.089 Y-34.745 Z-14.202
X36.314 Y-34.699 Z-14.251
X36.539 Y-34.649 Z-14.308
X36.988 Y-34.531 Z-14.441
X37.213 Y-34.458 Z-14.506
X37.438 Y-34.381 Z-14.574
X37.498 Y-34.359 Z-14.594
X37.663 Y-34.294 Z-14.654
X37.888 Y-34.205 Z-14.743
X38.113 Y-34.115 Z-14.842
X38.338 Y-34.013 Z-14.953
X38.563 Y-33.908 Z-15.067
X38.787 Y-33.794 Z-15.192
X39.012 Y-33.676 Z-15.327
X39.237 Y-33.551 Z-15.47
X39.392 Y-33.458 Z-15.576
X39.462 Y-33.417 Z-15.625
X39.687 Y-33.28 Z-15.793
X39.763 Y-33.232 Z-15.853
X40.108 Y-33.007 Z-16.142
X40.236 Y-32.925 Z-16.268
X40.361 Y-32.836 Z-16.393
X40.434 Y-32.782 Z-16.462
X40.586 Y-32.679 Z-16.622
X40.762 Y-32.557 Z-16.818
X40.811 Y-32.521 Z-16.874
X41.068 Y-32.332 Z-17.186
X41.154 Y-32.27 Z-17.294
X41.261 Y-32.195 Z-17.438
X41.379 Y-32.106 Z-17.607
X41.486 Y-32.032 Z-17.769
X41.71 Y-31.878 Z-18.117
X41.823 Y-31.804 Z-18.299
X41.935 Y-31.736 Z-18.5
X41.992 Y-31.698 Z-18.6
X42.02 Y-31.686 Z-18.659
X42.037 Y-31.684 Z-18.7
X44.357
X44.382 Y-31.672
Y-24.208
X44.357 Y-24.196
X42.037
X42.02 Y-24.194 Z-18.659
X41.992 Y-24.182 Z-18.6
X41.935 Y-24.144 Z-18.5
X41.823 Y-24.076 Z-18.299
X41.706 Y-23.999 Z-18.11
X41.486 Y-23.848 Z-17.769
X41.379 Y-23.774 Z-17.606
X41.261 Y-23.685 Z-17.438
X41.154 Y-23.61 Z-17.294
X41.036 Y-23.525 Z-17.147
X40.811 Y-23.359 Z-16.874
X40.762 Y-23.323 Z-16.818
X40.586 Y-23.201 Z-16.622
X40.434 Y-23.098 Z-16.462
X40.361 Y-23.044 Z-16.393
X40.236 Y-22.955 Z-16.268
X40.108 Y-22.873 Z-16.142
X39.762 Y-22.648 Z-15.853
X39.687 Y-22.6 Z-15.793
X39.462 Y-22.463 Z-15.626
X39.392 Y-22.422 Z-15.576
X39.237 Y-22.329 Z-15.47
X38.999 Y-22.197 Z-15.319
X38.787 Y-22.086 Z-15.192
X38.562 Y-21.972 Z-15.067
X38.338 Y-21.867 Z-14.953
X38.113 Y-21.765 Z-14.842
X37.888 Y-21.675 Z-14.744
X37.663 Y-21.586 Z-14.654
X37.498 Y-21.521 Z-14.594
X37.438 Y-21.499 Z-14.574
X37.213 Y-21.422 Z-14.506
X36.988 Y-21.349 Z-14.441
X36.539 Y-21.231 Z-14.308
X36.314 Y-21.181 Z-14.251
X36.089 Y-21.135 Z-14.202
X35.864 Y-21.095 Z-14.162
X35.639 Y-21.06 Z-14.13
X35.414 Y-21.026 Z-14.103
X35.189 Y-21.002 Z-14.083
X34.965 Y-20.981 Z-14.068
X34.74 Y-20.967 Z-14.058
X34.515 Y-20.959 Z-14.052
X34.29 Y-20.953 Z-14.049
X34.065 Y-20.959 Z-14.052
X33.84 Y-20.967 Z-14.058
X33.615 Y-20.981 Z-14.068
X33.391 Y-21.002 Z-14.083
X33.166 Y-21.026 Z-14.103
X32.867 Y-21.071 Z-14.14
X32.716 Y-21.095 Z-14.162
X32.491 Y-21.135 Z-14.202
X32.266 Y-21.181 Z-14.251
X32.041 Y-21.231 Z-14.308
X31.79 Y-21.296 Z-14.383
X31.592 Y-21.349 Z-14.441
X31.367 Y-21.422 Z-14.506
X31.142 Y-21.499 Z-14.574
X31.082 Y-21.521 Z-14.594
X30.917 Y-21.586 Z-14.654
X30.692 Y-21.675 Z-14.744
X30.51 Y-21.747 Z-14.823
X30.467 Y-21.765 Z-14.842
X30.242 Y-21.866 Z-14.953
X30.017 Y-21.972 Z-15.068
X29.793 Y-22.086 Z-15.192
X29.568 Y-22.204 Z-15.327
X29.343 Y-22.329 Z-15.47
X29.187 Y-22.422 Z-15.576
X29.118 Y-22.463 Z-15.626
X28.893 Y-22.6 Z-15.793
X28.818 Y-22.648 Z-15.852
X28.472 Y-22.873 Z-16.142
X28.344 Y-22.955 Z-16.268
X28.219 Y-23.044 Z-16.393
X28.146 Y-23.098 Z-16.462
X27.994 Y-23.201 Z-16.622
X27.818 Y-23.323 Z-16.818
X27.769 Y-23.359 Z-16.874
X27.511 Y-23.548 Z-17.189
X27.426 Y-23.609 Z-17.295
X27.319 Y-23.685 Z-17.438
X27.201 Y-23.774 Z-17.607
X27.094 Y-23.848 Z-17.769
X26.87 Y-24.002 Z-18.116
X26.757 Y-24.076 Z-18.299
X26.645 Y-24.144 Z-18.5
X26.588 Y-24.182 Z-18.6
X26.56 Y-24.194 Z-18.659
X26.543 Y-24.196 Z-18.7
X24.223
X24.198 Y-24.208
Y-29.835
X24.182 Y-30.032
X24.165 Y-30.129
X24.142 Y-30.226
X24.085 Y-30.417
X23.955 Y-30.794
X23.898 Y-30.985
X23.858 Y-31.179
X23.846 Y-31.277
X23.842 Y-31.375
Y-32.028
X23.868 Y-32.04
X26.727
X26.757 Y-32.046 Z-18.634
X26.87 Y-32.11 Z-18.442
X26.982 Y-32.184 Z-18.264
X27.094 Y-32.262 Z-18.092
X27.202 Y-32.332 Z-17.93
X27.319 Y-32.406 Z-17.765
X27.544 Y-32.559 Z-17.473
X27.673 Y-32.653 Z-17.316
X27.865 Y-32.782 Z-17.096
X27.994 Y-32.87 Z-16.96
X28.106 Y-32.942 Z-16.835
X28.204 Y-33.007 Z-16.731
X28.311 Y-33.083 Z-16.634
X28.444 Y-33.166 Z-16.511
X28.555 Y-33.232 Z-16.405
X28.668 Y-33.306 Z-16.309
X28.787 Y-33.38 Z-16.212
X28.914 Y-33.458 Z-16.111
X29.118 Y-33.576 Z-15.961
X29.301 Y-33.683 Z-15.832
X29.343 Y-33.707 Z-15.805
X29.568 Y-33.826 Z-15.665
X29.793 Y-33.942 Z-15.529
X30.018 Y-34.052 Z-15.404
X30.242 Y-34.155 Z-15.29
X30.467 Y-34.253 Z-15.181
X30.739 Y-34.359 Z-15.062
X30.917 Y-34.428 Z-14.989
X31.142 Y-34.51 Z-14.91
X31.367 Y-34.587 Z-14.842
X31.592 Y-34.657 Z-14.78
X31.817 Y-34.717 Z-14.715
X32.041 Y-34.774 Z-14.647
X32.204 Y-34.809 Z-14.604
X32.491 Y-34.866 Z-14.539
X32.716 Y-34.905 Z-14.498
X32.941 Y-34.939 Z-14.466
X33.166 Y-34.973 Z-14.439
X33.391 Y-34.996 Z-14.419
X33.615 Y-35.017 Z-14.404
X33.84 Y-35.03 Z-14.394
X34.065 Y-35.038 Z-14.389
X34.29 Y-35.044 Z-14.385
X34.655 Y-35.034 Z-14.392
X34.74 Y-35.03 Z-14.394
X34.965 Y-35.017 Z-14.404
X35.189 Y-34.996 Z-14.419
X35.414 Y-34.973 Z-14.439
X35.639 Y-34.939 Z-14.466
X35.864 Y-34.905 Z-14.498
X36.089 Y-34.866 Z-14.539
X36.376 Y-34.809 Z-14.604
X36.539 Y-34.774 Z-14.647
X36.763 Y-34.716 Z-14.714
X36.988 Y-34.657 Z-14.78
X37.222 Y-34.584 Z-14.845
X37.438 Y-34.51 Z-14.91
X37.663 Y-34.428 Z-14.989
X37.888 Y-34.34 Z-15.082
X38.113 Y-34.253 Z-15.181
X38.384 Y-34.133 Z-15.314
X38.562 Y-34.052 Z-15.404
X38.787 Y-33.942 Z-15.529
X39.012 Y-33.826 Z-15.665
X39.237 Y-33.707 Z-15.804
X39.279 Y-33.683 Z-15.832
X39.462 Y-33.576 Z-15.961
X39.687 Y-33.445 Z-16.128
X39.793 Y-33.381 Z-16.212
X39.912 Y-33.306 Z-16.309
X40.025 Y-33.232 Z-16.405
X40.136 Y-33.166 Z-16.51
X40.269 Y-33.083 Z-16.634
X40.376 Y-33.007 Z-16.732
X40.474 Y-32.942 Z-16.835
X40.586 Y-32.87 Z-16.96
X40.715 Y-32.782 Z-17.096
X40.811 Y-32.719 Z-17.205
X40.924 Y-32.641 Z-17.336
X41.038 Y-32.557 Z-17.475
X41.148 Y-32.483 Z-17.62
X41.261 Y-32.406 Z-17.765
X41.378 Y-32.332 Z-17.93
X41.486 Y-32.262 Z-18.092
X41.598 Y-32.185 Z-18.265
X41.71 Y-32.11 Z-18.442
X41.823 Y-32.046 Z-18.634
X41.853 Y-32.04 Z-18.7
X44.712
X44.738 Y-32.028
Y-23.852
X44.712 Y-23.84
X41.853
X41.823 Y-23.834 Z-18.634
X41.71 Y-23.77 Z-18.442
X41.598 Y-23.695 Z-18.265
X41.486 Y-23.618 Z-18.092
X41.378 Y-23.548 Z-17.931
X41.261 Y-23.474 Z-17.765
X41.148 Y-23.397 Z-17.62
X41.036 Y-23.322 Z-17.472
X40.924 Y-23.239 Z-17.336
X40.811 Y-23.161 Z-17.206
X40.715 Y-23.098 Z-17.096
X40.586 Y-23.01 Z-16.96
X40.474 Y-22.938 Z-16.835
X40.376 Y-22.873 Z-16.732
X40.269 Y-22.797 Z-16.634
X40.136 Y-22.714 Z-16.511
X40.025 Y-22.648 Z-16.405
X39.912 Y-22.574 Z-16.309
X39.793 Y-22.5 Z-16.212
X39.666 Y-22.422 Z-16.112
X39.462 Y-22.304 Z-15.961
X39.279 Y-22.197 Z-15.832
X39.237 Y-22.173 Z-15.805
X39.012 Y-22.054 Z-15.665
X38.787 Y-21.939 Z-15.529
X38.562 Y-21.828 Z-15.404
X38.338 Y-21.725 Z-15.29
X38.113 Y-21.627 Z-15.181
X37.841 Y-21.521 Z-15.062
X37.663 Y-21.452 Z-14.989
X37.438 Y-21.37 Z-14.91
X37.213 Y-21.293 Z-14.842
X36.988 Y-21.223 Z-14.78
X36.763 Y-21.164 Z-14.714
X36.539 Y-21.106 Z-14.647
X36.376 Y-21.071 Z-14.603
X36.089 Y-21.014 Z-14.539
X35.864 Y-20.975 Z-14.498
X35.639 Y-20.941 Z-14.466
X35.414 Y-20.907 Z-14.439
X35.189 Y-20.884 Z-14.419
X34.965 Y-20.863 Z-14.404
X34.74 Y-20.85 Z-14.394
X34.515 Y-20.842 Z-14.389
X34.29 Y-20.836 Z-14.385
X33.925 Y-20.846 Z-14.392
X33.84 Y-20.85 Z-14.394
X33.615 Y-20.863 Z-14.404
X33.391 Y-20.884 Z-14.419
X33.166 Y-20.907 Z-14.439
X32.941 Y-20.941 Z-14.466
X32.716 Y-20.975 Z-14.498
X32.491 Y-21.014 Z-14.539
X32.204 Y-21.071 Z-14.603
X32.041 Y-21.106 Z-14.647
X31.817 Y-21.163 Z-14.714
X31.592 Y-21.223 Z-14.779
X31.358 Y-21.296 Z-14.844
X31.142 Y-21.37 Z-14.91
X30.917 Y-21.452 Z-14.989
X30.692 Y-21.54 Z-15.082
X30.467 Y-21.627 Z-15.181
X30.195 Y-21.747 Z-15.314
X30.018 Y-21.828 Z-15.404
X29.793 Y-21.939 Z-15.529
X29.568 Y-22.054 Z-15.665
X29.343 Y-22.173 Z-15.805
X29.301 Y-22.197 Z-15.832
X29.118 Y-22.304 Z-15.961
X28.893 Y-22.435 Z-16.128
X28.787 Y-22.5 Z-16.212
X28.668 Y-22.574 Z-16.309
X28.555 Y-22.648 Z-16.405
X28.444 Y-22.714 Z-16.511
X28.311 Y-22.797 Z-16.634
X28.204 Y-22.873 Z-16.731
X28.106 Y-22.938 Z-16.835
X27.994 Y-23.01 Z-16.96
X27.865 Y-23.098 Z-17.096
X27.673 Y-23.227 Z-17.316
X27.54 Y-23.323 Z-17.478
X27.319 Y-23.474 Z-17.765
X27.202 Y-23.548 Z-17.931
X27.094 Y-23.618 Z-18.092
X26.982 Y-23.696 Z-18.264
X26.87 Y-23.77 Z-18.442
X26.757 Y-23.834 Z-18.634
X26.727 Y-23.84 Z-18.7
X23.868
X23.842 Y-23.852
Y-31.375
X23.837 Y-31.443
X23.824 Y-31.51
X23.804 Y-31.575
X23.778 Y-31.638
X23.716 Y-31.762
X23.647 Y-31.882
X23.582 Y-32.002
X23.553 Y-32.063
X23.527 Y-32.126
X23.508 Y-32.189
X23.495 Y-32.254
X23.491 Y-32.287
X23.49 Y-32.32
X23.491 Y-32.353
X23.495 Y-32.385
X23.497 Y-32.396
X26.927
X26.94 Y-32.397 Z-18.671
X26.954 Y-32.4 Z-18.642
X26.982 Y-32.413 Z-18.591
X27.094 Y-32.483 Z-18.426
X27.215 Y-32.557 Z-18.255
X27.319 Y-32.619 Z-18.105
X27.432 Y-32.689 Z-17.949
X27.544 Y-32.767 Z-17.808
X27.685 Y-32.855 Z-17.632
X27.769 Y-32.912 Z-17.542
X27.994 Y-33.056 Z-17.291
X28.109 Y-33.135 Z-17.174
X28.219 Y-33.2 Z-17.054
X28.274 Y-33.232 Z-16.998
X28.444 Y-33.341 Z-16.853
X28.64 Y-33.458 Z-16.668
X28.668 Y-33.475 Z-16.644
X28.893 Y-33.607 Z-16.466
X29.118 Y-33.735 Z-16.297
X29.343 Y-33.86 Z-16.142
X29.568 Y-33.976 Z-16.003
X29.793 Y-34.089 Z-15.868
X29.884 Y-34.133 Z-15.815
X30.018 Y-34.194 Z-15.743
X30.242 Y-34.296 Z-15.628
X30.387 Y-34.359 Z-15.558
X30.692 Y-34.475 Z-15.42
X30.917 Y-34.561 Z-15.327
X30.98 Y-34.584 Z-15.303
X31.142 Y-34.638 Z-15.247
X31.367 Y-34.715 Z-15.177
X31.592 Y-34.783 Z-15.117
X31.817 Y-34.843 Z-15.054
X32.041 Y-34.898 Z-14.986
X32.266 Y-34.944 Z-14.927
X32.491 Y-34.988 Z-14.876
X32.716 Y-35.025 Z-14.835
X32.941 Y-35.059 Z-14.802
X33.166 Y-35.092 Z-14.775
X33.391 Y-35.114 Z-14.755
X33.615 Y-35.134 Z-14.74
X33.84 Y-35.148 Z-14.73
X34.065 Y-35.155 Z-14.725
X34.29 Y-35.161 Z-14.721
X34.515 Y-35.155 Z-14.725
X34.74 Y-35.148 Z-14.73
X34.965 Y-35.134 Z-14.74
X35.189 Y-35.114 Z-14.755
X35.414 Y-35.092 Z-14.775
X35.639 Y-35.059 Z-14.802
X35.864 Y-35.025 Z-14.835
X36.089 Y-34.988 Z-14.876
X36.314 Y-34.943 Z-14.927
X36.539 Y-34.898 Z-14.986
X36.763 Y-34.842 Z-15.054
X36.988 Y-34.783 Z-15.117
X37.213 Y-34.715 Z-15.177
X37.438 Y-34.638 Z-15.247
X37.6 Y-34.584 Z-15.303
X37.663 Y-34.561 Z-15.327
X37.888 Y-34.475 Z-15.42
X38.193 Y-34.359 Z-15.558
X38.338 Y-34.296 Z-15.628
X38.562 Y-34.194 Z-15.743
X38.696 Y-34.133 Z-15.815
X38.787 Y-34.089 Z-15.868
X39.012 Y-33.976 Z-16.003
X39.237 Y-33.86 Z-16.142
X39.462 Y-33.735 Z-16.297
X39.687 Y-33.607 Z-16.467
X39.94 Y-33.458 Z-16.667
X40.136 Y-33.341 Z-16.853
X40.306 Y-33.232 Z-16.998
X40.361 Y-33.2 Z-17.054
X40.471 Y-33.135 Z-17.174
X40.586 Y-33.056 Z-17.291
X40.811 Y-32.912 Z-17.542
X40.924 Y-32.836 Z-17.666
X41.036 Y-32.767 Z-17.807
X41.148 Y-32.689 Z-17.949
X41.261 Y-32.619 Z-18.105
X41.365 Y-32.557 Z-18.255
X41.486 Y-32.483 Z-18.426
X41.598 Y-32.413 Z-18.591
X41.626 Y-32.4 Z-18.642
X41.647 Y-32.396 Z-18.687
X41.653 Z-18.7
X45.083
X45.094 Y-32.332
Y-23.548
X45.083 Y-23.484
X41.653
X41.64 Y-23.483 Z-18.671
X41.626 Y-23.48 Z-18.642
X41.598 Y-23.467 Z-18.591
X41.486 Y-23.397 Z-18.427
X41.365 Y-23.323 Z-18.256
X41.261 Y-23.261 Z-18.106
X41.148 Y-23.191 Z-17.949
X41.036 Y-23.113 Z-17.807
X40.924 Y-23.044 Z-17.666
X40.811 Y-22.968 Z-17.542
X40.586 Y-22.824 Z-17.291
X40.471 Y-22.745 Z-17.174
X40.361 Y-22.68 Z-17.054
X40.306 Y-22.648 Z-16.998
X40.136 Y-22.539 Z-16.854
X39.94 Y-22.422 Z-16.667
X39.687 Y-22.272 Z-16.467
X39.462 Y-22.145 Z-16.298
X39.237 Y-22.02 Z-16.142
X39.012 Y-21.904 Z-16.003
X38.787 Y-21.791 Z-15.868
X38.696 Y-21.747 Z-15.815
X38.562 Y-21.686 Z-15.743
X38.338 Y-21.584 Z-15.628
X38.193 Y-21.521 Z-15.558
X37.888 Y-21.405 Z-15.42
X37.663 Y-21.319 Z-15.327
X37.6 Y-21.296 Z-15.303
X37.438 Y-21.242 Z-15.247
X37.213 Y-21.165 Z-15.177
X36.988 Y-21.097 Z-15.117
X36.763 Y-21.037 Z-15.054
X36.539 Y-20.982 Z-14.986
X36.314 Y-20.937 Z-14.927
X36.089 Y-20.892 Z-14.876
X35.864 Y-20.855 Z-14.835
X35.639 Y-20.821 Z-14.802
X35.414 Y-20.788 Z-14.775
X35.189 Y-20.766 Z-14.755
X34.965 Y-20.746 Z-14.74
X34.74 Y-20.732 Z-14.73
X34.515 Y-20.725 Z-14.725
X34.29 Y-20.719 Z-14.721
X34.065 Y-20.725 Z-14.725
X33.84 Y-20.732 Z-14.73
X33.615 Y-20.746 Z-14.74
X33.391 Y-20.766 Z-14.755
X33.166 Y-20.788 Z-14.775
X32.941 Y-20.821 Z-14.802
X32.716 Y-20.855 Z-14.835
X32.491 Y-20.892 Z-14.876
X32.266 Y-20.937 Z-14.927
X32.041 Y-20.982 Z-14.986
X31.817 Y-21.037 Z-15.054
X31.592 Y-21.097 Z-15.117
X31.367 Y-21.165 Z-15.177
X31.142 Y-21.242 Z-15.247
X30.979 Y-21.296 Z-15.303
X30.917 Y-21.319 Z-15.327
X30.692 Y-21.405 Z-15.42
X30.387 Y-21.521 Z-15.559
X30.242 Y-21.584 Z-15.628
X30.018 Y-21.686 Z-15.743
X29.884 Y-21.747 Z-15.814
X29.793 Y-21.791 Z-15.868
X29.568 Y-21.904 Z-16.003
X29.343 Y-22.02 Z-16.142
X29.118 Y-22.145 Z-16.297
X28.893 Y-22.273 Z-16.467
X28.668 Y-22.405 Z-16.644
X28.64 Y-22.422 Z-16.668
X28.444 Y-22.539 Z-16.854
X28.274 Y-22.648 Z-16.998
X28.219 Y-22.68 Z-17.054
X28.109 Y-22.745 Z-17.174
X27.994 Y-22.824 Z-17.291
X27.769 Y-22.968 Z-17.542
X27.685 Y-23.025 Z-17.632
X27.544 Y-23.113 Z-17.808
X27.432 Y-23.191 Z-17.949
X27.319 Y-23.261 Z-18.106
X27.215 Y-23.323 Z-18.256
X27.094 Y-23.397 Z-18.425
X26.982 Y-23.467 Z-18.591
X26.954 Y-23.48 Z-18.642
X26.929 Y-23.484 Z-18.695
X26.927 Z-18.7
X23.497
X23.486 Y-23.548
Y-32.332
X23.495 Y-32.385
X23.506 Y-32.429
X23.525 Y-32.469
X23.549 Y-32.507
X23.577 Y-32.542
X23.609 Y-32.575
X23.645 Y-32.605
X23.682 Y-32.631
X23.722 Y-32.654
X23.766 Y-32.676
X23.811 Y-32.696
X23.904 Y-32.728
X23.952 Y-32.74
X24. Y-32.75
X24.098 Y-32.763
X24.214 Y-32.771
X24.331 Y-32.773
X24.564 Y-32.768
X24.798 Y-32.757
X25.031 Y-32.752
X27.159
X27.179 Y-32.754 Z-18.658
X27.24 Y-32.782 Z-18.556
X27.319 Y-32.836 Z-18.453
X27.375 Y-32.864 Z-18.364
X27.432 Y-32.901 Z-18.295
X27.544 Y-32.965 Z-18.145
X27.61 Y-33.007 Z-18.071
X27.769 Y-33.1 Z-17.877
X27.881 Y-33.175 Z-17.757
X27.994 Y-33.246 Z-17.631
X28.084 Y-33.299 Z-17.534
X28.219 Y-33.382 Z-17.407
X28.358 Y-33.458 Z-17.261
X28.574 Y-33.594 Z-17.078
X28.741 Y-33.683 Z-16.924
X28.893 Y-33.768 Z-16.806
X29.143 Y-33.908 Z-16.618
X29.343 Y-34.01 Z-16.48
X29.582 Y-34.133 Z-16.333
X29.793 Y-34.236 Z-16.208
X30.018 Y-34.336 Z-16.082
X30.242 Y-34.437 Z-15.967
X30.467 Y-34.526 Z-15.862
X30.692 Y-34.61 Z-15.759
X30.917 Y-34.693 Z-15.664
X31.142 Y-34.767 Z-15.584
X31.265 Y-34.809 Z-15.544
X31.367 Y-34.843 Z-15.513
X31.592 Y-34.908 Z-15.455
X31.817 Y-34.969 Z-15.394
X32.041 Y-35.023 Z-15.326
X32.266 Y-35.066 Z-15.266
X32.491 Y-35.109 Z-15.213
X32.716 Y-35.145 Z-15.172
X32.941 Y-35.178 Z-15.138
X33.166 Y-35.21 Z-15.111
X33.391 Y-35.232 Z-15.091
X33.615 Y-35.252 Z-15.076
X33.84 Y-35.265 Z-15.067
X34.065 Y-35.273 Z-15.061
X34.29 Y-35.278 Z-15.057
X34.515 Y-35.273 Z-15.061
X34.74 Y-35.265 Z-15.067
X34.965 Y-35.252 Z-15.076
X35.189 Y-35.232 Z-15.091
X35.414 Y-35.21 Z-15.111
X35.639 Y-35.178 Z-15.138
X35.864 Y-35.145 Z-15.172
X36.089 Y-35.109 Z-15.213
X36.314 Y-35.066 Z-15.266
X36.539 Y-35.023 Z-15.326
X36.763 Y-34.969 Z-15.393
X36.988 Y-34.908 Z-15.455
X37.213 Y-34.843 Z-15.513
X37.315 Y-34.809 Z-15.544
X37.438 Y-34.767 Z-15.584
X37.663 Y-34.693 Z-15.664
X37.888 Y-34.61 Z-15.759
X38.113 Y-34.526 Z-15.862
X38.338 Y-34.437 Z-15.967
X38.562 Y-34.336 Z-16.082
X38.787 Y-34.236 Z-16.208
X39.012 Y-34.126 Z-16.341
X39.237 Y-34.01 Z-16.48
X39.438 Y-33.908 Z-16.618
X39.687 Y-33.768 Z-16.806
X39.839 Y-33.683 Z-16.924
X40.006 Y-33.594 Z-17.078
X40.222 Y-33.458 Z-17.261
X40.361 Y-33.382 Z-17.407
X40.496 Y-33.299 Z-17.534
X40.608 Y-33.232 Z-17.655
X40.699 Y-33.175 Z-17.757
X40.811 Y-33.1 Z-17.877
X40.97 Y-33.007 Z-18.071
X41.036 Y-32.965 Z-18.145
X41.148 Y-32.901 Z-18.295
X41.205 Y-32.864 Z-18.364
X41.261 Y-32.836 Z-18.453
X41.34 Y-32.782 Z-18.556
X41.41 Y-32.753 Z-18.675
X41.421 Y-32.752 Z-18.7
X45.438
X45.45 Y-32.727
Y-23.153
X45.438 Y-23.128
X41.421
X41.41 Y-23.127 Z-18.675
X41.34 Y-23.098 Z-18.556
X41.261 Y-23.044 Z-18.453
X41.205 Y-23.016 Z-18.365
X41.148 Y-22.979 Z-18.295
X41.036 Y-22.915 Z-18.145
X40.97 Y-22.873 Z-18.071
X40.811 Y-22.78 Z-17.877
X40.699 Y-22.705 Z-17.757
X40.586 Y-22.634 Z-17.631
X40.496 Y-22.581 Z-17.534
X40.361 Y-22.498 Z-17.407
X40.222 Y-22.422 Z-17.261
X40.006 Y-22.286 Z-17.078
X39.839 Y-22.197 Z-16.924
X39.687 Y-22.112 Z-16.806
X39.438 Y-21.972 Z-16.619
X39.237 Y-21.87 Z-16.48
X38.997 Y-21.747 Z-16.333
X38.787 Y-21.644 Z-16.207
X38.562 Y-21.544 Z-16.082
X38.338 Y-21.443 Z-15.967
X38.113 Y-21.354 Z-15.862
X37.888 Y-21.27 Z-15.759
X37.663 Y-21.187 Z-15.664
X37.438 Y-21.113 Z-15.584
X37.315 Y-21.071 Z-15.544
X37.213 Y-21.037 Z-15.513
X36.988 Y-20.972 Z-15.454
X36.763 Y-20.911 Z-15.394
X36.539 Y-20.857 Z-15.326
X36.314 Y-20.814 Z-15.266
X36.089 Y-20.771 Z-15.213
X35.864 Y-20.735 Z-15.172
X35.639 Y-20.702 Z-15.138
X35.414 Y-20.67 Z-15.112
X35.189 Y-20.648 Z-15.092
X34.965 Y-20.628 Z-15.076
X34.74 Y-20.615 Z-15.067
X34.515 Y-20.607 Z-15.061
X34.29 Y-20.602 Z-15.057
X34.065 Y-20.607 Z-15.061
X33.84 Y-20.615 Z-15.067
X33.615 Y-20.628 Z-15.076
X33.391 Y-20.648 Z-15.092
X33.166 Y-20.67 Z-15.112
X32.941 Y-20.702 Z-15.138
X32.716 Y-20.735 Z-15.172
X32.491 Y-20.771 Z-15.213
X32.266 Y-20.814 Z-15.266
X32.041 Y-20.857 Z-15.326
X31.817 Y-20.911 Z-15.394
X31.592 Y-20.972 Z-15.454
X31.367 Y-21.037 Z-15.513
X31.265 Y-21.071 Z-15.544
X31.142 Y-21.113 Z-15.584
X30.917 Y-21.187 Z-15.664
X30.692 Y-21.27 Z-15.759
X30.467 Y-21.354 Z-15.863
X30.242 Y-21.443 Z-15.967
X30.018 Y-21.544 Z-16.082
X29.793 Y-21.644 Z-16.207
X29.568 Y-21.754 Z-16.342
X29.343 Y-21.87 Z-16.48
X29.143 Y-21.972 Z-16.618
X28.893 Y-22.112 Z-16.806
X28.741 Y-22.197 Z-16.924
X28.574 Y-22.286 Z-17.078
X28.358 Y-22.422 Z-17.261
X28.219 Y-22.498 Z-17.407
X28.084 Y-22.581 Z-17.534
X27.972 Y-22.648 Z-17.655
X27.881 Y-22.705 Z-17.757
X27.769 Y-22.78 Z-17.877
X27.61 Y-22.873 Z-18.071
X27.544 Y-22.915 Z-18.145
X27.432 Y-22.979 Z-18.295
X27.375 Y-23.016 Z-18.365
X27.319 Y-23.044 Z-18.453
X27.24 Y-23.098 Z-18.556
X27.179 Y-23.126 Z-18.658
X27.159 Y-23.128 Z-18.7
X23.142
X23.13 Y-23.153
Y-32.727
X23.142 Y-32.752
X25.031
X25.228 Y-32.767
X25.326 Y-32.785
X25.422 Y-32.808
X25.613 Y-32.865
X25.99 Y-32.994
X26.181 Y-33.051
X26.375 Y-33.092
X26.473 Y-33.103
X26.572 Y-33.108
X27.411 Z-18.699
X27.432 Y-33.11 Z-18.657
X27.488 Y-33.132 Z-18.569
X27.544 Y-33.167 Z-18.503
X27.666 Y-33.232 Z-18.346
X27.769 Y-33.302 Z-18.236
X27.881 Y-33.361 Z-18.09
X27.994 Y-33.432 Z-17.979
X28.042 Y-33.458 Z-17.928
X28.219 Y-33.555 Z-17.745
X28.331 Y-33.625 Z-17.644
X28.444 Y-33.683 Z-17.523
X28.668 Y-33.814 Z-17.342
X28.856 Y-33.908 Z-17.174
X29.118 Y-34.053 Z-16.98
X29.343 Y-34.16 Z-16.82
X29.568 Y-34.274 Z-16.68
X29.741 Y-34.359 Z-16.579
X30.018 Y-34.478 Z-16.422
X30.242 Y-34.575 Z-16.306
X30.467 Y-34.662 Z-16.203
X30.692 Y-34.746 Z-16.1
X30.871 Y-34.809 Z-16.021
X31.142 Y-34.897 Z-15.921
X31.367 Y-34.969 Z-15.849
X31.595 Y-35.034 Z-15.79
X31.817 Y-35.095 Z-15.733
X32.041 Y-35.147 Z-15.666
X32.266 Y-35.188 Z-15.605
X32.491 Y-35.23 Z-15.551
X32.716 Y-35.265 Z-15.509
X32.941 Y-35.297 Z-15.474
X33.166 Y-35.328 Z-15.447
X33.391 Y-35.349 Z-15.428
X33.615 Y-35.369 Z-15.412
X33.84 Y-35.382 Z-15.403
X34.065 Y-35.39 Z-15.397
X34.29 Y-35.395 Z-15.393
X34.515 Y-35.39 Z-15.397
X34.74 Y-35.382 Z-15.403
X34.965 Y-35.369 Z-15.412
X35.189 Y-35.349 Z-15.428
X35.414 Y-35.328 Z-15.447
X35.639 Y-35.297 Z-15.474
X35.899 Y-35.259 Z-15.514
X36.089 Y-35.23 Z-15.551
X36.314 Y-35.188 Z-15.605
X36.539 Y-35.147 Z-15.666
X36.763 Y-35.095 Z-15.733
X36.988 Y-35.033 Z-15.791
X37.213 Y-34.969 Z-15.849
X37.438 Y-34.897 Z-15.921
X37.709 Y-34.809 Z-16.021
X37.888 Y-34.746 Z-16.1
X38.113 Y-34.662 Z-16.204
X38.338 Y-34.575 Z-16.306
X38.562 Y-34.478 Z-16.422
X38.839 Y-34.359 Z-16.58
X39.012 Y-34.274 Z-16.679
X39.237 Y-34.16 Z-16.82
X39.462 Y-34.053 Z-16.98
X39.724 Y-33.908 Z-17.174
X39.912 Y-33.814 Z-17.342
X40.136 Y-33.683 Z-17.523
X40.249 Y-33.625 Z-17.644
X40.361 Y-33.555 Z-17.745
X40.538 Y-33.458 Z-17.928
X40.586 Y-33.432 Z-17.979
X40.699 Y-33.361 Z-18.09
X40.811 Y-33.302 Z-18.236
X40.914 Y-33.232 Z-18.346
X41.036 Y-33.167 Z-18.503
X41.092 Y-33.132 Z-18.569
X41.148 Y-33.11 Z-18.657
X41.169 Y-33.108 Z-18.699
X45.782 Z-18.7
X45.806 Y-33.096
Y-22.784
X45.782 Y-22.772
X41.169 Z-18.699
X41.148 Y-22.77 Z-18.657
X41.092 Y-22.747 Z-18.57
X41.036 Y-22.713 Z-18.503
X40.914 Y-22.648 Z-18.346
X40.811 Y-22.578 Z-18.236
X40.699 Y-22.519 Z-18.09
X40.586 Y-22.448 Z-17.979
X40.538 Y-22.422 Z-17.928
X40.361 Y-22.325 Z-17.745
X40.249 Y-22.255 Z-17.644
X40.136 Y-22.197 Z-17.523
X39.912 Y-22.065 Z-17.342
X39.724 Y-21.972 Z-17.174
X39.462 Y-21.827 Z-16.98
X39.237 Y-21.72 Z-16.82
X39.012 Y-21.606 Z-16.679
X38.839 Y-21.521 Z-16.58
X38.562 Y-21.402 Z-16.422
X38.317 Y-21.296 Z-16.296
X38.113 Y-21.218 Z-16.204
X37.888 Y-21.134 Z-16.101
X37.709 Y-21.071 Z-16.021
X37.438 Y-20.983 Z-15.921
X37.213 Y-20.911 Z-15.849
X36.985 Y-20.846 Z-15.79
X36.763 Y-20.785 Z-15.733
X36.539 Y-20.733 Z-15.666
X36.314 Y-20.692 Z-15.604
X36.089 Y-20.65 Z-15.551
X35.864 Y-20.615 Z-15.509
X35.639 Y-20.583 Z-15.474
X35.414 Y-20.552 Z-15.447
X35.189 Y-20.531 Z-15.428
X34.965 Y-20.511 Z-15.412
X34.74 Y-20.498 Z-15.403
X34.515 Y-20.49 Z-15.397
X34.29 Y-20.485 Z-15.393
X34.065 Y-20.49 Z-15.397
X33.84 Y-20.498 Z-15.403
X33.615 Y-20.511 Z-15.412
X33.391 Y-20.531 Z-15.428
X33.166 Y-20.552 Z-15.447
X32.941 Y-20.583 Z-15.474
X32.682 Y-20.621 Z-15.514
X32.491 Y-20.65 Z-15.551
X32.266 Y-20.692 Z-15.605
X32.041 Y-20.733 Z-15.666
X31.817 Y-20.785 Z-15.733
X31.592 Y-20.847 Z-15.791
X31.367 Y-20.911 Z-15.849
X31.142 Y-20.983 Z-15.921
X30.87 Y-21.071 Z-16.022
X30.692 Y-21.134 Z-16.101
X30.467 Y-21.218 Z-16.204
X30.242 Y-21.305 Z-16.306
X30.018 Y-21.402 Z-16.422
X29.741 Y-21.521 Z-16.579
X29.568 Y-21.606 Z-16.68
X29.343 Y-21.72 Z-16.82
X29.118 Y-21.827 Z-16.98
X28.856 Y-21.972 Z-17.174
X28.668 Y-22.065 Z-17.342
X28.444 Y-22.197 Z-17.523
X28.331 Y-22.255 Z-17.644
X28.219 Y-22.325 Z-17.745
X28.042 Y-22.422 Z-17.928
X27.994 Y-22.448 Z-17.979
X27.881 Y-22.519 Z-18.09
X27.769 Y-22.578 Z-18.236
X27.666 Y-22.648 Z-18.346
X27.544 Y-22.713 Z-18.503
X27.488 Y-22.747 Z-18.57
X27.432 Y-22.77 Z-18.657
X27.411 Y-22.772 Z-18.699
X22.798 Z-18.7
X22.774 Y-22.784
Y-33.096
X22.798 Y-33.108
X26.572
X26.655 Y-33.114
X26.704 Y-33.124
X26.769 Y-33.142
X26.832 Y-33.164
X26.955 Y-33.221
X27.195 Y-33.349
X27.319 Y-33.406
X27.382 Y-33.429
X27.446 Y-33.447
X27.512 Y-33.459
X27.579 Y-33.464
X27.69
X27.699 Z-18.684
X27.713 Y-33.466 Z-18.657
X27.769 Y-33.488 Z-18.571
X27.881 Y-33.557 Z-18.46
X27.994 Y-33.607 Z-18.321
X28.12 Y-33.683 Z-18.202
X28.219 Y-33.733 Z-18.092
X28.331 Y-33.796 Z-17.981
X28.444 Y-33.863 Z-17.887
X28.546 Y-33.908 Z-17.779
X28.668 Y-33.976 Z-17.682
X28.781 Y-34.039 Z-17.597
X28.893 Y-34.091 Z-17.487
X28.973 Y-34.133 Z-17.426
X29.118 Y-34.207 Z-17.325
X29.343 Y-34.315 Z-17.168
X29.437 Y-34.359 Z-17.1
X29.568 Y-34.422 Z-17.018
X29.793 Y-34.525 Z-16.893
X29.929 Y-34.584 Z-16.816
X30.018 Y-34.621 Z-16.763
X30.242 Y-34.712 Z-16.646
X30.497 Y-34.809 Z-16.531
X30.692 Y-34.882 Z-16.442
X30.917 Y-34.955 Z-16.344
X31.167 Y-35.034 Z-16.25
X31.367 Y-35.096 Z-16.185
X31.592 Y-35.158 Z-16.128
X31.817 Y-35.22 Z-16.072
X31.983 Y-35.259 Z-16.025
X32.266 Y-35.311 Z-15.944
X32.491 Y-35.351 Z-15.889
X32.716 Y-35.384 Z-15.846
X32.941 Y-35.417 Z-15.811
X33.166 Y-35.447 Z-15.784
X33.391 Y-35.467 Z-15.764
X33.615 Y-35.487 Z-15.748
X33.84 Y-35.5 Z-15.739
X34.065 Y-35.507 Z-15.733
X34.29 Y-35.512 Z-15.73
X34.515 Y-35.507 Z-15.733
X34.74 Y-35.5 Z-15.739
X34.998 Y-35.485 Z-15.75
X35.189 Y-35.467 Z-15.764
X35.414 Y-35.447 Z-15.784
X35.639 Y-35.417 Z-15.811
X35.864 Y-35.384 Z-15.846
X36.089 Y-35.351 Z-15.889
X36.314 Y-35.311 Z-15.944
X36.597 Y-35.259 Z-16.024
X36.763 Y-35.22 Z-16.072
X36.988 Y-35.158 Z-16.128
X37.213 Y-35.096 Z-16.185
X37.438 Y-35.026 Z-16.259
X37.663 Y-34.955 Z-16.344
X37.888 Y-34.882 Z-16.442
X38.113 Y-34.798 Z-16.544
X38.338 Y-34.712 Z-16.646
X38.562 Y-34.621 Z-16.763
X38.651 Y-34.584 Z-16.816
X38.787 Y-34.525 Z-16.893
X39.012 Y-34.421 Z-17.018
X39.143 Y-34.359 Z-17.1
X39.237 Y-34.315 Z-17.169
X39.462 Y-34.207 Z-17.325
X39.607 Y-34.133 Z-17.426
X39.687 Y-34.091 Z-17.487
X39.799 Y-34.039 Z-17.597
X39.912 Y-33.976 Z-17.682
X40.034 Y-33.908 Z-17.779
X40.136 Y-33.863 Z-17.887
X40.249 Y-33.796 Z-17.981
X40.361 Y-33.733 Z-18.092
X40.46 Y-33.683 Z-18.202
X40.586 Y-33.607 Z-18.321
X40.699 Y-33.557 Z-18.46
X40.811 Y-33.488 Z-18.571
X40.867 Y-33.466 Z-18.657
X40.888 Y-33.464 Z-18.699
X40.895 Z-18.7
X45.983
X46.162 Y-33.458
Y-22.422
X45.983 Y-22.416
X40.89
X40.881 Z-18.684
X40.867 Y-22.414 Z-18.657
X40.811 Y-22.392 Z-18.571
X40.699 Y-22.323 Z-18.46
X40.586 Y-22.273 Z-18.321
X40.46 Y-22.197 Z-18.202
X40.361 Y-22.147 Z-18.092
X40.249 Y-22.084 Z-17.981
X40.136 Y-22.017 Z-17.887
X40.034 Y-21.972 Z-17.779
X39.912 Y-21.904 Z-17.682
X39.799 Y-21.841 Z-17.597
X39.687 Y-21.789 Z-17.487
X39.607 Y-21.747 Z-17.426
X39.462 Y-21.673 Z-17.325
X39.237 Y-21.565 Z-17.169
X39.143 Y-21.521 Z-17.1
X39.012 Y-21.458 Z-17.018
X38.787 Y-21.355 Z-16.893
X38.651 Y-21.296 Z-16.816
X38.562 Y-21.259 Z-16.763
X38.338 Y-21.168 Z-16.646
X37.888 Y-20.998 Z-16.442
X37.663 Y-20.925 Z-16.344
X37.413 Y-20.846 Z-16.25
X37.213 Y-20.784 Z-16.185
X36.988 Y-20.722 Z-16.128
X36.763 Y-20.66 Z-16.072
X36.598 Y-20.621 Z-16.025
X36.314 Y-20.569 Z-15.944
X36.089 Y-20.529 Z-15.889
X35.864 Y-20.496 Z-15.846
X35.639 Y-20.463 Z-15.811
X35.414 Y-20.433 Z-15.784
X35.189 Y-20.413 Z-15.764
X34.965 Y-20.393 Z-15.748
X34.74 Y-20.38 Z-15.739
X34.515 Y-20.373 Z-15.733
X34.29 Y-20.368 Z-15.73
X34.065 Y-20.373 Z-15.733
X33.84 Y-20.38 Z-15.739
X33.582 Y-20.395 Z-15.75
X33.391 Y-20.413 Z-15.764
X33.166 Y-20.433 Z-15.784
X32.941 Y-20.463 Z-15.811
X32.716 Y-20.496 Z-15.846
X32.491 Y-20.529 Z-15.889
X32.266 Y-20.569 Z-15.944
X31.983 Y-20.621 Z-16.025
X31.817 Y-20.66 Z-16.072
X31.592 Y-20.722 Z-16.128
X31.367 Y-20.784 Z-16.185
X31.142 Y-20.854 Z-16.259
X30.917 Y-20.925 Z-16.344
X30.692 Y-20.998 Z-16.442
X30.467 Y-21.082 Z-16.544
X30.242 Y-21.168 Z-16.646
X30.018 Y-21.259 Z-16.763
X29.929 Y-21.296 Z-16.816
X29.793 Y-21.355 Z-16.893
X29.568 Y-21.458 Z-17.018
X29.437 Y-21.521 Z-17.1
X29.343 Y-21.565 Z-17.168
X29.118 Y-21.673 Z-17.325
X28.973 Y-21.747 Z-17.426
X28.893 Y-21.789 Z-17.487
X28.781 Y-21.841 Z-17.597
X28.668 Y-21.904 Z-17.682
X28.546 Y-21.972 Z-17.779
X28.444 Y-22.017 Z-17.887
X28.331 Y-22.084 Z-17.981
X28.219 Y-22.147 Z-18.092
X28.12 Y-22.197 Z-18.202
X27.994 Y-22.273 Z-18.321
X27.881 Y-22.323 Z-18.46
X27.769 Y-22.392 Z-18.571
X27.713 Y-22.414 Z-18.657
X27.692 Y-22.416 Z-18.699
X27.685 Z-18.7
X22.597
X22.418 Y-22.422
Y-33.458
X22.597 Y-33.464
X27.579
X27.612 Y-33.467 Z-18.699
X27.645 Y-33.475 Z-18.696
X27.686 Y-33.491 Z-18.689
X27.725 Y-33.513 Z-18.68
X27.744 Y-33.525 Z-18.675
X27.781 Y-33.552 Z-18.663
X27.815 Y-33.582 Z-18.649
X27.884 Y-33.639 Z-18.616
X27.954 Y-33.696 Z-18.577
X28.025 Y-33.749 Z-18.532
X28.166 Y-33.85 Z-18.432
X28.308 Y-33.953 Z-18.315
X28.383 Y-33.996 Z-18.253
X28.459 Y-34.037 Z-18.191
X28.614 Y-34.113 Z-18.067
X28.77 Y-34.193 Z-17.946
X28.893 Y-34.261 Z-17.853
X29.006 Y-34.306 Z-17.747
X29.118 Y-34.359 Z-17.668
X29.343 Y-34.469 Z-17.517
X29.568 Y-34.568 Z-17.358
X29.603 Y-34.584 Z-17.337
X29.793 Y-34.668 Z-17.236
X30.018 Y-34.765 Z-17.109
X30.134 Y-34.809 Z-17.042
X30.242 Y-34.848 Z-16.986
X30.467 Y-34.933 Z-16.884
X30.692 Y-35.017 Z-16.786
X30.744 Y-35.034 Z-16.762
X30.917 Y-35.086 Z-16.685
X31.142 Y-35.156 Z-16.597
X31.367 Y-35.221 Z-16.523
X31.507 Y-35.259 Z-16.484
X31.592 Y-35.283 Z-16.463
X31.817 Y-35.346 Z-16.411
X32.041 Y-35.394 Z-16.349
X32.266 Y-35.434 Z-16.284
X32.491 Y-35.472 Z-16.227
X32.716 Y-35.504 Z-16.183
X32.941 Y-35.536 Z-16.147
X33.166 Y-35.565 Z-16.12
X33.391 Y-35.585 Z-16.1
X33.615 Y-35.605 Z-16.084
X33.84 Y-35.617 Z-16.075
X34.065 Y-35.624 Z-16.069
X34.29 Y-35.629 Z-16.066
X34.515 Y-35.624 Z-16.069
X34.74 Y-35.617 Z-16.075
X34.965 Y-35.605 Z-16.084
X35.189 Y-35.585 Z-16.1
X35.414 Y-35.565 Z-16.12
X35.639 Y-35.536 Z-16.147
X35.864 Y-35.504 Z-16.183
X36.089 Y-35.472 Z-16.227
X36.314 Y-35.434 Z-16.284
X36.539 Y-35.394 Z-16.349
X36.763 Y-35.346 Z-16.411
X36.988 Y-35.283 Z-16.463
X37.073 Y-35.259 Z-16.484
X37.213 Y-35.221 Z-16.523
X37.438 Y-35.156 Z-16.597
X37.663 Y-35.086 Z-16.685
X37.836 Y-35.034 Z-16.762
X37.888 Y-35.017 Z-16.786
X38.113 Y-34.933 Z-16.884
X38.338 Y-34.848 Z-16.987
X38.446 Y-34.809 Z-17.042
X38.562 Y-34.765 Z-17.109
X38.787 Y-34.668 Z-17.236
X38.976 Y-34.584 Z-17.336
X39.012 Y-34.568 Z-17.358
X39.237 Y-34.47 Z-17.518
X39.463 Y-34.359 Z-17.669
X39.574 Y-34.306 Z-17.747
X39.687 Y-34.261 Z-17.853
X39.919 Y-34.133 Z-18.029
X40.024 Y-34.089 Z-18.141
X40.136 Y-34.027 Z-18.229
X40.249 Y-33.97 Z-18.332
X40.361 Y-33.917 Z-18.455
X40.375 Y-33.908 Z-18.465
X40.474 Y-33.85 Z-18.557
X40.53 Y-33.826 Z-18.63
X40.558 Y-33.82 Z-18.678
X40.57 Z-18.7
X46.506
X46.518 Y-33.785
Y-22.095
X46.506 Y-22.06
X40.57
X40.558 Z-18.678
X40.53 Y-22.053 Z-18.63
X40.474 Y-22.03 Z-18.557
X40.375 Y-21.972 Z-18.465
X40.361 Y-21.963 Z-18.455
X40.249 Y-21.91 Z-18.332
X40.136 Y-21.853 Z-18.229
X40.024 Y-21.791 Z-18.141
X39.912 Y-21.743 Z-18.023
X39.687 Y-21.619 Z-17.853
X39.574 Y-21.574 Z-17.747
X39.462 Y-21.521 Z-17.668
X39.237 Y-21.41 Z-17.518
X39.012 Y-21.312 Z-17.358
X38.976 Y-21.296 Z-17.336
X38.787 Y-21.212 Z-17.236
X38.562 Y-21.115 Z-17.109
X38.446 Y-21.071 Z-17.042
X38.338 Y-21.032 Z-16.987
X38.113 Y-20.947 Z-16.884
X37.888 Y-20.863 Z-16.786
X37.836 Y-20.846 Z-16.763
X37.663 Y-20.794 Z-16.685
X37.438 Y-20.724 Z-16.597
X37.213 Y-20.659 Z-16.523
X37.073 Y-20.621 Z-16.484
X36.988 Y-20.597 Z-16.463
X36.763 Y-20.534 Z-16.411
X36.539 Y-20.486 Z-16.349
X36.314 Y-20.446 Z-16.284
X36.089 Y-20.408 Z-16.227
X35.864 Y-20.376 Z-16.183
X35.639 Y-20.344 Z-16.147
X35.414 Y-20.315 Z-16.12
X35.189 Y-20.295 Z-16.1
X34.965 Y-20.275 Z-16.084
X34.74 Y-20.263 Z-16.075
X34.515 Y-20.256 Z-16.07
X34.29 Y-20.251 Z-16.066
X34.065 Y-20.256 Z-16.07
X33.84 Y-20.263 Z-16.075
X33.615 Y-20.275 Z-16.084
X33.391 Y-20.295 Z-16.1
X33.166 Y-20.315 Z-16.12
X32.941 Y-20.344 Z-16.147
X32.716 Y-20.376 Z-16.183
X32.491 Y-20.408 Z-16.227
X32.266 Y-20.446 Z-16.284
X32.041 Y-20.486 Z-16.349
X31.817 Y-20.534 Z-16.411
X31.592 Y-20.597 Z-16.463
X31.507 Y-20.621 Z-16.485
X31.367 Y-20.659 Z-16.523
X31.142 Y-20.724 Z-16.597
X30.917 Y-20.794 Z-16.685
X30.744 Y-20.846 Z-16.762
X30.692 Y-20.863 Z-16.786
X30.467 Y-20.947 Z-16.884
X30.242 Y-21.032 Z-16.986
X30.134 Y-21.071 Z-17.042
X30.018 Y-21.115 Z-17.109
X29.793 Y-21.212 Z-17.236
X29.603 Y-21.296 Z-17.337
X29.568 Y-21.312 Z-17.358
X29.343 Y-21.411 Z-17.517
X29.117 Y-21.521 Z-17.669
X29.006 Y-21.574 Z-17.747
X28.893 Y-21.619 Z-17.853
X28.661 Y-21.747 Z-18.029
X28.556 Y-21.791 Z-18.141
X28.444 Y-21.853 Z-18.229
X28.331 Y-21.91 Z-18.332
X28.219 Y-21.963 Z-18.455
X28.205 Y-21.972 Z-18.465
X28.106 Y-22.03 Z-18.557
X28.05 Y-22.053 Z-18.63
X28.022 Y-22.06 Z-18.678
X28.01 Z-18.7
X22.074
X22.062 Y-22.095
Y-33.785
X22.074 Y-33.82
X28.01
X28.022 Z-18.678
X28.05 Y-33.826 Z-18.63
X28.106 Y-33.85 Z-18.557
X28.205 Y-33.908 Z-18.465
X28.219 Y-33.917 Z-18.455
X28.331 Y-33.97 Z-18.332
X28.444 Y-34.027 Z-18.229
X28.556 Y-34.089 Z-18.141
X28.668 Y-34.137 Z-18.023
X28.77 Y-34.193 Z-17.946
X28.819 Y-34.223 Z-17.913
X28.87 Y-34.256 Z-17.885
X28.923 Y-34.291 Z-17.863
X28.977 Y-34.327 Z-17.846
X29.087 Y-34.404 Z-17.821
X29.307 Y-34.56 Z-17.785
X29.418 Y-34.633 Z-17.761
X29.474 Y-34.666 Z-17.744
X29.53 Y-34.696 Z-17.723
X29.585 Y-34.722 Z-17.696
X29.639 Y-34.745 Z-17.664
X29.68 Y-34.76 Z-17.636
X29.793 Y-34.811 Z-17.577
X30.018 Y-34.908 Z-17.457
X30.242 Y-34.986 Z-17.332
X30.377 Y-35.034 Z-17.263
X30.467 Y-35.069 Z-17.223
X30.692 Y-35.151 Z-17.13
X31.059 Y-35.259 Z-16.968
X31.142 Y-35.285 Z-16.937
X31.367 Y-35.347 Z-16.86
X31.592 Y-35.407 Z-16.799
X31.817 Y-35.47 Z-16.748
X31.875 Y-35.485 Z-16.734
X32.041 Y-35.518 Z-16.692
X32.266 Y-35.557 Z-16.624
X32.491 Y-35.593 Z-16.566
X32.716 Y-35.624 Z-16.52
X32.941 Y-35.655 Z-16.483
X33.166 Y-35.683 Z-16.456
X33.466 Y-35.71 Z-16.431
X33.615 Y-35.722 Z-16.42
X33.84 Y-35.734 Z-16.411
X34.065 Y-35.741 Z-16.406
X34.29 Y-35.746 Z-16.402
X34.515 Y-35.741 Z-16.406
X34.74 Y-35.734 Z-16.411
X34.965 Y-35.722 Z-16.42
X35.189 Y-35.703 Z-16.436
X35.414 Y-35.683 Z-16.456
X35.639 Y-35.655 Z-16.483
X35.864 Y-35.624 Z-16.52
X36.089 Y-35.593 Z-16.566
X36.314 Y-35.557 Z-16.624
X36.539 Y-35.518 Z-16.691
X36.704 Y-35.485 Z-16.734
X36.763 Y-35.47 Z-16.748
X36.988 Y-35.407 Z-16.799
X37.213 Y-35.347 Z-16.86
X37.438 Y-35.285 Z-16.937
X37.521 Y-35.259 Z-16.968
X37.888 Y-35.151 Z-17.13
X38.113 Y-35.069 Z-17.223
X38.203 Y-35.034 Z-17.264
X38.338 Y-34.986 Z-17.332
X38.562 Y-34.908 Z-17.457
X38.792 Y-34.809 Z-17.579
X38.9 Y-34.76 Z-17.636
X39.012 Y-34.718 Z-17.713
X39.237 Y-34.623 Z-17.866
X39.313 Y-34.584 Z-17.91
X39.462 Y-34.512 Z-18.014
X39.574 Y-34.471 Z-18.121
X39.687 Y-34.416 Z-18.196
X39.8 Y-34.359 Z-18.278
X39.912 Y-34.314 Z-18.397
X40.024 Y-34.25 Z-18.482
X40.136 Y-34.195 Z-18.584
X40.193 Y-34.178 Z-18.658
X40.217 Y-34.176 Z-18.7
X46.847
X46.874 Y-34.164
Y-21.716
X46.847 Y-21.704
X40.217
X40.193 Y-21.702 Z-18.658
X40.136 Y-21.685 Z-18.584
X40.024 Y-21.63 Z-18.482
X39.912 Y-21.566 Z-18.397
X39.8 Y-21.521 Z-18.278
X39.687 Y-21.464 Z-18.196
X39.574 Y-21.409 Z-18.121
X39.462 Y-21.368 Z-18.014
X39.313 Y-21.296 Z-17.91
X39.237 Y-21.257 Z-17.866
X39.012 Y-21.162 Z-17.713
X38.9 Y-21.12 Z-17.636
X38.787 Y-21.069 Z-17.577
X38.562 Y-20.972 Z-17.457
X38.338 Y-20.894 Z-17.332
X38.203 Y-20.846 Z-17.264
X38.113 Y-20.811 Z-17.223
X37.888 Y-20.729 Z-17.13
X37.521 Y-20.621 Z-16.968
X37.438 Y-20.595 Z-16.937
X37.213 Y-20.533 Z-16.86
X36.988 Y-20.473 Z-16.799
X36.763 Y-20.41 Z-16.748
X36.705 Y-20.395 Z-16.735
X36.539 Y-20.362 Z-16.692
X36.314 Y-20.323 Z-16.624
X36.089 Y-20.287 Z-16.566
X35.864 Y-20.256 Z-16.52
X35.639 Y-20.225 Z-16.483
X35.414 Y-20.197 Z-16.456
X35.114 Y-20.17 Z-16.431
X34.965 Y-20.158 Z-16.42
X34.74 Y-20.146 Z-16.411
X34.515 Y-20.139 Z-16.406
X34.29 Y-20.134 Z-16.402
X34.065 Y-20.139 Z-16.406
X33.84 Y-20.146 Z-16.411
X33.615 Y-20.158 Z-16.42
X33.391 Y-20.177 Z-16.436
X33.166 Y-20.197 Z-16.456
X32.941 Y-20.225 Z-16.483
X32.716 Y-20.256 Z-16.52
X32.491 Y-20.287 Z-16.566
X32.266 Y-20.323 Z-16.624
X32.041 Y-20.362 Z-16.692
X31.875 Y-20.395 Z-16.734
X31.817 Y-20.41 Z-16.748
X31.592 Y-20.473 Z-16.799
X31.367 Y-20.533 Z-16.86
X31.142 Y-20.595 Z-16.937
X31.059 Y-20.621 Z-16.968
X30.692 Y-20.729 Z-17.13
X30.467 Y-20.811 Z-17.223
X30.377 Y-20.846 Z-17.264
X30.242 Y-20.894 Z-17.332
X30.018 Y-20.972 Z-17.457
X29.788 Y-21.071 Z-17.579
X29.68 Y-21.12 Z-17.636
X29.568 Y-21.163 Z-17.712
X29.343 Y-21.257 Z-17.866
X29.267 Y-21.296 Z-17.91
X29.118 Y-21.368 Z-18.014
X29.006 Y-21.409 Z-18.121
X28.893 Y-21.464 Z-18.196
X28.78 Y-21.521 Z-18.278
X28.668 Y-21.566 Z-18.397
X28.556 Y-21.63 Z-18.482
X28.444 Y-21.685 Z-18.584
X28.387 Y-21.702 Z-18.658
X28.363 Y-21.704 Z-18.7
X21.733
X21.706 Y-21.716
Y-34.164
X21.733 Y-34.176
X28.363
X28.387 Y-34.178 Z-18.658
X28.444 Y-34.195 Z-18.584
X28.556 Y-34.25 Z-18.482
X28.668 Y-34.314 Z-18.397
X28.78 Y-34.359 Z-18.278
X28.893 Y-34.416 Z-18.196
X29.006 Y-34.471 Z-18.121
X29.118 Y-34.512 Z-18.014
X29.267 Y-34.584 Z-17.91
X29.343 Y-34.623 Z-17.866
X29.568 Y-34.717 Z-17.712
X29.639 Y-34.745 Z-17.664
X29.718 Y-34.778 Z-17.616
X29.759 Y-34.797 Z-17.595
X29.8 Y-34.817 Z-17.576
X29.883 Y-34.859 Z-17.545
X29.968 Y-34.903 Z-17.52
X30.143 Y-34.992 Z-17.485
X30.321 Y-35.082 Z-17.463
X30.5 Y-35.175 Z-17.445
X30.682 Y-35.259 Z-17.421
X30.773 Y-35.296 Z-17.405
X30.865 Y-35.33 Z-17.383
X30.956 Y-35.36 Z-17.355
X31.046 Y-35.387 Z-17.32
X31.142 Y-35.415 Z-17.277
X31.367 Y-35.473 Z-17.199
X31.592 Y-35.532 Z-17.135
X31.817 Y-35.594 Z-17.085
X32.041 Y-35.642 Z-17.035
X32.266 Y-35.68 Z-16.966
X32.46 Y-35.71 Z-16.912
X32.716 Y-35.743 Z-16.857
X32.941 Y-35.775 Z-16.82
X33.166 Y-35.801 Z-16.793
X33.391 Y-35.821 Z-16.773
X33.615 Y-35.84 Z-16.756
X33.84 Y-35.851 Z-16.747
X34.065 Y-35.858 Z-16.742
X34.29 Y-35.863 Z-16.738
X34.515 Y-35.858 Z-16.742
X34.74 Y-35.851 Z-16.747
X34.965 Y-35.84 Z-16.756
X35.189 Y-35.821 Z-16.773
X35.414 Y-35.801 Z-16.793
X35.639 Y-35.775 Z-16.82
X35.864 Y-35.743 Z-16.857
X36.121 Y-35.71 Z-16.913
X36.314 Y-35.68 Z-16.965
X36.539 Y-35.642 Z-17.035
X36.763 Y-35.594 Z-17.085
X36.988 Y-35.532 Z-17.135
X37.213 Y-35.473 Z-17.199
X37.438 Y-35.415 Z-17.277
X37.663 Y-35.351 Z-17.377
X37.888 Y-35.284 Z-17.474
X37.957 Y-35.259 Z-17.496
X38.113 Y-35.204 Z-17.563
X38.338 Y-35.124 Z-17.677
X38.562 Y-35.051 Z-17.81
X38.602 Y-35.034 Z-17.826
X38.787 Y-34.952 Z-17.914
X39.012 Y-34.866 Z-18.069
X39.083 Y-34.842 Z-18.124
X39.154 Y-34.809 Z-18.158
X39.237 Y-34.77 Z-18.204
X39.349 Y-34.719 Z-18.282
X39.462 Y-34.68 Z-18.393
X39.653 Y-34.584 Z-18.515
X39.687 Y-34.569 Z-18.542
X39.799 Y-34.534 Z-18.663
X39.822 Y-34.532 Z-18.699
X39.912 Z-18.7
X47.199
X47.23 Y-34.52
Y-21.36
X47.199 Y-21.348
X39.824
X39.799 Y-21.346 Z-18.662
X39.687 Y-21.311 Z-18.542
X39.653 Y-21.296 Z-18.515
X39.462 Y-21.2 Z-18.393
X39.349 Y-21.161 Z-18.282
X39.237 Y-21.11 Z-18.204
X39.154 Y-21.071 Z-18.158
X39.083 Y-21.038 Z-18.124
X39.012 Y-21.014 Z-18.069
X38.787 Y-20.928 Z-17.914
X38.602 Y-20.846 Z-17.826
X38.562 Y-20.829 Z-17.81
X38.338 Y-20.756 Z-17.677
X38.113 Y-20.676 Z-17.563
X37.957 Y-20.621 Z-17.496
X37.888 Y-20.596 Z-17.474
X37.663 Y-20.529 Z-17.377
X37.438 Y-20.465 Z-17.277
X37.213 Y-20.407 Z-17.199
X36.988 Y-20.348 Z-17.135
X36.763 Y-20.286 Z-17.085
X36.539 Y-20.238 Z-17.035
X36.314 Y-20.2 Z-16.965
X36.12 Y-20.17 Z-16.912
X35.864 Y-20.137 Z-16.857
X35.639 Y-20.105 Z-16.82
X35.414 Y-20.079 Z-16.793
X35.189 Y-20.059 Z-16.773
X34.965 Y-20.04 Z-16.756
X34.74 Y-20.029 Z-16.747
X34.515 Y-20.022 Z-16.742
X34.29 Y-20.017 Z-16.738
X34.065 Y-20.022 Z-16.742
X33.84 Y-20.029 Z-16.747
X33.615 Y-20.04 Z-16.756
X33.391 Y-20.059 Z-16.773
X33.166 Y-20.079 Z-16.793
X32.941 Y-20.105 Z-16.82
X32.716 Y-20.137 Z-16.857
X32.46 Y-20.17 Z-16.912
X32.266 Y-20.2 Z-16.966
X32.041 Y-20.238 Z-17.035
X31.817 Y-20.286 Z-17.085
X31.592 Y-20.348 Z-17.135
X31.367 Y-20.407 Z-17.199
X31.142 Y-20.465 Z-17.277
X30.917 Y-20.529 Z-17.377
X30.692 Y-20.596 Z-17.474
X30.623 Y-20.621 Z-17.496
X30.467 Y-20.676 Z-17.563
X30.242 Y-20.756 Z-17.677
X30.018 Y-20.829 Z-17.81
X29.979 Y-20.846 Z-17.825
X29.793 Y-20.928 Z-17.914
X29.568 Y-21.014 Z-18.067
X29.497 Y-21.038 Z-18.124
X29.426 Y-21.071 Z-18.158
X29.343 Y-21.11 Z-18.204
X29.231 Y-21.161 Z-18.282
X29.118 Y-21.2 Z-18.393
X28.927 Y-21.296 Z-18.514
X28.893 Y-21.311 Z-18.542
X28.781 Y-21.346 Z-18.662
X28.756 Y-21.348 Z-18.7
X21.381
X21.35 Y-21.36
Y-34.52
X21.381 Y-34.532
X28.756
X28.781 Y-34.534 Z-18.663
X28.893 Y-34.569 Z-18.542
X28.927 Y-34.584 Z-18.514
X29.118 Y-34.68 Z-18.393
X29.231 Y-34.719 Z-18.282
X29.343 Y-34.77 Z-18.204
X29.426 Y-34.809 Z-18.158
X29.497 Y-34.842 Z-18.124
X29.568 Y-34.866 Z-18.067
X29.793 Y-34.952 Z-17.914
X29.979 Y-35.034 Z-17.825
X30.018 Y-35.051 Z-17.81
X30.242 Y-35.124 Z-17.677
X30.467 Y-35.204 Z-17.563
X30.623 Y-35.259 Z-17.496
X30.692 Y-35.284 Z-17.474
X30.917 Y-35.351 Z-17.377
X31.046 Y-35.387 Z-17.32
X31.076 Y-35.397 Z-17.308
X31.106 Y-35.407 Z-17.299
X31.137 Y-35.418 Z-17.292
X31.167 Y-35.429 Z-17.287
X31.23 Y-35.453 Z-17.283
X31.292 Y-35.478 Z-17.286
X31.415 Y-35.533 Z-17.306
X31.659 Y-35.645 Z-17.368
X31.785 Y-35.696 Z-17.392
X31.849 Y-35.718 Z-17.398
X31.914 Y-35.737 Z-17.399
X31.979 Y-35.753 Z-17.393
X32.011 Y-35.76 Z-17.386
X32.043 Y-35.766 Z-17.378
X32.266 Y-35.804 Z-17.308
X32.491 Y-35.835 Z-17.245
X32.716 Y-35.863 Z-17.195
X32.941 Y-35.894 Z-17.156
X33.166 Y-35.919 Z-17.129
X33.391 Y-35.938 Z-17.109
X33.615 Y-35.957 Z-17.092
X33.84 Y-35.968 Z-17.084
X34.065 Y-35.975 Z-17.078
X34.29 Y-35.98 Z-17.074
X34.515 Y-35.975 Z-17.078
X34.74 Y-35.968 Z-17.084
X34.965 Y-35.957 Z-17.092
X35.227 Y-35.935 Z-17.112
X35.414 Y-35.919 Z-17.129
X35.639 Y-35.894 Z-17.156
X35.864 Y-35.863 Z-17.195
X36.089 Y-35.835 Z-17.245
X36.314 Y-35.804 Z-17.307
X36.539 Y-35.766 Z-17.378
X36.763 Y-35.717 Z-17.421
X36.791 Y-35.71 Z-17.426
X36.988 Y-35.656 Z-17.471
X37.213 Y-35.599 Z-17.538
X37.438 Y-35.544 Z-17.62
X37.663 Y-35.484 Z-17.725
X37.775 Y-35.452 Z-17.776
X37.888 Y-35.413 Z-17.81
X38.113 Y-35.339 Z-17.903
X38.349 Y-35.259 Z-18.032
X38.45 Y-35.231 Z-18.104
X38.562 Y-35.185 Z-18.146
X38.675 Y-35.14 Z-18.195
X38.787 Y-35.099 Z-18.267
X38.911 Y-35.054 Z-18.355
X38.976 Y-35.034 Z-18.412
X39.012 Y-35.016 Z-18.426
X39.125 Y-34.964 Z-18.481
X39.237 Y-34.919 Z-18.554
X39.349 Y-34.889 Z-18.671
X39.369 Y-34.888 Z-18.7
X47.557
X47.586 Y-34.876
Y-21.004
X47.557 Y-20.992
X39.369
X39.349 Y-20.991 Z-18.671
X39.237 Y-20.961 Z-18.554
X39.125 Y-20.916 Z-18.481
X39.012 Y-20.864 Z-18.426
X38.976 Y-20.846 Z-18.412
X38.911 Y-20.826 Z-18.355
X38.787 Y-20.781 Z-18.267
X38.675 Y-20.74 Z-18.195
X38.562 Y-20.695 Z-18.146
X38.45 Y-20.649 Z-18.104
X38.338 Y-20.617 Z-18.025
X38.113 Y-20.541 Z-17.903
X37.888 Y-20.467 Z-17.81
X37.775 Y-20.428 Z-17.776
X37.661 Y-20.395 Z-17.725
X37.438 Y-20.336 Z-17.62
X37.213 Y-20.281 Z-17.538
X36.988 Y-20.224 Z-17.471
X36.791 Y-20.17 Z-17.426
X36.763 Y-20.163 Z-17.421
X36.539 Y-20.114 Z-17.378
X36.314 Y-20.076 Z-17.308
X36.089 Y-20.045 Z-17.245
X35.864 Y-20.017 Z-17.195
X35.639 Y-19.986 Z-17.156
X35.414 Y-19.961 Z-17.129
X35.189 Y-19.942 Z-17.109
X34.965 Y-19.923 Z-17.092
X34.74 Y-19.912 Z-17.084
X34.515 Y-19.905 Z-17.078
X34.29 Y-19.9 Z-17.074
X34.065 Y-19.905 Z-17.078
X33.84 Y-19.912 Z-17.084
X33.615 Y-19.923 Z-17.092
X33.353 Y-19.945 Z-17.112
X33.166 Y-19.961 Z-17.129
X32.941 Y-19.986 Z-17.156
X32.716 Y-20.017 Z-17.195
X32.491 Y-20.045 Z-17.245
X32.266 Y-20.076 Z-17.308
X32.041 Y-20.114 Z-17.378
X31.817 Y-20.163 Z-17.421
X31.789 Y-20.17 Z-17.426
X31.592 Y-20.224 Z-17.471
X31.367 Y-20.281 Z-17.538
X31.142 Y-20.336 Z-17.62
X30.917 Y-20.396 Z-17.726
X30.805 Y-20.428 Z-17.776
X30.692 Y-20.467 Z-17.81
X30.467 Y-20.541 Z-17.903
X30.231 Y-20.621 Z-18.032
X30.13 Y-20.649 Z-18.104
X30.018 Y-20.695 Z-18.146
X29.905 Y-20.74 Z-18.195
X29.793 Y-20.781 Z-18.267
X29.68 Y-20.823 Z-18.345
X29.604 Y-20.846 Z-18.412
X29.568 Y-20.864 Z-18.426
X29.455 Y-20.916 Z-18.481
X29.343 Y-20.961 Z-18.554
X29.231 Y-20.991 Z-18.671
X29.211 Y-20.992 Z-18.7
X21.023
X20.994 Y-21.004
Y-34.876
X21.023 Y-34.888
X29.211
X29.231 Y-34.889 Z-18.671
X29.343 Y-34.919 Z-18.554
X29.455 Y-34.964 Z-18.481
X29.568 Y-35.016 Z-18.426
X29.604 Y-35.034 Z-18.412
X29.68 Y-35.057 Z-18.345
X29.793 Y-35.099 Z-18.267
X29.905 Y-35.14 Z-18.195
X30.018 Y-35.185 Z-18.146
X30.13 Y-35.231 Z-18.104
X30.242 Y-35.263 Z-18.025
X30.467 Y-35.339 Z-17.903
X30.692 Y-35.413 Z-17.81
X30.805 Y-35.452 Z-17.776
X30.918 Y-35.485 Z-17.725
X31.142 Y-35.544 Z-17.62
X31.367 Y-35.599 Z-17.538
X31.592 Y-35.656 Z-17.471
X31.789 Y-35.71 Z-17.426
X31.817 Y-35.717 Z-17.421
X32.043 Y-35.766 Z-17.378
X32.137 Y-35.784 Z-17.353
X32.232 Y-35.805 Z-17.337
X32.328 Y-35.828 Z-17.328
X32.425 Y-35.85 Z-17.326
X32.619 Y-35.896 Z-17.336
X32.812 Y-35.941 Z-17.36
X33.007 Y-35.988 Z-17.389
X33.204 Y-36.024 Z-17.416
X33.403 Y-36.053 Z-17.432
X33.503 Y-36.065 Z-17.434
X33.603 Y-36.074 Z-17.429
X33.84 Y-36.085 Z-17.42
X34.065 Y-36.092 Z-17.414
X34.29 Y-36.097 Z-17.411
X34.515 Y-36.092 Z-17.414
X34.74 Y-36.085 Z-17.42
X34.965 Y-36.075 Z-17.429
X35.189 Y-36.056 Z-17.445
X35.414 Y-36.037 Z-17.466
X35.639 Y-36.013 Z-17.493
X35.864 Y-35.983 Z-17.533
X36.089 Y-35.957 Z-17.585
X36.265 Y-35.935 Z-17.636
X36.314 Y-35.928 Z-17.652
X36.539 Y-35.89 Z-17.721
X36.763 Y-35.839 Z-17.756
X36.988 Y-35.781 Z-17.806
X37.213 Y-35.725 Z-17.879
X37.278 Y-35.71 Z-17.902
X37.438 Y-35.674 Z-17.965
X37.663 Y-35.619 Z-18.078
X37.888 Y-35.541 Z-18.146
X38.081 Y-35.485 Z-18.233
X38.225 Y-35.44 Z-18.313
X38.338 Y-35.411 Z-18.398
X38.562 Y-35.319 Z-18.481
X38.747 Y-35.259 Z-18.595
X38.787 Y-35.25 Z-18.632
X38.815 Y-35.245 Z-18.664
X38.842 Y-35.244 Z-18.699
X47.93 Z-18.7
X47.942 Y-35.218
Y-20.662
X47.93 Y-20.636
X38.842 Z-18.699
X38.815 Y-20.635 Z-18.664
X38.787 Y-20.63 Z-18.632
X38.747 Y-20.621 Z-18.595
X38.562 Y-20.561 Z-18.481
X38.338 Y-20.469 Z-18.398
X38.225 Y-20.44 Z-18.313
X38.081 Y-20.395 Z-18.233
X37.888 Y-20.339 Z-18.146
X37.663 Y-20.261 Z-18.078
X37.438 Y-20.206 Z-17.966
X37.278 Y-20.17 Z-17.902
X37.213 Y-20.155 Z-17.879
X36.988 Y-20.099 Z-17.806
X36.763 Y-20.041 Z-17.756
X36.539 Y-19.99 Z-17.721
X36.314 Y-19.952 Z-17.652
X36.265 Y-19.945 Z-17.636
X36.089 Y-19.923 Z-17.585
X35.864 Y-19.897 Z-17.533
X35.639 Y-19.867 Z-17.493
X35.414 Y-19.843 Z-17.466
X35.189 Y-19.824 Z-17.445
X34.965 Y-19.805 Z-17.429
X34.74 Y-19.795 Z-17.42
X34.515 Y-19.788 Z-17.414
X34.29 Y-19.783 Z-17.411
X34.065 Y-19.788 Z-17.414
X33.84 Y-19.795 Z-17.42
X33.615 Y-19.805 Z-17.429
X33.391 Y-19.824 Z-17.445
X33.166 Y-19.843 Z-17.466
X32.941 Y-19.867 Z-17.493
X32.716 Y-19.897 Z-17.533
X32.491 Y-19.923 Z-17.585
X32.314 Y-19.945 Z-17.637
X32.266 Y-19.952 Z-17.652
X32.041 Y-19.99 Z-17.721
X31.817 Y-20.041 Z-17.756
X31.592 Y-20.099 Z-17.806
X31.367 Y-20.155 Z-17.879
X31.302 Y-20.17 Z-17.902
X31.142 Y-20.206 Z-17.966
X30.917 Y-20.261 Z-18.078
X30.692 Y-20.339 Z-18.146
X30.499 Y-20.395 Z-18.233
X30.355 Y-20.44 Z-18.313
X30.242 Y-20.469 Z-18.398
X30.018 Y-20.561 Z-18.481
X29.833 Y-20.621 Z-18.595
X29.793 Y-20.63 Z-18.632
X29.765 Y-20.635 Z-18.664
X29.738 Y-20.636 Z-18.699
X20.65 Z-18.7
X20.638 Y-20.662
Y-35.218
X20.65 Y-35.244
X29.738 Z-18.699
X29.765 Y-35.245 Z-18.664
X29.793 Y-35.25 Z-18.632
X29.833 Y-35.259 Z-18.595
X30.018 Y-35.319 Z-18.481
X30.242 Y-35.411 Z-18.398
X30.355 Y-35.44 Z-18.313
X30.499 Y-35.485 Z-18.233
X30.692 Y-35.541 Z-18.146
X30.917 Y-35.619 Z-18.078
X31.142 Y-35.674 Z-17.965
X31.302 Y-35.71 Z-17.902
X31.367 Y-35.725 Z-17.879
X31.592 Y-35.781 Z-17.806
X31.817 Y-35.839 Z-17.756
X32.041 Y-35.89 Z-17.721
X32.266 Y-35.928 Z-17.652
X32.314 Y-35.935 Z-17.637
X32.491 Y-35.957 Z-17.585
X32.716 Y-35.983 Z-17.533
X32.941 Y-36.013 Z-17.493
X33.166 Y-36.037 Z-17.466
X33.391 Y-36.056 Z-17.445
X33.603 Y-36.074 Z-17.429
X33.701 Y-36.082 Z-17.427
X33.8 Y-36.092 Z-17.432
X33.897 Y-36.103 Z-17.445
X33.994 Y-36.114 Z-17.463
X34.185 Y-36.137 Z-17.513
X34.374 Y-36.158 Z-17.575
X34.563 Y-36.175 Z-17.64
X34.754 Y-36.185 Z-17.701
X34.947 Y-36.188 Z-17.75
X35.045 Y-36.186 Z-17.767
X35.144 Y-36.178 Z-17.778
X35.414 Y-36.155 Z-17.803
X35.639 Y-36.132 Z-17.829
X35.864 Y-36.103 Z-17.872
X36.089 Y-36.078 Z-17.926
X36.314 Y-36.052 Z-17.998
X36.422 Y-36.037 Z-18.037
X36.539 Y-36.011 Z-18.057
X36.763 Y-35.96 Z-18.092
X36.875 Y-35.935 Z-18.115
X36.988 Y-35.906 Z-18.143
X37.213 Y-35.852 Z-18.222
X37.326 Y-35.827 Z-18.266
X37.438 Y-35.808 Z-18.327
X37.551 Y-35.786 Z-18.387
X37.663 Y-35.747 Z-18.411
X37.769 Y-35.71 Z-18.442
X37.888 Y-35.671 Z-18.485
X38.113 Y-35.613 Z-18.603
X38.169 Y-35.603 Z-18.65
X38.197 Y-35.6 Z-18.679
X38.215 Y-35.599 Z-18.7
X48.286
X48.298 Y-35.571
Y-20.309
X48.286 Y-20.281
X38.215
X38.197 Y-20.28 Z-18.679
X38.169 Y-20.277 Z-18.65
X38.113 Y-20.267 Z-18.603
X37.888 Y-20.209 Z-18.485
X37.769 Y-20.17 Z-18.442
X37.663 Y-20.133 Z-18.411
X37.551 Y-20.094 Z-18.387
X37.438 Y-20.072 Z-18.327
X37.326 Y-20.053 Z-18.266
X37.213 Y-20.028 Z-18.222
X36.988 Y-19.974 Z-18.143
X36.875 Y-19.945 Z-18.115
X36.763 Y-19.92 Z-18.092
X36.422 Y-19.843 Z-18.038
X36.314 Y-19.827 Z-17.998
X36.089 Y-19.802 Z-17.926
X35.864 Y-19.777 Z-17.872
X35.639 Y-19.748 Z-17.829
X35.414 Y-19.725 Z-17.802
X35.189 Y-19.706 Z-17.781
X34.965 Y-19.688 Z-17.765
X34.74 Y-19.678 Z-17.756
X34.515 Y-19.671 Z-17.75
X34.29 Y-19.666 Z-17.747
X34.065 Y-19.671 Z-17.75
X33.84 Y-19.678 Z-17.756
X33.615 Y-19.688 Z-17.765
X33.391 Y-19.706 Z-17.781
X33.166 Y-19.725 Z-17.802
X32.941 Y-19.748 Z-17.829
X32.716 Y-19.777 Z-17.872
X32.491 Y-19.802 Z-17.926
X32.266 Y-19.827 Z-17.998
X32.158 Y-19.843 Z-18.038
X31.817 Y-19.92 Z-18.092
X31.705 Y-19.945 Z-18.115
X31.592 Y-19.974 Z-18.143
X31.367 Y-20.028 Z-18.222
X31.254 Y-20.053 Z-18.266
X31.142 Y-20.072 Z-18.327
X31.029 Y-20.094 Z-18.387
X30.917 Y-20.133 Z-18.411
X30.811 Y-20.17 Z-18.442
X30.692 Y-20.209 Z-18.485
X30.467 Y-20.267 Z-18.603
X30.411 Y-20.277 Z-18.65
X30.383 Y-20.28 Z-18.679
X30.365 Y-20.281 Z-18.7
X20.294
X20.282 Y-20.309
Y-35.571
X20.294 Y-35.599
X30.365
X30.383 Y-35.6 Z-18.679
X30.411 Y-35.603 Z-18.65
X30.467 Y-35.613 Z-18.603
X30.692 Y-35.671 Z-18.485
X30.811 Y-35.71 Z-18.442
X30.917 Y-35.747 Z-18.411
X31.029 Y-35.786 Z-18.387
X31.142 Y-35.808 Z-18.327
X31.254 Y-35.827 Z-18.266
X31.367 Y-35.852 Z-18.222
X31.592 Y-35.906 Z-18.143
X31.705 Y-35.935 Z-18.115
X31.817 Y-35.96 Z-18.092
X32.041 Y-36.011 Z-18.057
X32.158 Y-36.037 Z-18.037
X32.266 Y-36.052 Z-17.998
X32.491 Y-36.078 Z-17.926
X32.716 Y-36.103 Z-17.872
X32.941 Y-36.132 Z-17.829
X33.166 Y-36.155 Z-17.803
X33.391 Y-36.174 Z-17.781
X33.615 Y-36.192 Z-17.765
X33.84 Y-36.202 Z-17.756
X34.065 Y-36.209 Z-17.75
X34.29 Y-36.214 Z-17.746
X34.515 Y-36.209 Z-17.75
X34.74 Y-36.202 Z-17.756
X34.965 Y-36.192 Z-17.765
X35.144 Y-36.178 Z-17.778
X35.225 Y-36.173 Z-17.79
X35.273 Y-36.172 Z-17.803
X35.336 Y-36.173 Z-17.825
X35.396 Y-36.175 Z-17.852
X35.456 Y-36.178 Z-17.883
X35.513 Y-36.183 Z-17.917
X35.625 Y-36.192 Z-17.991
X35.85 Y-36.207 Z-18.147
X35.908 Y-36.208 Z-18.183
X35.967 Y-36.207 Z-18.216
X36.029 Y-36.204 Z-18.245
X36.092 Y-36.199 Z-18.27
X36.314 Y-36.178 Z-18.346
X36.368 Y-36.173 Z-18.372
X36.539 Y-36.132 Z-18.392
X36.763 Y-36.082 Z-18.427
X36.988 Y-36.031 Z-18.48
X37.213 Y-35.981 Z-18.567
X37.326 Y-35.962 Z-18.629
X37.382 Y-35.956 Z-18.669
X37.417 Y-35.955 Z-18.7
X48.642
X48.654 Y-35.935
Y-19.945
X48.642 Y-19.925
X37.417
X37.382 Y-19.924 Z-18.669
X37.326 Y-19.918 Z-18.629
X37.213 Y-19.899 Z-18.567
X36.988 Y-19.849 Z-18.48
X36.763 Y-19.798 Z-18.427
X36.539 Y-19.748 Z-18.392
X36.368 Y-19.707 Z-18.372
X36.314 Y-19.702 Z-18.346
X36.089 Y-19.68 Z-18.269
X35.864 Y-19.657 Z-18.21
X35.639 Y-19.629 Z-18.166
X35.414 Y-19.607 Z-18.139
X35.189 Y-19.588 Z-18.118
X34.965 Y-19.57 Z-18.101
X34.74 Y-19.561 Z-18.092
X34.515 Y-19.554 Z-18.087
X34.29 Y-19.549 Z-18.083
X34.065 Y-19.554 Z-18.087
X33.84 Y-19.561 Z-18.092
X33.615 Y-19.57 Z-18.101
X33.391 Y-19.588 Z-18.118
X33.166 Y-19.607 Z-18.139
X32.941 Y-19.629 Z-18.166
X32.716 Y-19.657 Z-18.21
X32.491 Y-19.68 Z-18.269
X32.266 Y-19.702 Z-18.346
X32.212 Y-19.707 Z-18.372
X32.041 Y-19.748 Z-18.392
X31.817 Y-19.798 Z-18.427
X31.592 Y-19.849 Z-18.48
X31.367 Y-19.899 Z-18.567
X31.254 Y-19.918 Z-18.629
X31.198 Y-19.924 Z-18.669
X31.163 Y-19.925 Z-18.7
X19.938
X19.926 Y-19.945
Y-35.935
X19.938 Y-35.955
X31.163
X31.198 Y-35.956 Z-18.669
X31.254 Y-35.962 Z-18.629
X31.367 Y-35.981 Z-18.567
X31.592 Y-36.031 Z-18.48
X31.817 Y-36.082 Z-18.427
X32.041 Y-36.132 Z-18.392
X32.212 Y-36.173 Z-18.372
X32.266 Y-36.178 Z-18.346
X32.491 Y-36.2 Z-18.269
X32.716 Y-36.223 Z-18.21
X32.941 Y-36.251 Z-18.166
X33.166 Y-36.273 Z-18.139
X33.391 Y-36.292 Z-18.118
X33.615 Y-36.31 Z-18.101
X33.84 Y-36.319 Z-18.092
X34.065 Y-36.326 Z-18.087
X34.29 Y-36.331 Z-18.083
X34.515 Y-36.326 Z-18.087
X34.74 Y-36.319 Z-18.092
X34.965 Y-36.31 Z-18.101
X35.189 Y-36.292 Z-18.118
X35.414 Y-36.273 Z-18.139
X35.639 Y-36.251 Z-18.166
X35.864 Y-36.223 Z-18.21
X36.092 Y-36.199 Z-18.27
X36.278 Y-36.19 Z-18.337
X36.463 Y-36.196 Z-18.409
X36.647 Y-36.213 Z-18.48
X36.833 Y-36.237 Z-18.548
X37.019 Y-36.263 Z-18.608
X37.208 Y-36.286 Z-18.656
X37.304 Y-36.296 Z-18.674
X37.401 Y-36.304 Z-18.688
X37.498 Y-36.309 Z-18.697
X37.596 Y-36.311 Z-18.7
X48.984
X49.01 Y-36.299
Y-19.581
X48.984 Y-19.569
X36.286 Z-18.699
X36.258 Z-18.682
X36.201 Y-19.566 Z-18.656
X36.089 Y-19.558 Z-18.613
X35.864 Y-19.536 Z-18.55
X35.639 Y-19.51 Z-18.503
X35.477 Y-19.495 Z-18.482
X35.189 Y-19.47 Z-18.454
X34.965 Y-19.453 Z-18.437
X34.74 Y-19.444 Z-18.429
X34.515 Y-19.437 Z-18.423
X34.29 Y-19.431 Z-18.419
X34.065 Y-19.437 Z-18.423
X33.84 Y-19.444 Z-18.429
X33.615 Y-19.453 Z-18.437
X33.391 Y-19.47 Z-18.454
X33.103 Y-19.495 Z-18.482
X32.941 Y-19.51 Z-18.503
X32.716 Y-19.536 Z-18.55
X32.491 Y-19.558 Z-18.613
X32.379 Y-19.566 Z-18.656
X32.322 Y-19.569 Z-18.682
X32.293 Z-18.7
X19.596
X19.57 Y-19.581
Y-36.299
X19.596 Y-36.311
X32.294 Z-18.699
X32.322 Z-18.682
X32.379 Y-36.314 Z-18.655
X32.491 Y-36.322 Z-18.613
X32.716 Y-36.344 Z-18.55
X32.941 Y-36.37 Z-18.503
X33.103 Y-36.385 Z-18.482
X33.391 Y-36.41 Z-18.454
X33.615 Y-36.427 Z-18.437
X33.84 Y-36.436 Z-18.429
X34.065 Y-36.443 Z-18.423
X34.29 Y-36.448 Z-18.419
X34.515 Y-36.443 Z-18.423
X34.74 Y-36.436 Z-18.429
X34.965 Y-36.427 Z-18.437
X35.189 Y-36.41 Z-18.454
X35.477 Y-36.385 Z-18.482
X35.639 Y-36.37 Z-18.503
X35.864 Y-36.344 Z-18.55
X36.089 Y-36.322 Z-18.613
X36.201 Y-36.314 Z-18.655
X36.258 Y-36.311 Z-18.682
X36.287 Z-18.7
X37.596
X37.793 Y-36.326
X37.89 Y-36.344
X37.987 Y-36.367
X38.178 Y-36.424
X38.555 Y-36.554
X38.746 Y-36.611
X38.94 Y-36.651
X39.038 Y-36.663
X39.137 Y-36.667
X49.356
X49.366 Y-36.611
Y-19.269
X49.356 Y-19.213
X19.224
X19.214 Y-19.269
Y-36.611
X19.224 Y-36.667
X39.137
X39.334 Y-36.682
X39.431 Y-36.7
X39.527 Y-36.723
X39.718 Y-36.78
X40.096 Y-36.91
X40.287 Y-36.967
X40.481 Y-37.007
X40.579 Y-37.019
X40.678 Y-37.023
X49.686
X49.721 Y-37.011
Y-18.869
X49.686 Y-18.857
X18.894
X18.859 Y-18.869
Y-37.011
X18.894 Y-37.023
X40.678
X40.874 Y-37.038
X40.972 Y-37.056
X41.068 Y-37.079
X41.259 Y-37.136
X41.636 Y-37.266
X41.827 Y-37.323
X42.021 Y-37.363
X42.119 Y-37.375
X42.218 Y-37.379
X50.065
X50.077 Y-37.333
Y-18.547
X50.065 Y-18.501
X18.515
X18.503 Y-18.547
Y-37.333
X18.515 Y-37.379
X42.218
X42.415 Y-37.394
X42.512 Y-37.412
X42.609 Y-37.435
X42.8 Y-37.492
X43.177 Y-37.622
X43.368 Y-37.679
X43.561 Y-37.719
X43.66 Y-37.731
X43.758 Y-37.735
X50.421
X50.433 Y-37.707
Y-18.173
X50.421 Y-18.145
X18.159
X18.147 Y-18.173
Y-37.707
X18.159 Y-37.735
X43.758
X43.955 Y-37.75
X44.053 Y-37.768
X44.149 Y-37.791
X44.34 Y-37.848
X44.717 Y-37.977
X44.908 Y-38.034
X45.102 Y-38.075
X45.2 Y-38.086
X45.299 Y-38.091
X50.777 Y-38.09
X50.789 Y-38.058
Y-17.822
X50.777 Y-17.79
X17.803
X17.791 Y-17.822
Y-38.058
X17.803 Y-38.09
X45.299 Y-38.091
X45.496 Y-38.106
X45.593 Y-38.124
X45.689 Y-38.147
X45.88 Y-38.204
X46.257 Y-38.333
X46.448 Y-38.39
X46.642 Y-38.431
X46.74 Y-38.442
X46.839 Y-38.446
X51.118
X51.145 Y-38.434
Y-17.446
X51.118 Y-17.434
X17.462
X17.435 Y-17.446
Y-38.434
X17.462 Y-38.446
X46.839
X47.036 Y-38.462
X47.133 Y-38.48
X47.23 Y-38.502
X47.421 Y-38.559
X47.798 Y-38.689
X47.989 Y-38.746
X48.183 Y-38.787
X48.281 Y-38.798
X48.379 Y-38.802
X51.471
X51.501 Y-38.79
Y-17.09
X51.471 Y-17.078
X17.109
X17.079 Y-17.09
Y-38.79
X17.109 Y-38.802
X48.379
X48.576 Y-38.818
X48.674 Y-38.836
X48.77 Y-38.858
X48.961 Y-38.915
X49.338 Y-39.045
X49.529 Y-39.102
X49.723 Y-39.143
X49.821 Y-39.154
X49.92 Y-39.158
X51.829
X51.857 Y-39.146
Y-16.734
X51.829 Y-16.722
X16.751
X16.723 Y-16.734
Y-39.146
X16.751 Y-39.158
X49.92
X50.117 Y-39.174
X50.215 Y-39.192
X50.311 Y-39.214
X50.502 Y-39.271
X50.879 Y-39.401
X51.07 Y-39.458
X51.264 Y-39.499
X51.362 Y-39.51
X51.461 Y-39.514
X52.201
X52.213 Y-39.489
Y-16.391
X52.201 Y-16.366
X16.379
X16.367 Y-16.391
Y-39.489
X16.379 Y-39.514
X51.461
X51.544 Y-39.521
X51.593 Y-39.53
X51.658 Y-39.548
X51.721 Y-39.571
X51.844 Y-39.628
X52.084 Y-39.756
X52.208 Y-39.813
X52.271 Y-39.836
X52.335 Y-39.854
X52.401 Y-39.866
X52.468 Y-39.87
X52.557
X52.569 Y-39.843
Y-16.037
X52.557 Y-16.01
X16.023
X16.011 Y-16.037
Y-39.843
X16.023 Y-39.87
X52.468
X52.5 Y-39.867
X52.532 Y-39.86
X52.573 Y-39.844
X52.611 Y-39.823
X52.63 Y-39.811
X52.665 Y-39.782
X52.697 Y-39.751
X52.727 Y-39.716
X52.753 Y-39.679
X52.779 Y-39.638
X52.802 Y-39.595
X52.842 Y-39.506
X52.858 Y-39.459
X52.872 Y-39.412
X52.892 Y-39.317
X52.908 Y-39.2
X52.918 Y-39.082
X52.927 Y-38.846
X52.925 Y-38.372
Y-15.666
X52.729 Y-15.654
X15.851
X15.655 Y-15.666
Y-40.214
X15.851 Y-40.226
X52.729
X52.925 Y-40.214
Y-38.372
X52.941 Y-38.175
X52.958 Y-38.078
X52.981 Y-37.981
X53.038 Y-37.79
X53.168 Y-37.413
X53.225 Y-37.222
X53.265 Y-37.029
X53.277 Y-36.93
X53.281 Y-36.832
Y-15.31
X53.256 Y-15.298
X15.324
X15.299 Y-15.31
Y-40.57
X15.324 Y-40.582
X53.256
X53.281 Y-40.57
Y-36.832
X53.297 Y-36.635
X53.314 Y-36.537
X53.337 Y-36.441
X53.394 Y-36.25
X53.524 Y-35.873
X53.581 Y-35.682
X53.621 Y-35.488
X53.633 Y-35.39
X53.637 Y-35.291
Y-14.99
X53.628 Y-14.942
X14.952
X14.943 Y-14.99
Y-40.89
X14.952 Y-40.938
X53.628
X53.637 Y-40.89
Y-35.291
X53.653 Y-35.094
X53.67 Y-34.997
X53.693 Y-34.901
X53.75 Y-34.71
X53.88 Y-34.333
X53.937 Y-34.142
X53.977 Y-33.948
X53.989 Y-33.85
X53.993 Y-33.751
Y-14.598
X53.958 Y-14.586
X14.622
X14.587 Y-14.598
Y-41.282
X14.622 Y-41.294
X53.958
X53.993 Y-41.282
Y-33.751
X54.009 Y-33.554
X54.026 Y-33.457
X54.049 Y-33.36
X54.106 Y-33.169
X54.236 Y-32.792
X54.293 Y-32.601
X54.333 Y-32.407
X54.345 Y-32.309
X54.349 Y-32.21
Y-14.272
X54.337 Y-14.23
X14.243
X14.231 Y-14.272
Y-41.608
X14.243 Y-41.65
X54.337
X54.349 Y-41.608
Y-32.21
X54.365 Y-32.013
X54.382 Y-31.916
X54.405 Y-31.82
X54.462 Y-31.629
X54.592 Y-31.251
X54.649 Y-31.06
X54.689 Y-30.867
X54.701 Y-30.768
X54.705 Y-30.67
Y-13.901
X54.693 Y-13.874
X13.887
X13.875 Y-13.901
Y-41.979
X13.887 Y-42.006
X54.693
X54.705 Y-41.979
Y-30.67
X54.721 Y-30.473
X54.738 Y-30.375
X54.761 Y-30.279
X54.818 Y-30.088
X54.948 Y-29.711
X55.005 Y-29.52
X55.045 Y-29.326
X55.057 Y-29.228
X55.061 Y-29.129
Y-13.549
X55.049 Y-13.518
X13.531
X13.519 Y-13.549
Y-42.331
X13.531 Y-42.362
X55.049
X55.061 Y-42.331
Y-29.129
X55.077 Y-28.932
X55.094 Y-28.835
X55.117 Y-28.738
X55.174 Y-28.547
X55.304 Y-28.17
X55.361 Y-27.979
X55.401 Y-27.786
X55.413 Y-27.688
X55.417 Y-27.589
Y-13.189
X55.405 Y-13.162
X13.175
X13.163 Y-13.189
Y-42.691
X13.175 Y-42.718
X55.405
X55.417 Y-42.691
Y-27.589
X55.433 Y-27.392
X55.45 Y-27.294
X55.473 Y-27.198
X55.53 Y-27.007
X55.66 Y-26.63
X55.717 Y-26.439
X55.757 Y-26.245
X55.769 Y-26.147
X55.773 Y-26.049
Y-12.818
X55.743 Y-12.807
X12.837
X12.807 Y-12.818
Y-43.062
X12.837 Y-43.073
X55.743
X55.773 Y-43.062
Y-26.049
X55.789 Y-25.852
X55.806 Y-25.754
X55.829 Y-25.658
X55.886 Y-25.467
X56.016 Y-25.09
X56.073 Y-24.899
X56.113 Y-24.705
X56.125 Y-24.607
X56.129 Y-24.508
Y-12.462
X56.102 Y-12.451
X12.478
X12.451 Y-12.462
Y-43.418
X12.478 Y-43.429
X56.102
X56.129 Y-43.418
Y-24.508
X56.145 Y-24.311
X56.162 Y-24.214
X56.185 Y-24.118
X56.242 Y-23.927
X56.372 Y-23.549
X56.429 Y-23.358
X56.469 Y-23.165
X56.481 Y-23.066
X56.485 Y-22.968
Y-12.119
X56.473 Y-12.095
X12.107
X12.095 Y-12.119
Y-43.761
X12.107 Y-43.785
X56.473
X56.485 Y-43.761
Y-22.968
X56.501 Y-22.771
X56.518 Y-22.673
X56.541 Y-22.577
X56.598 Y-22.386
X56.728 Y-22.009
X56.785 Y-21.818
X56.825 Y-21.624
X56.837 Y-21.526
X56.841 Y-21.427
Y-11.764
X56.829 Y-11.738
X11.751 Y-11.739
X11.739 Y-11.764
Y-44.116
X11.751 Y-44.141
X56.829 Y-44.142
X56.841 Y-44.116
Y-21.427
X56.857 Y-21.23
X56.874 Y-21.133
X56.897 Y-21.036
X56.954 Y-20.845
X57.084 Y-20.468
X57.141 Y-20.277
X57.181 Y-20.083
X57.193 Y-19.985
X57.197 Y-19.886
Y-11.387
X57.001 Y-11.383
X11.579
X11.383 Y-11.387
Y-44.493
X11.579 Y-44.497
X57.001
X57.197 Y-44.493
Y-19.886
X57.212 Y-19.689
X57.23 Y-19.592
X57.253 Y-19.496
X57.31 Y-19.305
X57.44 Y-18.928
X57.497 Y-18.737
X57.537 Y-18.543
X57.549 Y-18.445
X57.553 Y-18.346
Y-11.039
X57.528 Y-11.027
X11.052
X11.027 Y-11.039
Y-44.841
X11.052 Y-44.853
X57.528
X57.553 Y-44.841
Y-18.346
X57.568 Y-18.149
X57.586 Y-18.052
X57.609 Y-17.955
X57.666 Y-17.764
X57.796 Y-17.387
X57.853 Y-17.196
X57.893 Y-17.003
X57.905 Y-16.905
X57.909 Y-16.806
Y-10.711
X57.901 Y-10.671
X10.679
X10.671 Y-10.711
Y-45.169
X10.679 Y-45.209
X57.901
X57.909 Y-45.169
Y-16.806
X57.924 Y-16.609
X57.942 Y-16.511
X57.965 Y-16.415
X58.022 Y-16.224
X58.152 Y-15.847
X58.208 Y-15.656
X58.249 Y-15.462
X58.261 Y-15.364
X58.265 Y-15.265
Y-10.327
X58.23 Y-10.315
X10.35
X10.315 Y-10.327
Y-45.553
X10.35 Y-45.565
X58.23
X58.265 Y-45.553
Y-15.265
X58.28 Y-15.069
X58.298 Y-14.971
X58.321 Y-14.875
X58.378 Y-14.684
X58.507 Y-14.307
X58.564 Y-14.116
X58.605 Y-13.922
X58.617 Y-13.824
X58.621 Y-13.725
Y-9.997
X58.609 Y-9.959
X9.971
X9.959 Y-9.997
Y-45.883
X9.971 Y-45.921
X58.609
X58.621 Y-45.883
Y-13.725
X58.636 Y-13.528
X58.654 Y-13.431
X58.677 Y-13.334
X58.734 Y-13.143
X58.863 Y-12.766
X58.92 Y-12.575
X58.961 Y-12.381
X58.973 Y-12.283
X58.977 Y-12.184
Y-9.629
X58.965 Y-9.603
X9.615
X9.603 Y-9.629
Y-46.251
X9.615 Y-46.277
X58.965
X58.977 Y-46.251
Y-12.184
X58.992 Y-11.987
X59.01 Y-11.89
X59.033 Y-11.794
X59.09 Y-11.603
X59.219 Y-11.225
X59.276 Y-11.034
X59.317 Y-10.841
X59.329 Y-10.742
X59.333 Y-10.644
Y-9.276
X59.321 Y-9.247
X9.259
X9.247 Y-9.276
Y-46.604
X9.259 Y-46.633
X59.321
X59.333 Y-46.604
Y-10.644
X59.348 Y-10.447
X59.366 Y-10.349
X59.389 Y-10.253
X59.446 Y-10.062
X59.575 Y-9.685
X59.632 Y-9.494
X59.673 Y-9.3
X59.684 Y-9.202
X59.689 Y-9.103
Y-8.91
X59.677 Y-8.891
X8.903
X8.891 Y-8.91
Y-46.97
X8.903 Y-46.989
X59.677
X59.689 Y-46.97
Y-9.103
X59.685 Y-9.059
X59.673 Y-9.015
X59.656 Y-8.974
X59.635 Y-8.934
X59.608 Y-8.897
X59.579 Y-8.861
X59.546 Y-8.829
X59.512 Y-8.798
X59.472 Y-8.769
X59.432 Y-8.742
X59.346 Y-8.694
X59.302 Y-8.674
X59.256 Y-8.656
X59.163 Y-8.626
X59.051 Y-8.6
X58.938 Y-8.579
X58.71 Y-8.552
X58.481 Y-8.539
X58.251 Y-8.535
X8.565
X8.535 Y-8.547
Y-47.333
X8.565 Y-47.345
X60.015
X60.045 Y-47.333
Y-8.547
X60.015 Y-8.535
X58.251
X58.054 Y-8.52
X57.956 Y-8.502
X57.86 Y-8.479
X57.669 Y-8.422
X57.292 Y-8.293
X57.101 Y-8.236
X56.907 Y-8.195
X56.809 Y-8.183
X56.71 Y-8.179
X8.206
X8.179 Y-8.191
Y-47.689
X8.206 Y-47.701
X60.374
X60.401 Y-47.689
Y-8.191
X60.374 Y-8.179
X56.71
X56.513 Y-8.164
X56.416 Y-8.146
X56.319 Y-8.123
X56.128 Y-8.066
X55.751 Y-7.937
X55.56 Y-7.88
X55.366 Y-7.839
X55.268 Y-7.828
X55.17 Y-7.823
X7.863
X7.823 Y-7.835
Y-48.045
X7.863 Y-48.057
X60.717
X60.757 Y-48.045
Y-7.835
X60.717 Y-7.823
X55.17
X54.973 Y-7.808
X54.875 Y-7.79
X54.779 Y-7.767
X54.588 Y-7.71
X54.211 Y-7.581
X54.02 Y-7.524
X53.826 Y-7.483
X53.728 Y-7.472
X53.629 Y-7.467
X7.499
X7.467 Y-7.479
Y-48.401
X7.499 Y-48.413
X61.081
X61.113 Y-48.401
Y-7.479
X61.081 Y-7.467
X53.629
X53.432 Y-7.452
X53.335 Y-7.434
X53.239 Y-7.411
X53.048 Y-7.354
X52.671 Y-7.225
X52.48 Y-7.168
X52.286 Y-7.127
X52.188 Y-7.116
X52.089 Y-7.111
X7.136
X7.111 Y-7.123
Y-48.757
X7.136 Y-48.769
X61.444
X61.469 Y-48.757
Y-7.123
X61.444 Y-7.111
X52.089
X51.892 Y-7.096
X51.795 Y-7.078
X51.698 Y-7.055
X51.507 Y-6.998
X51.13 Y-6.869
X50.939 Y-6.812
X50.746 Y-6.771
X50.647 Y-6.76
X50.549 Y-6.755
X6.781
X6.755 Y-6.767
Y-49.113
X6.781 Y-49.125
X61.799
X61.825 Y-49.113
Y-6.767
X61.799 Y-6.755
X50.549
X50.352 Y-6.74
X50.254 Y-6.722
X50.158 Y-6.699
X49.967 Y-6.642
X49.59 Y-6.513
X49.399 Y-6.456
X49.205 Y-6.415
X49.107 Y-6.404
X49.008 Y-6.399
X6.407
X6.399 Y-6.432
Y-49.448
X6.407 Y-49.481
X62.173
X62.181 Y-49.448
Y-6.432
X62.173 Y-6.399
X49.008
X48.811 Y-6.384
X48.714 Y-6.366
X48.617 Y-6.343
X48.426 Y-6.286
X48.049 Y-6.157
X47.858 Y-6.1
X47.664 Y-6.059
X47.566 Y-6.048
X47.467 Y-6.043
X6.078 Y-6.044
X6.043 Y-6.055
Y-49.825
X6.078 Y-49.836
X62.502
X62.537 Y-49.825
Y-6.055
X62.502 Y-6.044
X47.467 Y-6.043
X47.27 Y-6.028
X47.173 Y-6.01
X47.077 Y-5.987
X46.886 Y-5.93
X46.508 Y-5.801
X46.317 Y-5.744
X46.124 Y-5.703
X46.025 Y-5.692
X45.927 Y-5.688
X5.699
X5.687 Y-5.722
Y-50.158
X5.699 Y-50.192
X62.881
X62.893 Y-50.158
Y-5.722
X62.881 Y-5.688
X45.927
X45.73 Y-5.672
X45.632 Y-5.654
X45.536 Y-5.631
X45.345 Y-5.574
X44.968 Y-5.445
X44.777 Y-5.388
X44.583 Y-5.347
X44.485 Y-5.336
X44.386 Y-5.332
X5.343 Y-5.331
X5.331 Y-5.357
Y-50.523
X5.343 Y-50.549
X63.237
X63.249 Y-50.523
Y-5.357
X63.237 Y-5.331
X44.386 Y-5.332
X44.189 Y-5.316
X44.092 Y-5.298
X43.996 Y-5.275
X43.805 Y-5.218
X43.428 Y-5.089
X43.237 Y-5.032
X43.043 Y-4.991
X42.945 Y-4.98
X42.846 Y-4.976
X4.987
X4.976 Y-5.002
Y-50.878
X4.987 Y-50.904
X63.593
X63.604 Y-50.878
Y-5.002
X63.593 Y-4.976
X42.846
X42.649 Y-4.96
X42.552 Y-4.942
X42.455 Y-4.919
X42.265 Y-4.862
X41.887 Y-4.733
X41.697 Y-4.676
X41.503 Y-4.635
X41.405 Y-4.624
X41.306 Y-4.62
X4.833
X4.62 Y-4.631
Y-51.249
X4.833 Y-51.26
X63.747
X63.96 Y-51.249
Y-4.631
X63.747 Y-4.62
X41.306
X41.109 Y-4.604
X41.012 Y-4.586
X40.915 Y-4.563
X40.724 Y-4.506
X40.347 Y-4.377
X40.156 Y-4.32
X39.962 Y-4.279
X39.864 Y-4.268
X39.765 Y-4.264
X4.293
X4.264 Y-4.276
Y-51.605
X4.293 Y-51.616
X64.287
X64.316 Y-51.604
Y-4.275
X64.287 Y-4.264
X39.765
X39.568 Y-4.248
X39.471 Y-4.23
X39.375 Y-4.207
X39.184 Y-4.15
X38.807 Y-4.021
X38.616 Y-3.964
X38.422 Y-3.923
X38.324 Y-3.912
X38.225 Y-3.908
X3.934
X3.907 Y-3.92
X3.908 Y-51.949
X3.919 Y-51.972
X64.646
X64.673 Y-51.96
X64.672 Y-3.931
X64.661 Y-3.908
X38.225
X38.028 Y-3.892
X37.93 Y-3.874
X37.834 Y-3.851
X37.643 Y-3.794
X37.266 Y-3.665
X37.075 Y-3.608
X36.881 Y-3.567
X36.783 Y-3.556
X36.684 Y-3.552
X3.591
X3.552 Y-3.564
Y-52.317
X3.591 Y-52.328
X64.989
X65.028 Y-52.316
X65.029 Y-3.563
X64.989 Y-3.552
X36.684
X36.487 Y-3.536
X36.39 Y-3.518
X36.293 Y-3.495
X36.102 Y-3.438
X35.725 Y-3.309
X35.534 Y-3.252
X35.34 Y-3.211
X35.242 Y-3.2
X35.143 Y-3.196
X3.227
X3.195 Y-3.208
Y-52.673
X3.227 Y-52.684
X65.353
X65.385 Y-52.672
X65.384 Y-3.207
X65.353 Y-3.196
X35.143
X34.947 Y-3.18
X34.849 Y-3.162
X34.753 Y-3.139
X34.562 Y-3.082
X34.185 Y-2.953
X33.994 Y-2.896
X33.8 Y-2.855
X33.702 Y-2.844
X33.603 Y-2.84
X2.864 Y-2.841
X2.84 Y-2.853
Y-53.029
X2.864 Y-53.04
X65.716 Y-53.039
X65.74 Y-53.027
Y-2.851
X65.716 Y-2.84
X33.603
X33.406 Y-2.824
X33.309 Y-2.806
X33.213 Y-2.783
X33.022 Y-2.726
X32.645 Y-2.597
X32.454 Y-2.54
X32.26 Y-2.499
X32.162 Y-2.488
X32.063 Y-2.484
X2.509 Y-2.485
X2.484 Y-2.497
Y-53.385
X2.509 Y-53.396
X66.071 Y-53.395
X66.096 Y-53.383
Y-2.495
X66.071 Y-2.484
X32.063
X31.866 Y-2.468
X31.769 Y-2.45
X31.672 Y-2.427
X31.481 Y-2.37
X31.104 Y-2.241
X30.913 Y-2.184
X30.72 Y-2.143
X30.621 Y-2.132
X30.523 Y-2.128
X2.135 Y-2.129
X2.128 Y-2.153
Y-53.727
X2.135 Y-53.752
X66.445 Y-53.751
X66.452 Y-53.727
Y-2.153
X66.445 Y-2.128
X30.523
X30.326 Y-2.112
X30.228 Y-2.094
X30.132 Y-2.071
X29.941 Y-2.014
X29.564 Y-1.885
X29.373 Y-1.828
X29.179 Y-1.787
X29.081 Y-1.776
X28.982 Y-1.772
X1.806 Y-1.773
X1.772 Y-1.785
Y-54.096
X1.806 Y-54.108
X66.774 Y-54.107
X66.808 Y-54.095
Y-1.784
X66.774 Y-1.772
X28.982
X28.785 Y-1.756
X28.688 Y-1.738
X28.591 Y-1.715
X28.4 Y-1.659
X28.023 Y-1.529
X27.832 Y-1.472
X27.638 Y-1.432
X27.54 Y-1.42
X27.441 Y-1.416
X1.428 Y-1.417
X1.416 Y-1.447
Y-54.433
X1.428 Y-54.464
X67.152 Y-54.463
X67.164 Y-54.433
Y-1.447
X67.152 Y-1.416
X27.441
X27.244 Y-1.4
X27.147 Y-1.383
X27.051 Y-1.36
X26.86 Y-1.303
X26.482 Y-1.173
X26.291 Y-1.116
X26.098 Y-1.076
X25.999 Y-1.064
X25.901 Y-1.06
X1.072 Y-1.061
X1.06 Y-1.085
Y-54.796
X1.072 Y-54.82
X67.508
X67.52 Y-54.795
Y-1.084
X67.508 Y-1.06
X25.901
X25.704 Y-1.044
X25.606 Y-1.027
X25.51 Y-1.004
X25.319 Y-0.947
X24.942 Y-0.817
X24.751 Y-0.76
X24.557 Y-0.72
X24.459 Y-0.708
X24.36 Y-0.704
X0.716 Y-0.705
X0.704 Y-0.729
Y-55.151
X0.716 Y-55.176
X67.864 Y-55.175
X67.876 Y-55.151
Y-0.729
X67.864 Y-0.704
X24.36
X24.163 Y-0.688
X24.066 Y-0.671
X23.97 Y-0.648
X23.779 Y-0.591
X23.402 Y-0.461
X23.211 Y-0.404
X23.017 Y-0.364
X22.919 Y-0.352
X22.82 Y-0.348
X0.561 Y-0.349
X0.348 Y-0.352
Y-55.528
X0.561 Y-55.532
X68.019 Y-55.531
X68.232 Y-55.528
Y-0.352
X68.019 Y-0.348
X22.82
X22.623 Y-0.332
X22.526 Y-0.315
X22.429 Y-0.292
X22.239 Y-0.235
X21.861 Y-0.105
X21.67 Y-0.048
X21.477 Y-0.008
X21.379 Y0.004
X21.28 Y0.008
X-0.002 Y0.006
X-0.006 Y0.
X-0.008 Y-0.126
Y-55.754
X-0.005 Y-55.883
X0. Y-55.887
X66.895
X68.582 Y-55.886
X68.586 Y-55.88
X68.588 Y-55.754
Y-0.126
X68.585 Y0.003
X68.58 Y0.007
X21.28 Y0.008
X21.181 Z-18.692
X21.084 Z-18.669
X20.992 Z-18.631
X20.907 Z-18.579
X20.831 Z-18.514
X20.766 Z-18.438
X20.714 Z-18.353
X20.676 Z-18.261
X20.653 Z-18.164
X20.645 Z-18.065
G0 Z5.
X32.287 Y-26.821
Z-4.013
G1 Z-5.453 F25.
X32.28 Y-26.824 Z-5.552 F3048.
X32.26 Y-26.835 Z-5.647
X32.226 Y-26.851 Z-5.739
X32.181 Y-26.874 Z-5.823
X32.124 Y-26.903 Z-5.899
X32.057 Y-26.937 Z-5.963
X31.983 Y-26.974 Z-6.016
X31.902 Y-27.015 Z-6.055
X31.817 Y-27.058 Z-6.079
X31.631 Y-27.152 Z-6.115
X31.592 Y-27.173 Z-6.124
X31.367 Y-27.306 Z-6.185
X31.257 Y-27.377 Z-6.22
X31.142 Y-27.458 Z-6.26
X30.957 Y-27.602 Z-6.338
X30.917 Y-27.635 Z-6.357
X30.692 Y-27.835 Z-6.477
X30.624 Y-27.901 Z-6.518
X30.586 Y-27.94 Z-6.544
X30.624 Y-27.979 Z-6.518
X30.7 Y-28.053 Z-6.473
X30.917 Y-28.245 Z-6.357
X30.957 Y-28.278 Z-6.338
X31.142 Y-28.422 Z-6.26
X31.257 Y-28.503 Z-6.22
X31.367 Y-28.574 Z-6.185
X31.592 Y-28.707 Z-6.124
X31.631 Y-28.728 Z-6.115
X31.817 Y-28.822 Z-6.079
X32.041 Y-28.92 Z-6.044
X32.122 Y-28.953 Z-6.034
X32.266 Y-29.007 Z-6.021
X32.491 Y-29.082 Z-6.007
X32.716 Y-29.147 Z-6.001
X32.832 Y-29.179 Z-6.
X32.941 Y-29.205
X33.166 Y-29.254
X33.391 Y-29.296
X33.615 Y-29.328
X33.84 Y-29.353
X34.065 Y-29.368
X34.29 Y-29.375
X34.515 Y-29.368
X34.74 Y-29.353
X34.965 Y-29.328
X35.189 Y-29.296
X35.414 Y-29.254
X35.639 Y-29.204
X35.748 Y-29.179
X35.864 Y-29.147 Z-6.001
X36.089 Y-29.082 Z-6.007
X36.314 Y-29.006 Z-6.021
X36.457 Y-28.953 Z-6.034
X36.539 Y-28.92 Z-6.044
X36.763 Y-28.822 Z-6.079
X36.949 Y-28.728 Z-6.115
X36.988 Y-28.707 Z-6.124
X37.213 Y-28.574 Z-6.185
X37.323 Y-28.503 Z-6.22
X37.438 Y-28.422 Z-6.26
X37.623 Y-28.278 Z-6.338
X37.663 Y-28.245 Z-6.357
X37.888 Y-28.045 Z-6.477
X37.956 Y-27.979 Z-6.518
X37.994 Y-27.94 Z-6.544
X37.956 Y-27.901 Z-6.518
X37.88 Y-27.827 Z-6.473
X37.663 Y-27.635 Z-6.357
X37.623 Y-27.602 Z-6.338
X37.438 Y-27.458 Z-6.26
X37.323 Y-27.377 Z-6.22
X37.213 Y-27.306 Z-6.185
X36.988 Y-27.173 Z-6.124
X36.949 Y-27.152 Z-6.115
X36.763 Y-27.058 Z-6.079
X36.539 Y-26.96 Z-6.044
X36.458 Y-26.927 Z-6.034
X36.314 Y-26.874 Z-6.021
X36.089 Y-26.798 Z-6.007
X35.864 Y-26.733 Z-6.001
X35.748 Y-26.701 Z-6.
X35.639 Y-26.676
X35.414 Y-26.626
X35.189 Y-26.584
X34.965 Y-26.552
X34.74 Y-26.527
X34.515 Y-26.512
X34.29 Y-26.505
X34.065 Y-26.512
X33.84 Y-26.527
X33.615 Y-26.552
X33.391 Y-26.584
X33.166 Y-26.626
X32.941 Y-26.675
X32.832 Y-26.701
X32.716 Y-26.733 Z-6.001
X32.491 Y-26.798 Z-6.007
X32.266 Y-26.874 Z-6.021
X32.123 Y-26.927 Z-6.034
X32.041 Y-26.96 Z-6.044
X31.817 Y-27.058 Z-6.079
X31.761 Y-27.091 Z-6.088
X31.709 Y-27.132 Z-6.097
X31.661 Y-27.177 Z-6.105
X31.618 Y-27.227 Z-6.113
X31.577 Y-27.28 Z-6.12
X31.539 Y-27.336 Z-6.127
X31.47 Y-27.451 Z-6.142
X31.402 Y-27.569 Z-6.157
X31.33 Y-27.685 Z-6.178
X31.292 Y-27.739 Z-6.19
X31.25 Y-27.791 Z-6.204
X31.205 Y-27.839 Z-6.22
X31.155 Y-27.881 Z-6.239
X31.083 Y-27.94 Z-6.269
X31.142 Y-27.988 Z-6.244
X31.225 Y-28.053 Z-6.213
X31.367 Y-28.157 Z-6.165
X31.551 Y-28.278 Z-6.111
X31.592 Y-28.301 Z-6.101
X31.817 Y-28.427 Z-6.057
X31.969 Y-28.503 Z-6.034
X32.041 Y-28.534 Z-6.025
X32.266 Y-28.628 Z-6.007
X32.491 Y-28.707 Z-6.
X32.555 Y-28.728
X32.716 Y-28.777
X32.941 Y-28.839
X33.166 Y-28.89
X33.391 Y-28.934
X33.51 Y-28.953
X33.615 Y-28.968
X33.84 Y-28.995
X34.065 Y-29.011
X34.29 Y-29.019
X34.515 Y-29.011
X34.74 Y-28.995
X34.965 Y-28.968
X35.069 Y-28.953
X35.189 Y-28.934
X35.414 Y-28.89
X35.639 Y-28.839
X35.864 Y-28.776
X36.024 Y-28.728
X36.089 Y-28.706
X36.314 Y-28.628 Z-6.007
X36.539 Y-28.534 Z-6.025
X36.611 Y-28.503 Z-6.034
X36.763 Y-28.427 Z-6.057
X36.988 Y-28.301 Z-6.101
X37.029 Y-28.278 Z-6.111
X37.213 Y-28.157 Z-6.165
X37.355 Y-28.053 Z-6.213
X37.438 Y-27.988 Z-6.244
X37.497 Y-27.94 Z-6.269
X37.438 Y-27.892 Z-6.244
X37.355 Y-27.827 Z-6.213
X37.213 Y-27.723 Z-6.165
X37.028 Y-27.602 Z-6.111
X36.988 Y-27.579 Z-6.101
X36.763 Y-27.453 Z-6.057
X36.611 Y-27.377 Z-6.034
X36.539 Y-27.346 Z-6.025
X36.314 Y-27.252 Z-6.007
X36.089 Y-27.173 Z-6.
X36.024 Y-27.152
X35.864 Y-27.104
X35.639 Y-27.041
X35.414 Y-26.99
X35.189 Y-26.946
X35.069 Y-26.927
X34.965 Y-26.912
X34.74 Y-26.885
X34.515 Y-26.869
X34.29 Y-26.861
X34.065 Y-26.869
X33.84 Y-26.885
X33.615 Y-26.911
X33.508 Y-26.927
X33.391 Y-26.946
X33.166 Y-26.99
X32.941 Y-27.041
X32.716 Y-27.103
X32.555 Y-27.152
X32.491 Y-27.173
X32.266 Y-27.252 Z-6.007
X32.041 Y-27.346 Z-6.025
X31.968 Y-27.377 Z-6.034
X31.817 Y-27.453 Z-6.057
X31.592 Y-27.579 Z-6.101
X31.551 Y-27.602 Z-6.111
X31.367 Y-27.723 Z-6.165
X31.225 Y-27.827 Z-6.213
X31.155 Y-27.881 Z-6.239
X31.154 Y-27.888
X31.161 Y-27.899 Z-6.236
X31.179 Y-27.911 Z-6.229
X31.207 Y-27.918 Z-6.218
X31.251 Y-27.923 Z-6.201
X31.272 Y-27.922 Z-6.193
X31.425 Y-27.902 Z-6.141
X31.501 Y-27.886 Z-6.118
X31.577 Y-27.865 Z-6.1
X31.714 Y-27.82 Z-6.068
X31.851 Y-27.775 Z-6.043
X31.988 Y-27.728 Z-6.024
X32.125 Y-27.68 Z-6.01
X32.262 Y-27.631 Z-6.002
X32.4 Y-27.583 Z-5.999
X32.677 Y-27.488 Z-6.
X32.716 Y-27.475
X32.941 Y-27.41
X33.069 Y-27.377
X33.166 Y-27.355
X33.391 Y-27.309
X33.615 Y-27.271
X33.84 Y-27.244
X34.065 Y-27.226
X34.29 Y-27.217
X34.515 Y-27.226
X34.74 Y-27.244
X34.965 Y-27.271
X35.189 Y-27.309
X35.414 Y-27.355
X35.511 Y-27.377
X35.639 Y-27.41
X35.864 Y-27.475
X36.089 Y-27.55
X36.23 Y-27.602
X36.314 Y-27.637 Z-6.002
X36.539 Y-27.737 Z-6.018
X36.709 Y-27.827 Z-6.039
X36.763 Y-27.858 Z-6.048
X36.902 Y-27.94 Z-6.075
X36.763 Y-28.022 Z-6.048
X36.709 Y-28.053 Z-6.039
X36.539 Y-28.143 Z-6.018
X36.314 Y-28.243 Z-6.002
X36.23 Y-28.278 Z-6.
X36.089 Y-28.329
X35.864 Y-28.405
X35.639 Y-28.47
X35.511 Y-28.503
X35.414 Y-28.525
X35.189 Y-28.571
X34.965 Y-28.609
X34.74 Y-28.637
X34.515 Y-28.654
X34.29 Y-28.663
X34.065 Y-28.654
X33.84 Y-28.637
X33.615 Y-28.609
X33.391 Y-28.571
X33.166 Y-28.525
X33.069 Y-28.503
X32.941 Y-28.47
X32.716 Y-28.405
X32.491 Y-28.33
X32.35 Y-28.278
X32.266 Y-28.243 Z-6.002
X32.041 Y-28.143 Z-6.018
X31.871 Y-28.053 Z-6.039
X31.817 Y-28.022 Z-6.048
X31.677 Y-27.94 Z-6.075
X31.817 Y-27.858 Z-6.048
X31.871 Y-27.827 Z-6.039
X32.041 Y-27.737 Z-6.018
X32.266 Y-27.637 Z-6.002
X32.35 Y-27.602 Z-6.
X32.491 Y-27.55
X32.677 Y-27.488
X32.771 Y-27.462
X32.82 Y-27.453
X32.869 Y-27.445
X32.967 Y-27.436
X33.066 Y-27.435
X33.265 Y-27.448
X33.462 Y-27.476
X33.864 Y-27.546
X34.066 Y-27.57
X34.167 Y-27.575
X34.269 Y-27.574
X34.29 Y-27.573
X34.515 Y-27.582
X34.74 Y-27.602
X34.965 Y-27.632
X35.189 Y-27.672
X35.414 Y-27.72
X35.639 Y-27.781
X35.796 Y-27.827
X36.115 Y-27.94
X35.864 Y-28.029
X35.795 Y-28.053
X35.639 Y-28.099
X35.414 Y-28.16
X35.189 Y-28.208
X34.965 Y-28.248
X34.74 Y-28.278
X34.515 Y-28.298
X34.29 Y-28.307
X34.065 Y-28.298
X33.838 Y-28.278
X33.615 Y-28.248
X33.391 Y-28.208
X33.166 Y-28.16
X32.941 Y-28.099
X32.784 Y-28.053
X32.491 Y-27.95
X32.465 Y-27.94
X32.784 Y-27.827
X32.941 Y-27.781
X33.166 Y-27.72
X33.391 Y-27.672
X33.615 Y-27.632
X33.84 Y-27.602
X34.065 Y-27.583
X34.269 Y-27.574
X34.296 Y-27.576
X34.331 Y-27.586
X34.356 Y-27.598
X34.387 Y-27.619
X34.43 Y-27.659
X34.455 Y-27.689
X34.51 Y-27.765
X34.529 Y-27.806
X34.539 Y-27.835
X34.546 Y-27.877
X34.545 Y-27.9
X34.538 Y-27.922
X34.526 Y-27.936
X34.515 Y-27.94
X34.29 Y-27.95
X34.065 Y-27.94
X34.29 Y-27.929
X34.515 Y-27.94
Y-28.04 Z-5.992
Y-28.136 Z-5.969
Y-28.228 Z-5.931
Y-28.313 Z-5.879
Y-28.389 Z-5.814
Y-28.454 Z-5.738
Y-28.506 Z-5.653
Y-28.544 Z-5.561
Y-28.567 Z-5.464
Y-28.575 Z-5.365
G0 Z15.

G53 G0 Z0.
M30
